ISO-10303-21;
HEADER;
FILE_DESCRIPTION(('FreeCAD Model'),'2;1');
FILE_NAME('Open CASCADE Shape Model','2026-09-20T15:24:15',('FreeCAD'),(
    'FreeCAD'),'Open CASCADE STEP processor 7.8','FreeCAD','Unknown');
FILE_SCHEMA(('AUTOMOTIVE_DESIGN { 1 0 10303 214 1 1 1 1 }'));
ENDSEC;
DATA;
#1 = APPLICATION_PROTOCOL_DEFINITION('international standard',
  'automotive_design',2000,#2);
#2 = APPLICATION_CONTEXT(
  'core data for automotive mechanical design processes');
#3 = SHAPE_DEFINITION_REPRESENTATION(#4,#10);
#4 = PRODUCT_DEFINITION_SHAPE('','',#5);
#5 = PRODUCT_DEFINITION('design','',#6,#9);
#6 = PRODUCT_DEFINITION_FORMATION('','',#7);
#7 = PRODUCT('Open CASCADE STEP translator 7.8 1',
  'Open CASCADE STEP translator 7.8 1','',(#8));
#8 = PRODUCT_CONTEXT('',#2,'mechanical');
#9 = PRODUCT_DEFINITION_CONTEXT('part definition',#2,'design');
#10 = SHAPE_REPRESENTATION('',(#11,#15,#1260,#2505,#3750,#4995,#6240,
    #7485,#7954,#8423,#8709,#9363,#10017,#10070,#10302,#10394,#10486,
    #10800,#11072,#11344,#11397,#11842,#12287,#12841,#13030,#13219,
    #13591,#13644,#13697,#13750,#13848,#13985,#14454,#14923,#15209,
    #15863,#16517,#16570,#16802,#16894,#16986,#17300,#17572,#17844,
    #17897,#18342,#18787,#19381,#19570,#19759,#20131,#20184,#20237,
    #20290,#20388,#20525,#20675,#20728,#20878,#21028),#21081);
#11 = AXIS2_PLACEMENT_3D('',#12,#13,#14);
#12 = CARTESIAN_POINT('',(0.,0.,0.));
#13 = DIRECTION('',(0.,0.,1.));
#14 = DIRECTION('',(1.,0.,-0.));
#15 = MANIFOLD_SOLID_BREP('',#16);
#16 = CLOSED_SHELL('',(#17,#324,#355,#379,#403,#427,#451,#475,#499,#523,
    #547,#571,#595,#619,#643,#667,#691,#715,#739,#763,#787,#811,#835,
    #859,#883,#907,#931,#955,#979,#1003,#1027,#1051,#1075,#1099,#1123,
    #1147,#1171,#1188,#1213));
#17 = ADVANCED_FACE('',(#18,#308),#319,.F.);
#18 = FACE_BOUND('',#19,.F.);
#19 = EDGE_LOOP('',(#20,#30,#38,#46,#54,#62,#70,#78,#86,#94,#102,#110,
    #118,#126,#134,#142,#150,#158,#166,#174,#182,#190,#198,#206,#214,
    #222,#230,#238,#246,#254,#262,#270,#278,#286,#294,#302));
#20 = ORIENTED_EDGE('',*,*,#21,.F.);
#21 = EDGE_CURVE('',#22,#24,#26,.T.);
#22 = VERTEX_POINT('',#23);
#23 = CARTESIAN_POINT('',(-200.,-150.,75.));
#24 = VERTEX_POINT('',#25);
#25 = CARTESIAN_POINT('',(-200.,-150.,86.));
#26 = LINE('',#27,#28);
#27 = CARTESIAN_POINT('',(-200.,-150.,75.));
#28 = VECTOR('',#29,1.);
#29 = DIRECTION('',(0.,0.,1.));
#30 = ORIENTED_EDGE('',*,*,#31,.T.);
#31 = EDGE_CURVE('',#22,#32,#34,.T.);
#32 = VERTEX_POINT('',#33);
#33 = CARTESIAN_POINT('',(-200.,-139.,75.));
#34 = LINE('',#35,#36);
#35 = CARTESIAN_POINT('',(-200.,-150.,75.));
#36 = VECTOR('',#37,1.);
#37 = DIRECTION('',(0.,1.,0.));
#38 = ORIENTED_EDGE('',*,*,#39,.F.);
#39 = EDGE_CURVE('',#40,#32,#42,.T.);
#40 = VERTEX_POINT('',#41);
#41 = CARTESIAN_POINT('',(-200.,-139.,77.));
#42 = LINE('',#43,#44);
#43 = CARTESIAN_POINT('',(-200.,-139.,76.5));
#44 = VECTOR('',#45,1.);
#45 = DIRECTION('',(0.,-1.224646799147E-16,-1.));
#46 = ORIENTED_EDGE('',*,*,#47,.F.);
#47 = EDGE_CURVE('',#48,#40,#50,.T.);
#48 = VERTEX_POINT('',#49);
#49 = CARTESIAN_POINT('',(-200.,-141.5,77.));
#50 = LINE('',#51,#52);
#51 = CARTESIAN_POINT('',(-200.,-139.25,77.));
#52 = VECTOR('',#53,1.);
#53 = DIRECTION('',(0.,1.,-1.224646799147E-16));
#54 = ORIENTED_EDGE('',*,*,#55,.F.);
#55 = EDGE_CURVE('',#56,#48,#58,.T.);
#56 = VERTEX_POINT('',#57);
#57 = CARTESIAN_POINT('',(-200.,-141.5,83.));
#58 = LINE('',#59,#60);
#59 = CARTESIAN_POINT('',(-200.,-141.5,79.));
#60 = VECTOR('',#61,1.);
#61 = DIRECTION('',(0.,-1.224646799147E-16,-1.));
#62 = ORIENTED_EDGE('',*,*,#63,.T.);
#63 = EDGE_CURVE('',#56,#64,#66,.T.);
#64 = VERTEX_POINT('',#65);
#65 = CARTESIAN_POINT('',(-200.,-128.5,83.));
#66 = LINE('',#67,#68);
#67 = CARTESIAN_POINT('',(-200.,-139.25,83.));
#68 = VECTOR('',#69,1.);
#69 = DIRECTION('',(0.,1.,-1.224646799147E-16));
#70 = ORIENTED_EDGE('',*,*,#71,.T.);
#71 = EDGE_CURVE('',#64,#72,#74,.T.);
#72 = VERTEX_POINT('',#73);
#73 = CARTESIAN_POINT('',(-200.,-128.5,77.));
#74 = LINE('',#75,#76);
#75 = CARTESIAN_POINT('',(-200.,-128.5,79.));
#76 = VECTOR('',#77,1.);
#77 = DIRECTION('',(0.,-1.224646799147E-16,-1.));
#78 = ORIENTED_EDGE('',*,*,#79,.F.);
#79 = EDGE_CURVE('',#80,#72,#82,.T.);
#80 = VERTEX_POINT('',#81);
#81 = CARTESIAN_POINT('',(-200.,-131.,77.));
#82 = LINE('',#83,#84);
#83 = CARTESIAN_POINT('',(-200.,-139.25,77.));
#84 = VECTOR('',#85,1.);
#85 = DIRECTION('',(0.,1.,-1.224646799147E-16));
#86 = ORIENTED_EDGE('',*,*,#87,.T.);
#87 = EDGE_CURVE('',#80,#88,#90,.T.);
#88 = VERTEX_POINT('',#89);
#89 = CARTESIAN_POINT('',(-200.,-131.,75.));
#90 = LINE('',#91,#92);
#91 = CARTESIAN_POINT('',(-200.,-131.,76.5));
#92 = VECTOR('',#93,1.);
#93 = DIRECTION('',(0.,-1.224646799147E-16,-1.));
#94 = ORIENTED_EDGE('',*,*,#95,.T.);
#95 = EDGE_CURVE('',#88,#96,#98,.T.);
#96 = VERTEX_POINT('',#97);
#97 = CARTESIAN_POINT('',(-200.,-120.,75.));
#98 = LINE('',#99,#100);
#99 = CARTESIAN_POINT('',(-200.,-150.,75.));
#100 = VECTOR('',#101,1.);
#101 = DIRECTION('',(0.,1.,0.));
#102 = ORIENTED_EDGE('',*,*,#103,.T.);
#103 = EDGE_CURVE('',#96,#104,#106,.T.);
#104 = VERTEX_POINT('',#105);
#105 = CARTESIAN_POINT('',(-200.,-120.,86.));
#106 = LINE('',#107,#108);
#107 = CARTESIAN_POINT('',(-200.,-120.,75.));
#108 = VECTOR('',#109,1.);
#109 = DIRECTION('',(0.,0.,1.));
#110 = ORIENTED_EDGE('',*,*,#111,.F.);
#111 = EDGE_CURVE('',#112,#104,#114,.T.);
#112 = VERTEX_POINT('',#113);
#113 = CARTESIAN_POINT('',(-200.,-122.,86.));
#114 = LINE('',#115,#116);
#115 = CARTESIAN_POINT('',(-200.,-136.5,86.));
#116 = VECTOR('',#117,1.);
#117 = DIRECTION('',(0.,1.,-2.22044604925E-16));
#118 = ORIENTED_EDGE('',*,*,#119,.F.);
#119 = EDGE_CURVE('',#120,#112,#122,.T.);
#120 = VERTEX_POINT('',#121);
#121 = CARTESIAN_POINT('',(-200.,-122.,83.5));
#122 = LINE('',#123,#124);
#123 = CARTESIAN_POINT('',(-200.,-122.,85.75));
#124 = VECTOR('',#125,1.);
#125 = DIRECTION('',(0.,2.22044604925E-16,1.));
#126 = ORIENTED_EDGE('',*,*,#127,.F.);
#127 = EDGE_CURVE('',#128,#120,#130,.T.);
#128 = VERTEX_POINT('',#129);
#129 = CARTESIAN_POINT('',(-200.,-128.,83.5));
#130 = LINE('',#131,#132);
#131 = CARTESIAN_POINT('',(-200.,-139.,83.5));
#132 = VECTOR('',#133,1.);
#133 = DIRECTION('',(0.,1.,-2.22044604925E-16));
#134 = ORIENTED_EDGE('',*,*,#135,.T.);
#135 = EDGE_CURVE('',#128,#136,#138,.T.);
#136 = VERTEX_POINT('',#137);
#137 = CARTESIAN_POINT('',(-200.,-128.,96.5));
#138 = LINE('',#139,#140);
#139 = CARTESIAN_POINT('',(-200.,-128.,85.75));
#140 = VECTOR('',#141,1.);
#141 = DIRECTION('',(0.,2.22044604925E-16,1.));
#142 = ORIENTED_EDGE('',*,*,#143,.T.);
#143 = EDGE_CURVE('',#136,#144,#146,.T.);
#144 = VERTEX_POINT('',#145);
#145 = CARTESIAN_POINT('',(-200.,-122.,96.5));
#146 = LINE('',#147,#148);
#147 = CARTESIAN_POINT('',(-200.,-139.,96.5));
#148 = VECTOR('',#149,1.);
#149 = DIRECTION('',(0.,1.,-2.22044604925E-16));
#150 = ORIENTED_EDGE('',*,*,#151,.F.);
#151 = EDGE_CURVE('',#152,#144,#154,.T.);
#152 = VERTEX_POINT('',#153);
#153 = CARTESIAN_POINT('',(-200.,-122.,94.));
#154 = LINE('',#155,#156);
#155 = CARTESIAN_POINT('',(-200.,-122.,85.75));
#156 = VECTOR('',#157,1.);
#157 = DIRECTION('',(0.,2.22044604925E-16,1.));
#158 = ORIENTED_EDGE('',*,*,#159,.T.);
#159 = EDGE_CURVE('',#152,#160,#162,.T.);
#160 = VERTEX_POINT('',#161);
#161 = CARTESIAN_POINT('',(-200.,-120.,94.));
#162 = LINE('',#163,#164);
#163 = CARTESIAN_POINT('',(-200.,-136.5,94.));
#164 = VECTOR('',#165,1.);
#165 = DIRECTION('',(0.,1.,-2.22044604925E-16));
#166 = ORIENTED_EDGE('',*,*,#167,.T.);
#167 = EDGE_CURVE('',#160,#168,#170,.T.);
#168 = VERTEX_POINT('',#169);
#169 = CARTESIAN_POINT('',(-200.,-120.,105.));
#170 = LINE('',#171,#172);
#171 = CARTESIAN_POINT('',(-200.,-120.,75.));
#172 = VECTOR('',#173,1.);
#173 = DIRECTION('',(0.,0.,1.));
#174 = ORIENTED_EDGE('',*,*,#175,.F.);
#175 = EDGE_CURVE('',#176,#168,#178,.T.);
#176 = VERTEX_POINT('',#177);
#177 = CARTESIAN_POINT('',(-200.,-131.,105.));
#178 = LINE('',#179,#180);
#179 = CARTESIAN_POINT('',(-200.,-150.,105.));
#180 = VECTOR('',#181,1.);
#181 = DIRECTION('',(0.,1.,0.));
#182 = ORIENTED_EDGE('',*,*,#183,.F.);
#183 = EDGE_CURVE('',#184,#176,#186,.T.);
#184 = VERTEX_POINT('',#185);
#185 = CARTESIAN_POINT('',(-200.,-131.,103.));
#186 = LINE('',#187,#188);
#187 = CARTESIAN_POINT('',(-200.,-131.,88.5));
#188 = VECTOR('',#189,1.);
#189 = DIRECTION('',(0.,0.,1.));
#190 = ORIENTED_EDGE('',*,*,#191,.F.);
#191 = EDGE_CURVE('',#192,#184,#194,.T.);
#192 = VERTEX_POINT('',#193);
#193 = CARTESIAN_POINT('',(-200.,-128.5,103.));
#194 = LINE('',#195,#196);
#195 = CARTESIAN_POINT('',(-200.,-145.75,103.));
#196 = VECTOR('',#197,1.);
#197 = DIRECTION('',(0.,-1.,0.));
#198 = ORIENTED_EDGE('',*,*,#199,.F.);
#199 = EDGE_CURVE('',#200,#192,#202,.T.);
#200 = VERTEX_POINT('',#201);
#201 = CARTESIAN_POINT('',(-200.,-128.5,97.));
#202 = LINE('',#203,#204);
#203 = CARTESIAN_POINT('',(-200.,-128.5,86.));
#204 = VECTOR('',#205,1.);
#205 = DIRECTION('',(0.,0.,1.));
#206 = ORIENTED_EDGE('',*,*,#207,.T.);
#207 = EDGE_CURVE('',#200,#208,#210,.T.);
#208 = VERTEX_POINT('',#209);
#209 = CARTESIAN_POINT('',(-200.,-141.5,97.));
#210 = LINE('',#211,#212);
#211 = CARTESIAN_POINT('',(-200.,-145.75,97.));
#212 = VECTOR('',#213,1.);
#213 = DIRECTION('',(0.,-1.,0.));
#214 = ORIENTED_EDGE('',*,*,#215,.T.);
#215 = EDGE_CURVE('',#208,#216,#218,.T.);
#216 = VERTEX_POINT('',#217);
#217 = CARTESIAN_POINT('',(-200.,-141.5,103.));
#218 = LINE('',#219,#220);
#219 = CARTESIAN_POINT('',(-200.,-141.5,86.));
#220 = VECTOR('',#221,1.);
#221 = DIRECTION('',(0.,0.,1.));
#222 = ORIENTED_EDGE('',*,*,#223,.F.);
#223 = EDGE_CURVE('',#224,#216,#226,.T.);
#224 = VERTEX_POINT('',#225);
#225 = CARTESIAN_POINT('',(-200.,-139.,103.));
#226 = LINE('',#227,#228);
#227 = CARTESIAN_POINT('',(-200.,-145.75,103.));
#228 = VECTOR('',#229,1.);
#229 = DIRECTION('',(0.,-1.,0.));
#230 = ORIENTED_EDGE('',*,*,#231,.T.);
#231 = EDGE_CURVE('',#224,#232,#234,.T.);
#232 = VERTEX_POINT('',#233);
#233 = CARTESIAN_POINT('',(-200.,-139.,105.));
#234 = LINE('',#235,#236);
#235 = CARTESIAN_POINT('',(-200.,-139.,88.5));
#236 = VECTOR('',#237,1.);
#237 = DIRECTION('',(0.,0.,1.));
#238 = ORIENTED_EDGE('',*,*,#239,.F.);
#239 = EDGE_CURVE('',#240,#232,#242,.T.);
#240 = VERTEX_POINT('',#241);
#241 = CARTESIAN_POINT('',(-200.,-150.,105.));
#242 = LINE('',#243,#244);
#243 = CARTESIAN_POINT('',(-200.,-150.,105.));
#244 = VECTOR('',#245,1.);
#245 = DIRECTION('',(0.,1.,0.));
#246 = ORIENTED_EDGE('',*,*,#247,.F.);
#247 = EDGE_CURVE('',#248,#240,#250,.T.);
#248 = VERTEX_POINT('',#249);
#249 = CARTESIAN_POINT('',(-200.,-150.,94.));
#250 = LINE('',#251,#252);
#251 = CARTESIAN_POINT('',(-200.,-150.,75.));
#252 = VECTOR('',#253,1.);
#253 = DIRECTION('',(0.,0.,1.));
#254 = ORIENTED_EDGE('',*,*,#255,.F.);
#255 = EDGE_CURVE('',#256,#248,#258,.T.);
#256 = VERTEX_POINT('',#257);
#257 = CARTESIAN_POINT('',(-200.,-148.,94.));
#258 = LINE('',#259,#260);
#259 = CARTESIAN_POINT('',(-200.,-148.5,94.));
#260 = VECTOR('',#261,1.);
#261 = DIRECTION('',(0.,-1.,1.110223024625E-16));
#262 = ORIENTED_EDGE('',*,*,#263,.F.);
#263 = EDGE_CURVE('',#264,#256,#266,.T.);
#264 = VERTEX_POINT('',#265);
#265 = CARTESIAN_POINT('',(-200.,-148.,96.5));
#266 = LINE('',#267,#268);
#267 = CARTESIAN_POINT('',(-200.,-148.,79.25));
#268 = VECTOR('',#269,1.);
#269 = DIRECTION('',(0.,-1.110223024625E-16,-1.));
#270 = ORIENTED_EDGE('',*,*,#271,.F.);
#271 = EDGE_CURVE('',#272,#264,#274,.T.);
#272 = VERTEX_POINT('',#273);
#273 = CARTESIAN_POINT('',(-200.,-142.,96.5));
#274 = LINE('',#275,#276);
#275 = CARTESIAN_POINT('',(-200.,-146.,96.5));
#276 = VECTOR('',#277,1.);
#277 = DIRECTION('',(0.,-1.,1.110223024625E-16));
#278 = ORIENTED_EDGE('',*,*,#279,.T.);
#279 = EDGE_CURVE('',#272,#280,#282,.T.);
#280 = VERTEX_POINT('',#281);
#281 = CARTESIAN_POINT('',(-200.,-142.,83.5));
#282 = LINE('',#283,#284);
#283 = CARTESIAN_POINT('',(-200.,-142.,79.25));
#284 = VECTOR('',#285,1.);
#285 = DIRECTION('',(0.,-1.110223024625E-16,-1.));
#286 = ORIENTED_EDGE('',*,*,#287,.T.);
#287 = EDGE_CURVE('',#280,#288,#290,.T.);
#288 = VERTEX_POINT('',#289);
#289 = CARTESIAN_POINT('',(-200.,-148.,83.5));
#290 = LINE('',#291,#292);
#291 = CARTESIAN_POINT('',(-200.,-146.,83.5));
#292 = VECTOR('',#293,1.);
#293 = DIRECTION('',(0.,-1.,1.110223024625E-16));
#294 = ORIENTED_EDGE('',*,*,#295,.F.);
#295 = EDGE_CURVE('',#296,#288,#298,.T.);
#296 = VERTEX_POINT('',#297);
#297 = CARTESIAN_POINT('',(-200.,-148.,86.));
#298 = LINE('',#299,#300);
#299 = CARTESIAN_POINT('',(-200.,-148.,79.25));
#300 = VECTOR('',#301,1.);
#301 = DIRECTION('',(0.,-1.110223024625E-16,-1.));
#302 = ORIENTED_EDGE('',*,*,#303,.T.);
#303 = EDGE_CURVE('',#296,#24,#304,.T.);
#304 = LINE('',#305,#306);
#305 = CARTESIAN_POINT('',(-200.,-148.5,86.));
#306 = VECTOR('',#307,1.);
#307 = DIRECTION('',(0.,-1.,1.110223024625E-16));
#308 = FACE_BOUND('',#309,.F.);
#309 = EDGE_LOOP('',(#310));
#310 = ORIENTED_EDGE('',*,*,#311,.F.);
#311 = EDGE_CURVE('',#312,#312,#314,.T.);
#312 = VERTEX_POINT('',#313);
#313 = CARTESIAN_POINT('',(-200.,-135.,93.4));
#314 = CIRCLE('',#315,3.4);
#315 = AXIS2_PLACEMENT_3D('',#316,#317,#318);
#316 = CARTESIAN_POINT('',(-200.,-135.,90.));
#317 = DIRECTION('',(1.,0.,-0.));
#318 = DIRECTION('',(0.,0.,1.));
#319 = PLANE('',#320);
#320 = AXIS2_PLACEMENT_3D('',#321,#322,#323);
#321 = CARTESIAN_POINT('',(-200.,-150.,75.));
#322 = DIRECTION('',(1.,0.,0.));
#323 = DIRECTION('',(0.,0.,1.));
#324 = ADVANCED_FACE('',(#325),#350,.F.);
#325 = FACE_BOUND('',#326,.F.);
#326 = EDGE_LOOP('',(#327,#337,#343,#344));
#327 = ORIENTED_EDGE('',*,*,#328,.F.);
#328 = EDGE_CURVE('',#329,#331,#333,.T.);
#329 = VERTEX_POINT('',#330);
#330 = CARTESIAN_POINT('',(200.,-150.,75.));
#331 = VERTEX_POINT('',#332);
#332 = CARTESIAN_POINT('',(200.,-150.,86.));
#333 = LINE('',#334,#335);
#334 = CARTESIAN_POINT('',(200.,-150.,75.));
#335 = VECTOR('',#336,1.);
#336 = DIRECTION('',(0.,0.,1.));
#337 = ORIENTED_EDGE('',*,*,#338,.F.);
#338 = EDGE_CURVE('',#22,#329,#339,.T.);
#339 = LINE('',#340,#341);
#340 = CARTESIAN_POINT('',(-200.,-150.,75.));
#341 = VECTOR('',#342,1.);
#342 = DIRECTION('',(1.,0.,0.));
#343 = ORIENTED_EDGE('',*,*,#21,.T.);
#344 = ORIENTED_EDGE('',*,*,#345,.T.);
#345 = EDGE_CURVE('',#24,#331,#346,.T.);
#346 = LINE('',#347,#348);
#347 = CARTESIAN_POINT('',(-200.5,-150.,86.));
#348 = VECTOR('',#349,1.);
#349 = DIRECTION('',(1.,0.,0.));
#350 = PLANE('',#351);
#351 = AXIS2_PLACEMENT_3D('',#352,#353,#354);
#352 = CARTESIAN_POINT('',(-200.,-150.,75.));
#353 = DIRECTION('',(0.,1.,0.));
#354 = DIRECTION('',(0.,0.,1.));
#355 = ADVANCED_FACE('',(#356),#374,.T.);
#356 = FACE_BOUND('',#357,.T.);
#357 = EDGE_LOOP('',(#358,#366,#367,#368));
#358 = ORIENTED_EDGE('',*,*,#359,.F.);
#359 = EDGE_CURVE('',#296,#360,#362,.T.);
#360 = VERTEX_POINT('',#361);
#361 = CARTESIAN_POINT('',(200.,-148.,86.));
#362 = LINE('',#363,#364);
#363 = CARTESIAN_POINT('',(-201.,-148.,86.));
#364 = VECTOR('',#365,1.);
#365 = DIRECTION('',(1.,0.,0.));
#366 = ORIENTED_EDGE('',*,*,#303,.T.);
#367 = ORIENTED_EDGE('',*,*,#345,.T.);
#368 = ORIENTED_EDGE('',*,*,#369,.F.);
#369 = EDGE_CURVE('',#360,#331,#370,.T.);
#370 = LINE('',#371,#372);
#371 = CARTESIAN_POINT('',(200.,-148.5,86.));
#372 = VECTOR('',#373,1.);
#373 = DIRECTION('',(0.,-1.,1.110223024625E-16));
#374 = PLANE('',#375);
#375 = AXIS2_PLACEMENT_3D('',#376,#377,#378);
#376 = CARTESIAN_POINT('',(-201.,-147.,86.));
#377 = DIRECTION('',(0.,1.110223024625E-16,1.));
#378 = DIRECTION('',(0.,-1.,1.110223024625E-16));
#379 = ADVANCED_FACE('',(#380),#398,.F.);
#380 = FACE_BOUND('',#381,.F.);
#381 = EDGE_LOOP('',(#382,#383,#391,#397));
#382 = ORIENTED_EDGE('',*,*,#295,.T.);
#383 = ORIENTED_EDGE('',*,*,#384,.T.);
#384 = EDGE_CURVE('',#288,#385,#387,.T.);
#385 = VERTEX_POINT('',#386);
#386 = CARTESIAN_POINT('',(200.,-148.,83.5));
#387 = LINE('',#388,#389);
#388 = CARTESIAN_POINT('',(-201.,-148.,83.5));
#389 = VECTOR('',#390,1.);
#390 = DIRECTION('',(1.,0.,0.));
#391 = ORIENTED_EDGE('',*,*,#392,.F.);
#392 = EDGE_CURVE('',#360,#385,#393,.T.);
#393 = LINE('',#394,#395);
#394 = CARTESIAN_POINT('',(200.,-148.,79.25));
#395 = VECTOR('',#396,1.);
#396 = DIRECTION('',(0.,-1.110223024625E-16,-1.));
#397 = ORIENTED_EDGE('',*,*,#359,.F.);
#398 = PLANE('',#399);
#399 = AXIS2_PLACEMENT_3D('',#400,#401,#402);
#400 = CARTESIAN_POINT('',(-201.,-148.,83.5));
#401 = DIRECTION('',(0.,-1.,1.110223024625E-16));
#402 = DIRECTION('',(1.,0.,0.));
#403 = ADVANCED_FACE('',(#404),#422,.T.);
#404 = FACE_BOUND('',#405,.T.);
#405 = EDGE_LOOP('',(#406,#414,#415,#416));
#406 = ORIENTED_EDGE('',*,*,#407,.F.);
#407 = EDGE_CURVE('',#280,#408,#410,.T.);
#408 = VERTEX_POINT('',#409);
#409 = CARTESIAN_POINT('',(200.,-142.,83.5));
#410 = LINE('',#411,#412);
#411 = CARTESIAN_POINT('',(-201.,-142.,83.5));
#412 = VECTOR('',#413,1.);
#413 = DIRECTION('',(1.,0.,0.));
#414 = ORIENTED_EDGE('',*,*,#287,.T.);
#415 = ORIENTED_EDGE('',*,*,#384,.T.);
#416 = ORIENTED_EDGE('',*,*,#417,.F.);
#417 = EDGE_CURVE('',#408,#385,#418,.T.);
#418 = LINE('',#419,#420);
#419 = CARTESIAN_POINT('',(200.,-146.,83.5));
#420 = VECTOR('',#421,1.);
#421 = DIRECTION('',(0.,-1.,1.110223024625E-16));
#422 = PLANE('',#423);
#423 = AXIS2_PLACEMENT_3D('',#424,#425,#426);
#424 = CARTESIAN_POINT('',(-201.,-142.,83.5));
#425 = DIRECTION('',(0.,1.110223024625E-16,1.));
#426 = DIRECTION('',(0.,-1.,1.110223024625E-16));
#427 = ADVANCED_FACE('',(#428),#446,.T.);
#428 = FACE_BOUND('',#429,.T.);
#429 = EDGE_LOOP('',(#430,#438,#439,#440));
#430 = ORIENTED_EDGE('',*,*,#431,.F.);
#431 = EDGE_CURVE('',#272,#432,#434,.T.);
#432 = VERTEX_POINT('',#433);
#433 = CARTESIAN_POINT('',(200.,-142.,96.5));
#434 = LINE('',#435,#436);
#435 = CARTESIAN_POINT('',(-201.,-142.,96.5));
#436 = VECTOR('',#437,1.);
#437 = DIRECTION('',(1.,0.,0.));
#438 = ORIENTED_EDGE('',*,*,#279,.T.);
#439 = ORIENTED_EDGE('',*,*,#407,.T.);
#440 = ORIENTED_EDGE('',*,*,#441,.F.);
#441 = EDGE_CURVE('',#432,#408,#442,.T.);
#442 = LINE('',#443,#444);
#443 = CARTESIAN_POINT('',(200.,-142.,79.25));
#444 = VECTOR('',#445,1.);
#445 = DIRECTION('',(0.,-1.110223024625E-16,-1.));
#446 = PLANE('',#447);
#447 = AXIS2_PLACEMENT_3D('',#448,#449,#450);
#448 = CARTESIAN_POINT('',(-201.,-142.,83.5));
#449 = DIRECTION('',(0.,-1.,1.110223024625E-16));
#450 = DIRECTION('',(1.,0.,0.));
#451 = ADVANCED_FACE('',(#452),#470,.F.);
#452 = FACE_BOUND('',#453,.F.);
#453 = EDGE_LOOP('',(#454,#455,#456,#464));
#454 = ORIENTED_EDGE('',*,*,#431,.F.);
#455 = ORIENTED_EDGE('',*,*,#271,.T.);
#456 = ORIENTED_EDGE('',*,*,#457,.T.);
#457 = EDGE_CURVE('',#264,#458,#460,.T.);
#458 = VERTEX_POINT('',#459);
#459 = CARTESIAN_POINT('',(200.,-148.,96.5));
#460 = LINE('',#461,#462);
#461 = CARTESIAN_POINT('',(-201.,-148.,96.5));
#462 = VECTOR('',#463,1.);
#463 = DIRECTION('',(1.,0.,0.));
#464 = ORIENTED_EDGE('',*,*,#465,.F.);
#465 = EDGE_CURVE('',#432,#458,#466,.T.);
#466 = LINE('',#467,#468);
#467 = CARTESIAN_POINT('',(200.,-146.,96.5));
#468 = VECTOR('',#469,1.);
#469 = DIRECTION('',(0.,-1.,1.110223024625E-16));
#470 = PLANE('',#471);
#471 = AXIS2_PLACEMENT_3D('',#472,#473,#474);
#472 = CARTESIAN_POINT('',(-201.,-142.,96.5));
#473 = DIRECTION('',(0.,1.110223024625E-16,1.));
#474 = DIRECTION('',(0.,-1.,1.110223024625E-16));
#475 = ADVANCED_FACE('',(#476),#494,.F.);
#476 = FACE_BOUND('',#477,.F.);
#477 = EDGE_LOOP('',(#478,#479,#487,#493));
#478 = ORIENTED_EDGE('',*,*,#263,.T.);
#479 = ORIENTED_EDGE('',*,*,#480,.T.);
#480 = EDGE_CURVE('',#256,#481,#483,.T.);
#481 = VERTEX_POINT('',#482);
#482 = CARTESIAN_POINT('',(200.,-148.,94.));
#483 = LINE('',#484,#485);
#484 = CARTESIAN_POINT('',(-201.,-148.,94.));
#485 = VECTOR('',#486,1.);
#486 = DIRECTION('',(1.,0.,0.));
#487 = ORIENTED_EDGE('',*,*,#488,.F.);
#488 = EDGE_CURVE('',#458,#481,#489,.T.);
#489 = LINE('',#490,#491);
#490 = CARTESIAN_POINT('',(200.,-148.,79.25));
#491 = VECTOR('',#492,1.);
#492 = DIRECTION('',(0.,-1.110223024625E-16,-1.));
#493 = ORIENTED_EDGE('',*,*,#457,.F.);
#494 = PLANE('',#495);
#495 = AXIS2_PLACEMENT_3D('',#496,#497,#498);
#496 = CARTESIAN_POINT('',(-201.,-148.,83.5));
#497 = DIRECTION('',(0.,-1.,1.110223024625E-16));
#498 = DIRECTION('',(1.,0.,0.));
#499 = ADVANCED_FACE('',(#500),#518,.F.);
#500 = FACE_BOUND('',#501,.F.);
#501 = EDGE_LOOP('',(#502,#503,#504,#512));
#502 = ORIENTED_EDGE('',*,*,#480,.F.);
#503 = ORIENTED_EDGE('',*,*,#255,.T.);
#504 = ORIENTED_EDGE('',*,*,#505,.T.);
#505 = EDGE_CURVE('',#248,#506,#508,.T.);
#506 = VERTEX_POINT('',#507);
#507 = CARTESIAN_POINT('',(200.,-150.,94.));
#508 = LINE('',#509,#510);
#509 = CARTESIAN_POINT('',(-200.5,-150.,94.));
#510 = VECTOR('',#511,1.);
#511 = DIRECTION('',(1.,0.,0.));
#512 = ORIENTED_EDGE('',*,*,#513,.F.);
#513 = EDGE_CURVE('',#481,#506,#514,.T.);
#514 = LINE('',#515,#516);
#515 = CARTESIAN_POINT('',(200.,-148.5,94.));
#516 = VECTOR('',#517,1.);
#517 = DIRECTION('',(0.,-1.,1.110223024625E-16));
#518 = PLANE('',#519);
#519 = AXIS2_PLACEMENT_3D('',#520,#521,#522);
#520 = CARTESIAN_POINT('',(-201.,-147.,94.));
#521 = DIRECTION('',(0.,1.110223024625E-16,1.));
#522 = DIRECTION('',(0.,-1.,1.110223024625E-16));
#523 = ADVANCED_FACE('',(#524),#542,.F.);
#524 = FACE_BOUND('',#525,.F.);
#525 = EDGE_LOOP('',(#526,#534,#535,#536));
#526 = ORIENTED_EDGE('',*,*,#527,.F.);
#527 = EDGE_CURVE('',#506,#528,#530,.T.);
#528 = VERTEX_POINT('',#529);
#529 = CARTESIAN_POINT('',(200.,-150.,105.));
#530 = LINE('',#531,#532);
#531 = CARTESIAN_POINT('',(200.,-150.,75.));
#532 = VECTOR('',#533,1.);
#533 = DIRECTION('',(0.,0.,1.));
#534 = ORIENTED_EDGE('',*,*,#505,.F.);
#535 = ORIENTED_EDGE('',*,*,#247,.T.);
#536 = ORIENTED_EDGE('',*,*,#537,.T.);
#537 = EDGE_CURVE('',#240,#528,#538,.T.);
#538 = LINE('',#539,#540);
#539 = CARTESIAN_POINT('',(-200.,-150.,105.));
#540 = VECTOR('',#541,1.);
#541 = DIRECTION('',(1.,0.,0.));
#542 = PLANE('',#543);
#543 = AXIS2_PLACEMENT_3D('',#544,#545,#546);
#544 = CARTESIAN_POINT('',(-200.,-150.,75.));
#545 = DIRECTION('',(0.,1.,0.));
#546 = DIRECTION('',(0.,0.,1.));
#547 = ADVANCED_FACE('',(#548),#566,.T.);
#548 = FACE_BOUND('',#549,.T.);
#549 = EDGE_LOOP('',(#550,#551,#552,#560));
#550 = ORIENTED_EDGE('',*,*,#239,.F.);
#551 = ORIENTED_EDGE('',*,*,#537,.T.);
#552 = ORIENTED_EDGE('',*,*,#553,.T.);
#553 = EDGE_CURVE('',#528,#554,#556,.T.);
#554 = VERTEX_POINT('',#555);
#555 = CARTESIAN_POINT('',(200.,-139.,105.));
#556 = LINE('',#557,#558);
#557 = CARTESIAN_POINT('',(200.,-150.,105.));
#558 = VECTOR('',#559,1.);
#559 = DIRECTION('',(0.,1.,0.));
#560 = ORIENTED_EDGE('',*,*,#561,.T.);
#561 = EDGE_CURVE('',#554,#232,#562,.T.);
#562 = LINE('',#563,#564);
#563 = CARTESIAN_POINT('',(-200.5,-139.,105.));
#564 = VECTOR('',#565,1.);
#565 = DIRECTION('',(-1.,0.,0.));
#566 = PLANE('',#567);
#567 = AXIS2_PLACEMENT_3D('',#568,#569,#570);
#568 = CARTESIAN_POINT('',(-200.,-150.,105.));
#569 = DIRECTION('',(0.,0.,1.));
#570 = DIRECTION('',(1.,0.,0.));
#571 = ADVANCED_FACE('',(#572),#590,.T.);
#572 = FACE_BOUND('',#573,.T.);
#573 = EDGE_LOOP('',(#574,#582,#583,#584));
#574 = ORIENTED_EDGE('',*,*,#575,.F.);
#575 = EDGE_CURVE('',#224,#576,#578,.T.);
#576 = VERTEX_POINT('',#577);
#577 = CARTESIAN_POINT('',(200.,-139.,103.));
#578 = LINE('',#579,#580);
#579 = CARTESIAN_POINT('',(-201.,-139.,103.));
#580 = VECTOR('',#581,1.);
#581 = DIRECTION('',(1.,0.,0.));
#582 = ORIENTED_EDGE('',*,*,#231,.T.);
#583 = ORIENTED_EDGE('',*,*,#561,.F.);
#584 = ORIENTED_EDGE('',*,*,#585,.F.);
#585 = EDGE_CURVE('',#576,#554,#586,.T.);
#586 = LINE('',#587,#588);
#587 = CARTESIAN_POINT('',(200.,-139.,88.5));
#588 = VECTOR('',#589,1.);
#589 = DIRECTION('',(0.,0.,1.));
#590 = PLANE('',#591);
#591 = AXIS2_PLACEMENT_3D('',#592,#593,#594);
#592 = CARTESIAN_POINT('',(-201.,-139.,102.));
#593 = DIRECTION('',(0.,1.,0.));
#594 = DIRECTION('',(0.,0.,1.));
#595 = ADVANCED_FACE('',(#596),#614,.F.);
#596 = FACE_BOUND('',#597,.F.);
#597 = EDGE_LOOP('',(#598,#599,#607,#613));
#598 = ORIENTED_EDGE('',*,*,#223,.T.);
#599 = ORIENTED_EDGE('',*,*,#600,.T.);
#600 = EDGE_CURVE('',#216,#601,#603,.T.);
#601 = VERTEX_POINT('',#602);
#602 = CARTESIAN_POINT('',(200.,-141.5,103.));
#603 = LINE('',#604,#605);
#604 = CARTESIAN_POINT('',(-201.,-141.5,103.));
#605 = VECTOR('',#606,1.);
#606 = DIRECTION('',(1.,0.,0.));
#607 = ORIENTED_EDGE('',*,*,#608,.F.);
#608 = EDGE_CURVE('',#576,#601,#609,.T.);
#609 = LINE('',#610,#611);
#610 = CARTESIAN_POINT('',(200.,-145.75,103.));
#611 = VECTOR('',#612,1.);
#612 = DIRECTION('',(0.,-1.,0.));
#613 = ORIENTED_EDGE('',*,*,#575,.F.);
#614 = PLANE('',#615);
#615 = AXIS2_PLACEMENT_3D('',#616,#617,#618);
#616 = CARTESIAN_POINT('',(-201.,-141.5,103.));
#617 = DIRECTION('',(0.,0.,1.));
#618 = DIRECTION('',(1.,0.,0.));
#619 = ADVANCED_FACE('',(#620),#638,.T.);
#620 = FACE_BOUND('',#621,.T.);
#621 = EDGE_LOOP('',(#622,#630,#631,#632));
#622 = ORIENTED_EDGE('',*,*,#623,.F.);
#623 = EDGE_CURVE('',#208,#624,#626,.T.);
#624 = VERTEX_POINT('',#625);
#625 = CARTESIAN_POINT('',(200.,-141.5,97.));
#626 = LINE('',#627,#628);
#627 = CARTESIAN_POINT('',(-201.,-141.5,97.));
#628 = VECTOR('',#629,1.);
#629 = DIRECTION('',(1.,0.,0.));
#630 = ORIENTED_EDGE('',*,*,#215,.T.);
#631 = ORIENTED_EDGE('',*,*,#600,.T.);
#632 = ORIENTED_EDGE('',*,*,#633,.F.);
#633 = EDGE_CURVE('',#624,#601,#634,.T.);
#634 = LINE('',#635,#636);
#635 = CARTESIAN_POINT('',(200.,-141.5,86.));
#636 = VECTOR('',#637,1.);
#637 = DIRECTION('',(0.,0.,1.));
#638 = PLANE('',#639);
#639 = AXIS2_PLACEMENT_3D('',#640,#641,#642);
#640 = CARTESIAN_POINT('',(-201.,-141.5,97.));
#641 = DIRECTION('',(0.,1.,0.));
#642 = DIRECTION('',(0.,0.,1.));
#643 = ADVANCED_FACE('',(#644),#662,.T.);
#644 = FACE_BOUND('',#645,.T.);
#645 = EDGE_LOOP('',(#646,#654,#655,#656));
#646 = ORIENTED_EDGE('',*,*,#647,.F.);
#647 = EDGE_CURVE('',#200,#648,#650,.T.);
#648 = VERTEX_POINT('',#649);
#649 = CARTESIAN_POINT('',(200.,-128.5,97.));
#650 = LINE('',#651,#652);
#651 = CARTESIAN_POINT('',(-201.,-128.5,97.));
#652 = VECTOR('',#653,1.);
#653 = DIRECTION('',(1.,0.,0.));
#654 = ORIENTED_EDGE('',*,*,#207,.T.);
#655 = ORIENTED_EDGE('',*,*,#623,.T.);
#656 = ORIENTED_EDGE('',*,*,#657,.F.);
#657 = EDGE_CURVE('',#648,#624,#658,.T.);
#658 = LINE('',#659,#660);
#659 = CARTESIAN_POINT('',(200.,-145.75,97.));
#660 = VECTOR('',#661,1.);
#661 = DIRECTION('',(0.,-1.,0.));
#662 = PLANE('',#663);
#663 = AXIS2_PLACEMENT_3D('',#664,#665,#666);
#664 = CARTESIAN_POINT('',(-201.,-141.5,97.));
#665 = DIRECTION('',(0.,0.,1.));
#666 = DIRECTION('',(1.,0.,0.));
#667 = ADVANCED_FACE('',(#668),#686,.F.);
#668 = FACE_BOUND('',#669,.F.);
#669 = EDGE_LOOP('',(#670,#671,#672,#680));
#670 = ORIENTED_EDGE('',*,*,#647,.F.);
#671 = ORIENTED_EDGE('',*,*,#199,.T.);
#672 = ORIENTED_EDGE('',*,*,#673,.T.);
#673 = EDGE_CURVE('',#192,#674,#676,.T.);
#674 = VERTEX_POINT('',#675);
#675 = CARTESIAN_POINT('',(200.,-128.5,103.));
#676 = LINE('',#677,#678);
#677 = CARTESIAN_POINT('',(-201.,-128.5,103.));
#678 = VECTOR('',#679,1.);
#679 = DIRECTION('',(1.,0.,0.));
#680 = ORIENTED_EDGE('',*,*,#681,.F.);
#681 = EDGE_CURVE('',#648,#674,#682,.T.);
#682 = LINE('',#683,#684);
#683 = CARTESIAN_POINT('',(200.,-128.5,86.));
#684 = VECTOR('',#685,1.);
#685 = DIRECTION('',(0.,0.,1.));
#686 = PLANE('',#687);
#687 = AXIS2_PLACEMENT_3D('',#688,#689,#690);
#688 = CARTESIAN_POINT('',(-201.,-128.5,97.));
#689 = DIRECTION('',(0.,1.,0.));
#690 = DIRECTION('',(0.,0.,1.));
#691 = ADVANCED_FACE('',(#692),#710,.F.);
#692 = FACE_BOUND('',#693,.F.);
#693 = EDGE_LOOP('',(#694,#695,#703,#709));
#694 = ORIENTED_EDGE('',*,*,#191,.T.);
#695 = ORIENTED_EDGE('',*,*,#696,.T.);
#696 = EDGE_CURVE('',#184,#697,#699,.T.);
#697 = VERTEX_POINT('',#698);
#698 = CARTESIAN_POINT('',(200.,-131.,103.));
#699 = LINE('',#700,#701);
#700 = CARTESIAN_POINT('',(-201.,-131.,103.));
#701 = VECTOR('',#702,1.);
#702 = DIRECTION('',(1.,0.,0.));
#703 = ORIENTED_EDGE('',*,*,#704,.F.);
#704 = EDGE_CURVE('',#674,#697,#705,.T.);
#705 = LINE('',#706,#707);
#706 = CARTESIAN_POINT('',(200.,-145.75,103.));
#707 = VECTOR('',#708,1.);
#708 = DIRECTION('',(0.,-1.,0.));
#709 = ORIENTED_EDGE('',*,*,#673,.F.);
#710 = PLANE('',#711);
#711 = AXIS2_PLACEMENT_3D('',#712,#713,#714);
#712 = CARTESIAN_POINT('',(-201.,-141.5,103.));
#713 = DIRECTION('',(0.,0.,1.));
#714 = DIRECTION('',(1.,0.,0.));
#715 = ADVANCED_FACE('',(#716),#734,.F.);
#716 = FACE_BOUND('',#717,.F.);
#717 = EDGE_LOOP('',(#718,#719,#720,#728));
#718 = ORIENTED_EDGE('',*,*,#696,.F.);
#719 = ORIENTED_EDGE('',*,*,#183,.T.);
#720 = ORIENTED_EDGE('',*,*,#721,.F.);
#721 = EDGE_CURVE('',#722,#176,#724,.T.);
#722 = VERTEX_POINT('',#723);
#723 = CARTESIAN_POINT('',(200.,-131.,105.));
#724 = LINE('',#725,#726);
#725 = CARTESIAN_POINT('',(-200.5,-131.,105.));
#726 = VECTOR('',#727,1.);
#727 = DIRECTION('',(-1.,0.,0.));
#728 = ORIENTED_EDGE('',*,*,#729,.F.);
#729 = EDGE_CURVE('',#697,#722,#730,.T.);
#730 = LINE('',#731,#732);
#731 = CARTESIAN_POINT('',(200.,-131.,88.5));
#732 = VECTOR('',#733,1.);
#733 = DIRECTION('',(0.,0.,1.));
#734 = PLANE('',#735);
#735 = AXIS2_PLACEMENT_3D('',#736,#737,#738);
#736 = CARTESIAN_POINT('',(-201.,-131.,102.));
#737 = DIRECTION('',(0.,1.,0.));
#738 = DIRECTION('',(0.,0.,1.));
#739 = ADVANCED_FACE('',(#740),#758,.T.);
#740 = FACE_BOUND('',#741,.T.);
#741 = EDGE_LOOP('',(#742,#743,#744,#752));
#742 = ORIENTED_EDGE('',*,*,#175,.F.);
#743 = ORIENTED_EDGE('',*,*,#721,.F.);
#744 = ORIENTED_EDGE('',*,*,#745,.T.);
#745 = EDGE_CURVE('',#722,#746,#748,.T.);
#746 = VERTEX_POINT('',#747);
#747 = CARTESIAN_POINT('',(200.,-120.,105.));
#748 = LINE('',#749,#750);
#749 = CARTESIAN_POINT('',(200.,-150.,105.));
#750 = VECTOR('',#751,1.);
#751 = DIRECTION('',(0.,1.,0.));
#752 = ORIENTED_EDGE('',*,*,#753,.F.);
#753 = EDGE_CURVE('',#168,#746,#754,.T.);
#754 = LINE('',#755,#756);
#755 = CARTESIAN_POINT('',(-200.,-120.,105.));
#756 = VECTOR('',#757,1.);
#757 = DIRECTION('',(1.,0.,0.));
#758 = PLANE('',#759);
#759 = AXIS2_PLACEMENT_3D('',#760,#761,#762);
#760 = CARTESIAN_POINT('',(-200.,-150.,105.));
#761 = DIRECTION('',(0.,0.,1.));
#762 = DIRECTION('',(1.,0.,0.));
#763 = ADVANCED_FACE('',(#764),#782,.T.);
#764 = FACE_BOUND('',#765,.T.);
#765 = EDGE_LOOP('',(#766,#774,#780,#781));
#766 = ORIENTED_EDGE('',*,*,#767,.F.);
#767 = EDGE_CURVE('',#768,#746,#770,.T.);
#768 = VERTEX_POINT('',#769);
#769 = CARTESIAN_POINT('',(200.,-120.,94.));
#770 = LINE('',#771,#772);
#771 = CARTESIAN_POINT('',(200.,-120.,75.));
#772 = VECTOR('',#773,1.);
#773 = DIRECTION('',(0.,0.,1.));
#774 = ORIENTED_EDGE('',*,*,#775,.T.);
#775 = EDGE_CURVE('',#768,#160,#776,.T.);
#776 = LINE('',#777,#778);
#777 = CARTESIAN_POINT('',(-200.5,-120.,94.));
#778 = VECTOR('',#779,1.);
#779 = DIRECTION('',(-1.,0.,0.));
#780 = ORIENTED_EDGE('',*,*,#167,.T.);
#781 = ORIENTED_EDGE('',*,*,#753,.T.);
#782 = PLANE('',#783);
#783 = AXIS2_PLACEMENT_3D('',#784,#785,#786);
#784 = CARTESIAN_POINT('',(-200.,-120.,75.));
#785 = DIRECTION('',(0.,1.,0.));
#786 = DIRECTION('',(0.,0.,1.));
#787 = ADVANCED_FACE('',(#788),#806,.T.);
#788 = FACE_BOUND('',#789,.T.);
#789 = EDGE_LOOP('',(#790,#798,#799,#800));
#790 = ORIENTED_EDGE('',*,*,#791,.F.);
#791 = EDGE_CURVE('',#152,#792,#794,.T.);
#792 = VERTEX_POINT('',#793);
#793 = CARTESIAN_POINT('',(200.,-122.,94.));
#794 = LINE('',#795,#796);
#795 = CARTESIAN_POINT('',(-201.,-122.,94.));
#796 = VECTOR('',#797,1.);
#797 = DIRECTION('',(1.,0.,0.));
#798 = ORIENTED_EDGE('',*,*,#159,.T.);
#799 = ORIENTED_EDGE('',*,*,#775,.F.);
#800 = ORIENTED_EDGE('',*,*,#801,.F.);
#801 = EDGE_CURVE('',#792,#768,#802,.T.);
#802 = LINE('',#803,#804);
#803 = CARTESIAN_POINT('',(200.,-136.5,94.));
#804 = VECTOR('',#805,1.);
#805 = DIRECTION('',(0.,1.,-2.22044604925E-16));
#806 = PLANE('',#807);
#807 = AXIS2_PLACEMENT_3D('',#808,#809,#810);
#808 = CARTESIAN_POINT('',(-201.,-123.,94.));
#809 = DIRECTION('',(0.,-2.22044604925E-16,-1.));
#810 = DIRECTION('',(0.,1.,-2.22044604925E-16));
#811 = ADVANCED_FACE('',(#812),#830,.F.);
#812 = FACE_BOUND('',#813,.F.);
#813 = EDGE_LOOP('',(#814,#815,#823,#829));
#814 = ORIENTED_EDGE('',*,*,#151,.T.);
#815 = ORIENTED_EDGE('',*,*,#816,.T.);
#816 = EDGE_CURVE('',#144,#817,#819,.T.);
#817 = VERTEX_POINT('',#818);
#818 = CARTESIAN_POINT('',(200.,-122.,96.5));
#819 = LINE('',#820,#821);
#820 = CARTESIAN_POINT('',(-201.,-122.,96.5));
#821 = VECTOR('',#822,1.);
#822 = DIRECTION('',(1.,0.,0.));
#823 = ORIENTED_EDGE('',*,*,#824,.F.);
#824 = EDGE_CURVE('',#792,#817,#825,.T.);
#825 = LINE('',#826,#827);
#826 = CARTESIAN_POINT('',(200.,-122.,85.75));
#827 = VECTOR('',#828,1.);
#828 = DIRECTION('',(0.,2.22044604925E-16,1.));
#829 = ORIENTED_EDGE('',*,*,#791,.F.);
#830 = PLANE('',#831);
#831 = AXIS2_PLACEMENT_3D('',#832,#833,#834);
#832 = CARTESIAN_POINT('',(-201.,-122.,96.5));
#833 = DIRECTION('',(0.,1.,-2.22044604925E-16));
#834 = DIRECTION('',(1.,0.,0.));
#835 = ADVANCED_FACE('',(#836),#854,.T.);
#836 = FACE_BOUND('',#837,.T.);
#837 = EDGE_LOOP('',(#838,#846,#847,#848));
#838 = ORIENTED_EDGE('',*,*,#839,.F.);
#839 = EDGE_CURVE('',#136,#840,#842,.T.);
#840 = VERTEX_POINT('',#841);
#841 = CARTESIAN_POINT('',(200.,-128.,96.5));
#842 = LINE('',#843,#844);
#843 = CARTESIAN_POINT('',(-201.,-128.,96.5));
#844 = VECTOR('',#845,1.);
#845 = DIRECTION('',(1.,0.,0.));
#846 = ORIENTED_EDGE('',*,*,#143,.T.);
#847 = ORIENTED_EDGE('',*,*,#816,.T.);
#848 = ORIENTED_EDGE('',*,*,#849,.F.);
#849 = EDGE_CURVE('',#840,#817,#850,.T.);
#850 = LINE('',#851,#852);
#851 = CARTESIAN_POINT('',(200.,-139.,96.5));
#852 = VECTOR('',#853,1.);
#853 = DIRECTION('',(0.,1.,-2.22044604925E-16));
#854 = PLANE('',#855);
#855 = AXIS2_PLACEMENT_3D('',#856,#857,#858);
#856 = CARTESIAN_POINT('',(-201.,-128.,96.5));
#857 = DIRECTION('',(0.,-2.22044604925E-16,-1.));
#858 = DIRECTION('',(0.,1.,-2.22044604925E-16));
#859 = ADVANCED_FACE('',(#860),#878,.T.);
#860 = FACE_BOUND('',#861,.T.);
#861 = EDGE_LOOP('',(#862,#870,#871,#872));
#862 = ORIENTED_EDGE('',*,*,#863,.F.);
#863 = EDGE_CURVE('',#128,#864,#866,.T.);
#864 = VERTEX_POINT('',#865);
#865 = CARTESIAN_POINT('',(200.,-128.,83.5));
#866 = LINE('',#867,#868);
#867 = CARTESIAN_POINT('',(-201.,-128.,83.5));
#868 = VECTOR('',#869,1.);
#869 = DIRECTION('',(1.,0.,0.));
#870 = ORIENTED_EDGE('',*,*,#135,.T.);
#871 = ORIENTED_EDGE('',*,*,#839,.T.);
#872 = ORIENTED_EDGE('',*,*,#873,.F.);
#873 = EDGE_CURVE('',#864,#840,#874,.T.);
#874 = LINE('',#875,#876);
#875 = CARTESIAN_POINT('',(200.,-128.,85.75));
#876 = VECTOR('',#877,1.);
#877 = DIRECTION('',(0.,2.22044604925E-16,1.));
#878 = PLANE('',#879);
#879 = AXIS2_PLACEMENT_3D('',#880,#881,#882);
#880 = CARTESIAN_POINT('',(-201.,-128.,96.5));
#881 = DIRECTION('',(0.,1.,-2.22044604925E-16));
#882 = DIRECTION('',(1.,0.,0.));
#883 = ADVANCED_FACE('',(#884),#902,.F.);
#884 = FACE_BOUND('',#885,.F.);
#885 = EDGE_LOOP('',(#886,#887,#888,#896));
#886 = ORIENTED_EDGE('',*,*,#863,.F.);
#887 = ORIENTED_EDGE('',*,*,#127,.T.);
#888 = ORIENTED_EDGE('',*,*,#889,.T.);
#889 = EDGE_CURVE('',#120,#890,#892,.T.);
#890 = VERTEX_POINT('',#891);
#891 = CARTESIAN_POINT('',(200.,-122.,83.5));
#892 = LINE('',#893,#894);
#893 = CARTESIAN_POINT('',(-201.,-122.,83.5));
#894 = VECTOR('',#895,1.);
#895 = DIRECTION('',(1.,0.,0.));
#896 = ORIENTED_EDGE('',*,*,#897,.F.);
#897 = EDGE_CURVE('',#864,#890,#898,.T.);
#898 = LINE('',#899,#900);
#899 = CARTESIAN_POINT('',(200.,-139.,83.5));
#900 = VECTOR('',#901,1.);
#901 = DIRECTION('',(0.,1.,-2.22044604925E-16));
#902 = PLANE('',#903);
#903 = AXIS2_PLACEMENT_3D('',#904,#905,#906);
#904 = CARTESIAN_POINT('',(-201.,-128.,83.5));
#905 = DIRECTION('',(0.,-2.22044604925E-16,-1.));
#906 = DIRECTION('',(0.,1.,-2.22044604925E-16));
#907 = ADVANCED_FACE('',(#908),#926,.F.);
#908 = FACE_BOUND('',#909,.F.);
#909 = EDGE_LOOP('',(#910,#911,#919,#925));
#910 = ORIENTED_EDGE('',*,*,#119,.T.);
#911 = ORIENTED_EDGE('',*,*,#912,.T.);
#912 = EDGE_CURVE('',#112,#913,#915,.T.);
#913 = VERTEX_POINT('',#914);
#914 = CARTESIAN_POINT('',(200.,-122.,86.));
#915 = LINE('',#916,#917);
#916 = CARTESIAN_POINT('',(-201.,-122.,86.));
#917 = VECTOR('',#918,1.);
#918 = DIRECTION('',(1.,0.,0.));
#919 = ORIENTED_EDGE('',*,*,#920,.F.);
#920 = EDGE_CURVE('',#890,#913,#921,.T.);
#921 = LINE('',#922,#923);
#922 = CARTESIAN_POINT('',(200.,-122.,85.75));
#923 = VECTOR('',#924,1.);
#924 = DIRECTION('',(0.,2.22044604925E-16,1.));
#925 = ORIENTED_EDGE('',*,*,#889,.F.);
#926 = PLANE('',#927);
#927 = AXIS2_PLACEMENT_3D('',#928,#929,#930);
#928 = CARTESIAN_POINT('',(-201.,-122.,96.5));
#929 = DIRECTION('',(0.,1.,-2.22044604925E-16));
#930 = DIRECTION('',(1.,0.,0.));
#931 = ADVANCED_FACE('',(#932),#950,.F.);
#932 = FACE_BOUND('',#933,.F.);
#933 = EDGE_LOOP('',(#934,#935,#936,#944));
#934 = ORIENTED_EDGE('',*,*,#912,.F.);
#935 = ORIENTED_EDGE('',*,*,#111,.T.);
#936 = ORIENTED_EDGE('',*,*,#937,.F.);
#937 = EDGE_CURVE('',#938,#104,#940,.T.);
#938 = VERTEX_POINT('',#939);
#939 = CARTESIAN_POINT('',(200.,-120.,86.));
#940 = LINE('',#941,#942);
#941 = CARTESIAN_POINT('',(-200.5,-120.,86.));
#942 = VECTOR('',#943,1.);
#943 = DIRECTION('',(-1.,0.,0.));
#944 = ORIENTED_EDGE('',*,*,#945,.F.);
#945 = EDGE_CURVE('',#913,#938,#946,.T.);
#946 = LINE('',#947,#948);
#947 = CARTESIAN_POINT('',(200.,-136.5,86.));
#948 = VECTOR('',#949,1.);
#949 = DIRECTION('',(0.,1.,-2.22044604925E-16));
#950 = PLANE('',#951);
#951 = AXIS2_PLACEMENT_3D('',#952,#953,#954);
#952 = CARTESIAN_POINT('',(-201.,-123.,86.));
#953 = DIRECTION('',(0.,-2.22044604925E-16,-1.));
#954 = DIRECTION('',(0.,1.,-2.22044604925E-16));
#955 = ADVANCED_FACE('',(#956),#974,.T.);
#956 = FACE_BOUND('',#957,.T.);
#957 = EDGE_LOOP('',(#958,#966,#972,#973));
#958 = ORIENTED_EDGE('',*,*,#959,.F.);
#959 = EDGE_CURVE('',#960,#938,#962,.T.);
#960 = VERTEX_POINT('',#961);
#961 = CARTESIAN_POINT('',(200.,-120.,75.));
#962 = LINE('',#963,#964);
#963 = CARTESIAN_POINT('',(200.,-120.,75.));
#964 = VECTOR('',#965,1.);
#965 = DIRECTION('',(0.,0.,1.));
#966 = ORIENTED_EDGE('',*,*,#967,.F.);
#967 = EDGE_CURVE('',#96,#960,#968,.T.);
#968 = LINE('',#969,#970);
#969 = CARTESIAN_POINT('',(-200.,-120.,75.));
#970 = VECTOR('',#971,1.);
#971 = DIRECTION('',(1.,0.,0.));
#972 = ORIENTED_EDGE('',*,*,#103,.T.);
#973 = ORIENTED_EDGE('',*,*,#937,.F.);
#974 = PLANE('',#975);
#975 = AXIS2_PLACEMENT_3D('',#976,#977,#978);
#976 = CARTESIAN_POINT('',(-200.,-120.,75.));
#977 = DIRECTION('',(0.,1.,0.));
#978 = DIRECTION('',(0.,0.,1.));
#979 = ADVANCED_FACE('',(#980),#998,.F.);
#980 = FACE_BOUND('',#981,.F.);
#981 = EDGE_LOOP('',(#982,#983,#991,#997));
#982 = ORIENTED_EDGE('',*,*,#95,.F.);
#983 = ORIENTED_EDGE('',*,*,#984,.T.);
#984 = EDGE_CURVE('',#88,#985,#987,.T.);
#985 = VERTEX_POINT('',#986);
#986 = CARTESIAN_POINT('',(200.,-131.,75.));
#987 = LINE('',#988,#989);
#988 = CARTESIAN_POINT('',(-200.5,-131.,75.));
#989 = VECTOR('',#990,1.);
#990 = DIRECTION('',(1.,0.,0.));
#991 = ORIENTED_EDGE('',*,*,#992,.T.);
#992 = EDGE_CURVE('',#985,#960,#993,.T.);
#993 = LINE('',#994,#995);
#994 = CARTESIAN_POINT('',(200.,-150.,75.));
#995 = VECTOR('',#996,1.);
#996 = DIRECTION('',(0.,1.,0.));
#997 = ORIENTED_EDGE('',*,*,#967,.F.);
#998 = PLANE('',#999);
#999 = AXIS2_PLACEMENT_3D('',#1000,#1001,#1002);
#1000 = CARTESIAN_POINT('',(-200.,-150.,75.));
#1001 = DIRECTION('',(0.,0.,1.));
#1002 = DIRECTION('',(1.,0.,0.));
#1003 = ADVANCED_FACE('',(#1004),#1022,.T.);
#1004 = FACE_BOUND('',#1005,.T.);
#1005 = EDGE_LOOP('',(#1006,#1014,#1015,#1016));
#1006 = ORIENTED_EDGE('',*,*,#1007,.F.);
#1007 = EDGE_CURVE('',#80,#1008,#1010,.T.);
#1008 = VERTEX_POINT('',#1009);
#1009 = CARTESIAN_POINT('',(200.,-131.,77.));
#1010 = LINE('',#1011,#1012);
#1011 = CARTESIAN_POINT('',(-201.,-131.,77.));
#1012 = VECTOR('',#1013,1.);
#1013 = DIRECTION('',(1.,0.,0.));
#1014 = ORIENTED_EDGE('',*,*,#87,.T.);
#1015 = ORIENTED_EDGE('',*,*,#984,.T.);
#1016 = ORIENTED_EDGE('',*,*,#1017,.F.);
#1017 = EDGE_CURVE('',#1008,#985,#1018,.T.);
#1018 = LINE('',#1019,#1020);
#1019 = CARTESIAN_POINT('',(200.,-131.,76.5));
#1020 = VECTOR('',#1021,1.);
#1021 = DIRECTION('',(0.,-1.224646799147E-16,-1.));
#1022 = PLANE('',#1023);
#1023 = AXIS2_PLACEMENT_3D('',#1024,#1025,#1026);
#1024 = CARTESIAN_POINT('',(-201.,-131.,78.));
#1025 = DIRECTION('',(0.,-1.,1.224646799147E-16));
#1026 = DIRECTION('',(0.,-1.224646799147E-16,-1.));
#1027 = ADVANCED_FACE('',(#1028),#1046,.F.);
#1028 = FACE_BOUND('',#1029,.F.);
#1029 = EDGE_LOOP('',(#1030,#1031,#1039,#1045));
#1030 = ORIENTED_EDGE('',*,*,#79,.T.);
#1031 = ORIENTED_EDGE('',*,*,#1032,.T.);
#1032 = EDGE_CURVE('',#72,#1033,#1035,.T.);
#1033 = VERTEX_POINT('',#1034);
#1034 = CARTESIAN_POINT('',(200.,-128.5,77.));
#1035 = LINE('',#1036,#1037);
#1036 = CARTESIAN_POINT('',(-201.,-128.5,77.));
#1037 = VECTOR('',#1038,1.);
#1038 = DIRECTION('',(1.,0.,0.));
#1039 = ORIENTED_EDGE('',*,*,#1040,.F.);
#1040 = EDGE_CURVE('',#1008,#1033,#1041,.T.);
#1041 = LINE('',#1042,#1043);
#1042 = CARTESIAN_POINT('',(200.,-139.25,77.));
#1043 = VECTOR('',#1044,1.);
#1044 = DIRECTION('',(0.,1.,-1.224646799147E-16));
#1045 = ORIENTED_EDGE('',*,*,#1007,.F.);
#1046 = PLANE('',#1047);
#1047 = AXIS2_PLACEMENT_3D('',#1048,#1049,#1050);
#1048 = CARTESIAN_POINT('',(-201.,-128.5,77.));
#1049 = DIRECTION('',(0.,-1.224646799147E-16,-1.));
#1050 = DIRECTION('',(1.,0.,0.));
#1051 = ADVANCED_FACE('',(#1052),#1070,.T.);
#1052 = FACE_BOUND('',#1053,.T.);
#1053 = EDGE_LOOP('',(#1054,#1062,#1063,#1064));
#1054 = ORIENTED_EDGE('',*,*,#1055,.F.);
#1055 = EDGE_CURVE('',#64,#1056,#1058,.T.);
#1056 = VERTEX_POINT('',#1057);
#1057 = CARTESIAN_POINT('',(200.,-128.5,83.));
#1058 = LINE('',#1059,#1060);
#1059 = CARTESIAN_POINT('',(-201.,-128.5,83.));
#1060 = VECTOR('',#1061,1.);
#1061 = DIRECTION('',(1.,0.,0.));
#1062 = ORIENTED_EDGE('',*,*,#71,.T.);
#1063 = ORIENTED_EDGE('',*,*,#1032,.T.);
#1064 = ORIENTED_EDGE('',*,*,#1065,.F.);
#1065 = EDGE_CURVE('',#1056,#1033,#1066,.T.);
#1066 = LINE('',#1067,#1068);
#1067 = CARTESIAN_POINT('',(200.,-128.5,79.));
#1068 = VECTOR('',#1069,1.);
#1069 = DIRECTION('',(0.,-1.224646799147E-16,-1.));
#1070 = PLANE('',#1071);
#1071 = AXIS2_PLACEMENT_3D('',#1072,#1073,#1074);
#1072 = CARTESIAN_POINT('',(-201.,-128.5,83.));
#1073 = DIRECTION('',(0.,-1.,1.224646799147E-16));
#1074 = DIRECTION('',(0.,-1.224646799147E-16,-1.));
#1075 = ADVANCED_FACE('',(#1076),#1094,.T.);
#1076 = FACE_BOUND('',#1077,.T.);
#1077 = EDGE_LOOP('',(#1078,#1086,#1087,#1088));
#1078 = ORIENTED_EDGE('',*,*,#1079,.F.);
#1079 = EDGE_CURVE('',#56,#1080,#1082,.T.);
#1080 = VERTEX_POINT('',#1081);
#1081 = CARTESIAN_POINT('',(200.,-141.5,83.));
#1082 = LINE('',#1083,#1084);
#1083 = CARTESIAN_POINT('',(-201.,-141.5,83.));
#1084 = VECTOR('',#1085,1.);
#1085 = DIRECTION('',(1.,0.,0.));
#1086 = ORIENTED_EDGE('',*,*,#63,.T.);
#1087 = ORIENTED_EDGE('',*,*,#1055,.T.);
#1088 = ORIENTED_EDGE('',*,*,#1089,.F.);
#1089 = EDGE_CURVE('',#1080,#1056,#1090,.T.);
#1090 = LINE('',#1091,#1092);
#1091 = CARTESIAN_POINT('',(200.,-139.25,83.));
#1092 = VECTOR('',#1093,1.);
#1093 = DIRECTION('',(0.,1.,-1.224646799147E-16));
#1094 = PLANE('',#1095);
#1095 = AXIS2_PLACEMENT_3D('',#1096,#1097,#1098);
#1096 = CARTESIAN_POINT('',(-201.,-128.5,83.));
#1097 = DIRECTION('',(0.,-1.224646799147E-16,-1.));
#1098 = DIRECTION('',(1.,0.,0.));
#1099 = ADVANCED_FACE('',(#1100),#1118,.F.);
#1100 = FACE_BOUND('',#1101,.F.);
#1101 = EDGE_LOOP('',(#1102,#1103,#1104,#1112));
#1102 = ORIENTED_EDGE('',*,*,#1079,.F.);
#1103 = ORIENTED_EDGE('',*,*,#55,.T.);
#1104 = ORIENTED_EDGE('',*,*,#1105,.T.);
#1105 = EDGE_CURVE('',#48,#1106,#1108,.T.);
#1106 = VERTEX_POINT('',#1107);
#1107 = CARTESIAN_POINT('',(200.,-141.5,77.));
#1108 = LINE('',#1109,#1110);
#1109 = CARTESIAN_POINT('',(-201.,-141.5,77.));
#1110 = VECTOR('',#1111,1.);
#1111 = DIRECTION('',(1.,0.,0.));
#1112 = ORIENTED_EDGE('',*,*,#1113,.F.);
#1113 = EDGE_CURVE('',#1080,#1106,#1114,.T.);
#1114 = LINE('',#1115,#1116);
#1115 = CARTESIAN_POINT('',(200.,-141.5,79.));
#1116 = VECTOR('',#1117,1.);
#1117 = DIRECTION('',(0.,-1.224646799147E-16,-1.));
#1118 = PLANE('',#1119);
#1119 = AXIS2_PLACEMENT_3D('',#1120,#1121,#1122);
#1120 = CARTESIAN_POINT('',(-201.,-141.5,83.));
#1121 = DIRECTION('',(0.,-1.,1.224646799147E-16));
#1122 = DIRECTION('',(0.,-1.224646799147E-16,-1.));
#1123 = ADVANCED_FACE('',(#1124),#1142,.F.);
#1124 = FACE_BOUND('',#1125,.F.);
#1125 = EDGE_LOOP('',(#1126,#1127,#1135,#1141));
#1126 = ORIENTED_EDGE('',*,*,#47,.T.);
#1127 = ORIENTED_EDGE('',*,*,#1128,.T.);
#1128 = EDGE_CURVE('',#40,#1129,#1131,.T.);
#1129 = VERTEX_POINT('',#1130);
#1130 = CARTESIAN_POINT('',(200.,-139.,77.));
#1131 = LINE('',#1132,#1133);
#1132 = CARTESIAN_POINT('',(-201.,-139.,77.));
#1133 = VECTOR('',#1134,1.);
#1134 = DIRECTION('',(1.,0.,0.));
#1135 = ORIENTED_EDGE('',*,*,#1136,.F.);
#1136 = EDGE_CURVE('',#1106,#1129,#1137,.T.);
#1137 = LINE('',#1138,#1139);
#1138 = CARTESIAN_POINT('',(200.,-139.25,77.));
#1139 = VECTOR('',#1140,1.);
#1140 = DIRECTION('',(0.,1.,-1.224646799147E-16));
#1141 = ORIENTED_EDGE('',*,*,#1105,.F.);
#1142 = PLANE('',#1143);
#1143 = AXIS2_PLACEMENT_3D('',#1144,#1145,#1146);
#1144 = CARTESIAN_POINT('',(-201.,-128.5,77.));
#1145 = DIRECTION('',(0.,-1.224646799147E-16,-1.));
#1146 = DIRECTION('',(1.,0.,0.));
#1147 = ADVANCED_FACE('',(#1148),#1166,.F.);
#1148 = FACE_BOUND('',#1149,.F.);
#1149 = EDGE_LOOP('',(#1150,#1151,#1152,#1160));
#1150 = ORIENTED_EDGE('',*,*,#1128,.F.);
#1151 = ORIENTED_EDGE('',*,*,#39,.T.);
#1152 = ORIENTED_EDGE('',*,*,#1153,.T.);
#1153 = EDGE_CURVE('',#32,#1154,#1156,.T.);
#1154 = VERTEX_POINT('',#1155);
#1155 = CARTESIAN_POINT('',(200.,-139.,75.));
#1156 = LINE('',#1157,#1158);
#1157 = CARTESIAN_POINT('',(-200.5,-139.,75.));
#1158 = VECTOR('',#1159,1.);
#1159 = DIRECTION('',(1.,0.,0.));
#1160 = ORIENTED_EDGE('',*,*,#1161,.F.);
#1161 = EDGE_CURVE('',#1129,#1154,#1162,.T.);
#1162 = LINE('',#1163,#1164);
#1163 = CARTESIAN_POINT('',(200.,-139.,76.5));
#1164 = VECTOR('',#1165,1.);
#1165 = DIRECTION('',(0.,-1.224646799147E-16,-1.));
#1166 = PLANE('',#1167);
#1167 = AXIS2_PLACEMENT_3D('',#1168,#1169,#1170);
#1168 = CARTESIAN_POINT('',(-201.,-139.,78.));
#1169 = DIRECTION('',(0.,-1.,1.224646799147E-16));
#1170 = DIRECTION('',(0.,-1.224646799147E-16,-1.));
#1171 = ADVANCED_FACE('',(#1172),#1183,.F.);
#1172 = FACE_BOUND('',#1173,.F.);
#1173 = EDGE_LOOP('',(#1174,#1175,#1176,#1182));
#1174 = ORIENTED_EDGE('',*,*,#31,.F.);
#1175 = ORIENTED_EDGE('',*,*,#338,.T.);
#1176 = ORIENTED_EDGE('',*,*,#1177,.T.);
#1177 = EDGE_CURVE('',#329,#1154,#1178,.T.);
#1178 = LINE('',#1179,#1180);
#1179 = CARTESIAN_POINT('',(200.,-150.,75.));
#1180 = VECTOR('',#1181,1.);
#1181 = DIRECTION('',(0.,1.,0.));
#1182 = ORIENTED_EDGE('',*,*,#1153,.F.);
#1183 = PLANE('',#1184);
#1184 = AXIS2_PLACEMENT_3D('',#1185,#1186,#1187);
#1185 = CARTESIAN_POINT('',(-200.,-150.,75.));
#1186 = DIRECTION('',(0.,0.,1.));
#1187 = DIRECTION('',(1.,0.,0.));
#1188 = ADVANCED_FACE('',(#1189),#1208,.F.);
#1189 = FACE_BOUND('',#1190,.F.);
#1190 = EDGE_LOOP('',(#1191,#1200,#1206,#1207));
#1191 = ORIENTED_EDGE('',*,*,#1192,.F.);
#1192 = EDGE_CURVE('',#1193,#1193,#1195,.T.);
#1193 = VERTEX_POINT('',#1194);
#1194 = CARTESIAN_POINT('',(200.,-135.,93.4));
#1195 = CIRCLE('',#1196,3.4);
#1196 = AXIS2_PLACEMENT_3D('',#1197,#1198,#1199);
#1197 = CARTESIAN_POINT('',(200.,-135.,90.));
#1198 = DIRECTION('',(1.,0.,-0.));
#1199 = DIRECTION('',(0.,0.,1.));
#1200 = ORIENTED_EDGE('',*,*,#1201,.F.);
#1201 = EDGE_CURVE('',#312,#1193,#1202,.T.);
#1202 = LINE('',#1203,#1204);
#1203 = CARTESIAN_POINT('',(-201.,-135.,93.4));
#1204 = VECTOR('',#1205,1.);
#1205 = DIRECTION('',(1.,0.,0.));
#1206 = ORIENTED_EDGE('',*,*,#311,.T.);
#1207 = ORIENTED_EDGE('',*,*,#1201,.T.);
#1208 = CYLINDRICAL_SURFACE('',#1209,3.4);
#1209 = AXIS2_PLACEMENT_3D('',#1210,#1211,#1212);
#1210 = CARTESIAN_POINT('',(-201.,-135.,90.));
#1211 = DIRECTION('',(1.,0.,0.));
#1212 = DIRECTION('',(0.,0.,1.));
#1213 = ADVANCED_FACE('',(#1214,#1252),#1255,.T.);
#1214 = FACE_BOUND('',#1215,.T.);
#1215 = EDGE_LOOP('',(#1216,#1217,#1218,#1219,#1220,#1221,#1222,#1223,
    #1224,#1225,#1226,#1227,#1228,#1229,#1230,#1231,#1232,#1233,#1234,
    #1235,#1236,#1237,#1238,#1239,#1240,#1241,#1242,#1243,#1244,#1245,
    #1246,#1247,#1248,#1249,#1250,#1251));
#1216 = ORIENTED_EDGE('',*,*,#328,.F.);
#1217 = ORIENTED_EDGE('',*,*,#1177,.T.);
#1218 = ORIENTED_EDGE('',*,*,#1161,.F.);
#1219 = ORIENTED_EDGE('',*,*,#1136,.F.);
#1220 = ORIENTED_EDGE('',*,*,#1113,.F.);
#1221 = ORIENTED_EDGE('',*,*,#1089,.T.);
#1222 = ORIENTED_EDGE('',*,*,#1065,.T.);
#1223 = ORIENTED_EDGE('',*,*,#1040,.F.);
#1224 = ORIENTED_EDGE('',*,*,#1017,.T.);
#1225 = ORIENTED_EDGE('',*,*,#992,.T.);
#1226 = ORIENTED_EDGE('',*,*,#959,.T.);
#1227 = ORIENTED_EDGE('',*,*,#945,.F.);
#1228 = ORIENTED_EDGE('',*,*,#920,.F.);
#1229 = ORIENTED_EDGE('',*,*,#897,.F.);
#1230 = ORIENTED_EDGE('',*,*,#873,.T.);
#1231 = ORIENTED_EDGE('',*,*,#849,.T.);
#1232 = ORIENTED_EDGE('',*,*,#824,.F.);
#1233 = ORIENTED_EDGE('',*,*,#801,.T.);
#1234 = ORIENTED_EDGE('',*,*,#767,.T.);
#1235 = ORIENTED_EDGE('',*,*,#745,.F.);
#1236 = ORIENTED_EDGE('',*,*,#729,.F.);
#1237 = ORIENTED_EDGE('',*,*,#704,.F.);
#1238 = ORIENTED_EDGE('',*,*,#681,.F.);
#1239 = ORIENTED_EDGE('',*,*,#657,.T.);
#1240 = ORIENTED_EDGE('',*,*,#633,.T.);
#1241 = ORIENTED_EDGE('',*,*,#608,.F.);
#1242 = ORIENTED_EDGE('',*,*,#585,.T.);
#1243 = ORIENTED_EDGE('',*,*,#553,.F.);
#1244 = ORIENTED_EDGE('',*,*,#527,.F.);
#1245 = ORIENTED_EDGE('',*,*,#513,.F.);
#1246 = ORIENTED_EDGE('',*,*,#488,.F.);
#1247 = ORIENTED_EDGE('',*,*,#465,.F.);
#1248 = ORIENTED_EDGE('',*,*,#441,.T.);
#1249 = ORIENTED_EDGE('',*,*,#417,.T.);
#1250 = ORIENTED_EDGE('',*,*,#392,.F.);
#1251 = ORIENTED_EDGE('',*,*,#369,.T.);
#1252 = FACE_BOUND('',#1253,.T.);
#1253 = EDGE_LOOP('',(#1254));
#1254 = ORIENTED_EDGE('',*,*,#1192,.F.);
#1255 = PLANE('',#1256);
#1256 = AXIS2_PLACEMENT_3D('',#1257,#1258,#1259);
#1257 = CARTESIAN_POINT('',(200.,-150.,75.));
#1258 = DIRECTION('',(1.,0.,0.));
#1259 = DIRECTION('',(0.,0.,1.));
#1260 = MANIFOLD_SOLID_BREP('',#1261);
#1261 = CLOSED_SHELL('',(#1262,#1569,#1600,#1624,#1648,#1672,#1696,#1720
    ,#1744,#1768,#1792,#1816,#1840,#1864,#1888,#1912,#1936,#1960,#1984,
    #2008,#2032,#2056,#2080,#2104,#2128,#2152,#2176,#2200,#2224,#2248,
    #2272,#2296,#2320,#2344,#2368,#2392,#2416,#2433,#2458));
#1262 = ADVANCED_FACE('',(#1263,#1553),#1564,.F.);
#1263 = FACE_BOUND('',#1264,.F.);
#1264 = EDGE_LOOP('',(#1265,#1275,#1283,#1291,#1299,#1307,#1315,#1323,
    #1331,#1339,#1347,#1355,#1363,#1371,#1379,#1387,#1395,#1403,#1411,
    #1419,#1427,#1435,#1443,#1451,#1459,#1467,#1475,#1483,#1491,#1499,
    #1507,#1515,#1523,#1531,#1539,#1547));
#1265 = ORIENTED_EDGE('',*,*,#1266,.F.);
#1266 = EDGE_CURVE('',#1267,#1269,#1271,.T.);
#1267 = VERTEX_POINT('',#1268);
#1268 = CARTESIAN_POINT('',(-200.,-80.,75.));
#1269 = VERTEX_POINT('',#1270);
#1270 = CARTESIAN_POINT('',(-200.,-80.,86.));
#1271 = LINE('',#1272,#1273);
#1272 = CARTESIAN_POINT('',(-200.,-80.,75.));
#1273 = VECTOR('',#1274,1.);
#1274 = DIRECTION('',(0.,0.,1.));
#1275 = ORIENTED_EDGE('',*,*,#1276,.T.);
#1276 = EDGE_CURVE('',#1267,#1277,#1279,.T.);
#1277 = VERTEX_POINT('',#1278);
#1278 = CARTESIAN_POINT('',(-200.,-69.,75.));
#1279 = LINE('',#1280,#1281);
#1280 = CARTESIAN_POINT('',(-200.,-80.,75.));
#1281 = VECTOR('',#1282,1.);
#1282 = DIRECTION('',(0.,1.,0.));
#1283 = ORIENTED_EDGE('',*,*,#1284,.F.);
#1284 = EDGE_CURVE('',#1285,#1277,#1287,.T.);
#1285 = VERTEX_POINT('',#1286);
#1286 = CARTESIAN_POINT('',(-200.,-69.,77.));
#1287 = LINE('',#1288,#1289);
#1288 = CARTESIAN_POINT('',(-200.,-69.,76.5));
#1289 = VECTOR('',#1290,1.);
#1290 = DIRECTION('',(0.,-1.224646799147E-16,-1.));
#1291 = ORIENTED_EDGE('',*,*,#1292,.F.);
#1292 = EDGE_CURVE('',#1293,#1285,#1295,.T.);
#1293 = VERTEX_POINT('',#1294);
#1294 = CARTESIAN_POINT('',(-200.,-71.5,77.));
#1295 = LINE('',#1296,#1297);
#1296 = CARTESIAN_POINT('',(-200.,-69.25,77.));
#1297 = VECTOR('',#1298,1.);
#1298 = DIRECTION('',(0.,1.,-1.224646799147E-16));
#1299 = ORIENTED_EDGE('',*,*,#1300,.F.);
#1300 = EDGE_CURVE('',#1301,#1293,#1303,.T.);
#1301 = VERTEX_POINT('',#1302);
#1302 = CARTESIAN_POINT('',(-200.,-71.5,83.));
#1303 = LINE('',#1304,#1305);
#1304 = CARTESIAN_POINT('',(-200.,-71.5,79.));
#1305 = VECTOR('',#1306,1.);
#1306 = DIRECTION('',(0.,-1.224646799147E-16,-1.));
#1307 = ORIENTED_EDGE('',*,*,#1308,.T.);
#1308 = EDGE_CURVE('',#1301,#1309,#1311,.T.);
#1309 = VERTEX_POINT('',#1310);
#1310 = CARTESIAN_POINT('',(-200.,-58.5,83.));
#1311 = LINE('',#1312,#1313);
#1312 = CARTESIAN_POINT('',(-200.,-69.25,83.));
#1313 = VECTOR('',#1314,1.);
#1314 = DIRECTION('',(0.,1.,-1.224646799147E-16));
#1315 = ORIENTED_EDGE('',*,*,#1316,.T.);
#1316 = EDGE_CURVE('',#1309,#1317,#1319,.T.);
#1317 = VERTEX_POINT('',#1318);
#1318 = CARTESIAN_POINT('',(-200.,-58.5,77.));
#1319 = LINE('',#1320,#1321);
#1320 = CARTESIAN_POINT('',(-200.,-58.5,79.));
#1321 = VECTOR('',#1322,1.);
#1322 = DIRECTION('',(0.,-1.224646799147E-16,-1.));
#1323 = ORIENTED_EDGE('',*,*,#1324,.F.);
#1324 = EDGE_CURVE('',#1325,#1317,#1327,.T.);
#1325 = VERTEX_POINT('',#1326);
#1326 = CARTESIAN_POINT('',(-200.,-61.,77.));
#1327 = LINE('',#1328,#1329);
#1328 = CARTESIAN_POINT('',(-200.,-69.25,77.));
#1329 = VECTOR('',#1330,1.);
#1330 = DIRECTION('',(0.,1.,-1.224646799147E-16));
#1331 = ORIENTED_EDGE('',*,*,#1332,.T.);
#1332 = EDGE_CURVE('',#1325,#1333,#1335,.T.);
#1333 = VERTEX_POINT('',#1334);
#1334 = CARTESIAN_POINT('',(-200.,-61.,75.));
#1335 = LINE('',#1336,#1337);
#1336 = CARTESIAN_POINT('',(-200.,-61.,76.5));
#1337 = VECTOR('',#1338,1.);
#1338 = DIRECTION('',(0.,-1.224646799147E-16,-1.));
#1339 = ORIENTED_EDGE('',*,*,#1340,.T.);
#1340 = EDGE_CURVE('',#1333,#1341,#1343,.T.);
#1341 = VERTEX_POINT('',#1342);
#1342 = CARTESIAN_POINT('',(-200.,-50.,75.));
#1343 = LINE('',#1344,#1345);
#1344 = CARTESIAN_POINT('',(-200.,-80.,75.));
#1345 = VECTOR('',#1346,1.);
#1346 = DIRECTION('',(0.,1.,0.));
#1347 = ORIENTED_EDGE('',*,*,#1348,.T.);
#1348 = EDGE_CURVE('',#1341,#1349,#1351,.T.);
#1349 = VERTEX_POINT('',#1350);
#1350 = CARTESIAN_POINT('',(-200.,-50.,86.));
#1351 = LINE('',#1352,#1353);
#1352 = CARTESIAN_POINT('',(-200.,-50.,75.));
#1353 = VECTOR('',#1354,1.);
#1354 = DIRECTION('',(0.,0.,1.));
#1355 = ORIENTED_EDGE('',*,*,#1356,.F.);
#1356 = EDGE_CURVE('',#1357,#1349,#1359,.T.);
#1357 = VERTEX_POINT('',#1358);
#1358 = CARTESIAN_POINT('',(-200.,-52.,86.));
#1359 = LINE('',#1360,#1361);
#1360 = CARTESIAN_POINT('',(-200.,-66.5,86.));
#1361 = VECTOR('',#1362,1.);
#1362 = DIRECTION('',(0.,1.,-2.22044604925E-16));
#1363 = ORIENTED_EDGE('',*,*,#1364,.F.);
#1364 = EDGE_CURVE('',#1365,#1357,#1367,.T.);
#1365 = VERTEX_POINT('',#1366);
#1366 = CARTESIAN_POINT('',(-200.,-52.,83.5));
#1367 = LINE('',#1368,#1369);
#1368 = CARTESIAN_POINT('',(-200.,-52.,85.75));
#1369 = VECTOR('',#1370,1.);
#1370 = DIRECTION('',(0.,2.22044604925E-16,1.));
#1371 = ORIENTED_EDGE('',*,*,#1372,.F.);
#1372 = EDGE_CURVE('',#1373,#1365,#1375,.T.);
#1373 = VERTEX_POINT('',#1374);
#1374 = CARTESIAN_POINT('',(-200.,-58.,83.5));
#1375 = LINE('',#1376,#1377);
#1376 = CARTESIAN_POINT('',(-200.,-69.,83.5));
#1377 = VECTOR('',#1378,1.);
#1378 = DIRECTION('',(0.,1.,-2.22044604925E-16));
#1379 = ORIENTED_EDGE('',*,*,#1380,.T.);
#1380 = EDGE_CURVE('',#1373,#1381,#1383,.T.);
#1381 = VERTEX_POINT('',#1382);
#1382 = CARTESIAN_POINT('',(-200.,-58.,96.5));
#1383 = LINE('',#1384,#1385);
#1384 = CARTESIAN_POINT('',(-200.,-58.,85.75));
#1385 = VECTOR('',#1386,1.);
#1386 = DIRECTION('',(0.,2.22044604925E-16,1.));
#1387 = ORIENTED_EDGE('',*,*,#1388,.T.);
#1388 = EDGE_CURVE('',#1381,#1389,#1391,.T.);
#1389 = VERTEX_POINT('',#1390);
#1390 = CARTESIAN_POINT('',(-200.,-52.,96.5));
#1391 = LINE('',#1392,#1393);
#1392 = CARTESIAN_POINT('',(-200.,-69.,96.5));
#1393 = VECTOR('',#1394,1.);
#1394 = DIRECTION('',(0.,1.,-2.22044604925E-16));
#1395 = ORIENTED_EDGE('',*,*,#1396,.F.);
#1396 = EDGE_CURVE('',#1397,#1389,#1399,.T.);
#1397 = VERTEX_POINT('',#1398);
#1398 = CARTESIAN_POINT('',(-200.,-52.,94.));
#1399 = LINE('',#1400,#1401);
#1400 = CARTESIAN_POINT('',(-200.,-52.,85.75));
#1401 = VECTOR('',#1402,1.);
#1402 = DIRECTION('',(0.,2.22044604925E-16,1.));
#1403 = ORIENTED_EDGE('',*,*,#1404,.T.);
#1404 = EDGE_CURVE('',#1397,#1405,#1407,.T.);
#1405 = VERTEX_POINT('',#1406);
#1406 = CARTESIAN_POINT('',(-200.,-50.,94.));
#1407 = LINE('',#1408,#1409);
#1408 = CARTESIAN_POINT('',(-200.,-66.5,94.));
#1409 = VECTOR('',#1410,1.);
#1410 = DIRECTION('',(0.,1.,-2.22044604925E-16));
#1411 = ORIENTED_EDGE('',*,*,#1412,.T.);
#1412 = EDGE_CURVE('',#1405,#1413,#1415,.T.);
#1413 = VERTEX_POINT('',#1414);
#1414 = CARTESIAN_POINT('',(-200.,-50.,105.));
#1415 = LINE('',#1416,#1417);
#1416 = CARTESIAN_POINT('',(-200.,-50.,75.));
#1417 = VECTOR('',#1418,1.);
#1418 = DIRECTION('',(0.,0.,1.));
#1419 = ORIENTED_EDGE('',*,*,#1420,.F.);
#1420 = EDGE_CURVE('',#1421,#1413,#1423,.T.);
#1421 = VERTEX_POINT('',#1422);
#1422 = CARTESIAN_POINT('',(-200.,-61.,105.));
#1423 = LINE('',#1424,#1425);
#1424 = CARTESIAN_POINT('',(-200.,-80.,105.));
#1425 = VECTOR('',#1426,1.);
#1426 = DIRECTION('',(0.,1.,0.));
#1427 = ORIENTED_EDGE('',*,*,#1428,.F.);
#1428 = EDGE_CURVE('',#1429,#1421,#1431,.T.);
#1429 = VERTEX_POINT('',#1430);
#1430 = CARTESIAN_POINT('',(-200.,-61.,103.));
#1431 = LINE('',#1432,#1433);
#1432 = CARTESIAN_POINT('',(-200.,-61.,88.5));
#1433 = VECTOR('',#1434,1.);
#1434 = DIRECTION('',(0.,0.,1.));
#1435 = ORIENTED_EDGE('',*,*,#1436,.F.);
#1436 = EDGE_CURVE('',#1437,#1429,#1439,.T.);
#1437 = VERTEX_POINT('',#1438);
#1438 = CARTESIAN_POINT('',(-200.,-58.5,103.));
#1439 = LINE('',#1440,#1441);
#1440 = CARTESIAN_POINT('',(-200.,-75.75,103.));
#1441 = VECTOR('',#1442,1.);
#1442 = DIRECTION('',(0.,-1.,0.));
#1443 = ORIENTED_EDGE('',*,*,#1444,.F.);
#1444 = EDGE_CURVE('',#1445,#1437,#1447,.T.);
#1445 = VERTEX_POINT('',#1446);
#1446 = CARTESIAN_POINT('',(-200.,-58.5,97.));
#1447 = LINE('',#1448,#1449);
#1448 = CARTESIAN_POINT('',(-200.,-58.5,86.));
#1449 = VECTOR('',#1450,1.);
#1450 = DIRECTION('',(0.,0.,1.));
#1451 = ORIENTED_EDGE('',*,*,#1452,.T.);
#1452 = EDGE_CURVE('',#1445,#1453,#1455,.T.);
#1453 = VERTEX_POINT('',#1454);
#1454 = CARTESIAN_POINT('',(-200.,-71.5,97.));
#1455 = LINE('',#1456,#1457);
#1456 = CARTESIAN_POINT('',(-200.,-75.75,97.));
#1457 = VECTOR('',#1458,1.);
#1458 = DIRECTION('',(0.,-1.,0.));
#1459 = ORIENTED_EDGE('',*,*,#1460,.T.);
#1460 = EDGE_CURVE('',#1453,#1461,#1463,.T.);
#1461 = VERTEX_POINT('',#1462);
#1462 = CARTESIAN_POINT('',(-200.,-71.5,103.));
#1463 = LINE('',#1464,#1465);
#1464 = CARTESIAN_POINT('',(-200.,-71.5,86.));
#1465 = VECTOR('',#1466,1.);
#1466 = DIRECTION('',(0.,0.,1.));
#1467 = ORIENTED_EDGE('',*,*,#1468,.F.);
#1468 = EDGE_CURVE('',#1469,#1461,#1471,.T.);
#1469 = VERTEX_POINT('',#1470);
#1470 = CARTESIAN_POINT('',(-200.,-69.,103.));
#1471 = LINE('',#1472,#1473);
#1472 = CARTESIAN_POINT('',(-200.,-75.75,103.));
#1473 = VECTOR('',#1474,1.);
#1474 = DIRECTION('',(0.,-1.,0.));
#1475 = ORIENTED_EDGE('',*,*,#1476,.T.);
#1476 = EDGE_CURVE('',#1469,#1477,#1479,.T.);
#1477 = VERTEX_POINT('',#1478);
#1478 = CARTESIAN_POINT('',(-200.,-69.,105.));
#1479 = LINE('',#1480,#1481);
#1480 = CARTESIAN_POINT('',(-200.,-69.,88.5));
#1481 = VECTOR('',#1482,1.);
#1482 = DIRECTION('',(0.,0.,1.));
#1483 = ORIENTED_EDGE('',*,*,#1484,.F.);
#1484 = EDGE_CURVE('',#1485,#1477,#1487,.T.);
#1485 = VERTEX_POINT('',#1486);
#1486 = CARTESIAN_POINT('',(-200.,-80.,105.));
#1487 = LINE('',#1488,#1489);
#1488 = CARTESIAN_POINT('',(-200.,-80.,105.));
#1489 = VECTOR('',#1490,1.);
#1490 = DIRECTION('',(0.,1.,0.));
#1491 = ORIENTED_EDGE('',*,*,#1492,.F.);
#1492 = EDGE_CURVE('',#1493,#1485,#1495,.T.);
#1493 = VERTEX_POINT('',#1494);
#1494 = CARTESIAN_POINT('',(-200.,-80.,94.));
#1495 = LINE('',#1496,#1497);
#1496 = CARTESIAN_POINT('',(-200.,-80.,75.));
#1497 = VECTOR('',#1498,1.);
#1498 = DIRECTION('',(0.,0.,1.));
#1499 = ORIENTED_EDGE('',*,*,#1500,.F.);
#1500 = EDGE_CURVE('',#1501,#1493,#1503,.T.);
#1501 = VERTEX_POINT('',#1502);
#1502 = CARTESIAN_POINT('',(-200.,-78.,94.));
#1503 = LINE('',#1504,#1505);
#1504 = CARTESIAN_POINT('',(-200.,-78.5,94.));
#1505 = VECTOR('',#1506,1.);
#1506 = DIRECTION('',(0.,-1.,1.110223024625E-16));
#1507 = ORIENTED_EDGE('',*,*,#1508,.F.);
#1508 = EDGE_CURVE('',#1509,#1501,#1511,.T.);
#1509 = VERTEX_POINT('',#1510);
#1510 = CARTESIAN_POINT('',(-200.,-78.,96.5));
#1511 = LINE('',#1512,#1513);
#1512 = CARTESIAN_POINT('',(-200.,-78.,79.25));
#1513 = VECTOR('',#1514,1.);
#1514 = DIRECTION('',(0.,-1.110223024625E-16,-1.));
#1515 = ORIENTED_EDGE('',*,*,#1516,.F.);
#1516 = EDGE_CURVE('',#1517,#1509,#1519,.T.);
#1517 = VERTEX_POINT('',#1518);
#1518 = CARTESIAN_POINT('',(-200.,-72.,96.5));
#1519 = LINE('',#1520,#1521);
#1520 = CARTESIAN_POINT('',(-200.,-76.,96.5));
#1521 = VECTOR('',#1522,1.);
#1522 = DIRECTION('',(0.,-1.,1.110223024625E-16));
#1523 = ORIENTED_EDGE('',*,*,#1524,.T.);
#1524 = EDGE_CURVE('',#1517,#1525,#1527,.T.);
#1525 = VERTEX_POINT('',#1526);
#1526 = CARTESIAN_POINT('',(-200.,-72.,83.5));
#1527 = LINE('',#1528,#1529);
#1528 = CARTESIAN_POINT('',(-200.,-72.,79.25));
#1529 = VECTOR('',#1530,1.);
#1530 = DIRECTION('',(0.,-1.110223024625E-16,-1.));
#1531 = ORIENTED_EDGE('',*,*,#1532,.T.);
#1532 = EDGE_CURVE('',#1525,#1533,#1535,.T.);
#1533 = VERTEX_POINT('',#1534);
#1534 = CARTESIAN_POINT('',(-200.,-78.,83.5));
#1535 = LINE('',#1536,#1537);
#1536 = CARTESIAN_POINT('',(-200.,-76.,83.5));
#1537 = VECTOR('',#1538,1.);
#1538 = DIRECTION('',(0.,-1.,1.110223024625E-16));
#1539 = ORIENTED_EDGE('',*,*,#1540,.F.);
#1540 = EDGE_CURVE('',#1541,#1533,#1543,.T.);
#1541 = VERTEX_POINT('',#1542);
#1542 = CARTESIAN_POINT('',(-200.,-78.,86.));
#1543 = LINE('',#1544,#1545);
#1544 = CARTESIAN_POINT('',(-200.,-78.,79.25));
#1545 = VECTOR('',#1546,1.);
#1546 = DIRECTION('',(0.,-1.110223024625E-16,-1.));
#1547 = ORIENTED_EDGE('',*,*,#1548,.T.);
#1548 = EDGE_CURVE('',#1541,#1269,#1549,.T.);
#1549 = LINE('',#1550,#1551);
#1550 = CARTESIAN_POINT('',(-200.,-78.5,86.));
#1551 = VECTOR('',#1552,1.);
#1552 = DIRECTION('',(0.,-1.,1.110223024625E-16));
#1553 = FACE_BOUND('',#1554,.F.);
#1554 = EDGE_LOOP('',(#1555));
#1555 = ORIENTED_EDGE('',*,*,#1556,.F.);
#1556 = EDGE_CURVE('',#1557,#1557,#1559,.T.);
#1557 = VERTEX_POINT('',#1558);
#1558 = CARTESIAN_POINT('',(-200.,-65.,93.4));
#1559 = CIRCLE('',#1560,3.4);
#1560 = AXIS2_PLACEMENT_3D('',#1561,#1562,#1563);
#1561 = CARTESIAN_POINT('',(-200.,-65.,90.));
#1562 = DIRECTION('',(1.,0.,-0.));
#1563 = DIRECTION('',(0.,0.,1.));
#1564 = PLANE('',#1565);
#1565 = AXIS2_PLACEMENT_3D('',#1566,#1567,#1568);
#1566 = CARTESIAN_POINT('',(-200.,-80.,75.));
#1567 = DIRECTION('',(1.,0.,0.));
#1568 = DIRECTION('',(0.,0.,1.));
#1569 = ADVANCED_FACE('',(#1570),#1595,.F.);
#1570 = FACE_BOUND('',#1571,.F.);
#1571 = EDGE_LOOP('',(#1572,#1582,#1588,#1589));
#1572 = ORIENTED_EDGE('',*,*,#1573,.F.);
#1573 = EDGE_CURVE('',#1574,#1576,#1578,.T.);
#1574 = VERTEX_POINT('',#1575);
#1575 = CARTESIAN_POINT('',(200.,-80.,75.));
#1576 = VERTEX_POINT('',#1577);
#1577 = CARTESIAN_POINT('',(200.,-80.,86.));
#1578 = LINE('',#1579,#1580);
#1579 = CARTESIAN_POINT('',(200.,-80.,75.));
#1580 = VECTOR('',#1581,1.);
#1581 = DIRECTION('',(0.,0.,1.));
#1582 = ORIENTED_EDGE('',*,*,#1583,.F.);
#1583 = EDGE_CURVE('',#1267,#1574,#1584,.T.);
#1584 = LINE('',#1585,#1586);
#1585 = CARTESIAN_POINT('',(-200.,-80.,75.));
#1586 = VECTOR('',#1587,1.);
#1587 = DIRECTION('',(1.,0.,0.));
#1588 = ORIENTED_EDGE('',*,*,#1266,.T.);
#1589 = ORIENTED_EDGE('',*,*,#1590,.T.);
#1590 = EDGE_CURVE('',#1269,#1576,#1591,.T.);
#1591 = LINE('',#1592,#1593);
#1592 = CARTESIAN_POINT('',(-200.5,-80.,86.));
#1593 = VECTOR('',#1594,1.);
#1594 = DIRECTION('',(1.,0.,0.));
#1595 = PLANE('',#1596);
#1596 = AXIS2_PLACEMENT_3D('',#1597,#1598,#1599);
#1597 = CARTESIAN_POINT('',(-200.,-80.,75.));
#1598 = DIRECTION('',(0.,1.,0.));
#1599 = DIRECTION('',(0.,0.,1.));
#1600 = ADVANCED_FACE('',(#1601),#1619,.T.);
#1601 = FACE_BOUND('',#1602,.T.);
#1602 = EDGE_LOOP('',(#1603,#1611,#1612,#1613));
#1603 = ORIENTED_EDGE('',*,*,#1604,.F.);
#1604 = EDGE_CURVE('',#1541,#1605,#1607,.T.);
#1605 = VERTEX_POINT('',#1606);
#1606 = CARTESIAN_POINT('',(200.,-78.,86.));
#1607 = LINE('',#1608,#1609);
#1608 = CARTESIAN_POINT('',(-201.,-78.,86.));
#1609 = VECTOR('',#1610,1.);
#1610 = DIRECTION('',(1.,0.,0.));
#1611 = ORIENTED_EDGE('',*,*,#1548,.T.);
#1612 = ORIENTED_EDGE('',*,*,#1590,.T.);
#1613 = ORIENTED_EDGE('',*,*,#1614,.F.);
#1614 = EDGE_CURVE('',#1605,#1576,#1615,.T.);
#1615 = LINE('',#1616,#1617);
#1616 = CARTESIAN_POINT('',(200.,-78.5,86.));
#1617 = VECTOR('',#1618,1.);
#1618 = DIRECTION('',(0.,-1.,1.110223024625E-16));
#1619 = PLANE('',#1620);
#1620 = AXIS2_PLACEMENT_3D('',#1621,#1622,#1623);
#1621 = CARTESIAN_POINT('',(-201.,-77.,86.));
#1622 = DIRECTION('',(0.,1.110223024625E-16,1.));
#1623 = DIRECTION('',(0.,-1.,1.110223024625E-16));
#1624 = ADVANCED_FACE('',(#1625),#1643,.F.);
#1625 = FACE_BOUND('',#1626,.F.);
#1626 = EDGE_LOOP('',(#1627,#1628,#1636,#1642));
#1627 = ORIENTED_EDGE('',*,*,#1540,.T.);
#1628 = ORIENTED_EDGE('',*,*,#1629,.T.);
#1629 = EDGE_CURVE('',#1533,#1630,#1632,.T.);
#1630 = VERTEX_POINT('',#1631);
#1631 = CARTESIAN_POINT('',(200.,-78.,83.5));
#1632 = LINE('',#1633,#1634);
#1633 = CARTESIAN_POINT('',(-201.,-78.,83.5));
#1634 = VECTOR('',#1635,1.);
#1635 = DIRECTION('',(1.,0.,0.));
#1636 = ORIENTED_EDGE('',*,*,#1637,.F.);
#1637 = EDGE_CURVE('',#1605,#1630,#1638,.T.);
#1638 = LINE('',#1639,#1640);
#1639 = CARTESIAN_POINT('',(200.,-78.,79.25));
#1640 = VECTOR('',#1641,1.);
#1641 = DIRECTION('',(0.,-1.110223024625E-16,-1.));
#1642 = ORIENTED_EDGE('',*,*,#1604,.F.);
#1643 = PLANE('',#1644);
#1644 = AXIS2_PLACEMENT_3D('',#1645,#1646,#1647);
#1645 = CARTESIAN_POINT('',(-201.,-78.,83.5));
#1646 = DIRECTION('',(0.,-1.,1.110223024625E-16));
#1647 = DIRECTION('',(1.,0.,0.));
#1648 = ADVANCED_FACE('',(#1649),#1667,.T.);
#1649 = FACE_BOUND('',#1650,.T.);
#1650 = EDGE_LOOP('',(#1651,#1659,#1660,#1661));
#1651 = ORIENTED_EDGE('',*,*,#1652,.F.);
#1652 = EDGE_CURVE('',#1525,#1653,#1655,.T.);
#1653 = VERTEX_POINT('',#1654);
#1654 = CARTESIAN_POINT('',(200.,-72.,83.5));
#1655 = LINE('',#1656,#1657);
#1656 = CARTESIAN_POINT('',(-201.,-72.,83.5));
#1657 = VECTOR('',#1658,1.);
#1658 = DIRECTION('',(1.,0.,0.));
#1659 = ORIENTED_EDGE('',*,*,#1532,.T.);
#1660 = ORIENTED_EDGE('',*,*,#1629,.T.);
#1661 = ORIENTED_EDGE('',*,*,#1662,.F.);
#1662 = EDGE_CURVE('',#1653,#1630,#1663,.T.);
#1663 = LINE('',#1664,#1665);
#1664 = CARTESIAN_POINT('',(200.,-76.,83.5));
#1665 = VECTOR('',#1666,1.);
#1666 = DIRECTION('',(0.,-1.,1.110223024625E-16));
#1667 = PLANE('',#1668);
#1668 = AXIS2_PLACEMENT_3D('',#1669,#1670,#1671);
#1669 = CARTESIAN_POINT('',(-201.,-72.,83.5));
#1670 = DIRECTION('',(0.,1.110223024625E-16,1.));
#1671 = DIRECTION('',(0.,-1.,1.110223024625E-16));
#1672 = ADVANCED_FACE('',(#1673),#1691,.T.);
#1673 = FACE_BOUND('',#1674,.T.);
#1674 = EDGE_LOOP('',(#1675,#1683,#1684,#1685));
#1675 = ORIENTED_EDGE('',*,*,#1676,.F.);
#1676 = EDGE_CURVE('',#1517,#1677,#1679,.T.);
#1677 = VERTEX_POINT('',#1678);
#1678 = CARTESIAN_POINT('',(200.,-72.,96.5));
#1679 = LINE('',#1680,#1681);
#1680 = CARTESIAN_POINT('',(-201.,-72.,96.5));
#1681 = VECTOR('',#1682,1.);
#1682 = DIRECTION('',(1.,0.,0.));
#1683 = ORIENTED_EDGE('',*,*,#1524,.T.);
#1684 = ORIENTED_EDGE('',*,*,#1652,.T.);
#1685 = ORIENTED_EDGE('',*,*,#1686,.F.);
#1686 = EDGE_CURVE('',#1677,#1653,#1687,.T.);
#1687 = LINE('',#1688,#1689);
#1688 = CARTESIAN_POINT('',(200.,-72.,79.25));
#1689 = VECTOR('',#1690,1.);
#1690 = DIRECTION('',(0.,-1.110223024625E-16,-1.));
#1691 = PLANE('',#1692);
#1692 = AXIS2_PLACEMENT_3D('',#1693,#1694,#1695);
#1693 = CARTESIAN_POINT('',(-201.,-72.,83.5));
#1694 = DIRECTION('',(0.,-1.,1.110223024625E-16));
#1695 = DIRECTION('',(1.,0.,0.));
#1696 = ADVANCED_FACE('',(#1697),#1715,.F.);
#1697 = FACE_BOUND('',#1698,.F.);
#1698 = EDGE_LOOP('',(#1699,#1700,#1701,#1709));
#1699 = ORIENTED_EDGE('',*,*,#1676,.F.);
#1700 = ORIENTED_EDGE('',*,*,#1516,.T.);
#1701 = ORIENTED_EDGE('',*,*,#1702,.T.);
#1702 = EDGE_CURVE('',#1509,#1703,#1705,.T.);
#1703 = VERTEX_POINT('',#1704);
#1704 = CARTESIAN_POINT('',(200.,-78.,96.5));
#1705 = LINE('',#1706,#1707);
#1706 = CARTESIAN_POINT('',(-201.,-78.,96.5));
#1707 = VECTOR('',#1708,1.);
#1708 = DIRECTION('',(1.,0.,0.));
#1709 = ORIENTED_EDGE('',*,*,#1710,.F.);
#1710 = EDGE_CURVE('',#1677,#1703,#1711,.T.);
#1711 = LINE('',#1712,#1713);
#1712 = CARTESIAN_POINT('',(200.,-76.,96.5));
#1713 = VECTOR('',#1714,1.);
#1714 = DIRECTION('',(0.,-1.,1.110223024625E-16));
#1715 = PLANE('',#1716);
#1716 = AXIS2_PLACEMENT_3D('',#1717,#1718,#1719);
#1717 = CARTESIAN_POINT('',(-201.,-72.,96.5));
#1718 = DIRECTION('',(0.,1.110223024625E-16,1.));
#1719 = DIRECTION('',(0.,-1.,1.110223024625E-16));
#1720 = ADVANCED_FACE('',(#1721),#1739,.F.);
#1721 = FACE_BOUND('',#1722,.F.);
#1722 = EDGE_LOOP('',(#1723,#1724,#1732,#1738));
#1723 = ORIENTED_EDGE('',*,*,#1508,.T.);
#1724 = ORIENTED_EDGE('',*,*,#1725,.T.);
#1725 = EDGE_CURVE('',#1501,#1726,#1728,.T.);
#1726 = VERTEX_POINT('',#1727);
#1727 = CARTESIAN_POINT('',(200.,-78.,94.));
#1728 = LINE('',#1729,#1730);
#1729 = CARTESIAN_POINT('',(-201.,-78.,94.));
#1730 = VECTOR('',#1731,1.);
#1731 = DIRECTION('',(1.,0.,0.));
#1732 = ORIENTED_EDGE('',*,*,#1733,.F.);
#1733 = EDGE_CURVE('',#1703,#1726,#1734,.T.);
#1734 = LINE('',#1735,#1736);
#1735 = CARTESIAN_POINT('',(200.,-78.,79.25));
#1736 = VECTOR('',#1737,1.);
#1737 = DIRECTION('',(0.,-1.110223024625E-16,-1.));
#1738 = ORIENTED_EDGE('',*,*,#1702,.F.);
#1739 = PLANE('',#1740);
#1740 = AXIS2_PLACEMENT_3D('',#1741,#1742,#1743);
#1741 = CARTESIAN_POINT('',(-201.,-78.,83.5));
#1742 = DIRECTION('',(0.,-1.,1.110223024625E-16));
#1743 = DIRECTION('',(1.,0.,0.));
#1744 = ADVANCED_FACE('',(#1745),#1763,.F.);
#1745 = FACE_BOUND('',#1746,.F.);
#1746 = EDGE_LOOP('',(#1747,#1748,#1749,#1757));
#1747 = ORIENTED_EDGE('',*,*,#1725,.F.);
#1748 = ORIENTED_EDGE('',*,*,#1500,.T.);
#1749 = ORIENTED_EDGE('',*,*,#1750,.T.);
#1750 = EDGE_CURVE('',#1493,#1751,#1753,.T.);
#1751 = VERTEX_POINT('',#1752);
#1752 = CARTESIAN_POINT('',(200.,-80.,94.));
#1753 = LINE('',#1754,#1755);
#1754 = CARTESIAN_POINT('',(-200.5,-80.,94.));
#1755 = VECTOR('',#1756,1.);
#1756 = DIRECTION('',(1.,0.,0.));
#1757 = ORIENTED_EDGE('',*,*,#1758,.F.);
#1758 = EDGE_CURVE('',#1726,#1751,#1759,.T.);
#1759 = LINE('',#1760,#1761);
#1760 = CARTESIAN_POINT('',(200.,-78.5,94.));
#1761 = VECTOR('',#1762,1.);
#1762 = DIRECTION('',(0.,-1.,1.110223024625E-16));
#1763 = PLANE('',#1764);
#1764 = AXIS2_PLACEMENT_3D('',#1765,#1766,#1767);
#1765 = CARTESIAN_POINT('',(-201.,-77.,94.));
#1766 = DIRECTION('',(0.,1.110223024625E-16,1.));
#1767 = DIRECTION('',(0.,-1.,1.110223024625E-16));
#1768 = ADVANCED_FACE('',(#1769),#1787,.F.);
#1769 = FACE_BOUND('',#1770,.F.);
#1770 = EDGE_LOOP('',(#1771,#1779,#1780,#1781));
#1771 = ORIENTED_EDGE('',*,*,#1772,.F.);
#1772 = EDGE_CURVE('',#1751,#1773,#1775,.T.);
#1773 = VERTEX_POINT('',#1774);
#1774 = CARTESIAN_POINT('',(200.,-80.,105.));
#1775 = LINE('',#1776,#1777);
#1776 = CARTESIAN_POINT('',(200.,-80.,75.));
#1777 = VECTOR('',#1778,1.);
#1778 = DIRECTION('',(0.,0.,1.));
#1779 = ORIENTED_EDGE('',*,*,#1750,.F.);
#1780 = ORIENTED_EDGE('',*,*,#1492,.T.);
#1781 = ORIENTED_EDGE('',*,*,#1782,.T.);
#1782 = EDGE_CURVE('',#1485,#1773,#1783,.T.);
#1783 = LINE('',#1784,#1785);
#1784 = CARTESIAN_POINT('',(-200.,-80.,105.));
#1785 = VECTOR('',#1786,1.);
#1786 = DIRECTION('',(1.,0.,0.));
#1787 = PLANE('',#1788);
#1788 = AXIS2_PLACEMENT_3D('',#1789,#1790,#1791);
#1789 = CARTESIAN_POINT('',(-200.,-80.,75.));
#1790 = DIRECTION('',(0.,1.,0.));
#1791 = DIRECTION('',(0.,0.,1.));
#1792 = ADVANCED_FACE('',(#1793),#1811,.T.);
#1793 = FACE_BOUND('',#1794,.T.);
#1794 = EDGE_LOOP('',(#1795,#1796,#1797,#1805));
#1795 = ORIENTED_EDGE('',*,*,#1484,.F.);
#1796 = ORIENTED_EDGE('',*,*,#1782,.T.);
#1797 = ORIENTED_EDGE('',*,*,#1798,.T.);
#1798 = EDGE_CURVE('',#1773,#1799,#1801,.T.);
#1799 = VERTEX_POINT('',#1800);
#1800 = CARTESIAN_POINT('',(200.,-69.,105.));
#1801 = LINE('',#1802,#1803);
#1802 = CARTESIAN_POINT('',(200.,-80.,105.));
#1803 = VECTOR('',#1804,1.);
#1804 = DIRECTION('',(0.,1.,0.));
#1805 = ORIENTED_EDGE('',*,*,#1806,.T.);
#1806 = EDGE_CURVE('',#1799,#1477,#1807,.T.);
#1807 = LINE('',#1808,#1809);
#1808 = CARTESIAN_POINT('',(-200.5,-69.,105.));
#1809 = VECTOR('',#1810,1.);
#1810 = DIRECTION('',(-1.,0.,0.));
#1811 = PLANE('',#1812);
#1812 = AXIS2_PLACEMENT_3D('',#1813,#1814,#1815);
#1813 = CARTESIAN_POINT('',(-200.,-80.,105.));
#1814 = DIRECTION('',(0.,0.,1.));
#1815 = DIRECTION('',(1.,0.,0.));
#1816 = ADVANCED_FACE('',(#1817),#1835,.T.);
#1817 = FACE_BOUND('',#1818,.T.);
#1818 = EDGE_LOOP('',(#1819,#1827,#1828,#1829));
#1819 = ORIENTED_EDGE('',*,*,#1820,.F.);
#1820 = EDGE_CURVE('',#1469,#1821,#1823,.T.);
#1821 = VERTEX_POINT('',#1822);
#1822 = CARTESIAN_POINT('',(200.,-69.,103.));
#1823 = LINE('',#1824,#1825);
#1824 = CARTESIAN_POINT('',(-201.,-69.,103.));
#1825 = VECTOR('',#1826,1.);
#1826 = DIRECTION('',(1.,0.,0.));
#1827 = ORIENTED_EDGE('',*,*,#1476,.T.);
#1828 = ORIENTED_EDGE('',*,*,#1806,.F.);
#1829 = ORIENTED_EDGE('',*,*,#1830,.F.);
#1830 = EDGE_CURVE('',#1821,#1799,#1831,.T.);
#1831 = LINE('',#1832,#1833);
#1832 = CARTESIAN_POINT('',(200.,-69.,88.5));
#1833 = VECTOR('',#1834,1.);
#1834 = DIRECTION('',(0.,0.,1.));
#1835 = PLANE('',#1836);
#1836 = AXIS2_PLACEMENT_3D('',#1837,#1838,#1839);
#1837 = CARTESIAN_POINT('',(-201.,-69.,102.));
#1838 = DIRECTION('',(0.,1.,0.));
#1839 = DIRECTION('',(0.,0.,1.));
#1840 = ADVANCED_FACE('',(#1841),#1859,.F.);
#1841 = FACE_BOUND('',#1842,.F.);
#1842 = EDGE_LOOP('',(#1843,#1844,#1852,#1858));
#1843 = ORIENTED_EDGE('',*,*,#1468,.T.);
#1844 = ORIENTED_EDGE('',*,*,#1845,.T.);
#1845 = EDGE_CURVE('',#1461,#1846,#1848,.T.);
#1846 = VERTEX_POINT('',#1847);
#1847 = CARTESIAN_POINT('',(200.,-71.5,103.));
#1848 = LINE('',#1849,#1850);
#1849 = CARTESIAN_POINT('',(-201.,-71.5,103.));
#1850 = VECTOR('',#1851,1.);
#1851 = DIRECTION('',(1.,0.,0.));
#1852 = ORIENTED_EDGE('',*,*,#1853,.F.);
#1853 = EDGE_CURVE('',#1821,#1846,#1854,.T.);
#1854 = LINE('',#1855,#1856);
#1855 = CARTESIAN_POINT('',(200.,-75.75,103.));
#1856 = VECTOR('',#1857,1.);
#1857 = DIRECTION('',(0.,-1.,0.));
#1858 = ORIENTED_EDGE('',*,*,#1820,.F.);
#1859 = PLANE('',#1860);
#1860 = AXIS2_PLACEMENT_3D('',#1861,#1862,#1863);
#1861 = CARTESIAN_POINT('',(-201.,-71.5,103.));
#1862 = DIRECTION('',(0.,0.,1.));
#1863 = DIRECTION('',(1.,0.,0.));
#1864 = ADVANCED_FACE('',(#1865),#1883,.T.);
#1865 = FACE_BOUND('',#1866,.T.);
#1866 = EDGE_LOOP('',(#1867,#1875,#1876,#1877));
#1867 = ORIENTED_EDGE('',*,*,#1868,.F.);
#1868 = EDGE_CURVE('',#1453,#1869,#1871,.T.);
#1869 = VERTEX_POINT('',#1870);
#1870 = CARTESIAN_POINT('',(200.,-71.5,97.));
#1871 = LINE('',#1872,#1873);
#1872 = CARTESIAN_POINT('',(-201.,-71.5,97.));
#1873 = VECTOR('',#1874,1.);
#1874 = DIRECTION('',(1.,0.,0.));
#1875 = ORIENTED_EDGE('',*,*,#1460,.T.);
#1876 = ORIENTED_EDGE('',*,*,#1845,.T.);
#1877 = ORIENTED_EDGE('',*,*,#1878,.F.);
#1878 = EDGE_CURVE('',#1869,#1846,#1879,.T.);
#1879 = LINE('',#1880,#1881);
#1880 = CARTESIAN_POINT('',(200.,-71.5,86.));
#1881 = VECTOR('',#1882,1.);
#1882 = DIRECTION('',(0.,0.,1.));
#1883 = PLANE('',#1884);
#1884 = AXIS2_PLACEMENT_3D('',#1885,#1886,#1887);
#1885 = CARTESIAN_POINT('',(-201.,-71.5,97.));
#1886 = DIRECTION('',(0.,1.,0.));
#1887 = DIRECTION('',(0.,0.,1.));
#1888 = ADVANCED_FACE('',(#1889),#1907,.T.);
#1889 = FACE_BOUND('',#1890,.T.);
#1890 = EDGE_LOOP('',(#1891,#1899,#1900,#1901));
#1891 = ORIENTED_EDGE('',*,*,#1892,.F.);
#1892 = EDGE_CURVE('',#1445,#1893,#1895,.T.);
#1893 = VERTEX_POINT('',#1894);
#1894 = CARTESIAN_POINT('',(200.,-58.5,97.));
#1895 = LINE('',#1896,#1897);
#1896 = CARTESIAN_POINT('',(-201.,-58.5,97.));
#1897 = VECTOR('',#1898,1.);
#1898 = DIRECTION('',(1.,0.,0.));
#1899 = ORIENTED_EDGE('',*,*,#1452,.T.);
#1900 = ORIENTED_EDGE('',*,*,#1868,.T.);
#1901 = ORIENTED_EDGE('',*,*,#1902,.F.);
#1902 = EDGE_CURVE('',#1893,#1869,#1903,.T.);
#1903 = LINE('',#1904,#1905);
#1904 = CARTESIAN_POINT('',(200.,-75.75,97.));
#1905 = VECTOR('',#1906,1.);
#1906 = DIRECTION('',(0.,-1.,0.));
#1907 = PLANE('',#1908);
#1908 = AXIS2_PLACEMENT_3D('',#1909,#1910,#1911);
#1909 = CARTESIAN_POINT('',(-201.,-71.5,97.));
#1910 = DIRECTION('',(0.,0.,1.));
#1911 = DIRECTION('',(1.,0.,0.));
#1912 = ADVANCED_FACE('',(#1913),#1931,.F.);
#1913 = FACE_BOUND('',#1914,.F.);
#1914 = EDGE_LOOP('',(#1915,#1916,#1917,#1925));
#1915 = ORIENTED_EDGE('',*,*,#1892,.F.);
#1916 = ORIENTED_EDGE('',*,*,#1444,.T.);
#1917 = ORIENTED_EDGE('',*,*,#1918,.T.);
#1918 = EDGE_CURVE('',#1437,#1919,#1921,.T.);
#1919 = VERTEX_POINT('',#1920);
#1920 = CARTESIAN_POINT('',(200.,-58.5,103.));
#1921 = LINE('',#1922,#1923);
#1922 = CARTESIAN_POINT('',(-201.,-58.5,103.));
#1923 = VECTOR('',#1924,1.);
#1924 = DIRECTION('',(1.,0.,0.));
#1925 = ORIENTED_EDGE('',*,*,#1926,.F.);
#1926 = EDGE_CURVE('',#1893,#1919,#1927,.T.);
#1927 = LINE('',#1928,#1929);
#1928 = CARTESIAN_POINT('',(200.,-58.5,86.));
#1929 = VECTOR('',#1930,1.);
#1930 = DIRECTION('',(0.,0.,1.));
#1931 = PLANE('',#1932);
#1932 = AXIS2_PLACEMENT_3D('',#1933,#1934,#1935);
#1933 = CARTESIAN_POINT('',(-201.,-58.5,97.));
#1934 = DIRECTION('',(0.,1.,0.));
#1935 = DIRECTION('',(0.,0.,1.));
#1936 = ADVANCED_FACE('',(#1937),#1955,.F.);
#1937 = FACE_BOUND('',#1938,.F.);
#1938 = EDGE_LOOP('',(#1939,#1940,#1948,#1954));
#1939 = ORIENTED_EDGE('',*,*,#1436,.T.);
#1940 = ORIENTED_EDGE('',*,*,#1941,.T.);
#1941 = EDGE_CURVE('',#1429,#1942,#1944,.T.);
#1942 = VERTEX_POINT('',#1943);
#1943 = CARTESIAN_POINT('',(200.,-61.,103.));
#1944 = LINE('',#1945,#1946);
#1945 = CARTESIAN_POINT('',(-201.,-61.,103.));
#1946 = VECTOR('',#1947,1.);
#1947 = DIRECTION('',(1.,0.,0.));
#1948 = ORIENTED_EDGE('',*,*,#1949,.F.);
#1949 = EDGE_CURVE('',#1919,#1942,#1950,.T.);
#1950 = LINE('',#1951,#1952);
#1951 = CARTESIAN_POINT('',(200.,-75.75,103.));
#1952 = VECTOR('',#1953,1.);
#1953 = DIRECTION('',(0.,-1.,0.));
#1954 = ORIENTED_EDGE('',*,*,#1918,.F.);
#1955 = PLANE('',#1956);
#1956 = AXIS2_PLACEMENT_3D('',#1957,#1958,#1959);
#1957 = CARTESIAN_POINT('',(-201.,-71.5,103.));
#1958 = DIRECTION('',(0.,0.,1.));
#1959 = DIRECTION('',(1.,0.,0.));
#1960 = ADVANCED_FACE('',(#1961),#1979,.F.);
#1961 = FACE_BOUND('',#1962,.F.);
#1962 = EDGE_LOOP('',(#1963,#1964,#1965,#1973));
#1963 = ORIENTED_EDGE('',*,*,#1941,.F.);
#1964 = ORIENTED_EDGE('',*,*,#1428,.T.);
#1965 = ORIENTED_EDGE('',*,*,#1966,.F.);
#1966 = EDGE_CURVE('',#1967,#1421,#1969,.T.);
#1967 = VERTEX_POINT('',#1968);
#1968 = CARTESIAN_POINT('',(200.,-61.,105.));
#1969 = LINE('',#1970,#1971);
#1970 = CARTESIAN_POINT('',(-200.5,-61.,105.));
#1971 = VECTOR('',#1972,1.);
#1972 = DIRECTION('',(-1.,0.,0.));
#1973 = ORIENTED_EDGE('',*,*,#1974,.F.);
#1974 = EDGE_CURVE('',#1942,#1967,#1975,.T.);
#1975 = LINE('',#1976,#1977);
#1976 = CARTESIAN_POINT('',(200.,-61.,88.5));
#1977 = VECTOR('',#1978,1.);
#1978 = DIRECTION('',(0.,0.,1.));
#1979 = PLANE('',#1980);
#1980 = AXIS2_PLACEMENT_3D('',#1981,#1982,#1983);
#1981 = CARTESIAN_POINT('',(-201.,-61.,102.));
#1982 = DIRECTION('',(0.,1.,0.));
#1983 = DIRECTION('',(0.,0.,1.));
#1984 = ADVANCED_FACE('',(#1985),#2003,.T.);
#1985 = FACE_BOUND('',#1986,.T.);
#1986 = EDGE_LOOP('',(#1987,#1988,#1989,#1997));
#1987 = ORIENTED_EDGE('',*,*,#1420,.F.);
#1988 = ORIENTED_EDGE('',*,*,#1966,.F.);
#1989 = ORIENTED_EDGE('',*,*,#1990,.T.);
#1990 = EDGE_CURVE('',#1967,#1991,#1993,.T.);
#1991 = VERTEX_POINT('',#1992);
#1992 = CARTESIAN_POINT('',(200.,-50.,105.));
#1993 = LINE('',#1994,#1995);
#1994 = CARTESIAN_POINT('',(200.,-80.,105.));
#1995 = VECTOR('',#1996,1.);
#1996 = DIRECTION('',(0.,1.,0.));
#1997 = ORIENTED_EDGE('',*,*,#1998,.F.);
#1998 = EDGE_CURVE('',#1413,#1991,#1999,.T.);
#1999 = LINE('',#2000,#2001);
#2000 = CARTESIAN_POINT('',(-200.,-50.,105.));
#2001 = VECTOR('',#2002,1.);
#2002 = DIRECTION('',(1.,0.,0.));
#2003 = PLANE('',#2004);
#2004 = AXIS2_PLACEMENT_3D('',#2005,#2006,#2007);
#2005 = CARTESIAN_POINT('',(-200.,-80.,105.));
#2006 = DIRECTION('',(0.,0.,1.));
#2007 = DIRECTION('',(1.,0.,0.));
#2008 = ADVANCED_FACE('',(#2009),#2027,.T.);
#2009 = FACE_BOUND('',#2010,.T.);
#2010 = EDGE_LOOP('',(#2011,#2019,#2025,#2026));
#2011 = ORIENTED_EDGE('',*,*,#2012,.F.);
#2012 = EDGE_CURVE('',#2013,#1991,#2015,.T.);
#2013 = VERTEX_POINT('',#2014);
#2014 = CARTESIAN_POINT('',(200.,-50.,94.));
#2015 = LINE('',#2016,#2017);
#2016 = CARTESIAN_POINT('',(200.,-50.,75.));
#2017 = VECTOR('',#2018,1.);
#2018 = DIRECTION('',(0.,0.,1.));
#2019 = ORIENTED_EDGE('',*,*,#2020,.T.);
#2020 = EDGE_CURVE('',#2013,#1405,#2021,.T.);
#2021 = LINE('',#2022,#2023);
#2022 = CARTESIAN_POINT('',(-200.5,-50.,94.));
#2023 = VECTOR('',#2024,1.);
#2024 = DIRECTION('',(-1.,0.,0.));
#2025 = ORIENTED_EDGE('',*,*,#1412,.T.);
#2026 = ORIENTED_EDGE('',*,*,#1998,.T.);
#2027 = PLANE('',#2028);
#2028 = AXIS2_PLACEMENT_3D('',#2029,#2030,#2031);
#2029 = CARTESIAN_POINT('',(-200.,-50.,75.));
#2030 = DIRECTION('',(0.,1.,0.));
#2031 = DIRECTION('',(0.,0.,1.));
#2032 = ADVANCED_FACE('',(#2033),#2051,.T.);
#2033 = FACE_BOUND('',#2034,.T.);
#2034 = EDGE_LOOP('',(#2035,#2043,#2044,#2045));
#2035 = ORIENTED_EDGE('',*,*,#2036,.F.);
#2036 = EDGE_CURVE('',#1397,#2037,#2039,.T.);
#2037 = VERTEX_POINT('',#2038);
#2038 = CARTESIAN_POINT('',(200.,-52.,94.));
#2039 = LINE('',#2040,#2041);
#2040 = CARTESIAN_POINT('',(-201.,-52.,94.));
#2041 = VECTOR('',#2042,1.);
#2042 = DIRECTION('',(1.,0.,0.));
#2043 = ORIENTED_EDGE('',*,*,#1404,.T.);
#2044 = ORIENTED_EDGE('',*,*,#2020,.F.);
#2045 = ORIENTED_EDGE('',*,*,#2046,.F.);
#2046 = EDGE_CURVE('',#2037,#2013,#2047,.T.);
#2047 = LINE('',#2048,#2049);
#2048 = CARTESIAN_POINT('',(200.,-66.5,94.));
#2049 = VECTOR('',#2050,1.);
#2050 = DIRECTION('',(0.,1.,-2.22044604925E-16));
#2051 = PLANE('',#2052);
#2052 = AXIS2_PLACEMENT_3D('',#2053,#2054,#2055);
#2053 = CARTESIAN_POINT('',(-201.,-53.,94.));
#2054 = DIRECTION('',(0.,-2.22044604925E-16,-1.));
#2055 = DIRECTION('',(0.,1.,-2.22044604925E-16));
#2056 = ADVANCED_FACE('',(#2057),#2075,.F.);
#2057 = FACE_BOUND('',#2058,.F.);
#2058 = EDGE_LOOP('',(#2059,#2060,#2068,#2074));
#2059 = ORIENTED_EDGE('',*,*,#1396,.T.);
#2060 = ORIENTED_EDGE('',*,*,#2061,.T.);
#2061 = EDGE_CURVE('',#1389,#2062,#2064,.T.);
#2062 = VERTEX_POINT('',#2063);
#2063 = CARTESIAN_POINT('',(200.,-52.,96.5));
#2064 = LINE('',#2065,#2066);
#2065 = CARTESIAN_POINT('',(-201.,-52.,96.5));
#2066 = VECTOR('',#2067,1.);
#2067 = DIRECTION('',(1.,0.,0.));
#2068 = ORIENTED_EDGE('',*,*,#2069,.F.);
#2069 = EDGE_CURVE('',#2037,#2062,#2070,.T.);
#2070 = LINE('',#2071,#2072);
#2071 = CARTESIAN_POINT('',(200.,-52.,85.75));
#2072 = VECTOR('',#2073,1.);
#2073 = DIRECTION('',(0.,2.22044604925E-16,1.));
#2074 = ORIENTED_EDGE('',*,*,#2036,.F.);
#2075 = PLANE('',#2076);
#2076 = AXIS2_PLACEMENT_3D('',#2077,#2078,#2079);
#2077 = CARTESIAN_POINT('',(-201.,-52.,96.5));
#2078 = DIRECTION('',(0.,1.,-2.22044604925E-16));
#2079 = DIRECTION('',(1.,0.,0.));
#2080 = ADVANCED_FACE('',(#2081),#2099,.T.);
#2081 = FACE_BOUND('',#2082,.T.);
#2082 = EDGE_LOOP('',(#2083,#2091,#2092,#2093));
#2083 = ORIENTED_EDGE('',*,*,#2084,.F.);
#2084 = EDGE_CURVE('',#1381,#2085,#2087,.T.);
#2085 = VERTEX_POINT('',#2086);
#2086 = CARTESIAN_POINT('',(200.,-58.,96.5));
#2087 = LINE('',#2088,#2089);
#2088 = CARTESIAN_POINT('',(-201.,-58.,96.5));
#2089 = VECTOR('',#2090,1.);
#2090 = DIRECTION('',(1.,0.,0.));
#2091 = ORIENTED_EDGE('',*,*,#1388,.T.);
#2092 = ORIENTED_EDGE('',*,*,#2061,.T.);
#2093 = ORIENTED_EDGE('',*,*,#2094,.F.);
#2094 = EDGE_CURVE('',#2085,#2062,#2095,.T.);
#2095 = LINE('',#2096,#2097);
#2096 = CARTESIAN_POINT('',(200.,-69.,96.5));
#2097 = VECTOR('',#2098,1.);
#2098 = DIRECTION('',(0.,1.,-2.22044604925E-16));
#2099 = PLANE('',#2100);
#2100 = AXIS2_PLACEMENT_3D('',#2101,#2102,#2103);
#2101 = CARTESIAN_POINT('',(-201.,-58.,96.5));
#2102 = DIRECTION('',(0.,-2.22044604925E-16,-1.));
#2103 = DIRECTION('',(0.,1.,-2.22044604925E-16));
#2104 = ADVANCED_FACE('',(#2105),#2123,.T.);
#2105 = FACE_BOUND('',#2106,.T.);
#2106 = EDGE_LOOP('',(#2107,#2115,#2116,#2117));
#2107 = ORIENTED_EDGE('',*,*,#2108,.F.);
#2108 = EDGE_CURVE('',#1373,#2109,#2111,.T.);
#2109 = VERTEX_POINT('',#2110);
#2110 = CARTESIAN_POINT('',(200.,-58.,83.5));
#2111 = LINE('',#2112,#2113);
#2112 = CARTESIAN_POINT('',(-201.,-58.,83.5));
#2113 = VECTOR('',#2114,1.);
#2114 = DIRECTION('',(1.,0.,0.));
#2115 = ORIENTED_EDGE('',*,*,#1380,.T.);
#2116 = ORIENTED_EDGE('',*,*,#2084,.T.);
#2117 = ORIENTED_EDGE('',*,*,#2118,.F.);
#2118 = EDGE_CURVE('',#2109,#2085,#2119,.T.);
#2119 = LINE('',#2120,#2121);
#2120 = CARTESIAN_POINT('',(200.,-58.,85.75));
#2121 = VECTOR('',#2122,1.);
#2122 = DIRECTION('',(0.,2.22044604925E-16,1.));
#2123 = PLANE('',#2124);
#2124 = AXIS2_PLACEMENT_3D('',#2125,#2126,#2127);
#2125 = CARTESIAN_POINT('',(-201.,-58.,96.5));
#2126 = DIRECTION('',(0.,1.,-2.22044604925E-16));
#2127 = DIRECTION('',(1.,0.,0.));
#2128 = ADVANCED_FACE('',(#2129),#2147,.F.);
#2129 = FACE_BOUND('',#2130,.F.);
#2130 = EDGE_LOOP('',(#2131,#2132,#2133,#2141));
#2131 = ORIENTED_EDGE('',*,*,#2108,.F.);
#2132 = ORIENTED_EDGE('',*,*,#1372,.T.);
#2133 = ORIENTED_EDGE('',*,*,#2134,.T.);
#2134 = EDGE_CURVE('',#1365,#2135,#2137,.T.);
#2135 = VERTEX_POINT('',#2136);
#2136 = CARTESIAN_POINT('',(200.,-52.,83.5));
#2137 = LINE('',#2138,#2139);
#2138 = CARTESIAN_POINT('',(-201.,-52.,83.5));
#2139 = VECTOR('',#2140,1.);
#2140 = DIRECTION('',(1.,0.,0.));
#2141 = ORIENTED_EDGE('',*,*,#2142,.F.);
#2142 = EDGE_CURVE('',#2109,#2135,#2143,.T.);
#2143 = LINE('',#2144,#2145);
#2144 = CARTESIAN_POINT('',(200.,-69.,83.5));
#2145 = VECTOR('',#2146,1.);
#2146 = DIRECTION('',(0.,1.,-2.22044604925E-16));
#2147 = PLANE('',#2148);
#2148 = AXIS2_PLACEMENT_3D('',#2149,#2150,#2151);
#2149 = CARTESIAN_POINT('',(-201.,-58.,83.5));
#2150 = DIRECTION('',(0.,-2.22044604925E-16,-1.));
#2151 = DIRECTION('',(0.,1.,-2.22044604925E-16));
#2152 = ADVANCED_FACE('',(#2153),#2171,.F.);
#2153 = FACE_BOUND('',#2154,.F.);
#2154 = EDGE_LOOP('',(#2155,#2156,#2164,#2170));
#2155 = ORIENTED_EDGE('',*,*,#1364,.T.);
#2156 = ORIENTED_EDGE('',*,*,#2157,.T.);
#2157 = EDGE_CURVE('',#1357,#2158,#2160,.T.);
#2158 = VERTEX_POINT('',#2159);
#2159 = CARTESIAN_POINT('',(200.,-52.,86.));
#2160 = LINE('',#2161,#2162);
#2161 = CARTESIAN_POINT('',(-201.,-52.,86.));
#2162 = VECTOR('',#2163,1.);
#2163 = DIRECTION('',(1.,0.,0.));
#2164 = ORIENTED_EDGE('',*,*,#2165,.F.);
#2165 = EDGE_CURVE('',#2135,#2158,#2166,.T.);
#2166 = LINE('',#2167,#2168);
#2167 = CARTESIAN_POINT('',(200.,-52.,85.75));
#2168 = VECTOR('',#2169,1.);
#2169 = DIRECTION('',(0.,2.22044604925E-16,1.));
#2170 = ORIENTED_EDGE('',*,*,#2134,.F.);
#2171 = PLANE('',#2172);
#2172 = AXIS2_PLACEMENT_3D('',#2173,#2174,#2175);
#2173 = CARTESIAN_POINT('',(-201.,-52.,96.5));
#2174 = DIRECTION('',(0.,1.,-2.22044604925E-16));
#2175 = DIRECTION('',(1.,0.,0.));
#2176 = ADVANCED_FACE('',(#2177),#2195,.F.);
#2177 = FACE_BOUND('',#2178,.F.);
#2178 = EDGE_LOOP('',(#2179,#2180,#2181,#2189));
#2179 = ORIENTED_EDGE('',*,*,#2157,.F.);
#2180 = ORIENTED_EDGE('',*,*,#1356,.T.);
#2181 = ORIENTED_EDGE('',*,*,#2182,.F.);
#2182 = EDGE_CURVE('',#2183,#1349,#2185,.T.);
#2183 = VERTEX_POINT('',#2184);
#2184 = CARTESIAN_POINT('',(200.,-50.,86.));
#2185 = LINE('',#2186,#2187);
#2186 = CARTESIAN_POINT('',(-200.5,-50.,86.));
#2187 = VECTOR('',#2188,1.);
#2188 = DIRECTION('',(-1.,0.,0.));
#2189 = ORIENTED_EDGE('',*,*,#2190,.F.);
#2190 = EDGE_CURVE('',#2158,#2183,#2191,.T.);
#2191 = LINE('',#2192,#2193);
#2192 = CARTESIAN_POINT('',(200.,-66.5,86.));
#2193 = VECTOR('',#2194,1.);
#2194 = DIRECTION('',(0.,1.,-2.22044604925E-16));
#2195 = PLANE('',#2196);
#2196 = AXIS2_PLACEMENT_3D('',#2197,#2198,#2199);
#2197 = CARTESIAN_POINT('',(-201.,-53.,86.));
#2198 = DIRECTION('',(0.,-2.22044604925E-16,-1.));
#2199 = DIRECTION('',(0.,1.,-2.22044604925E-16));
#2200 = ADVANCED_FACE('',(#2201),#2219,.T.);
#2201 = FACE_BOUND('',#2202,.T.);
#2202 = EDGE_LOOP('',(#2203,#2211,#2217,#2218));
#2203 = ORIENTED_EDGE('',*,*,#2204,.F.);
#2204 = EDGE_CURVE('',#2205,#2183,#2207,.T.);
#2205 = VERTEX_POINT('',#2206);
#2206 = CARTESIAN_POINT('',(200.,-50.,75.));
#2207 = LINE('',#2208,#2209);
#2208 = CARTESIAN_POINT('',(200.,-50.,75.));
#2209 = VECTOR('',#2210,1.);
#2210 = DIRECTION('',(0.,0.,1.));
#2211 = ORIENTED_EDGE('',*,*,#2212,.F.);
#2212 = EDGE_CURVE('',#1341,#2205,#2213,.T.);
#2213 = LINE('',#2214,#2215);
#2214 = CARTESIAN_POINT('',(-200.,-50.,75.));
#2215 = VECTOR('',#2216,1.);
#2216 = DIRECTION('',(1.,0.,0.));
#2217 = ORIENTED_EDGE('',*,*,#1348,.T.);
#2218 = ORIENTED_EDGE('',*,*,#2182,.F.);
#2219 = PLANE('',#2220);
#2220 = AXIS2_PLACEMENT_3D('',#2221,#2222,#2223);
#2221 = CARTESIAN_POINT('',(-200.,-50.,75.));
#2222 = DIRECTION('',(0.,1.,0.));
#2223 = DIRECTION('',(0.,0.,1.));
#2224 = ADVANCED_FACE('',(#2225),#2243,.F.);
#2225 = FACE_BOUND('',#2226,.F.);
#2226 = EDGE_LOOP('',(#2227,#2228,#2236,#2242));
#2227 = ORIENTED_EDGE('',*,*,#1340,.F.);
#2228 = ORIENTED_EDGE('',*,*,#2229,.T.);
#2229 = EDGE_CURVE('',#1333,#2230,#2232,.T.);
#2230 = VERTEX_POINT('',#2231);
#2231 = CARTESIAN_POINT('',(200.,-61.,75.));
#2232 = LINE('',#2233,#2234);
#2233 = CARTESIAN_POINT('',(-200.5,-61.,75.));
#2234 = VECTOR('',#2235,1.);
#2235 = DIRECTION('',(1.,0.,0.));
#2236 = ORIENTED_EDGE('',*,*,#2237,.T.);
#2237 = EDGE_CURVE('',#2230,#2205,#2238,.T.);
#2238 = LINE('',#2239,#2240);
#2239 = CARTESIAN_POINT('',(200.,-80.,75.));
#2240 = VECTOR('',#2241,1.);
#2241 = DIRECTION('',(0.,1.,0.));
#2242 = ORIENTED_EDGE('',*,*,#2212,.F.);
#2243 = PLANE('',#2244);
#2244 = AXIS2_PLACEMENT_3D('',#2245,#2246,#2247);
#2245 = CARTESIAN_POINT('',(-200.,-80.,75.));
#2246 = DIRECTION('',(0.,0.,1.));
#2247 = DIRECTION('',(1.,0.,0.));
#2248 = ADVANCED_FACE('',(#2249),#2267,.T.);
#2249 = FACE_BOUND('',#2250,.T.);
#2250 = EDGE_LOOP('',(#2251,#2259,#2260,#2261));
#2251 = ORIENTED_EDGE('',*,*,#2252,.F.);
#2252 = EDGE_CURVE('',#1325,#2253,#2255,.T.);
#2253 = VERTEX_POINT('',#2254);
#2254 = CARTESIAN_POINT('',(200.,-61.,77.));
#2255 = LINE('',#2256,#2257);
#2256 = CARTESIAN_POINT('',(-201.,-61.,77.));
#2257 = VECTOR('',#2258,1.);
#2258 = DIRECTION('',(1.,0.,0.));
#2259 = ORIENTED_EDGE('',*,*,#1332,.T.);
#2260 = ORIENTED_EDGE('',*,*,#2229,.T.);
#2261 = ORIENTED_EDGE('',*,*,#2262,.F.);
#2262 = EDGE_CURVE('',#2253,#2230,#2263,.T.);
#2263 = LINE('',#2264,#2265);
#2264 = CARTESIAN_POINT('',(200.,-61.,76.5));
#2265 = VECTOR('',#2266,1.);
#2266 = DIRECTION('',(0.,-1.224646799147E-16,-1.));
#2267 = PLANE('',#2268);
#2268 = AXIS2_PLACEMENT_3D('',#2269,#2270,#2271);
#2269 = CARTESIAN_POINT('',(-201.,-61.,78.));
#2270 = DIRECTION('',(0.,-1.,1.224646799147E-16));
#2271 = DIRECTION('',(0.,-1.224646799147E-16,-1.));
#2272 = ADVANCED_FACE('',(#2273),#2291,.F.);
#2273 = FACE_BOUND('',#2274,.F.);
#2274 = EDGE_LOOP('',(#2275,#2276,#2284,#2290));
#2275 = ORIENTED_EDGE('',*,*,#1324,.T.);
#2276 = ORIENTED_EDGE('',*,*,#2277,.T.);
#2277 = EDGE_CURVE('',#1317,#2278,#2280,.T.);
#2278 = VERTEX_POINT('',#2279);
#2279 = CARTESIAN_POINT('',(200.,-58.5,77.));
#2280 = LINE('',#2281,#2282);
#2281 = CARTESIAN_POINT('',(-201.,-58.5,77.));
#2282 = VECTOR('',#2283,1.);
#2283 = DIRECTION('',(1.,0.,0.));
#2284 = ORIENTED_EDGE('',*,*,#2285,.F.);
#2285 = EDGE_CURVE('',#2253,#2278,#2286,.T.);
#2286 = LINE('',#2287,#2288);
#2287 = CARTESIAN_POINT('',(200.,-69.25,77.));
#2288 = VECTOR('',#2289,1.);
#2289 = DIRECTION('',(0.,1.,-1.224646799147E-16));
#2290 = ORIENTED_EDGE('',*,*,#2252,.F.);
#2291 = PLANE('',#2292);
#2292 = AXIS2_PLACEMENT_3D('',#2293,#2294,#2295);
#2293 = CARTESIAN_POINT('',(-201.,-58.5,77.));
#2294 = DIRECTION('',(0.,-1.224646799147E-16,-1.));
#2295 = DIRECTION('',(1.,0.,0.));
#2296 = ADVANCED_FACE('',(#2297),#2315,.T.);
#2297 = FACE_BOUND('',#2298,.T.);
#2298 = EDGE_LOOP('',(#2299,#2307,#2308,#2309));
#2299 = ORIENTED_EDGE('',*,*,#2300,.F.);
#2300 = EDGE_CURVE('',#1309,#2301,#2303,.T.);
#2301 = VERTEX_POINT('',#2302);
#2302 = CARTESIAN_POINT('',(200.,-58.5,83.));
#2303 = LINE('',#2304,#2305);
#2304 = CARTESIAN_POINT('',(-201.,-58.5,83.));
#2305 = VECTOR('',#2306,1.);
#2306 = DIRECTION('',(1.,0.,0.));
#2307 = ORIENTED_EDGE('',*,*,#1316,.T.);
#2308 = ORIENTED_EDGE('',*,*,#2277,.T.);
#2309 = ORIENTED_EDGE('',*,*,#2310,.F.);
#2310 = EDGE_CURVE('',#2301,#2278,#2311,.T.);
#2311 = LINE('',#2312,#2313);
#2312 = CARTESIAN_POINT('',(200.,-58.5,79.));
#2313 = VECTOR('',#2314,1.);
#2314 = DIRECTION('',(0.,-1.224646799147E-16,-1.));
#2315 = PLANE('',#2316);
#2316 = AXIS2_PLACEMENT_3D('',#2317,#2318,#2319);
#2317 = CARTESIAN_POINT('',(-201.,-58.5,83.));
#2318 = DIRECTION('',(0.,-1.,1.224646799147E-16));
#2319 = DIRECTION('',(0.,-1.224646799147E-16,-1.));
#2320 = ADVANCED_FACE('',(#2321),#2339,.T.);
#2321 = FACE_BOUND('',#2322,.T.);
#2322 = EDGE_LOOP('',(#2323,#2331,#2332,#2333));
#2323 = ORIENTED_EDGE('',*,*,#2324,.F.);
#2324 = EDGE_CURVE('',#1301,#2325,#2327,.T.);
#2325 = VERTEX_POINT('',#2326);
#2326 = CARTESIAN_POINT('',(200.,-71.5,83.));
#2327 = LINE('',#2328,#2329);
#2328 = CARTESIAN_POINT('',(-201.,-71.5,83.));
#2329 = VECTOR('',#2330,1.);
#2330 = DIRECTION('',(1.,0.,0.));
#2331 = ORIENTED_EDGE('',*,*,#1308,.T.);
#2332 = ORIENTED_EDGE('',*,*,#2300,.T.);
#2333 = ORIENTED_EDGE('',*,*,#2334,.F.);
#2334 = EDGE_CURVE('',#2325,#2301,#2335,.T.);
#2335 = LINE('',#2336,#2337);
#2336 = CARTESIAN_POINT('',(200.,-69.25,83.));
#2337 = VECTOR('',#2338,1.);
#2338 = DIRECTION('',(0.,1.,-1.224646799147E-16));
#2339 = PLANE('',#2340);
#2340 = AXIS2_PLACEMENT_3D('',#2341,#2342,#2343);
#2341 = CARTESIAN_POINT('',(-201.,-58.5,83.));
#2342 = DIRECTION('',(0.,-1.224646799147E-16,-1.));
#2343 = DIRECTION('',(1.,0.,0.));
#2344 = ADVANCED_FACE('',(#2345),#2363,.F.);
#2345 = FACE_BOUND('',#2346,.F.);
#2346 = EDGE_LOOP('',(#2347,#2348,#2349,#2357));
#2347 = ORIENTED_EDGE('',*,*,#2324,.F.);
#2348 = ORIENTED_EDGE('',*,*,#1300,.T.);
#2349 = ORIENTED_EDGE('',*,*,#2350,.T.);
#2350 = EDGE_CURVE('',#1293,#2351,#2353,.T.);
#2351 = VERTEX_POINT('',#2352);
#2352 = CARTESIAN_POINT('',(200.,-71.5,77.));
#2353 = LINE('',#2354,#2355);
#2354 = CARTESIAN_POINT('',(-201.,-71.5,77.));
#2355 = VECTOR('',#2356,1.);
#2356 = DIRECTION('',(1.,0.,0.));
#2357 = ORIENTED_EDGE('',*,*,#2358,.F.);
#2358 = EDGE_CURVE('',#2325,#2351,#2359,.T.);
#2359 = LINE('',#2360,#2361);
#2360 = CARTESIAN_POINT('',(200.,-71.5,79.));
#2361 = VECTOR('',#2362,1.);
#2362 = DIRECTION('',(0.,-1.224646799147E-16,-1.));
#2363 = PLANE('',#2364);
#2364 = AXIS2_PLACEMENT_3D('',#2365,#2366,#2367);
#2365 = CARTESIAN_POINT('',(-201.,-71.5,83.));
#2366 = DIRECTION('',(0.,-1.,1.224646799147E-16));
#2367 = DIRECTION('',(0.,-1.224646799147E-16,-1.));
#2368 = ADVANCED_FACE('',(#2369),#2387,.F.);
#2369 = FACE_BOUND('',#2370,.F.);
#2370 = EDGE_LOOP('',(#2371,#2372,#2380,#2386));
#2371 = ORIENTED_EDGE('',*,*,#1292,.T.);
#2372 = ORIENTED_EDGE('',*,*,#2373,.T.);
#2373 = EDGE_CURVE('',#1285,#2374,#2376,.T.);
#2374 = VERTEX_POINT('',#2375);
#2375 = CARTESIAN_POINT('',(200.,-69.,77.));
#2376 = LINE('',#2377,#2378);
#2377 = CARTESIAN_POINT('',(-201.,-69.,77.));
#2378 = VECTOR('',#2379,1.);
#2379 = DIRECTION('',(1.,0.,0.));
#2380 = ORIENTED_EDGE('',*,*,#2381,.F.);
#2381 = EDGE_CURVE('',#2351,#2374,#2382,.T.);
#2382 = LINE('',#2383,#2384);
#2383 = CARTESIAN_POINT('',(200.,-69.25,77.));
#2384 = VECTOR('',#2385,1.);
#2385 = DIRECTION('',(0.,1.,-1.224646799147E-16));
#2386 = ORIENTED_EDGE('',*,*,#2350,.F.);
#2387 = PLANE('',#2388);
#2388 = AXIS2_PLACEMENT_3D('',#2389,#2390,#2391);
#2389 = CARTESIAN_POINT('',(-201.,-58.5,77.));
#2390 = DIRECTION('',(0.,-1.224646799147E-16,-1.));
#2391 = DIRECTION('',(1.,0.,0.));
#2392 = ADVANCED_FACE('',(#2393),#2411,.F.);
#2393 = FACE_BOUND('',#2394,.F.);
#2394 = EDGE_LOOP('',(#2395,#2396,#2397,#2405));
#2395 = ORIENTED_EDGE('',*,*,#2373,.F.);
#2396 = ORIENTED_EDGE('',*,*,#1284,.T.);
#2397 = ORIENTED_EDGE('',*,*,#2398,.T.);
#2398 = EDGE_CURVE('',#1277,#2399,#2401,.T.);
#2399 = VERTEX_POINT('',#2400);
#2400 = CARTESIAN_POINT('',(200.,-69.,75.));
#2401 = LINE('',#2402,#2403);
#2402 = CARTESIAN_POINT('',(-200.5,-69.,75.));
#2403 = VECTOR('',#2404,1.);
#2404 = DIRECTION('',(1.,0.,0.));
#2405 = ORIENTED_EDGE('',*,*,#2406,.F.);
#2406 = EDGE_CURVE('',#2374,#2399,#2407,.T.);
#2407 = LINE('',#2408,#2409);
#2408 = CARTESIAN_POINT('',(200.,-69.,76.5));
#2409 = VECTOR('',#2410,1.);
#2410 = DIRECTION('',(0.,-1.224646799147E-16,-1.));
#2411 = PLANE('',#2412);
#2412 = AXIS2_PLACEMENT_3D('',#2413,#2414,#2415);
#2413 = CARTESIAN_POINT('',(-201.,-69.,78.));
#2414 = DIRECTION('',(0.,-1.,1.224646799147E-16));
#2415 = DIRECTION('',(0.,-1.224646799147E-16,-1.));
#2416 = ADVANCED_FACE('',(#2417),#2428,.F.);
#2417 = FACE_BOUND('',#2418,.F.);
#2418 = EDGE_LOOP('',(#2419,#2420,#2421,#2427));
#2419 = ORIENTED_EDGE('',*,*,#1276,.F.);
#2420 = ORIENTED_EDGE('',*,*,#1583,.T.);
#2421 = ORIENTED_EDGE('',*,*,#2422,.T.);
#2422 = EDGE_CURVE('',#1574,#2399,#2423,.T.);
#2423 = LINE('',#2424,#2425);
#2424 = CARTESIAN_POINT('',(200.,-80.,75.));
#2425 = VECTOR('',#2426,1.);
#2426 = DIRECTION('',(0.,1.,0.));
#2427 = ORIENTED_EDGE('',*,*,#2398,.F.);
#2428 = PLANE('',#2429);
#2429 = AXIS2_PLACEMENT_3D('',#2430,#2431,#2432);
#2430 = CARTESIAN_POINT('',(-200.,-80.,75.));
#2431 = DIRECTION('',(0.,0.,1.));
#2432 = DIRECTION('',(1.,0.,0.));
#2433 = ADVANCED_FACE('',(#2434),#2453,.F.);
#2434 = FACE_BOUND('',#2435,.F.);
#2435 = EDGE_LOOP('',(#2436,#2445,#2451,#2452));
#2436 = ORIENTED_EDGE('',*,*,#2437,.F.);
#2437 = EDGE_CURVE('',#2438,#2438,#2440,.T.);
#2438 = VERTEX_POINT('',#2439);
#2439 = CARTESIAN_POINT('',(200.,-65.,93.4));
#2440 = CIRCLE('',#2441,3.4);
#2441 = AXIS2_PLACEMENT_3D('',#2442,#2443,#2444);
#2442 = CARTESIAN_POINT('',(200.,-65.,90.));
#2443 = DIRECTION('',(1.,0.,-0.));
#2444 = DIRECTION('',(0.,0.,1.));
#2445 = ORIENTED_EDGE('',*,*,#2446,.F.);
#2446 = EDGE_CURVE('',#1557,#2438,#2447,.T.);
#2447 = LINE('',#2448,#2449);
#2448 = CARTESIAN_POINT('',(-201.,-65.,93.4));
#2449 = VECTOR('',#2450,1.);
#2450 = DIRECTION('',(1.,0.,0.));
#2451 = ORIENTED_EDGE('',*,*,#1556,.T.);
#2452 = ORIENTED_EDGE('',*,*,#2446,.T.);
#2453 = CYLINDRICAL_SURFACE('',#2454,3.4);
#2454 = AXIS2_PLACEMENT_3D('',#2455,#2456,#2457);
#2455 = CARTESIAN_POINT('',(-201.,-65.,90.));
#2456 = DIRECTION('',(1.,0.,0.));
#2457 = DIRECTION('',(0.,0.,1.));
#2458 = ADVANCED_FACE('',(#2459,#2497),#2500,.T.);
#2459 = FACE_BOUND('',#2460,.T.);
#2460 = EDGE_LOOP('',(#2461,#2462,#2463,#2464,#2465,#2466,#2467,#2468,
    #2469,#2470,#2471,#2472,#2473,#2474,#2475,#2476,#2477,#2478,#2479,
    #2480,#2481,#2482,#2483,#2484,#2485,#2486,#2487,#2488,#2489,#2490,
    #2491,#2492,#2493,#2494,#2495,#2496));
#2461 = ORIENTED_EDGE('',*,*,#1573,.F.);
#2462 = ORIENTED_EDGE('',*,*,#2422,.T.);
#2463 = ORIENTED_EDGE('',*,*,#2406,.F.);
#2464 = ORIENTED_EDGE('',*,*,#2381,.F.);
#2465 = ORIENTED_EDGE('',*,*,#2358,.F.);
#2466 = ORIENTED_EDGE('',*,*,#2334,.T.);
#2467 = ORIENTED_EDGE('',*,*,#2310,.T.);
#2468 = ORIENTED_EDGE('',*,*,#2285,.F.);
#2469 = ORIENTED_EDGE('',*,*,#2262,.T.);
#2470 = ORIENTED_EDGE('',*,*,#2237,.T.);
#2471 = ORIENTED_EDGE('',*,*,#2204,.T.);
#2472 = ORIENTED_EDGE('',*,*,#2190,.F.);
#2473 = ORIENTED_EDGE('',*,*,#2165,.F.);
#2474 = ORIENTED_EDGE('',*,*,#2142,.F.);
#2475 = ORIENTED_EDGE('',*,*,#2118,.T.);
#2476 = ORIENTED_EDGE('',*,*,#2094,.T.);
#2477 = ORIENTED_EDGE('',*,*,#2069,.F.);
#2478 = ORIENTED_EDGE('',*,*,#2046,.T.);
#2479 = ORIENTED_EDGE('',*,*,#2012,.T.);
#2480 = ORIENTED_EDGE('',*,*,#1990,.F.);
#2481 = ORIENTED_EDGE('',*,*,#1974,.F.);
#2482 = ORIENTED_EDGE('',*,*,#1949,.F.);
#2483 = ORIENTED_EDGE('',*,*,#1926,.F.);
#2484 = ORIENTED_EDGE('',*,*,#1902,.T.);
#2485 = ORIENTED_EDGE('',*,*,#1878,.T.);
#2486 = ORIENTED_EDGE('',*,*,#1853,.F.);
#2487 = ORIENTED_EDGE('',*,*,#1830,.T.);
#2488 = ORIENTED_EDGE('',*,*,#1798,.F.);
#2489 = ORIENTED_EDGE('',*,*,#1772,.F.);
#2490 = ORIENTED_EDGE('',*,*,#1758,.F.);
#2491 = ORIENTED_EDGE('',*,*,#1733,.F.);
#2492 = ORIENTED_EDGE('',*,*,#1710,.F.);
#2493 = ORIENTED_EDGE('',*,*,#1686,.T.);
#2494 = ORIENTED_EDGE('',*,*,#1662,.T.);
#2495 = ORIENTED_EDGE('',*,*,#1637,.F.);
#2496 = ORIENTED_EDGE('',*,*,#1614,.T.);
#2497 = FACE_BOUND('',#2498,.T.);
#2498 = EDGE_LOOP('',(#2499));
#2499 = ORIENTED_EDGE('',*,*,#2437,.F.);
#2500 = PLANE('',#2501);
#2501 = AXIS2_PLACEMENT_3D('',#2502,#2503,#2504);
#2502 = CARTESIAN_POINT('',(200.,-80.,75.));
#2503 = DIRECTION('',(1.,0.,0.));
#2504 = DIRECTION('',(0.,0.,1.));
#2505 = MANIFOLD_SOLID_BREP('',#2506);
#2506 = CLOSED_SHELL('',(#2507,#2814,#2845,#2869,#2893,#2917,#2941,#2965
    ,#2989,#3013,#3037,#3061,#3085,#3109,#3133,#3157,#3181,#3205,#3229,
    #3253,#3277,#3301,#3325,#3349,#3373,#3397,#3421,#3445,#3469,#3493,
    #3517,#3541,#3565,#3589,#3613,#3637,#3661,#3678,#3703));
#2507 = ADVANCED_FACE('',(#2508,#2798),#2809,.F.);
#2508 = FACE_BOUND('',#2509,.F.);
#2509 = EDGE_LOOP('',(#2510,#2520,#2528,#2536,#2544,#2552,#2560,#2568,
    #2576,#2584,#2592,#2600,#2608,#2616,#2624,#2632,#2640,#2648,#2656,
    #2664,#2672,#2680,#2688,#2696,#2704,#2712,#2720,#2728,#2736,#2744,
    #2752,#2760,#2768,#2776,#2784,#2792));
#2510 = ORIENTED_EDGE('',*,*,#2511,.F.);
#2511 = EDGE_CURVE('',#2512,#2514,#2516,.T.);
#2512 = VERTEX_POINT('',#2513);
#2513 = CARTESIAN_POINT('',(-200.,50.,75.));
#2514 = VERTEX_POINT('',#2515);
#2515 = CARTESIAN_POINT('',(-200.,50.,86.));
#2516 = LINE('',#2517,#2518);
#2517 = CARTESIAN_POINT('',(-200.,50.,75.));
#2518 = VECTOR('',#2519,1.);
#2519 = DIRECTION('',(0.,0.,1.));
#2520 = ORIENTED_EDGE('',*,*,#2521,.T.);
#2521 = EDGE_CURVE('',#2512,#2522,#2524,.T.);
#2522 = VERTEX_POINT('',#2523);
#2523 = CARTESIAN_POINT('',(-200.,61.,75.));
#2524 = LINE('',#2525,#2526);
#2525 = CARTESIAN_POINT('',(-200.,50.,75.));
#2526 = VECTOR('',#2527,1.);
#2527 = DIRECTION('',(0.,1.,0.));
#2528 = ORIENTED_EDGE('',*,*,#2529,.F.);
#2529 = EDGE_CURVE('',#2530,#2522,#2532,.T.);
#2530 = VERTEX_POINT('',#2531);
#2531 = CARTESIAN_POINT('',(-200.,61.,77.));
#2532 = LINE('',#2533,#2534);
#2533 = CARTESIAN_POINT('',(-200.,61.,76.5));
#2534 = VECTOR('',#2535,1.);
#2535 = DIRECTION('',(0.,-1.224646799147E-16,-1.));
#2536 = ORIENTED_EDGE('',*,*,#2537,.F.);
#2537 = EDGE_CURVE('',#2538,#2530,#2540,.T.);
#2538 = VERTEX_POINT('',#2539);
#2539 = CARTESIAN_POINT('',(-200.,58.5,77.));
#2540 = LINE('',#2541,#2542);
#2541 = CARTESIAN_POINT('',(-200.,60.75,77.));
#2542 = VECTOR('',#2543,1.);
#2543 = DIRECTION('',(0.,1.,-1.224646799147E-16));
#2544 = ORIENTED_EDGE('',*,*,#2545,.F.);
#2545 = EDGE_CURVE('',#2546,#2538,#2548,.T.);
#2546 = VERTEX_POINT('',#2547);
#2547 = CARTESIAN_POINT('',(-200.,58.5,83.));
#2548 = LINE('',#2549,#2550);
#2549 = CARTESIAN_POINT('',(-200.,58.5,79.));
#2550 = VECTOR('',#2551,1.);
#2551 = DIRECTION('',(0.,-1.224646799147E-16,-1.));
#2552 = ORIENTED_EDGE('',*,*,#2553,.T.);
#2553 = EDGE_CURVE('',#2546,#2554,#2556,.T.);
#2554 = VERTEX_POINT('',#2555);
#2555 = CARTESIAN_POINT('',(-200.,71.5,83.));
#2556 = LINE('',#2557,#2558);
#2557 = CARTESIAN_POINT('',(-200.,60.75,83.));
#2558 = VECTOR('',#2559,1.);
#2559 = DIRECTION('',(0.,1.,-1.224646799147E-16));
#2560 = ORIENTED_EDGE('',*,*,#2561,.T.);
#2561 = EDGE_CURVE('',#2554,#2562,#2564,.T.);
#2562 = VERTEX_POINT('',#2563);
#2563 = CARTESIAN_POINT('',(-200.,71.5,77.));
#2564 = LINE('',#2565,#2566);
#2565 = CARTESIAN_POINT('',(-200.,71.5,79.));
#2566 = VECTOR('',#2567,1.);
#2567 = DIRECTION('',(0.,-1.224646799147E-16,-1.));
#2568 = ORIENTED_EDGE('',*,*,#2569,.F.);
#2569 = EDGE_CURVE('',#2570,#2562,#2572,.T.);
#2570 = VERTEX_POINT('',#2571);
#2571 = CARTESIAN_POINT('',(-200.,69.,77.));
#2572 = LINE('',#2573,#2574);
#2573 = CARTESIAN_POINT('',(-200.,60.75,77.));
#2574 = VECTOR('',#2575,1.);
#2575 = DIRECTION('',(0.,1.,-1.224646799147E-16));
#2576 = ORIENTED_EDGE('',*,*,#2577,.T.);
#2577 = EDGE_CURVE('',#2570,#2578,#2580,.T.);
#2578 = VERTEX_POINT('',#2579);
#2579 = CARTESIAN_POINT('',(-200.,69.,75.));
#2580 = LINE('',#2581,#2582);
#2581 = CARTESIAN_POINT('',(-200.,69.,76.5));
#2582 = VECTOR('',#2583,1.);
#2583 = DIRECTION('',(0.,-1.224646799147E-16,-1.));
#2584 = ORIENTED_EDGE('',*,*,#2585,.T.);
#2585 = EDGE_CURVE('',#2578,#2586,#2588,.T.);
#2586 = VERTEX_POINT('',#2587);
#2587 = CARTESIAN_POINT('',(-200.,80.,75.));
#2588 = LINE('',#2589,#2590);
#2589 = CARTESIAN_POINT('',(-200.,50.,75.));
#2590 = VECTOR('',#2591,1.);
#2591 = DIRECTION('',(0.,1.,0.));
#2592 = ORIENTED_EDGE('',*,*,#2593,.T.);
#2593 = EDGE_CURVE('',#2586,#2594,#2596,.T.);
#2594 = VERTEX_POINT('',#2595);
#2595 = CARTESIAN_POINT('',(-200.,80.,86.));
#2596 = LINE('',#2597,#2598);
#2597 = CARTESIAN_POINT('',(-200.,80.,75.));
#2598 = VECTOR('',#2599,1.);
#2599 = DIRECTION('',(0.,0.,1.));
#2600 = ORIENTED_EDGE('',*,*,#2601,.F.);
#2601 = EDGE_CURVE('',#2602,#2594,#2604,.T.);
#2602 = VERTEX_POINT('',#2603);
#2603 = CARTESIAN_POINT('',(-200.,78.,86.));
#2604 = LINE('',#2605,#2606);
#2605 = CARTESIAN_POINT('',(-200.,63.5,86.));
#2606 = VECTOR('',#2607,1.);
#2607 = DIRECTION('',(0.,1.,-2.22044604925E-16));
#2608 = ORIENTED_EDGE('',*,*,#2609,.F.);
#2609 = EDGE_CURVE('',#2610,#2602,#2612,.T.);
#2610 = VERTEX_POINT('',#2611);
#2611 = CARTESIAN_POINT('',(-200.,78.,83.5));
#2612 = LINE('',#2613,#2614);
#2613 = CARTESIAN_POINT('',(-200.,78.,85.75));
#2614 = VECTOR('',#2615,1.);
#2615 = DIRECTION('',(0.,2.22044604925E-16,1.));
#2616 = ORIENTED_EDGE('',*,*,#2617,.F.);
#2617 = EDGE_CURVE('',#2618,#2610,#2620,.T.);
#2618 = VERTEX_POINT('',#2619);
#2619 = CARTESIAN_POINT('',(-200.,72.,83.5));
#2620 = LINE('',#2621,#2622);
#2621 = CARTESIAN_POINT('',(-200.,61.,83.5));
#2622 = VECTOR('',#2623,1.);
#2623 = DIRECTION('',(0.,1.,-2.22044604925E-16));
#2624 = ORIENTED_EDGE('',*,*,#2625,.T.);
#2625 = EDGE_CURVE('',#2618,#2626,#2628,.T.);
#2626 = VERTEX_POINT('',#2627);
#2627 = CARTESIAN_POINT('',(-200.,72.,96.5));
#2628 = LINE('',#2629,#2630);
#2629 = CARTESIAN_POINT('',(-200.,72.,85.75));
#2630 = VECTOR('',#2631,1.);
#2631 = DIRECTION('',(0.,2.22044604925E-16,1.));
#2632 = ORIENTED_EDGE('',*,*,#2633,.T.);
#2633 = EDGE_CURVE('',#2626,#2634,#2636,.T.);
#2634 = VERTEX_POINT('',#2635);
#2635 = CARTESIAN_POINT('',(-200.,78.,96.5));
#2636 = LINE('',#2637,#2638);
#2637 = CARTESIAN_POINT('',(-200.,61.,96.5));
#2638 = VECTOR('',#2639,1.);
#2639 = DIRECTION('',(0.,1.,-2.22044604925E-16));
#2640 = ORIENTED_EDGE('',*,*,#2641,.F.);
#2641 = EDGE_CURVE('',#2642,#2634,#2644,.T.);
#2642 = VERTEX_POINT('',#2643);
#2643 = CARTESIAN_POINT('',(-200.,78.,94.));
#2644 = LINE('',#2645,#2646);
#2645 = CARTESIAN_POINT('',(-200.,78.,85.75));
#2646 = VECTOR('',#2647,1.);
#2647 = DIRECTION('',(0.,2.22044604925E-16,1.));
#2648 = ORIENTED_EDGE('',*,*,#2649,.T.);
#2649 = EDGE_CURVE('',#2642,#2650,#2652,.T.);
#2650 = VERTEX_POINT('',#2651);
#2651 = CARTESIAN_POINT('',(-200.,80.,94.));
#2652 = LINE('',#2653,#2654);
#2653 = CARTESIAN_POINT('',(-200.,63.5,94.));
#2654 = VECTOR('',#2655,1.);
#2655 = DIRECTION('',(0.,1.,-2.22044604925E-16));
#2656 = ORIENTED_EDGE('',*,*,#2657,.T.);
#2657 = EDGE_CURVE('',#2650,#2658,#2660,.T.);
#2658 = VERTEX_POINT('',#2659);
#2659 = CARTESIAN_POINT('',(-200.,80.,105.));
#2660 = LINE('',#2661,#2662);
#2661 = CARTESIAN_POINT('',(-200.,80.,75.));
#2662 = VECTOR('',#2663,1.);
#2663 = DIRECTION('',(0.,0.,1.));
#2664 = ORIENTED_EDGE('',*,*,#2665,.F.);
#2665 = EDGE_CURVE('',#2666,#2658,#2668,.T.);
#2666 = VERTEX_POINT('',#2667);
#2667 = CARTESIAN_POINT('',(-200.,69.,105.));
#2668 = LINE('',#2669,#2670);
#2669 = CARTESIAN_POINT('',(-200.,50.,105.));
#2670 = VECTOR('',#2671,1.);
#2671 = DIRECTION('',(0.,1.,0.));
#2672 = ORIENTED_EDGE('',*,*,#2673,.F.);
#2673 = EDGE_CURVE('',#2674,#2666,#2676,.T.);
#2674 = VERTEX_POINT('',#2675);
#2675 = CARTESIAN_POINT('',(-200.,69.,103.));
#2676 = LINE('',#2677,#2678);
#2677 = CARTESIAN_POINT('',(-200.,69.,88.5));
#2678 = VECTOR('',#2679,1.);
#2679 = DIRECTION('',(0.,0.,1.));
#2680 = ORIENTED_EDGE('',*,*,#2681,.F.);
#2681 = EDGE_CURVE('',#2682,#2674,#2684,.T.);
#2682 = VERTEX_POINT('',#2683);
#2683 = CARTESIAN_POINT('',(-200.,71.5,103.));
#2684 = LINE('',#2685,#2686);
#2685 = CARTESIAN_POINT('',(-200.,54.25,103.));
#2686 = VECTOR('',#2687,1.);
#2687 = DIRECTION('',(0.,-1.,0.));
#2688 = ORIENTED_EDGE('',*,*,#2689,.F.);
#2689 = EDGE_CURVE('',#2690,#2682,#2692,.T.);
#2690 = VERTEX_POINT('',#2691);
#2691 = CARTESIAN_POINT('',(-200.,71.5,97.));
#2692 = LINE('',#2693,#2694);
#2693 = CARTESIAN_POINT('',(-200.,71.5,86.));
#2694 = VECTOR('',#2695,1.);
#2695 = DIRECTION('',(0.,0.,1.));
#2696 = ORIENTED_EDGE('',*,*,#2697,.T.);
#2697 = EDGE_CURVE('',#2690,#2698,#2700,.T.);
#2698 = VERTEX_POINT('',#2699);
#2699 = CARTESIAN_POINT('',(-200.,58.5,97.));
#2700 = LINE('',#2701,#2702);
#2701 = CARTESIAN_POINT('',(-200.,54.25,97.));
#2702 = VECTOR('',#2703,1.);
#2703 = DIRECTION('',(0.,-1.,0.));
#2704 = ORIENTED_EDGE('',*,*,#2705,.T.);
#2705 = EDGE_CURVE('',#2698,#2706,#2708,.T.);
#2706 = VERTEX_POINT('',#2707);
#2707 = CARTESIAN_POINT('',(-200.,58.5,103.));
#2708 = LINE('',#2709,#2710);
#2709 = CARTESIAN_POINT('',(-200.,58.5,86.));
#2710 = VECTOR('',#2711,1.);
#2711 = DIRECTION('',(0.,0.,1.));
#2712 = ORIENTED_EDGE('',*,*,#2713,.F.);
#2713 = EDGE_CURVE('',#2714,#2706,#2716,.T.);
#2714 = VERTEX_POINT('',#2715);
#2715 = CARTESIAN_POINT('',(-200.,61.,103.));
#2716 = LINE('',#2717,#2718);
#2717 = CARTESIAN_POINT('',(-200.,54.25,103.));
#2718 = VECTOR('',#2719,1.);
#2719 = DIRECTION('',(0.,-1.,0.));
#2720 = ORIENTED_EDGE('',*,*,#2721,.T.);
#2721 = EDGE_CURVE('',#2714,#2722,#2724,.T.);
#2722 = VERTEX_POINT('',#2723);
#2723 = CARTESIAN_POINT('',(-200.,61.,105.));
#2724 = LINE('',#2725,#2726);
#2725 = CARTESIAN_POINT('',(-200.,61.,88.5));
#2726 = VECTOR('',#2727,1.);
#2727 = DIRECTION('',(0.,0.,1.));
#2728 = ORIENTED_EDGE('',*,*,#2729,.F.);
#2729 = EDGE_CURVE('',#2730,#2722,#2732,.T.);
#2730 = VERTEX_POINT('',#2731);
#2731 = CARTESIAN_POINT('',(-200.,50.,105.));
#2732 = LINE('',#2733,#2734);
#2733 = CARTESIAN_POINT('',(-200.,50.,105.));
#2734 = VECTOR('',#2735,1.);
#2735 = DIRECTION('',(0.,1.,0.));
#2736 = ORIENTED_EDGE('',*,*,#2737,.F.);
#2737 = EDGE_CURVE('',#2738,#2730,#2740,.T.);
#2738 = VERTEX_POINT('',#2739);
#2739 = CARTESIAN_POINT('',(-200.,50.,94.));
#2740 = LINE('',#2741,#2742);
#2741 = CARTESIAN_POINT('',(-200.,50.,75.));
#2742 = VECTOR('',#2743,1.);
#2743 = DIRECTION('',(0.,0.,1.));
#2744 = ORIENTED_EDGE('',*,*,#2745,.F.);
#2745 = EDGE_CURVE('',#2746,#2738,#2748,.T.);
#2746 = VERTEX_POINT('',#2747);
#2747 = CARTESIAN_POINT('',(-200.,52.,94.));
#2748 = LINE('',#2749,#2750);
#2749 = CARTESIAN_POINT('',(-200.,51.5,94.));
#2750 = VECTOR('',#2751,1.);
#2751 = DIRECTION('',(0.,-1.,1.110223024625E-16));
#2752 = ORIENTED_EDGE('',*,*,#2753,.F.);
#2753 = EDGE_CURVE('',#2754,#2746,#2756,.T.);
#2754 = VERTEX_POINT('',#2755);
#2755 = CARTESIAN_POINT('',(-200.,52.,96.5));
#2756 = LINE('',#2757,#2758);
#2757 = CARTESIAN_POINT('',(-200.,52.,79.25));
#2758 = VECTOR('',#2759,1.);
#2759 = DIRECTION('',(0.,-1.110223024625E-16,-1.));
#2760 = ORIENTED_EDGE('',*,*,#2761,.F.);
#2761 = EDGE_CURVE('',#2762,#2754,#2764,.T.);
#2762 = VERTEX_POINT('',#2763);
#2763 = CARTESIAN_POINT('',(-200.,58.,96.5));
#2764 = LINE('',#2765,#2766);
#2765 = CARTESIAN_POINT('',(-200.,54.,96.5));
#2766 = VECTOR('',#2767,1.);
#2767 = DIRECTION('',(0.,-1.,1.110223024625E-16));
#2768 = ORIENTED_EDGE('',*,*,#2769,.T.);
#2769 = EDGE_CURVE('',#2762,#2770,#2772,.T.);
#2770 = VERTEX_POINT('',#2771);
#2771 = CARTESIAN_POINT('',(-200.,58.,83.5));
#2772 = LINE('',#2773,#2774);
#2773 = CARTESIAN_POINT('',(-200.,58.,79.25));
#2774 = VECTOR('',#2775,1.);
#2775 = DIRECTION('',(0.,-1.110223024625E-16,-1.));
#2776 = ORIENTED_EDGE('',*,*,#2777,.T.);
#2777 = EDGE_CURVE('',#2770,#2778,#2780,.T.);
#2778 = VERTEX_POINT('',#2779);
#2779 = CARTESIAN_POINT('',(-200.,52.,83.5));
#2780 = LINE('',#2781,#2782);
#2781 = CARTESIAN_POINT('',(-200.,54.,83.5));
#2782 = VECTOR('',#2783,1.);
#2783 = DIRECTION('',(0.,-1.,1.110223024625E-16));
#2784 = ORIENTED_EDGE('',*,*,#2785,.F.);
#2785 = EDGE_CURVE('',#2786,#2778,#2788,.T.);
#2786 = VERTEX_POINT('',#2787);
#2787 = CARTESIAN_POINT('',(-200.,52.,86.));
#2788 = LINE('',#2789,#2790);
#2789 = CARTESIAN_POINT('',(-200.,52.,79.25));
#2790 = VECTOR('',#2791,1.);
#2791 = DIRECTION('',(0.,-1.110223024625E-16,-1.));
#2792 = ORIENTED_EDGE('',*,*,#2793,.T.);
#2793 = EDGE_CURVE('',#2786,#2514,#2794,.T.);
#2794 = LINE('',#2795,#2796);
#2795 = CARTESIAN_POINT('',(-200.,51.5,86.));
#2796 = VECTOR('',#2797,1.);
#2797 = DIRECTION('',(0.,-1.,1.110223024625E-16));
#2798 = FACE_BOUND('',#2799,.F.);
#2799 = EDGE_LOOP('',(#2800));
#2800 = ORIENTED_EDGE('',*,*,#2801,.F.);
#2801 = EDGE_CURVE('',#2802,#2802,#2804,.T.);
#2802 = VERTEX_POINT('',#2803);
#2803 = CARTESIAN_POINT('',(-200.,65.,93.4));
#2804 = CIRCLE('',#2805,3.4);
#2805 = AXIS2_PLACEMENT_3D('',#2806,#2807,#2808);
#2806 = CARTESIAN_POINT('',(-200.,65.,90.));
#2807 = DIRECTION('',(1.,0.,-0.));
#2808 = DIRECTION('',(0.,0.,1.));
#2809 = PLANE('',#2810);
#2810 = AXIS2_PLACEMENT_3D('',#2811,#2812,#2813);
#2811 = CARTESIAN_POINT('',(-200.,50.,75.));
#2812 = DIRECTION('',(1.,0.,0.));
#2813 = DIRECTION('',(0.,0.,1.));
#2814 = ADVANCED_FACE('',(#2815),#2840,.F.);
#2815 = FACE_BOUND('',#2816,.F.);
#2816 = EDGE_LOOP('',(#2817,#2827,#2833,#2834));
#2817 = ORIENTED_EDGE('',*,*,#2818,.F.);
#2818 = EDGE_CURVE('',#2819,#2821,#2823,.T.);
#2819 = VERTEX_POINT('',#2820);
#2820 = CARTESIAN_POINT('',(200.,50.,75.));
#2821 = VERTEX_POINT('',#2822);
#2822 = CARTESIAN_POINT('',(200.,50.,86.));
#2823 = LINE('',#2824,#2825);
#2824 = CARTESIAN_POINT('',(200.,50.,75.));
#2825 = VECTOR('',#2826,1.);
#2826 = DIRECTION('',(0.,0.,1.));
#2827 = ORIENTED_EDGE('',*,*,#2828,.F.);
#2828 = EDGE_CURVE('',#2512,#2819,#2829,.T.);
#2829 = LINE('',#2830,#2831);
#2830 = CARTESIAN_POINT('',(-200.,50.,75.));
#2831 = VECTOR('',#2832,1.);
#2832 = DIRECTION('',(1.,0.,0.));
#2833 = ORIENTED_EDGE('',*,*,#2511,.T.);
#2834 = ORIENTED_EDGE('',*,*,#2835,.T.);
#2835 = EDGE_CURVE('',#2514,#2821,#2836,.T.);
#2836 = LINE('',#2837,#2838);
#2837 = CARTESIAN_POINT('',(-200.5,50.,86.));
#2838 = VECTOR('',#2839,1.);
#2839 = DIRECTION('',(1.,0.,0.));
#2840 = PLANE('',#2841);
#2841 = AXIS2_PLACEMENT_3D('',#2842,#2843,#2844);
#2842 = CARTESIAN_POINT('',(-200.,50.,75.));
#2843 = DIRECTION('',(0.,1.,0.));
#2844 = DIRECTION('',(0.,0.,1.));
#2845 = ADVANCED_FACE('',(#2846),#2864,.T.);
#2846 = FACE_BOUND('',#2847,.T.);
#2847 = EDGE_LOOP('',(#2848,#2856,#2857,#2858));
#2848 = ORIENTED_EDGE('',*,*,#2849,.F.);
#2849 = EDGE_CURVE('',#2786,#2850,#2852,.T.);
#2850 = VERTEX_POINT('',#2851);
#2851 = CARTESIAN_POINT('',(200.,52.,86.));
#2852 = LINE('',#2853,#2854);
#2853 = CARTESIAN_POINT('',(-201.,52.,86.));
#2854 = VECTOR('',#2855,1.);
#2855 = DIRECTION('',(1.,0.,0.));
#2856 = ORIENTED_EDGE('',*,*,#2793,.T.);
#2857 = ORIENTED_EDGE('',*,*,#2835,.T.);
#2858 = ORIENTED_EDGE('',*,*,#2859,.F.);
#2859 = EDGE_CURVE('',#2850,#2821,#2860,.T.);
#2860 = LINE('',#2861,#2862);
#2861 = CARTESIAN_POINT('',(200.,51.5,86.));
#2862 = VECTOR('',#2863,1.);
#2863 = DIRECTION('',(0.,-1.,1.110223024625E-16));
#2864 = PLANE('',#2865);
#2865 = AXIS2_PLACEMENT_3D('',#2866,#2867,#2868);
#2866 = CARTESIAN_POINT('',(-201.,53.,86.));
#2867 = DIRECTION('',(0.,1.110223024625E-16,1.));
#2868 = DIRECTION('',(0.,-1.,1.110223024625E-16));
#2869 = ADVANCED_FACE('',(#2870),#2888,.F.);
#2870 = FACE_BOUND('',#2871,.F.);
#2871 = EDGE_LOOP('',(#2872,#2873,#2881,#2887));
#2872 = ORIENTED_EDGE('',*,*,#2785,.T.);
#2873 = ORIENTED_EDGE('',*,*,#2874,.T.);
#2874 = EDGE_CURVE('',#2778,#2875,#2877,.T.);
#2875 = VERTEX_POINT('',#2876);
#2876 = CARTESIAN_POINT('',(200.,52.,83.5));
#2877 = LINE('',#2878,#2879);
#2878 = CARTESIAN_POINT('',(-201.,52.,83.5));
#2879 = VECTOR('',#2880,1.);
#2880 = DIRECTION('',(1.,0.,0.));
#2881 = ORIENTED_EDGE('',*,*,#2882,.F.);
#2882 = EDGE_CURVE('',#2850,#2875,#2883,.T.);
#2883 = LINE('',#2884,#2885);
#2884 = CARTESIAN_POINT('',(200.,52.,79.25));
#2885 = VECTOR('',#2886,1.);
#2886 = DIRECTION('',(0.,-1.110223024625E-16,-1.));
#2887 = ORIENTED_EDGE('',*,*,#2849,.F.);
#2888 = PLANE('',#2889);
#2889 = AXIS2_PLACEMENT_3D('',#2890,#2891,#2892);
#2890 = CARTESIAN_POINT('',(-201.,52.,83.5));
#2891 = DIRECTION('',(0.,-1.,1.110223024625E-16));
#2892 = DIRECTION('',(1.,0.,0.));
#2893 = ADVANCED_FACE('',(#2894),#2912,.T.);
#2894 = FACE_BOUND('',#2895,.T.);
#2895 = EDGE_LOOP('',(#2896,#2904,#2905,#2906));
#2896 = ORIENTED_EDGE('',*,*,#2897,.F.);
#2897 = EDGE_CURVE('',#2770,#2898,#2900,.T.);
#2898 = VERTEX_POINT('',#2899);
#2899 = CARTESIAN_POINT('',(200.,58.,83.5));
#2900 = LINE('',#2901,#2902);
#2901 = CARTESIAN_POINT('',(-201.,58.,83.5));
#2902 = VECTOR('',#2903,1.);
#2903 = DIRECTION('',(1.,0.,0.));
#2904 = ORIENTED_EDGE('',*,*,#2777,.T.);
#2905 = ORIENTED_EDGE('',*,*,#2874,.T.);
#2906 = ORIENTED_EDGE('',*,*,#2907,.F.);
#2907 = EDGE_CURVE('',#2898,#2875,#2908,.T.);
#2908 = LINE('',#2909,#2910);
#2909 = CARTESIAN_POINT('',(200.,54.,83.5));
#2910 = VECTOR('',#2911,1.);
#2911 = DIRECTION('',(0.,-1.,1.110223024625E-16));
#2912 = PLANE('',#2913);
#2913 = AXIS2_PLACEMENT_3D('',#2914,#2915,#2916);
#2914 = CARTESIAN_POINT('',(-201.,58.,83.5));
#2915 = DIRECTION('',(0.,1.110223024625E-16,1.));
#2916 = DIRECTION('',(0.,-1.,1.110223024625E-16));
#2917 = ADVANCED_FACE('',(#2918),#2936,.T.);
#2918 = FACE_BOUND('',#2919,.T.);
#2919 = EDGE_LOOP('',(#2920,#2928,#2929,#2930));
#2920 = ORIENTED_EDGE('',*,*,#2921,.F.);
#2921 = EDGE_CURVE('',#2762,#2922,#2924,.T.);
#2922 = VERTEX_POINT('',#2923);
#2923 = CARTESIAN_POINT('',(200.,58.,96.5));
#2924 = LINE('',#2925,#2926);
#2925 = CARTESIAN_POINT('',(-201.,58.,96.5));
#2926 = VECTOR('',#2927,1.);
#2927 = DIRECTION('',(1.,0.,0.));
#2928 = ORIENTED_EDGE('',*,*,#2769,.T.);
#2929 = ORIENTED_EDGE('',*,*,#2897,.T.);
#2930 = ORIENTED_EDGE('',*,*,#2931,.F.);
#2931 = EDGE_CURVE('',#2922,#2898,#2932,.T.);
#2932 = LINE('',#2933,#2934);
#2933 = CARTESIAN_POINT('',(200.,58.,79.25));
#2934 = VECTOR('',#2935,1.);
#2935 = DIRECTION('',(0.,-1.110223024625E-16,-1.));
#2936 = PLANE('',#2937);
#2937 = AXIS2_PLACEMENT_3D('',#2938,#2939,#2940);
#2938 = CARTESIAN_POINT('',(-201.,58.,83.5));
#2939 = DIRECTION('',(0.,-1.,1.110223024625E-16));
#2940 = DIRECTION('',(1.,0.,0.));
#2941 = ADVANCED_FACE('',(#2942),#2960,.F.);
#2942 = FACE_BOUND('',#2943,.F.);
#2943 = EDGE_LOOP('',(#2944,#2945,#2946,#2954));
#2944 = ORIENTED_EDGE('',*,*,#2921,.F.);
#2945 = ORIENTED_EDGE('',*,*,#2761,.T.);
#2946 = ORIENTED_EDGE('',*,*,#2947,.T.);
#2947 = EDGE_CURVE('',#2754,#2948,#2950,.T.);
#2948 = VERTEX_POINT('',#2949);
#2949 = CARTESIAN_POINT('',(200.,52.,96.5));
#2950 = LINE('',#2951,#2952);
#2951 = CARTESIAN_POINT('',(-201.,52.,96.5));
#2952 = VECTOR('',#2953,1.);
#2953 = DIRECTION('',(1.,0.,0.));
#2954 = ORIENTED_EDGE('',*,*,#2955,.F.);
#2955 = EDGE_CURVE('',#2922,#2948,#2956,.T.);
#2956 = LINE('',#2957,#2958);
#2957 = CARTESIAN_POINT('',(200.,54.,96.5));
#2958 = VECTOR('',#2959,1.);
#2959 = DIRECTION('',(0.,-1.,1.110223024625E-16));
#2960 = PLANE('',#2961);
#2961 = AXIS2_PLACEMENT_3D('',#2962,#2963,#2964);
#2962 = CARTESIAN_POINT('',(-201.,58.,96.5));
#2963 = DIRECTION('',(0.,1.110223024625E-16,1.));
#2964 = DIRECTION('',(0.,-1.,1.110223024625E-16));
#2965 = ADVANCED_FACE('',(#2966),#2984,.F.);
#2966 = FACE_BOUND('',#2967,.F.);
#2967 = EDGE_LOOP('',(#2968,#2969,#2977,#2983));
#2968 = ORIENTED_EDGE('',*,*,#2753,.T.);
#2969 = ORIENTED_EDGE('',*,*,#2970,.T.);
#2970 = EDGE_CURVE('',#2746,#2971,#2973,.T.);
#2971 = VERTEX_POINT('',#2972);
#2972 = CARTESIAN_POINT('',(200.,52.,94.));
#2973 = LINE('',#2974,#2975);
#2974 = CARTESIAN_POINT('',(-201.,52.,94.));
#2975 = VECTOR('',#2976,1.);
#2976 = DIRECTION('',(1.,0.,0.));
#2977 = ORIENTED_EDGE('',*,*,#2978,.F.);
#2978 = EDGE_CURVE('',#2948,#2971,#2979,.T.);
#2979 = LINE('',#2980,#2981);
#2980 = CARTESIAN_POINT('',(200.,52.,79.25));
#2981 = VECTOR('',#2982,1.);
#2982 = DIRECTION('',(0.,-1.110223024625E-16,-1.));
#2983 = ORIENTED_EDGE('',*,*,#2947,.F.);
#2984 = PLANE('',#2985);
#2985 = AXIS2_PLACEMENT_3D('',#2986,#2987,#2988);
#2986 = CARTESIAN_POINT('',(-201.,52.,83.5));
#2987 = DIRECTION('',(0.,-1.,1.110223024625E-16));
#2988 = DIRECTION('',(1.,0.,0.));
#2989 = ADVANCED_FACE('',(#2990),#3008,.F.);
#2990 = FACE_BOUND('',#2991,.F.);
#2991 = EDGE_LOOP('',(#2992,#2993,#2994,#3002));
#2992 = ORIENTED_EDGE('',*,*,#2970,.F.);
#2993 = ORIENTED_EDGE('',*,*,#2745,.T.);
#2994 = ORIENTED_EDGE('',*,*,#2995,.T.);
#2995 = EDGE_CURVE('',#2738,#2996,#2998,.T.);
#2996 = VERTEX_POINT('',#2997);
#2997 = CARTESIAN_POINT('',(200.,50.,94.));
#2998 = LINE('',#2999,#3000);
#2999 = CARTESIAN_POINT('',(-200.5,50.,94.));
#3000 = VECTOR('',#3001,1.);
#3001 = DIRECTION('',(1.,0.,0.));
#3002 = ORIENTED_EDGE('',*,*,#3003,.F.);
#3003 = EDGE_CURVE('',#2971,#2996,#3004,.T.);
#3004 = LINE('',#3005,#3006);
#3005 = CARTESIAN_POINT('',(200.,51.5,94.));
#3006 = VECTOR('',#3007,1.);
#3007 = DIRECTION('',(0.,-1.,1.110223024625E-16));
#3008 = PLANE('',#3009);
#3009 = AXIS2_PLACEMENT_3D('',#3010,#3011,#3012);
#3010 = CARTESIAN_POINT('',(-201.,53.,94.));
#3011 = DIRECTION('',(0.,1.110223024625E-16,1.));
#3012 = DIRECTION('',(0.,-1.,1.110223024625E-16));
#3013 = ADVANCED_FACE('',(#3014),#3032,.F.);
#3014 = FACE_BOUND('',#3015,.F.);
#3015 = EDGE_LOOP('',(#3016,#3024,#3025,#3026));
#3016 = ORIENTED_EDGE('',*,*,#3017,.F.);
#3017 = EDGE_CURVE('',#2996,#3018,#3020,.T.);
#3018 = VERTEX_POINT('',#3019);
#3019 = CARTESIAN_POINT('',(200.,50.,105.));
#3020 = LINE('',#3021,#3022);
#3021 = CARTESIAN_POINT('',(200.,50.,75.));
#3022 = VECTOR('',#3023,1.);
#3023 = DIRECTION('',(0.,0.,1.));
#3024 = ORIENTED_EDGE('',*,*,#2995,.F.);
#3025 = ORIENTED_EDGE('',*,*,#2737,.T.);
#3026 = ORIENTED_EDGE('',*,*,#3027,.T.);
#3027 = EDGE_CURVE('',#2730,#3018,#3028,.T.);
#3028 = LINE('',#3029,#3030);
#3029 = CARTESIAN_POINT('',(-200.,50.,105.));
#3030 = VECTOR('',#3031,1.);
#3031 = DIRECTION('',(1.,0.,0.));
#3032 = PLANE('',#3033);
#3033 = AXIS2_PLACEMENT_3D('',#3034,#3035,#3036);
#3034 = CARTESIAN_POINT('',(-200.,50.,75.));
#3035 = DIRECTION('',(0.,1.,0.));
#3036 = DIRECTION('',(0.,0.,1.));
#3037 = ADVANCED_FACE('',(#3038),#3056,.T.);
#3038 = FACE_BOUND('',#3039,.T.);
#3039 = EDGE_LOOP('',(#3040,#3041,#3042,#3050));
#3040 = ORIENTED_EDGE('',*,*,#2729,.F.);
#3041 = ORIENTED_EDGE('',*,*,#3027,.T.);
#3042 = ORIENTED_EDGE('',*,*,#3043,.T.);
#3043 = EDGE_CURVE('',#3018,#3044,#3046,.T.);
#3044 = VERTEX_POINT('',#3045);
#3045 = CARTESIAN_POINT('',(200.,61.,105.));
#3046 = LINE('',#3047,#3048);
#3047 = CARTESIAN_POINT('',(200.,50.,105.));
#3048 = VECTOR('',#3049,1.);
#3049 = DIRECTION('',(0.,1.,0.));
#3050 = ORIENTED_EDGE('',*,*,#3051,.T.);
#3051 = EDGE_CURVE('',#3044,#2722,#3052,.T.);
#3052 = LINE('',#3053,#3054);
#3053 = CARTESIAN_POINT('',(-200.5,61.,105.));
#3054 = VECTOR('',#3055,1.);
#3055 = DIRECTION('',(-1.,0.,0.));
#3056 = PLANE('',#3057);
#3057 = AXIS2_PLACEMENT_3D('',#3058,#3059,#3060);
#3058 = CARTESIAN_POINT('',(-200.,50.,105.));
#3059 = DIRECTION('',(0.,0.,1.));
#3060 = DIRECTION('',(1.,0.,0.));
#3061 = ADVANCED_FACE('',(#3062),#3080,.T.);
#3062 = FACE_BOUND('',#3063,.T.);
#3063 = EDGE_LOOP('',(#3064,#3072,#3073,#3074));
#3064 = ORIENTED_EDGE('',*,*,#3065,.F.);
#3065 = EDGE_CURVE('',#2714,#3066,#3068,.T.);
#3066 = VERTEX_POINT('',#3067);
#3067 = CARTESIAN_POINT('',(200.,61.,103.));
#3068 = LINE('',#3069,#3070);
#3069 = CARTESIAN_POINT('',(-201.,61.,103.));
#3070 = VECTOR('',#3071,1.);
#3071 = DIRECTION('',(1.,0.,0.));
#3072 = ORIENTED_EDGE('',*,*,#2721,.T.);
#3073 = ORIENTED_EDGE('',*,*,#3051,.F.);
#3074 = ORIENTED_EDGE('',*,*,#3075,.F.);
#3075 = EDGE_CURVE('',#3066,#3044,#3076,.T.);
#3076 = LINE('',#3077,#3078);
#3077 = CARTESIAN_POINT('',(200.,61.,88.5));
#3078 = VECTOR('',#3079,1.);
#3079 = DIRECTION('',(0.,0.,1.));
#3080 = PLANE('',#3081);
#3081 = AXIS2_PLACEMENT_3D('',#3082,#3083,#3084);
#3082 = CARTESIAN_POINT('',(-201.,61.,102.));
#3083 = DIRECTION('',(0.,1.,0.));
#3084 = DIRECTION('',(0.,0.,1.));
#3085 = ADVANCED_FACE('',(#3086),#3104,.F.);
#3086 = FACE_BOUND('',#3087,.F.);
#3087 = EDGE_LOOP('',(#3088,#3089,#3097,#3103));
#3088 = ORIENTED_EDGE('',*,*,#2713,.T.);
#3089 = ORIENTED_EDGE('',*,*,#3090,.T.);
#3090 = EDGE_CURVE('',#2706,#3091,#3093,.T.);
#3091 = VERTEX_POINT('',#3092);
#3092 = CARTESIAN_POINT('',(200.,58.5,103.));
#3093 = LINE('',#3094,#3095);
#3094 = CARTESIAN_POINT('',(-201.,58.5,103.));
#3095 = VECTOR('',#3096,1.);
#3096 = DIRECTION('',(1.,0.,0.));
#3097 = ORIENTED_EDGE('',*,*,#3098,.F.);
#3098 = EDGE_CURVE('',#3066,#3091,#3099,.T.);
#3099 = LINE('',#3100,#3101);
#3100 = CARTESIAN_POINT('',(200.,54.25,103.));
#3101 = VECTOR('',#3102,1.);
#3102 = DIRECTION('',(0.,-1.,0.));
#3103 = ORIENTED_EDGE('',*,*,#3065,.F.);
#3104 = PLANE('',#3105);
#3105 = AXIS2_PLACEMENT_3D('',#3106,#3107,#3108);
#3106 = CARTESIAN_POINT('',(-201.,58.5,103.));
#3107 = DIRECTION('',(0.,0.,1.));
#3108 = DIRECTION('',(1.,0.,0.));
#3109 = ADVANCED_FACE('',(#3110),#3128,.T.);
#3110 = FACE_BOUND('',#3111,.T.);
#3111 = EDGE_LOOP('',(#3112,#3120,#3121,#3122));
#3112 = ORIENTED_EDGE('',*,*,#3113,.F.);
#3113 = EDGE_CURVE('',#2698,#3114,#3116,.T.);
#3114 = VERTEX_POINT('',#3115);
#3115 = CARTESIAN_POINT('',(200.,58.5,97.));
#3116 = LINE('',#3117,#3118);
#3117 = CARTESIAN_POINT('',(-201.,58.5,97.));
#3118 = VECTOR('',#3119,1.);
#3119 = DIRECTION('',(1.,0.,0.));
#3120 = ORIENTED_EDGE('',*,*,#2705,.T.);
#3121 = ORIENTED_EDGE('',*,*,#3090,.T.);
#3122 = ORIENTED_EDGE('',*,*,#3123,.F.);
#3123 = EDGE_CURVE('',#3114,#3091,#3124,.T.);
#3124 = LINE('',#3125,#3126);
#3125 = CARTESIAN_POINT('',(200.,58.5,86.));
#3126 = VECTOR('',#3127,1.);
#3127 = DIRECTION('',(0.,0.,1.));
#3128 = PLANE('',#3129);
#3129 = AXIS2_PLACEMENT_3D('',#3130,#3131,#3132);
#3130 = CARTESIAN_POINT('',(-201.,58.5,97.));
#3131 = DIRECTION('',(0.,1.,0.));
#3132 = DIRECTION('',(0.,0.,1.));
#3133 = ADVANCED_FACE('',(#3134),#3152,.T.);
#3134 = FACE_BOUND('',#3135,.T.);
#3135 = EDGE_LOOP('',(#3136,#3144,#3145,#3146));
#3136 = ORIENTED_EDGE('',*,*,#3137,.F.);
#3137 = EDGE_CURVE('',#2690,#3138,#3140,.T.);
#3138 = VERTEX_POINT('',#3139);
#3139 = CARTESIAN_POINT('',(200.,71.5,97.));
#3140 = LINE('',#3141,#3142);
#3141 = CARTESIAN_POINT('',(-201.,71.5,97.));
#3142 = VECTOR('',#3143,1.);
#3143 = DIRECTION('',(1.,0.,0.));
#3144 = ORIENTED_EDGE('',*,*,#2697,.T.);
#3145 = ORIENTED_EDGE('',*,*,#3113,.T.);
#3146 = ORIENTED_EDGE('',*,*,#3147,.F.);
#3147 = EDGE_CURVE('',#3138,#3114,#3148,.T.);
#3148 = LINE('',#3149,#3150);
#3149 = CARTESIAN_POINT('',(200.,54.25,97.));
#3150 = VECTOR('',#3151,1.);
#3151 = DIRECTION('',(0.,-1.,0.));
#3152 = PLANE('',#3153);
#3153 = AXIS2_PLACEMENT_3D('',#3154,#3155,#3156);
#3154 = CARTESIAN_POINT('',(-201.,58.5,97.));
#3155 = DIRECTION('',(0.,0.,1.));
#3156 = DIRECTION('',(1.,0.,0.));
#3157 = ADVANCED_FACE('',(#3158),#3176,.F.);
#3158 = FACE_BOUND('',#3159,.F.);
#3159 = EDGE_LOOP('',(#3160,#3161,#3162,#3170));
#3160 = ORIENTED_EDGE('',*,*,#3137,.F.);
#3161 = ORIENTED_EDGE('',*,*,#2689,.T.);
#3162 = ORIENTED_EDGE('',*,*,#3163,.T.);
#3163 = EDGE_CURVE('',#2682,#3164,#3166,.T.);
#3164 = VERTEX_POINT('',#3165);
#3165 = CARTESIAN_POINT('',(200.,71.5,103.));
#3166 = LINE('',#3167,#3168);
#3167 = CARTESIAN_POINT('',(-201.,71.5,103.));
#3168 = VECTOR('',#3169,1.);
#3169 = DIRECTION('',(1.,0.,0.));
#3170 = ORIENTED_EDGE('',*,*,#3171,.F.);
#3171 = EDGE_CURVE('',#3138,#3164,#3172,.T.);
#3172 = LINE('',#3173,#3174);
#3173 = CARTESIAN_POINT('',(200.,71.5,86.));
#3174 = VECTOR('',#3175,1.);
#3175 = DIRECTION('',(0.,0.,1.));
#3176 = PLANE('',#3177);
#3177 = AXIS2_PLACEMENT_3D('',#3178,#3179,#3180);
#3178 = CARTESIAN_POINT('',(-201.,71.5,97.));
#3179 = DIRECTION('',(0.,1.,0.));
#3180 = DIRECTION('',(0.,0.,1.));
#3181 = ADVANCED_FACE('',(#3182),#3200,.F.);
#3182 = FACE_BOUND('',#3183,.F.);
#3183 = EDGE_LOOP('',(#3184,#3185,#3193,#3199));
#3184 = ORIENTED_EDGE('',*,*,#2681,.T.);
#3185 = ORIENTED_EDGE('',*,*,#3186,.T.);
#3186 = EDGE_CURVE('',#2674,#3187,#3189,.T.);
#3187 = VERTEX_POINT('',#3188);
#3188 = CARTESIAN_POINT('',(200.,69.,103.));
#3189 = LINE('',#3190,#3191);
#3190 = CARTESIAN_POINT('',(-201.,69.,103.));
#3191 = VECTOR('',#3192,1.);
#3192 = DIRECTION('',(1.,0.,0.));
#3193 = ORIENTED_EDGE('',*,*,#3194,.F.);
#3194 = EDGE_CURVE('',#3164,#3187,#3195,.T.);
#3195 = LINE('',#3196,#3197);
#3196 = CARTESIAN_POINT('',(200.,54.25,103.));
#3197 = VECTOR('',#3198,1.);
#3198 = DIRECTION('',(0.,-1.,0.));
#3199 = ORIENTED_EDGE('',*,*,#3163,.F.);
#3200 = PLANE('',#3201);
#3201 = AXIS2_PLACEMENT_3D('',#3202,#3203,#3204);
#3202 = CARTESIAN_POINT('',(-201.,58.5,103.));
#3203 = DIRECTION('',(0.,0.,1.));
#3204 = DIRECTION('',(1.,0.,0.));
#3205 = ADVANCED_FACE('',(#3206),#3224,.F.);
#3206 = FACE_BOUND('',#3207,.F.);
#3207 = EDGE_LOOP('',(#3208,#3209,#3210,#3218));
#3208 = ORIENTED_EDGE('',*,*,#3186,.F.);
#3209 = ORIENTED_EDGE('',*,*,#2673,.T.);
#3210 = ORIENTED_EDGE('',*,*,#3211,.F.);
#3211 = EDGE_CURVE('',#3212,#2666,#3214,.T.);
#3212 = VERTEX_POINT('',#3213);
#3213 = CARTESIAN_POINT('',(200.,69.,105.));
#3214 = LINE('',#3215,#3216);
#3215 = CARTESIAN_POINT('',(-200.5,69.,105.));
#3216 = VECTOR('',#3217,1.);
#3217 = DIRECTION('',(-1.,0.,0.));
#3218 = ORIENTED_EDGE('',*,*,#3219,.F.);
#3219 = EDGE_CURVE('',#3187,#3212,#3220,.T.);
#3220 = LINE('',#3221,#3222);
#3221 = CARTESIAN_POINT('',(200.,69.,88.5));
#3222 = VECTOR('',#3223,1.);
#3223 = DIRECTION('',(0.,0.,1.));
#3224 = PLANE('',#3225);
#3225 = AXIS2_PLACEMENT_3D('',#3226,#3227,#3228);
#3226 = CARTESIAN_POINT('',(-201.,69.,102.));
#3227 = DIRECTION('',(0.,1.,0.));
#3228 = DIRECTION('',(0.,0.,1.));
#3229 = ADVANCED_FACE('',(#3230),#3248,.T.);
#3230 = FACE_BOUND('',#3231,.T.);
#3231 = EDGE_LOOP('',(#3232,#3233,#3234,#3242));
#3232 = ORIENTED_EDGE('',*,*,#2665,.F.);
#3233 = ORIENTED_EDGE('',*,*,#3211,.F.);
#3234 = ORIENTED_EDGE('',*,*,#3235,.T.);
#3235 = EDGE_CURVE('',#3212,#3236,#3238,.T.);
#3236 = VERTEX_POINT('',#3237);
#3237 = CARTESIAN_POINT('',(200.,80.,105.));
#3238 = LINE('',#3239,#3240);
#3239 = CARTESIAN_POINT('',(200.,50.,105.));
#3240 = VECTOR('',#3241,1.);
#3241 = DIRECTION('',(0.,1.,0.));
#3242 = ORIENTED_EDGE('',*,*,#3243,.F.);
#3243 = EDGE_CURVE('',#2658,#3236,#3244,.T.);
#3244 = LINE('',#3245,#3246);
#3245 = CARTESIAN_POINT('',(-200.,80.,105.));
#3246 = VECTOR('',#3247,1.);
#3247 = DIRECTION('',(1.,0.,0.));
#3248 = PLANE('',#3249);
#3249 = AXIS2_PLACEMENT_3D('',#3250,#3251,#3252);
#3250 = CARTESIAN_POINT('',(-200.,50.,105.));
#3251 = DIRECTION('',(0.,0.,1.));
#3252 = DIRECTION('',(1.,0.,0.));
#3253 = ADVANCED_FACE('',(#3254),#3272,.T.);
#3254 = FACE_BOUND('',#3255,.T.);
#3255 = EDGE_LOOP('',(#3256,#3264,#3270,#3271));
#3256 = ORIENTED_EDGE('',*,*,#3257,.F.);
#3257 = EDGE_CURVE('',#3258,#3236,#3260,.T.);
#3258 = VERTEX_POINT('',#3259);
#3259 = CARTESIAN_POINT('',(200.,80.,94.));
#3260 = LINE('',#3261,#3262);
#3261 = CARTESIAN_POINT('',(200.,80.,75.));
#3262 = VECTOR('',#3263,1.);
#3263 = DIRECTION('',(0.,0.,1.));
#3264 = ORIENTED_EDGE('',*,*,#3265,.T.);
#3265 = EDGE_CURVE('',#3258,#2650,#3266,.T.);
#3266 = LINE('',#3267,#3268);
#3267 = CARTESIAN_POINT('',(-200.5,80.,94.));
#3268 = VECTOR('',#3269,1.);
#3269 = DIRECTION('',(-1.,0.,0.));
#3270 = ORIENTED_EDGE('',*,*,#2657,.T.);
#3271 = ORIENTED_EDGE('',*,*,#3243,.T.);
#3272 = PLANE('',#3273);
#3273 = AXIS2_PLACEMENT_3D('',#3274,#3275,#3276);
#3274 = CARTESIAN_POINT('',(-200.,80.,75.));
#3275 = DIRECTION('',(0.,1.,0.));
#3276 = DIRECTION('',(0.,0.,1.));
#3277 = ADVANCED_FACE('',(#3278),#3296,.T.);
#3278 = FACE_BOUND('',#3279,.T.);
#3279 = EDGE_LOOP('',(#3280,#3288,#3289,#3290));
#3280 = ORIENTED_EDGE('',*,*,#3281,.F.);
#3281 = EDGE_CURVE('',#2642,#3282,#3284,.T.);
#3282 = VERTEX_POINT('',#3283);
#3283 = CARTESIAN_POINT('',(200.,78.,94.));
#3284 = LINE('',#3285,#3286);
#3285 = CARTESIAN_POINT('',(-201.,78.,94.));
#3286 = VECTOR('',#3287,1.);
#3287 = DIRECTION('',(1.,0.,0.));
#3288 = ORIENTED_EDGE('',*,*,#2649,.T.);
#3289 = ORIENTED_EDGE('',*,*,#3265,.F.);
#3290 = ORIENTED_EDGE('',*,*,#3291,.F.);
#3291 = EDGE_CURVE('',#3282,#3258,#3292,.T.);
#3292 = LINE('',#3293,#3294);
#3293 = CARTESIAN_POINT('',(200.,63.5,94.));
#3294 = VECTOR('',#3295,1.);
#3295 = DIRECTION('',(0.,1.,-2.22044604925E-16));
#3296 = PLANE('',#3297);
#3297 = AXIS2_PLACEMENT_3D('',#3298,#3299,#3300);
#3298 = CARTESIAN_POINT('',(-201.,77.,94.));
#3299 = DIRECTION('',(0.,-2.22044604925E-16,-1.));
#3300 = DIRECTION('',(0.,1.,-2.22044604925E-16));
#3301 = ADVANCED_FACE('',(#3302),#3320,.F.);
#3302 = FACE_BOUND('',#3303,.F.);
#3303 = EDGE_LOOP('',(#3304,#3305,#3313,#3319));
#3304 = ORIENTED_EDGE('',*,*,#2641,.T.);
#3305 = ORIENTED_EDGE('',*,*,#3306,.T.);
#3306 = EDGE_CURVE('',#2634,#3307,#3309,.T.);
#3307 = VERTEX_POINT('',#3308);
#3308 = CARTESIAN_POINT('',(200.,78.,96.5));
#3309 = LINE('',#3310,#3311);
#3310 = CARTESIAN_POINT('',(-201.,78.,96.5));
#3311 = VECTOR('',#3312,1.);
#3312 = DIRECTION('',(1.,0.,0.));
#3313 = ORIENTED_EDGE('',*,*,#3314,.F.);
#3314 = EDGE_CURVE('',#3282,#3307,#3315,.T.);
#3315 = LINE('',#3316,#3317);
#3316 = CARTESIAN_POINT('',(200.,78.,85.75));
#3317 = VECTOR('',#3318,1.);
#3318 = DIRECTION('',(0.,2.22044604925E-16,1.));
#3319 = ORIENTED_EDGE('',*,*,#3281,.F.);
#3320 = PLANE('',#3321);
#3321 = AXIS2_PLACEMENT_3D('',#3322,#3323,#3324);
#3322 = CARTESIAN_POINT('',(-201.,78.,96.5));
#3323 = DIRECTION('',(0.,1.,-2.22044604925E-16));
#3324 = DIRECTION('',(1.,0.,0.));
#3325 = ADVANCED_FACE('',(#3326),#3344,.T.);
#3326 = FACE_BOUND('',#3327,.T.);
#3327 = EDGE_LOOP('',(#3328,#3336,#3337,#3338));
#3328 = ORIENTED_EDGE('',*,*,#3329,.F.);
#3329 = EDGE_CURVE('',#2626,#3330,#3332,.T.);
#3330 = VERTEX_POINT('',#3331);
#3331 = CARTESIAN_POINT('',(200.,72.,96.5));
#3332 = LINE('',#3333,#3334);
#3333 = CARTESIAN_POINT('',(-201.,72.,96.5));
#3334 = VECTOR('',#3335,1.);
#3335 = DIRECTION('',(1.,0.,0.));
#3336 = ORIENTED_EDGE('',*,*,#2633,.T.);
#3337 = ORIENTED_EDGE('',*,*,#3306,.T.);
#3338 = ORIENTED_EDGE('',*,*,#3339,.F.);
#3339 = EDGE_CURVE('',#3330,#3307,#3340,.T.);
#3340 = LINE('',#3341,#3342);
#3341 = CARTESIAN_POINT('',(200.,61.,96.5));
#3342 = VECTOR('',#3343,1.);
#3343 = DIRECTION('',(0.,1.,-2.22044604925E-16));
#3344 = PLANE('',#3345);
#3345 = AXIS2_PLACEMENT_3D('',#3346,#3347,#3348);
#3346 = CARTESIAN_POINT('',(-201.,72.,96.5));
#3347 = DIRECTION('',(0.,-2.22044604925E-16,-1.));
#3348 = DIRECTION('',(0.,1.,-2.22044604925E-16));
#3349 = ADVANCED_FACE('',(#3350),#3368,.T.);
#3350 = FACE_BOUND('',#3351,.T.);
#3351 = EDGE_LOOP('',(#3352,#3360,#3361,#3362));
#3352 = ORIENTED_EDGE('',*,*,#3353,.F.);
#3353 = EDGE_CURVE('',#2618,#3354,#3356,.T.);
#3354 = VERTEX_POINT('',#3355);
#3355 = CARTESIAN_POINT('',(200.,72.,83.5));
#3356 = LINE('',#3357,#3358);
#3357 = CARTESIAN_POINT('',(-201.,72.,83.5));
#3358 = VECTOR('',#3359,1.);
#3359 = DIRECTION('',(1.,0.,0.));
#3360 = ORIENTED_EDGE('',*,*,#2625,.T.);
#3361 = ORIENTED_EDGE('',*,*,#3329,.T.);
#3362 = ORIENTED_EDGE('',*,*,#3363,.F.);
#3363 = EDGE_CURVE('',#3354,#3330,#3364,.T.);
#3364 = LINE('',#3365,#3366);
#3365 = CARTESIAN_POINT('',(200.,72.,85.75));
#3366 = VECTOR('',#3367,1.);
#3367 = DIRECTION('',(0.,2.22044604925E-16,1.));
#3368 = PLANE('',#3369);
#3369 = AXIS2_PLACEMENT_3D('',#3370,#3371,#3372);
#3370 = CARTESIAN_POINT('',(-201.,72.,96.5));
#3371 = DIRECTION('',(0.,1.,-2.22044604925E-16));
#3372 = DIRECTION('',(1.,0.,0.));
#3373 = ADVANCED_FACE('',(#3374),#3392,.F.);
#3374 = FACE_BOUND('',#3375,.F.);
#3375 = EDGE_LOOP('',(#3376,#3377,#3378,#3386));
#3376 = ORIENTED_EDGE('',*,*,#3353,.F.);
#3377 = ORIENTED_EDGE('',*,*,#2617,.T.);
#3378 = ORIENTED_EDGE('',*,*,#3379,.T.);
#3379 = EDGE_CURVE('',#2610,#3380,#3382,.T.);
#3380 = VERTEX_POINT('',#3381);
#3381 = CARTESIAN_POINT('',(200.,78.,83.5));
#3382 = LINE('',#3383,#3384);
#3383 = CARTESIAN_POINT('',(-201.,78.,83.5));
#3384 = VECTOR('',#3385,1.);
#3385 = DIRECTION('',(1.,0.,0.));
#3386 = ORIENTED_EDGE('',*,*,#3387,.F.);
#3387 = EDGE_CURVE('',#3354,#3380,#3388,.T.);
#3388 = LINE('',#3389,#3390);
#3389 = CARTESIAN_POINT('',(200.,61.,83.5));
#3390 = VECTOR('',#3391,1.);
#3391 = DIRECTION('',(0.,1.,-2.22044604925E-16));
#3392 = PLANE('',#3393);
#3393 = AXIS2_PLACEMENT_3D('',#3394,#3395,#3396);
#3394 = CARTESIAN_POINT('',(-201.,72.,83.5));
#3395 = DIRECTION('',(0.,-2.22044604925E-16,-1.));
#3396 = DIRECTION('',(0.,1.,-2.22044604925E-16));
#3397 = ADVANCED_FACE('',(#3398),#3416,.F.);
#3398 = FACE_BOUND('',#3399,.F.);
#3399 = EDGE_LOOP('',(#3400,#3401,#3409,#3415));
#3400 = ORIENTED_EDGE('',*,*,#2609,.T.);
#3401 = ORIENTED_EDGE('',*,*,#3402,.T.);
#3402 = EDGE_CURVE('',#2602,#3403,#3405,.T.);
#3403 = VERTEX_POINT('',#3404);
#3404 = CARTESIAN_POINT('',(200.,78.,86.));
#3405 = LINE('',#3406,#3407);
#3406 = CARTESIAN_POINT('',(-201.,78.,86.));
#3407 = VECTOR('',#3408,1.);
#3408 = DIRECTION('',(1.,0.,0.));
#3409 = ORIENTED_EDGE('',*,*,#3410,.F.);
#3410 = EDGE_CURVE('',#3380,#3403,#3411,.T.);
#3411 = LINE('',#3412,#3413);
#3412 = CARTESIAN_POINT('',(200.,78.,85.75));
#3413 = VECTOR('',#3414,1.);
#3414 = DIRECTION('',(0.,2.22044604925E-16,1.));
#3415 = ORIENTED_EDGE('',*,*,#3379,.F.);
#3416 = PLANE('',#3417);
#3417 = AXIS2_PLACEMENT_3D('',#3418,#3419,#3420);
#3418 = CARTESIAN_POINT('',(-201.,78.,96.5));
#3419 = DIRECTION('',(0.,1.,-2.22044604925E-16));
#3420 = DIRECTION('',(1.,0.,0.));
#3421 = ADVANCED_FACE('',(#3422),#3440,.F.);
#3422 = FACE_BOUND('',#3423,.F.);
#3423 = EDGE_LOOP('',(#3424,#3425,#3426,#3434));
#3424 = ORIENTED_EDGE('',*,*,#3402,.F.);
#3425 = ORIENTED_EDGE('',*,*,#2601,.T.);
#3426 = ORIENTED_EDGE('',*,*,#3427,.F.);
#3427 = EDGE_CURVE('',#3428,#2594,#3430,.T.);
#3428 = VERTEX_POINT('',#3429);
#3429 = CARTESIAN_POINT('',(200.,80.,86.));
#3430 = LINE('',#3431,#3432);
#3431 = CARTESIAN_POINT('',(-200.5,80.,86.));
#3432 = VECTOR('',#3433,1.);
#3433 = DIRECTION('',(-1.,0.,0.));
#3434 = ORIENTED_EDGE('',*,*,#3435,.F.);
#3435 = EDGE_CURVE('',#3403,#3428,#3436,.T.);
#3436 = LINE('',#3437,#3438);
#3437 = CARTESIAN_POINT('',(200.,63.5,86.));
#3438 = VECTOR('',#3439,1.);
#3439 = DIRECTION('',(0.,1.,-2.22044604925E-16));
#3440 = PLANE('',#3441);
#3441 = AXIS2_PLACEMENT_3D('',#3442,#3443,#3444);
#3442 = CARTESIAN_POINT('',(-201.,77.,86.));
#3443 = DIRECTION('',(0.,-2.22044604925E-16,-1.));
#3444 = DIRECTION('',(0.,1.,-2.22044604925E-16));
#3445 = ADVANCED_FACE('',(#3446),#3464,.T.);
#3446 = FACE_BOUND('',#3447,.T.);
#3447 = EDGE_LOOP('',(#3448,#3456,#3462,#3463));
#3448 = ORIENTED_EDGE('',*,*,#3449,.F.);
#3449 = EDGE_CURVE('',#3450,#3428,#3452,.T.);
#3450 = VERTEX_POINT('',#3451);
#3451 = CARTESIAN_POINT('',(200.,80.,75.));
#3452 = LINE('',#3453,#3454);
#3453 = CARTESIAN_POINT('',(200.,80.,75.));
#3454 = VECTOR('',#3455,1.);
#3455 = DIRECTION('',(0.,0.,1.));
#3456 = ORIENTED_EDGE('',*,*,#3457,.F.);
#3457 = EDGE_CURVE('',#2586,#3450,#3458,.T.);
#3458 = LINE('',#3459,#3460);
#3459 = CARTESIAN_POINT('',(-200.,80.,75.));
#3460 = VECTOR('',#3461,1.);
#3461 = DIRECTION('',(1.,0.,0.));
#3462 = ORIENTED_EDGE('',*,*,#2593,.T.);
#3463 = ORIENTED_EDGE('',*,*,#3427,.F.);
#3464 = PLANE('',#3465);
#3465 = AXIS2_PLACEMENT_3D('',#3466,#3467,#3468);
#3466 = CARTESIAN_POINT('',(-200.,80.,75.));
#3467 = DIRECTION('',(0.,1.,0.));
#3468 = DIRECTION('',(0.,0.,1.));
#3469 = ADVANCED_FACE('',(#3470),#3488,.F.);
#3470 = FACE_BOUND('',#3471,.F.);
#3471 = EDGE_LOOP('',(#3472,#3473,#3481,#3487));
#3472 = ORIENTED_EDGE('',*,*,#2585,.F.);
#3473 = ORIENTED_EDGE('',*,*,#3474,.T.);
#3474 = EDGE_CURVE('',#2578,#3475,#3477,.T.);
#3475 = VERTEX_POINT('',#3476);
#3476 = CARTESIAN_POINT('',(200.,69.,75.));
#3477 = LINE('',#3478,#3479);
#3478 = CARTESIAN_POINT('',(-200.5,69.,75.));
#3479 = VECTOR('',#3480,1.);
#3480 = DIRECTION('',(1.,0.,0.));
#3481 = ORIENTED_EDGE('',*,*,#3482,.T.);
#3482 = EDGE_CURVE('',#3475,#3450,#3483,.T.);
#3483 = LINE('',#3484,#3485);
#3484 = CARTESIAN_POINT('',(200.,50.,75.));
#3485 = VECTOR('',#3486,1.);
#3486 = DIRECTION('',(0.,1.,0.));
#3487 = ORIENTED_EDGE('',*,*,#3457,.F.);
#3488 = PLANE('',#3489);
#3489 = AXIS2_PLACEMENT_3D('',#3490,#3491,#3492);
#3490 = CARTESIAN_POINT('',(-200.,50.,75.));
#3491 = DIRECTION('',(0.,0.,1.));
#3492 = DIRECTION('',(1.,0.,0.));
#3493 = ADVANCED_FACE('',(#3494),#3512,.T.);
#3494 = FACE_BOUND('',#3495,.T.);
#3495 = EDGE_LOOP('',(#3496,#3504,#3505,#3506));
#3496 = ORIENTED_EDGE('',*,*,#3497,.F.);
#3497 = EDGE_CURVE('',#2570,#3498,#3500,.T.);
#3498 = VERTEX_POINT('',#3499);
#3499 = CARTESIAN_POINT('',(200.,69.,77.));
#3500 = LINE('',#3501,#3502);
#3501 = CARTESIAN_POINT('',(-201.,69.,77.));
#3502 = VECTOR('',#3503,1.);
#3503 = DIRECTION('',(1.,0.,0.));
#3504 = ORIENTED_EDGE('',*,*,#2577,.T.);
#3505 = ORIENTED_EDGE('',*,*,#3474,.T.);
#3506 = ORIENTED_EDGE('',*,*,#3507,.F.);
#3507 = EDGE_CURVE('',#3498,#3475,#3508,.T.);
#3508 = LINE('',#3509,#3510);
#3509 = CARTESIAN_POINT('',(200.,69.,76.5));
#3510 = VECTOR('',#3511,1.);
#3511 = DIRECTION('',(0.,-1.224646799147E-16,-1.));
#3512 = PLANE('',#3513);
#3513 = AXIS2_PLACEMENT_3D('',#3514,#3515,#3516);
#3514 = CARTESIAN_POINT('',(-201.,69.,78.));
#3515 = DIRECTION('',(0.,-1.,1.224646799147E-16));
#3516 = DIRECTION('',(0.,-1.224646799147E-16,-1.));
#3517 = ADVANCED_FACE('',(#3518),#3536,.F.);
#3518 = FACE_BOUND('',#3519,.F.);
#3519 = EDGE_LOOP('',(#3520,#3521,#3529,#3535));
#3520 = ORIENTED_EDGE('',*,*,#2569,.T.);
#3521 = ORIENTED_EDGE('',*,*,#3522,.T.);
#3522 = EDGE_CURVE('',#2562,#3523,#3525,.T.);
#3523 = VERTEX_POINT('',#3524);
#3524 = CARTESIAN_POINT('',(200.,71.5,77.));
#3525 = LINE('',#3526,#3527);
#3526 = CARTESIAN_POINT('',(-201.,71.5,77.));
#3527 = VECTOR('',#3528,1.);
#3528 = DIRECTION('',(1.,0.,0.));
#3529 = ORIENTED_EDGE('',*,*,#3530,.F.);
#3530 = EDGE_CURVE('',#3498,#3523,#3531,.T.);
#3531 = LINE('',#3532,#3533);
#3532 = CARTESIAN_POINT('',(200.,60.75,77.));
#3533 = VECTOR('',#3534,1.);
#3534 = DIRECTION('',(0.,1.,-1.224646799147E-16));
#3535 = ORIENTED_EDGE('',*,*,#3497,.F.);
#3536 = PLANE('',#3537);
#3537 = AXIS2_PLACEMENT_3D('',#3538,#3539,#3540);
#3538 = CARTESIAN_POINT('',(-201.,71.5,77.));
#3539 = DIRECTION('',(0.,-1.224646799147E-16,-1.));
#3540 = DIRECTION('',(1.,0.,0.));
#3541 = ADVANCED_FACE('',(#3542),#3560,.T.);
#3542 = FACE_BOUND('',#3543,.T.);
#3543 = EDGE_LOOP('',(#3544,#3552,#3553,#3554));
#3544 = ORIENTED_EDGE('',*,*,#3545,.F.);
#3545 = EDGE_CURVE('',#2554,#3546,#3548,.T.);
#3546 = VERTEX_POINT('',#3547);
#3547 = CARTESIAN_POINT('',(200.,71.5,83.));
#3548 = LINE('',#3549,#3550);
#3549 = CARTESIAN_POINT('',(-201.,71.5,83.));
#3550 = VECTOR('',#3551,1.);
#3551 = DIRECTION('',(1.,0.,0.));
#3552 = ORIENTED_EDGE('',*,*,#2561,.T.);
#3553 = ORIENTED_EDGE('',*,*,#3522,.T.);
#3554 = ORIENTED_EDGE('',*,*,#3555,.F.);
#3555 = EDGE_CURVE('',#3546,#3523,#3556,.T.);
#3556 = LINE('',#3557,#3558);
#3557 = CARTESIAN_POINT('',(200.,71.5,79.));
#3558 = VECTOR('',#3559,1.);
#3559 = DIRECTION('',(0.,-1.224646799147E-16,-1.));
#3560 = PLANE('',#3561);
#3561 = AXIS2_PLACEMENT_3D('',#3562,#3563,#3564);
#3562 = CARTESIAN_POINT('',(-201.,71.5,83.));
#3563 = DIRECTION('',(0.,-1.,1.224646799147E-16));
#3564 = DIRECTION('',(0.,-1.224646799147E-16,-1.));
#3565 = ADVANCED_FACE('',(#3566),#3584,.T.);
#3566 = FACE_BOUND('',#3567,.T.);
#3567 = EDGE_LOOP('',(#3568,#3576,#3577,#3578));
#3568 = ORIENTED_EDGE('',*,*,#3569,.F.);
#3569 = EDGE_CURVE('',#2546,#3570,#3572,.T.);
#3570 = VERTEX_POINT('',#3571);
#3571 = CARTESIAN_POINT('',(200.,58.5,83.));
#3572 = LINE('',#3573,#3574);
#3573 = CARTESIAN_POINT('',(-201.,58.5,83.));
#3574 = VECTOR('',#3575,1.);
#3575 = DIRECTION('',(1.,0.,0.));
#3576 = ORIENTED_EDGE('',*,*,#2553,.T.);
#3577 = ORIENTED_EDGE('',*,*,#3545,.T.);
#3578 = ORIENTED_EDGE('',*,*,#3579,.F.);
#3579 = EDGE_CURVE('',#3570,#3546,#3580,.T.);
#3580 = LINE('',#3581,#3582);
#3581 = CARTESIAN_POINT('',(200.,60.75,83.));
#3582 = VECTOR('',#3583,1.);
#3583 = DIRECTION('',(0.,1.,-1.224646799147E-16));
#3584 = PLANE('',#3585);
#3585 = AXIS2_PLACEMENT_3D('',#3586,#3587,#3588);
#3586 = CARTESIAN_POINT('',(-201.,71.5,83.));
#3587 = DIRECTION('',(0.,-1.224646799147E-16,-1.));
#3588 = DIRECTION('',(1.,0.,0.));
#3589 = ADVANCED_FACE('',(#3590),#3608,.F.);
#3590 = FACE_BOUND('',#3591,.F.);
#3591 = EDGE_LOOP('',(#3592,#3593,#3594,#3602));
#3592 = ORIENTED_EDGE('',*,*,#3569,.F.);
#3593 = ORIENTED_EDGE('',*,*,#2545,.T.);
#3594 = ORIENTED_EDGE('',*,*,#3595,.T.);
#3595 = EDGE_CURVE('',#2538,#3596,#3598,.T.);
#3596 = VERTEX_POINT('',#3597);
#3597 = CARTESIAN_POINT('',(200.,58.5,77.));
#3598 = LINE('',#3599,#3600);
#3599 = CARTESIAN_POINT('',(-201.,58.5,77.));
#3600 = VECTOR('',#3601,1.);
#3601 = DIRECTION('',(1.,0.,0.));
#3602 = ORIENTED_EDGE('',*,*,#3603,.F.);
#3603 = EDGE_CURVE('',#3570,#3596,#3604,.T.);
#3604 = LINE('',#3605,#3606);
#3605 = CARTESIAN_POINT('',(200.,58.5,79.));
#3606 = VECTOR('',#3607,1.);
#3607 = DIRECTION('',(0.,-1.224646799147E-16,-1.));
#3608 = PLANE('',#3609);
#3609 = AXIS2_PLACEMENT_3D('',#3610,#3611,#3612);
#3610 = CARTESIAN_POINT('',(-201.,58.5,83.));
#3611 = DIRECTION('',(0.,-1.,1.224646799147E-16));
#3612 = DIRECTION('',(0.,-1.224646799147E-16,-1.));
#3613 = ADVANCED_FACE('',(#3614),#3632,.F.);
#3614 = FACE_BOUND('',#3615,.F.);
#3615 = EDGE_LOOP('',(#3616,#3617,#3625,#3631));
#3616 = ORIENTED_EDGE('',*,*,#2537,.T.);
#3617 = ORIENTED_EDGE('',*,*,#3618,.T.);
#3618 = EDGE_CURVE('',#2530,#3619,#3621,.T.);
#3619 = VERTEX_POINT('',#3620);
#3620 = CARTESIAN_POINT('',(200.,61.,77.));
#3621 = LINE('',#3622,#3623);
#3622 = CARTESIAN_POINT('',(-201.,61.,77.));
#3623 = VECTOR('',#3624,1.);
#3624 = DIRECTION('',(1.,0.,0.));
#3625 = ORIENTED_EDGE('',*,*,#3626,.F.);
#3626 = EDGE_CURVE('',#3596,#3619,#3627,.T.);
#3627 = LINE('',#3628,#3629);
#3628 = CARTESIAN_POINT('',(200.,60.75,77.));
#3629 = VECTOR('',#3630,1.);
#3630 = DIRECTION('',(0.,1.,-1.224646799147E-16));
#3631 = ORIENTED_EDGE('',*,*,#3595,.F.);
#3632 = PLANE('',#3633);
#3633 = AXIS2_PLACEMENT_3D('',#3634,#3635,#3636);
#3634 = CARTESIAN_POINT('',(-201.,71.5,77.));
#3635 = DIRECTION('',(0.,-1.224646799147E-16,-1.));
#3636 = DIRECTION('',(1.,0.,0.));
#3637 = ADVANCED_FACE('',(#3638),#3656,.F.);
#3638 = FACE_BOUND('',#3639,.F.);
#3639 = EDGE_LOOP('',(#3640,#3641,#3642,#3650));
#3640 = ORIENTED_EDGE('',*,*,#3618,.F.);
#3641 = ORIENTED_EDGE('',*,*,#2529,.T.);
#3642 = ORIENTED_EDGE('',*,*,#3643,.T.);
#3643 = EDGE_CURVE('',#2522,#3644,#3646,.T.);
#3644 = VERTEX_POINT('',#3645);
#3645 = CARTESIAN_POINT('',(200.,61.,75.));
#3646 = LINE('',#3647,#3648);
#3647 = CARTESIAN_POINT('',(-200.5,61.,75.));
#3648 = VECTOR('',#3649,1.);
#3649 = DIRECTION('',(1.,0.,0.));
#3650 = ORIENTED_EDGE('',*,*,#3651,.F.);
#3651 = EDGE_CURVE('',#3619,#3644,#3652,.T.);
#3652 = LINE('',#3653,#3654);
#3653 = CARTESIAN_POINT('',(200.,61.,76.5));
#3654 = VECTOR('',#3655,1.);
#3655 = DIRECTION('',(0.,-1.224646799147E-16,-1.));
#3656 = PLANE('',#3657);
#3657 = AXIS2_PLACEMENT_3D('',#3658,#3659,#3660);
#3658 = CARTESIAN_POINT('',(-201.,61.,78.));
#3659 = DIRECTION('',(0.,-1.,1.224646799147E-16));
#3660 = DIRECTION('',(0.,-1.224646799147E-16,-1.));
#3661 = ADVANCED_FACE('',(#3662),#3673,.F.);
#3662 = FACE_BOUND('',#3663,.F.);
#3663 = EDGE_LOOP('',(#3664,#3665,#3666,#3672));
#3664 = ORIENTED_EDGE('',*,*,#2521,.F.);
#3665 = ORIENTED_EDGE('',*,*,#2828,.T.);
#3666 = ORIENTED_EDGE('',*,*,#3667,.T.);
#3667 = EDGE_CURVE('',#2819,#3644,#3668,.T.);
#3668 = LINE('',#3669,#3670);
#3669 = CARTESIAN_POINT('',(200.,50.,75.));
#3670 = VECTOR('',#3671,1.);
#3671 = DIRECTION('',(0.,1.,0.));
#3672 = ORIENTED_EDGE('',*,*,#3643,.F.);
#3673 = PLANE('',#3674);
#3674 = AXIS2_PLACEMENT_3D('',#3675,#3676,#3677);
#3675 = CARTESIAN_POINT('',(-200.,50.,75.));
#3676 = DIRECTION('',(0.,0.,1.));
#3677 = DIRECTION('',(1.,0.,0.));
#3678 = ADVANCED_FACE('',(#3679),#3698,.F.);
#3679 = FACE_BOUND('',#3680,.F.);
#3680 = EDGE_LOOP('',(#3681,#3690,#3696,#3697));
#3681 = ORIENTED_EDGE('',*,*,#3682,.F.);
#3682 = EDGE_CURVE('',#3683,#3683,#3685,.T.);
#3683 = VERTEX_POINT('',#3684);
#3684 = CARTESIAN_POINT('',(200.,65.,93.4));
#3685 = CIRCLE('',#3686,3.4);
#3686 = AXIS2_PLACEMENT_3D('',#3687,#3688,#3689);
#3687 = CARTESIAN_POINT('',(200.,65.,90.));
#3688 = DIRECTION('',(1.,0.,-0.));
#3689 = DIRECTION('',(0.,0.,1.));
#3690 = ORIENTED_EDGE('',*,*,#3691,.F.);
#3691 = EDGE_CURVE('',#2802,#3683,#3692,.T.);
#3692 = LINE('',#3693,#3694);
#3693 = CARTESIAN_POINT('',(-201.,65.,93.4));
#3694 = VECTOR('',#3695,1.);
#3695 = DIRECTION('',(1.,0.,0.));
#3696 = ORIENTED_EDGE('',*,*,#2801,.T.);
#3697 = ORIENTED_EDGE('',*,*,#3691,.T.);
#3698 = CYLINDRICAL_SURFACE('',#3699,3.4);
#3699 = AXIS2_PLACEMENT_3D('',#3700,#3701,#3702);
#3700 = CARTESIAN_POINT('',(-201.,65.,90.));
#3701 = DIRECTION('',(1.,0.,0.));
#3702 = DIRECTION('',(0.,0.,1.));
#3703 = ADVANCED_FACE('',(#3704,#3742),#3745,.T.);
#3704 = FACE_BOUND('',#3705,.T.);
#3705 = EDGE_LOOP('',(#3706,#3707,#3708,#3709,#3710,#3711,#3712,#3713,
    #3714,#3715,#3716,#3717,#3718,#3719,#3720,#3721,#3722,#3723,#3724,
    #3725,#3726,#3727,#3728,#3729,#3730,#3731,#3732,#3733,#3734,#3735,
    #3736,#3737,#3738,#3739,#3740,#3741));
#3706 = ORIENTED_EDGE('',*,*,#2818,.F.);
#3707 = ORIENTED_EDGE('',*,*,#3667,.T.);
#3708 = ORIENTED_EDGE('',*,*,#3651,.F.);
#3709 = ORIENTED_EDGE('',*,*,#3626,.F.);
#3710 = ORIENTED_EDGE('',*,*,#3603,.F.);
#3711 = ORIENTED_EDGE('',*,*,#3579,.T.);
#3712 = ORIENTED_EDGE('',*,*,#3555,.T.);
#3713 = ORIENTED_EDGE('',*,*,#3530,.F.);
#3714 = ORIENTED_EDGE('',*,*,#3507,.T.);
#3715 = ORIENTED_EDGE('',*,*,#3482,.T.);
#3716 = ORIENTED_EDGE('',*,*,#3449,.T.);
#3717 = ORIENTED_EDGE('',*,*,#3435,.F.);
#3718 = ORIENTED_EDGE('',*,*,#3410,.F.);
#3719 = ORIENTED_EDGE('',*,*,#3387,.F.);
#3720 = ORIENTED_EDGE('',*,*,#3363,.T.);
#3721 = ORIENTED_EDGE('',*,*,#3339,.T.);
#3722 = ORIENTED_EDGE('',*,*,#3314,.F.);
#3723 = ORIENTED_EDGE('',*,*,#3291,.T.);
#3724 = ORIENTED_EDGE('',*,*,#3257,.T.);
#3725 = ORIENTED_EDGE('',*,*,#3235,.F.);
#3726 = ORIENTED_EDGE('',*,*,#3219,.F.);
#3727 = ORIENTED_EDGE('',*,*,#3194,.F.);
#3728 = ORIENTED_EDGE('',*,*,#3171,.F.);
#3729 = ORIENTED_EDGE('',*,*,#3147,.T.);
#3730 = ORIENTED_EDGE('',*,*,#3123,.T.);
#3731 = ORIENTED_EDGE('',*,*,#3098,.F.);
#3732 = ORIENTED_EDGE('',*,*,#3075,.T.);
#3733 = ORIENTED_EDGE('',*,*,#3043,.F.);
#3734 = ORIENTED_EDGE('',*,*,#3017,.F.);
#3735 = ORIENTED_EDGE('',*,*,#3003,.F.);
#3736 = ORIENTED_EDGE('',*,*,#2978,.F.);
#3737 = ORIENTED_EDGE('',*,*,#2955,.F.);
#3738 = ORIENTED_EDGE('',*,*,#2931,.T.);
#3739 = ORIENTED_EDGE('',*,*,#2907,.T.);
#3740 = ORIENTED_EDGE('',*,*,#2882,.F.);
#3741 = ORIENTED_EDGE('',*,*,#2859,.T.);
#3742 = FACE_BOUND('',#3743,.T.);
#3743 = EDGE_LOOP('',(#3744));
#3744 = ORIENTED_EDGE('',*,*,#3682,.F.);
#3745 = PLANE('',#3746);
#3746 = AXIS2_PLACEMENT_3D('',#3747,#3748,#3749);
#3747 = CARTESIAN_POINT('',(200.,50.,75.));
#3748 = DIRECTION('',(1.,0.,0.));
#3749 = DIRECTION('',(0.,0.,1.));
#3750 = MANIFOLD_SOLID_BREP('',#3751);
#3751 = CLOSED_SHELL('',(#3752,#4059,#4090,#4114,#4138,#4162,#4186,#4210
    ,#4234,#4258,#4282,#4306,#4330,#4354,#4378,#4402,#4426,#4450,#4474,
    #4498,#4522,#4546,#4570,#4594,#4618,#4642,#4666,#4690,#4714,#4738,
    #4762,#4786,#4810,#4834,#4858,#4882,#4906,#4923,#4948));
#3752 = ADVANCED_FACE('',(#3753,#4043),#4054,.F.);
#3753 = FACE_BOUND('',#3754,.F.);
#3754 = EDGE_LOOP('',(#3755,#3765,#3773,#3781,#3789,#3797,#3805,#3813,
    #3821,#3829,#3837,#3845,#3853,#3861,#3869,#3877,#3885,#3893,#3901,
    #3909,#3917,#3925,#3933,#3941,#3949,#3957,#3965,#3973,#3981,#3989,
    #3997,#4005,#4013,#4021,#4029,#4037));
#3755 = ORIENTED_EDGE('',*,*,#3756,.F.);
#3756 = EDGE_CURVE('',#3757,#3759,#3761,.T.);
#3757 = VERTEX_POINT('',#3758);
#3758 = CARTESIAN_POINT('',(-200.,120.,75.));
#3759 = VERTEX_POINT('',#3760);
#3760 = CARTESIAN_POINT('',(-200.,120.,86.));
#3761 = LINE('',#3762,#3763);
#3762 = CARTESIAN_POINT('',(-200.,120.,75.));
#3763 = VECTOR('',#3764,1.);
#3764 = DIRECTION('',(0.,0.,1.));
#3765 = ORIENTED_EDGE('',*,*,#3766,.T.);
#3766 = EDGE_CURVE('',#3757,#3767,#3769,.T.);
#3767 = VERTEX_POINT('',#3768);
#3768 = CARTESIAN_POINT('',(-200.,131.,75.));
#3769 = LINE('',#3770,#3771);
#3770 = CARTESIAN_POINT('',(-200.,120.,75.));
#3771 = VECTOR('',#3772,1.);
#3772 = DIRECTION('',(0.,1.,0.));
#3773 = ORIENTED_EDGE('',*,*,#3774,.F.);
#3774 = EDGE_CURVE('',#3775,#3767,#3777,.T.);
#3775 = VERTEX_POINT('',#3776);
#3776 = CARTESIAN_POINT('',(-200.,131.,77.));
#3777 = LINE('',#3778,#3779);
#3778 = CARTESIAN_POINT('',(-200.,131.,76.5));
#3779 = VECTOR('',#3780,1.);
#3780 = DIRECTION('',(0.,-1.224646799147E-16,-1.));
#3781 = ORIENTED_EDGE('',*,*,#3782,.F.);
#3782 = EDGE_CURVE('',#3783,#3775,#3785,.T.);
#3783 = VERTEX_POINT('',#3784);
#3784 = CARTESIAN_POINT('',(-200.,128.5,77.));
#3785 = LINE('',#3786,#3787);
#3786 = CARTESIAN_POINT('',(-200.,130.75,77.));
#3787 = VECTOR('',#3788,1.);
#3788 = DIRECTION('',(0.,1.,-1.224646799147E-16));
#3789 = ORIENTED_EDGE('',*,*,#3790,.F.);
#3790 = EDGE_CURVE('',#3791,#3783,#3793,.T.);
#3791 = VERTEX_POINT('',#3792);
#3792 = CARTESIAN_POINT('',(-200.,128.5,83.));
#3793 = LINE('',#3794,#3795);
#3794 = CARTESIAN_POINT('',(-200.,128.5,79.));
#3795 = VECTOR('',#3796,1.);
#3796 = DIRECTION('',(0.,-1.224646799147E-16,-1.));
#3797 = ORIENTED_EDGE('',*,*,#3798,.T.);
#3798 = EDGE_CURVE('',#3791,#3799,#3801,.T.);
#3799 = VERTEX_POINT('',#3800);
#3800 = CARTESIAN_POINT('',(-200.,141.5,83.));
#3801 = LINE('',#3802,#3803);
#3802 = CARTESIAN_POINT('',(-200.,130.75,83.));
#3803 = VECTOR('',#3804,1.);
#3804 = DIRECTION('',(0.,1.,-1.224646799147E-16));
#3805 = ORIENTED_EDGE('',*,*,#3806,.T.);
#3806 = EDGE_CURVE('',#3799,#3807,#3809,.T.);
#3807 = VERTEX_POINT('',#3808);
#3808 = CARTESIAN_POINT('',(-200.,141.5,77.));
#3809 = LINE('',#3810,#3811);
#3810 = CARTESIAN_POINT('',(-200.,141.5,79.));
#3811 = VECTOR('',#3812,1.);
#3812 = DIRECTION('',(0.,-1.224646799147E-16,-1.));
#3813 = ORIENTED_EDGE('',*,*,#3814,.F.);
#3814 = EDGE_CURVE('',#3815,#3807,#3817,.T.);
#3815 = VERTEX_POINT('',#3816);
#3816 = CARTESIAN_POINT('',(-200.,139.,77.));
#3817 = LINE('',#3818,#3819);
#3818 = CARTESIAN_POINT('',(-200.,130.75,77.));
#3819 = VECTOR('',#3820,1.);
#3820 = DIRECTION('',(0.,1.,-1.224646799147E-16));
#3821 = ORIENTED_EDGE('',*,*,#3822,.T.);
#3822 = EDGE_CURVE('',#3815,#3823,#3825,.T.);
#3823 = VERTEX_POINT('',#3824);
#3824 = CARTESIAN_POINT('',(-200.,139.,75.));
#3825 = LINE('',#3826,#3827);
#3826 = CARTESIAN_POINT('',(-200.,139.,76.5));
#3827 = VECTOR('',#3828,1.);
#3828 = DIRECTION('',(0.,-1.224646799147E-16,-1.));
#3829 = ORIENTED_EDGE('',*,*,#3830,.T.);
#3830 = EDGE_CURVE('',#3823,#3831,#3833,.T.);
#3831 = VERTEX_POINT('',#3832);
#3832 = CARTESIAN_POINT('',(-200.,150.,75.));
#3833 = LINE('',#3834,#3835);
#3834 = CARTESIAN_POINT('',(-200.,120.,75.));
#3835 = VECTOR('',#3836,1.);
#3836 = DIRECTION('',(0.,1.,0.));
#3837 = ORIENTED_EDGE('',*,*,#3838,.T.);
#3838 = EDGE_CURVE('',#3831,#3839,#3841,.T.);
#3839 = VERTEX_POINT('',#3840);
#3840 = CARTESIAN_POINT('',(-200.,150.,86.));
#3841 = LINE('',#3842,#3843);
#3842 = CARTESIAN_POINT('',(-200.,150.,75.));
#3843 = VECTOR('',#3844,1.);
#3844 = DIRECTION('',(0.,0.,1.));
#3845 = ORIENTED_EDGE('',*,*,#3846,.F.);
#3846 = EDGE_CURVE('',#3847,#3839,#3849,.T.);
#3847 = VERTEX_POINT('',#3848);
#3848 = CARTESIAN_POINT('',(-200.,148.,86.));
#3849 = LINE('',#3850,#3851);
#3850 = CARTESIAN_POINT('',(-200.,133.5,86.));
#3851 = VECTOR('',#3852,1.);
#3852 = DIRECTION('',(0.,1.,-2.22044604925E-16));
#3853 = ORIENTED_EDGE('',*,*,#3854,.F.);
#3854 = EDGE_CURVE('',#3855,#3847,#3857,.T.);
#3855 = VERTEX_POINT('',#3856);
#3856 = CARTESIAN_POINT('',(-200.,148.,83.5));
#3857 = LINE('',#3858,#3859);
#3858 = CARTESIAN_POINT('',(-200.,148.,85.75));
#3859 = VECTOR('',#3860,1.);
#3860 = DIRECTION('',(0.,2.22044604925E-16,1.));
#3861 = ORIENTED_EDGE('',*,*,#3862,.F.);
#3862 = EDGE_CURVE('',#3863,#3855,#3865,.T.);
#3863 = VERTEX_POINT('',#3864);
#3864 = CARTESIAN_POINT('',(-200.,142.,83.5));
#3865 = LINE('',#3866,#3867);
#3866 = CARTESIAN_POINT('',(-200.,131.,83.5));
#3867 = VECTOR('',#3868,1.);
#3868 = DIRECTION('',(0.,1.,-2.22044604925E-16));
#3869 = ORIENTED_EDGE('',*,*,#3870,.T.);
#3870 = EDGE_CURVE('',#3863,#3871,#3873,.T.);
#3871 = VERTEX_POINT('',#3872);
#3872 = CARTESIAN_POINT('',(-200.,142.,96.5));
#3873 = LINE('',#3874,#3875);
#3874 = CARTESIAN_POINT('',(-200.,142.,85.75));
#3875 = VECTOR('',#3876,1.);
#3876 = DIRECTION('',(0.,2.22044604925E-16,1.));
#3877 = ORIENTED_EDGE('',*,*,#3878,.T.);
#3878 = EDGE_CURVE('',#3871,#3879,#3881,.T.);
#3879 = VERTEX_POINT('',#3880);
#3880 = CARTESIAN_POINT('',(-200.,148.,96.5));
#3881 = LINE('',#3882,#3883);
#3882 = CARTESIAN_POINT('',(-200.,131.,96.5));
#3883 = VECTOR('',#3884,1.);
#3884 = DIRECTION('',(0.,1.,-2.22044604925E-16));
#3885 = ORIENTED_EDGE('',*,*,#3886,.F.);
#3886 = EDGE_CURVE('',#3887,#3879,#3889,.T.);
#3887 = VERTEX_POINT('',#3888);
#3888 = CARTESIAN_POINT('',(-200.,148.,94.));
#3889 = LINE('',#3890,#3891);
#3890 = CARTESIAN_POINT('',(-200.,148.,85.75));
#3891 = VECTOR('',#3892,1.);
#3892 = DIRECTION('',(0.,2.22044604925E-16,1.));
#3893 = ORIENTED_EDGE('',*,*,#3894,.T.);
#3894 = EDGE_CURVE('',#3887,#3895,#3897,.T.);
#3895 = VERTEX_POINT('',#3896);
#3896 = CARTESIAN_POINT('',(-200.,150.,94.));
#3897 = LINE('',#3898,#3899);
#3898 = CARTESIAN_POINT('',(-200.,133.5,94.));
#3899 = VECTOR('',#3900,1.);
#3900 = DIRECTION('',(0.,1.,-2.22044604925E-16));
#3901 = ORIENTED_EDGE('',*,*,#3902,.T.);
#3902 = EDGE_CURVE('',#3895,#3903,#3905,.T.);
#3903 = VERTEX_POINT('',#3904);
#3904 = CARTESIAN_POINT('',(-200.,150.,105.));
#3905 = LINE('',#3906,#3907);
#3906 = CARTESIAN_POINT('',(-200.,150.,75.));
#3907 = VECTOR('',#3908,1.);
#3908 = DIRECTION('',(0.,0.,1.));
#3909 = ORIENTED_EDGE('',*,*,#3910,.F.);
#3910 = EDGE_CURVE('',#3911,#3903,#3913,.T.);
#3911 = VERTEX_POINT('',#3912);
#3912 = CARTESIAN_POINT('',(-200.,139.,105.));
#3913 = LINE('',#3914,#3915);
#3914 = CARTESIAN_POINT('',(-200.,120.,105.));
#3915 = VECTOR('',#3916,1.);
#3916 = DIRECTION('',(0.,1.,0.));
#3917 = ORIENTED_EDGE('',*,*,#3918,.F.);
#3918 = EDGE_CURVE('',#3919,#3911,#3921,.T.);
#3919 = VERTEX_POINT('',#3920);
#3920 = CARTESIAN_POINT('',(-200.,139.,103.));
#3921 = LINE('',#3922,#3923);
#3922 = CARTESIAN_POINT('',(-200.,139.,88.5));
#3923 = VECTOR('',#3924,1.);
#3924 = DIRECTION('',(0.,0.,1.));
#3925 = ORIENTED_EDGE('',*,*,#3926,.F.);
#3926 = EDGE_CURVE('',#3927,#3919,#3929,.T.);
#3927 = VERTEX_POINT('',#3928);
#3928 = CARTESIAN_POINT('',(-200.,141.5,103.));
#3929 = LINE('',#3930,#3931);
#3930 = CARTESIAN_POINT('',(-200.,124.25,103.));
#3931 = VECTOR('',#3932,1.);
#3932 = DIRECTION('',(0.,-1.,0.));
#3933 = ORIENTED_EDGE('',*,*,#3934,.F.);
#3934 = EDGE_CURVE('',#3935,#3927,#3937,.T.);
#3935 = VERTEX_POINT('',#3936);
#3936 = CARTESIAN_POINT('',(-200.,141.5,97.));
#3937 = LINE('',#3938,#3939);
#3938 = CARTESIAN_POINT('',(-200.,141.5,86.));
#3939 = VECTOR('',#3940,1.);
#3940 = DIRECTION('',(0.,0.,1.));
#3941 = ORIENTED_EDGE('',*,*,#3942,.T.);
#3942 = EDGE_CURVE('',#3935,#3943,#3945,.T.);
#3943 = VERTEX_POINT('',#3944);
#3944 = CARTESIAN_POINT('',(-200.,128.5,97.));
#3945 = LINE('',#3946,#3947);
#3946 = CARTESIAN_POINT('',(-200.,124.25,97.));
#3947 = VECTOR('',#3948,1.);
#3948 = DIRECTION('',(0.,-1.,0.));
#3949 = ORIENTED_EDGE('',*,*,#3950,.T.);
#3950 = EDGE_CURVE('',#3943,#3951,#3953,.T.);
#3951 = VERTEX_POINT('',#3952);
#3952 = CARTESIAN_POINT('',(-200.,128.5,103.));
#3953 = LINE('',#3954,#3955);
#3954 = CARTESIAN_POINT('',(-200.,128.5,86.));
#3955 = VECTOR('',#3956,1.);
#3956 = DIRECTION('',(0.,0.,1.));
#3957 = ORIENTED_EDGE('',*,*,#3958,.F.);
#3958 = EDGE_CURVE('',#3959,#3951,#3961,.T.);
#3959 = VERTEX_POINT('',#3960);
#3960 = CARTESIAN_POINT('',(-200.,131.,103.));
#3961 = LINE('',#3962,#3963);
#3962 = CARTESIAN_POINT('',(-200.,124.25,103.));
#3963 = VECTOR('',#3964,1.);
#3964 = DIRECTION('',(0.,-1.,0.));
#3965 = ORIENTED_EDGE('',*,*,#3966,.T.);
#3966 = EDGE_CURVE('',#3959,#3967,#3969,.T.);
#3967 = VERTEX_POINT('',#3968);
#3968 = CARTESIAN_POINT('',(-200.,131.,105.));
#3969 = LINE('',#3970,#3971);
#3970 = CARTESIAN_POINT('',(-200.,131.,88.5));
#3971 = VECTOR('',#3972,1.);
#3972 = DIRECTION('',(0.,0.,1.));
#3973 = ORIENTED_EDGE('',*,*,#3974,.F.);
#3974 = EDGE_CURVE('',#3975,#3967,#3977,.T.);
#3975 = VERTEX_POINT('',#3976);
#3976 = CARTESIAN_POINT('',(-200.,120.,105.));
#3977 = LINE('',#3978,#3979);
#3978 = CARTESIAN_POINT('',(-200.,120.,105.));
#3979 = VECTOR('',#3980,1.);
#3980 = DIRECTION('',(0.,1.,0.));
#3981 = ORIENTED_EDGE('',*,*,#3982,.F.);
#3982 = EDGE_CURVE('',#3983,#3975,#3985,.T.);
#3983 = VERTEX_POINT('',#3984);
#3984 = CARTESIAN_POINT('',(-200.,120.,94.));
#3985 = LINE('',#3986,#3987);
#3986 = CARTESIAN_POINT('',(-200.,120.,75.));
#3987 = VECTOR('',#3988,1.);
#3988 = DIRECTION('',(0.,0.,1.));
#3989 = ORIENTED_EDGE('',*,*,#3990,.F.);
#3990 = EDGE_CURVE('',#3991,#3983,#3993,.T.);
#3991 = VERTEX_POINT('',#3992);
#3992 = CARTESIAN_POINT('',(-200.,122.,94.));
#3993 = LINE('',#3994,#3995);
#3994 = CARTESIAN_POINT('',(-200.,121.5,94.));
#3995 = VECTOR('',#3996,1.);
#3996 = DIRECTION('',(0.,-1.,1.110223024625E-16));
#3997 = ORIENTED_EDGE('',*,*,#3998,.F.);
#3998 = EDGE_CURVE('',#3999,#3991,#4001,.T.);
#3999 = VERTEX_POINT('',#4000);
#4000 = CARTESIAN_POINT('',(-200.,122.,96.5));
#4001 = LINE('',#4002,#4003);
#4002 = CARTESIAN_POINT('',(-200.,122.,79.25));
#4003 = VECTOR('',#4004,1.);
#4004 = DIRECTION('',(0.,-1.110223024625E-16,-1.));
#4005 = ORIENTED_EDGE('',*,*,#4006,.F.);
#4006 = EDGE_CURVE('',#4007,#3999,#4009,.T.);
#4007 = VERTEX_POINT('',#4008);
#4008 = CARTESIAN_POINT('',(-200.,128.,96.5));
#4009 = LINE('',#4010,#4011);
#4010 = CARTESIAN_POINT('',(-200.,124.,96.5));
#4011 = VECTOR('',#4012,1.);
#4012 = DIRECTION('',(0.,-1.,1.110223024625E-16));
#4013 = ORIENTED_EDGE('',*,*,#4014,.T.);
#4014 = EDGE_CURVE('',#4007,#4015,#4017,.T.);
#4015 = VERTEX_POINT('',#4016);
#4016 = CARTESIAN_POINT('',(-200.,128.,83.5));
#4017 = LINE('',#4018,#4019);
#4018 = CARTESIAN_POINT('',(-200.,128.,79.25));
#4019 = VECTOR('',#4020,1.);
#4020 = DIRECTION('',(0.,-1.110223024625E-16,-1.));
#4021 = ORIENTED_EDGE('',*,*,#4022,.T.);
#4022 = EDGE_CURVE('',#4015,#4023,#4025,.T.);
#4023 = VERTEX_POINT('',#4024);
#4024 = CARTESIAN_POINT('',(-200.,122.,83.5));
#4025 = LINE('',#4026,#4027);
#4026 = CARTESIAN_POINT('',(-200.,124.,83.5));
#4027 = VECTOR('',#4028,1.);
#4028 = DIRECTION('',(0.,-1.,1.110223024625E-16));
#4029 = ORIENTED_EDGE('',*,*,#4030,.F.);
#4030 = EDGE_CURVE('',#4031,#4023,#4033,.T.);
#4031 = VERTEX_POINT('',#4032);
#4032 = CARTESIAN_POINT('',(-200.,122.,86.));
#4033 = LINE('',#4034,#4035);
#4034 = CARTESIAN_POINT('',(-200.,122.,79.25));
#4035 = VECTOR('',#4036,1.);
#4036 = DIRECTION('',(0.,-1.110223024625E-16,-1.));
#4037 = ORIENTED_EDGE('',*,*,#4038,.T.);
#4038 = EDGE_CURVE('',#4031,#3759,#4039,.T.);
#4039 = LINE('',#4040,#4041);
#4040 = CARTESIAN_POINT('',(-200.,121.5,86.));
#4041 = VECTOR('',#4042,1.);
#4042 = DIRECTION('',(0.,-1.,1.110223024625E-16));
#4043 = FACE_BOUND('',#4044,.F.);
#4044 = EDGE_LOOP('',(#4045));
#4045 = ORIENTED_EDGE('',*,*,#4046,.F.);
#4046 = EDGE_CURVE('',#4047,#4047,#4049,.T.);
#4047 = VERTEX_POINT('',#4048);
#4048 = CARTESIAN_POINT('',(-200.,135.,93.4));
#4049 = CIRCLE('',#4050,3.4);
#4050 = AXIS2_PLACEMENT_3D('',#4051,#4052,#4053);
#4051 = CARTESIAN_POINT('',(-200.,135.,90.));
#4052 = DIRECTION('',(1.,0.,-0.));
#4053 = DIRECTION('',(0.,0.,1.));
#4054 = PLANE('',#4055);
#4055 = AXIS2_PLACEMENT_3D('',#4056,#4057,#4058);
#4056 = CARTESIAN_POINT('',(-200.,120.,75.));
#4057 = DIRECTION('',(1.,0.,0.));
#4058 = DIRECTION('',(0.,0.,1.));
#4059 = ADVANCED_FACE('',(#4060),#4085,.F.);
#4060 = FACE_BOUND('',#4061,.F.);
#4061 = EDGE_LOOP('',(#4062,#4072,#4078,#4079));
#4062 = ORIENTED_EDGE('',*,*,#4063,.F.);
#4063 = EDGE_CURVE('',#4064,#4066,#4068,.T.);
#4064 = VERTEX_POINT('',#4065);
#4065 = CARTESIAN_POINT('',(200.,120.,75.));
#4066 = VERTEX_POINT('',#4067);
#4067 = CARTESIAN_POINT('',(200.,120.,86.));
#4068 = LINE('',#4069,#4070);
#4069 = CARTESIAN_POINT('',(200.,120.,75.));
#4070 = VECTOR('',#4071,1.);
#4071 = DIRECTION('',(0.,0.,1.));
#4072 = ORIENTED_EDGE('',*,*,#4073,.F.);
#4073 = EDGE_CURVE('',#3757,#4064,#4074,.T.);
#4074 = LINE('',#4075,#4076);
#4075 = CARTESIAN_POINT('',(-200.,120.,75.));
#4076 = VECTOR('',#4077,1.);
#4077 = DIRECTION('',(1.,0.,0.));
#4078 = ORIENTED_EDGE('',*,*,#3756,.T.);
#4079 = ORIENTED_EDGE('',*,*,#4080,.T.);
#4080 = EDGE_CURVE('',#3759,#4066,#4081,.T.);
#4081 = LINE('',#4082,#4083);
#4082 = CARTESIAN_POINT('',(-200.5,120.,86.));
#4083 = VECTOR('',#4084,1.);
#4084 = DIRECTION('',(1.,0.,0.));
#4085 = PLANE('',#4086);
#4086 = AXIS2_PLACEMENT_3D('',#4087,#4088,#4089);
#4087 = CARTESIAN_POINT('',(-200.,120.,75.));
#4088 = DIRECTION('',(0.,1.,0.));
#4089 = DIRECTION('',(0.,0.,1.));
#4090 = ADVANCED_FACE('',(#4091),#4109,.T.);
#4091 = FACE_BOUND('',#4092,.T.);
#4092 = EDGE_LOOP('',(#4093,#4101,#4102,#4103));
#4093 = ORIENTED_EDGE('',*,*,#4094,.F.);
#4094 = EDGE_CURVE('',#4031,#4095,#4097,.T.);
#4095 = VERTEX_POINT('',#4096);
#4096 = CARTESIAN_POINT('',(200.,122.,86.));
#4097 = LINE('',#4098,#4099);
#4098 = CARTESIAN_POINT('',(-201.,122.,86.));
#4099 = VECTOR('',#4100,1.);
#4100 = DIRECTION('',(1.,0.,0.));
#4101 = ORIENTED_EDGE('',*,*,#4038,.T.);
#4102 = ORIENTED_EDGE('',*,*,#4080,.T.);
#4103 = ORIENTED_EDGE('',*,*,#4104,.F.);
#4104 = EDGE_CURVE('',#4095,#4066,#4105,.T.);
#4105 = LINE('',#4106,#4107);
#4106 = CARTESIAN_POINT('',(200.,121.5,86.));
#4107 = VECTOR('',#4108,1.);
#4108 = DIRECTION('',(0.,-1.,1.110223024625E-16));
#4109 = PLANE('',#4110);
#4110 = AXIS2_PLACEMENT_3D('',#4111,#4112,#4113);
#4111 = CARTESIAN_POINT('',(-201.,123.,86.));
#4112 = DIRECTION('',(0.,1.110223024625E-16,1.));
#4113 = DIRECTION('',(0.,-1.,1.110223024625E-16));
#4114 = ADVANCED_FACE('',(#4115),#4133,.F.);
#4115 = FACE_BOUND('',#4116,.F.);
#4116 = EDGE_LOOP('',(#4117,#4118,#4126,#4132));
#4117 = ORIENTED_EDGE('',*,*,#4030,.T.);
#4118 = ORIENTED_EDGE('',*,*,#4119,.T.);
#4119 = EDGE_CURVE('',#4023,#4120,#4122,.T.);
#4120 = VERTEX_POINT('',#4121);
#4121 = CARTESIAN_POINT('',(200.,122.,83.5));
#4122 = LINE('',#4123,#4124);
#4123 = CARTESIAN_POINT('',(-201.,122.,83.5));
#4124 = VECTOR('',#4125,1.);
#4125 = DIRECTION('',(1.,0.,0.));
#4126 = ORIENTED_EDGE('',*,*,#4127,.F.);
#4127 = EDGE_CURVE('',#4095,#4120,#4128,.T.);
#4128 = LINE('',#4129,#4130);
#4129 = CARTESIAN_POINT('',(200.,122.,79.25));
#4130 = VECTOR('',#4131,1.);
#4131 = DIRECTION('',(0.,-1.110223024625E-16,-1.));
#4132 = ORIENTED_EDGE('',*,*,#4094,.F.);
#4133 = PLANE('',#4134);
#4134 = AXIS2_PLACEMENT_3D('',#4135,#4136,#4137);
#4135 = CARTESIAN_POINT('',(-201.,122.,83.5));
#4136 = DIRECTION('',(0.,-1.,1.110223024625E-16));
#4137 = DIRECTION('',(1.,0.,0.));
#4138 = ADVANCED_FACE('',(#4139),#4157,.T.);
#4139 = FACE_BOUND('',#4140,.T.);
#4140 = EDGE_LOOP('',(#4141,#4149,#4150,#4151));
#4141 = ORIENTED_EDGE('',*,*,#4142,.F.);
#4142 = EDGE_CURVE('',#4015,#4143,#4145,.T.);
#4143 = VERTEX_POINT('',#4144);
#4144 = CARTESIAN_POINT('',(200.,128.,83.5));
#4145 = LINE('',#4146,#4147);
#4146 = CARTESIAN_POINT('',(-201.,128.,83.5));
#4147 = VECTOR('',#4148,1.);
#4148 = DIRECTION('',(1.,0.,0.));
#4149 = ORIENTED_EDGE('',*,*,#4022,.T.);
#4150 = ORIENTED_EDGE('',*,*,#4119,.T.);
#4151 = ORIENTED_EDGE('',*,*,#4152,.F.);
#4152 = EDGE_CURVE('',#4143,#4120,#4153,.T.);
#4153 = LINE('',#4154,#4155);
#4154 = CARTESIAN_POINT('',(200.,124.,83.5));
#4155 = VECTOR('',#4156,1.);
#4156 = DIRECTION('',(0.,-1.,1.110223024625E-16));
#4157 = PLANE('',#4158);
#4158 = AXIS2_PLACEMENT_3D('',#4159,#4160,#4161);
#4159 = CARTESIAN_POINT('',(-201.,128.,83.5));
#4160 = DIRECTION('',(0.,1.110223024625E-16,1.));
#4161 = DIRECTION('',(0.,-1.,1.110223024625E-16));
#4162 = ADVANCED_FACE('',(#4163),#4181,.T.);
#4163 = FACE_BOUND('',#4164,.T.);
#4164 = EDGE_LOOP('',(#4165,#4173,#4174,#4175));
#4165 = ORIENTED_EDGE('',*,*,#4166,.F.);
#4166 = EDGE_CURVE('',#4007,#4167,#4169,.T.);
#4167 = VERTEX_POINT('',#4168);
#4168 = CARTESIAN_POINT('',(200.,128.,96.5));
#4169 = LINE('',#4170,#4171);
#4170 = CARTESIAN_POINT('',(-201.,128.,96.5));
#4171 = VECTOR('',#4172,1.);
#4172 = DIRECTION('',(1.,0.,0.));
#4173 = ORIENTED_EDGE('',*,*,#4014,.T.);
#4174 = ORIENTED_EDGE('',*,*,#4142,.T.);
#4175 = ORIENTED_EDGE('',*,*,#4176,.F.);
#4176 = EDGE_CURVE('',#4167,#4143,#4177,.T.);
#4177 = LINE('',#4178,#4179);
#4178 = CARTESIAN_POINT('',(200.,128.,79.25));
#4179 = VECTOR('',#4180,1.);
#4180 = DIRECTION('',(0.,-1.110223024625E-16,-1.));
#4181 = PLANE('',#4182);
#4182 = AXIS2_PLACEMENT_3D('',#4183,#4184,#4185);
#4183 = CARTESIAN_POINT('',(-201.,128.,83.5));
#4184 = DIRECTION('',(0.,-1.,1.110223024625E-16));
#4185 = DIRECTION('',(1.,0.,0.));
#4186 = ADVANCED_FACE('',(#4187),#4205,.F.);
#4187 = FACE_BOUND('',#4188,.F.);
#4188 = EDGE_LOOP('',(#4189,#4190,#4191,#4199));
#4189 = ORIENTED_EDGE('',*,*,#4166,.F.);
#4190 = ORIENTED_EDGE('',*,*,#4006,.T.);
#4191 = ORIENTED_EDGE('',*,*,#4192,.T.);
#4192 = EDGE_CURVE('',#3999,#4193,#4195,.T.);
#4193 = VERTEX_POINT('',#4194);
#4194 = CARTESIAN_POINT('',(200.,122.,96.5));
#4195 = LINE('',#4196,#4197);
#4196 = CARTESIAN_POINT('',(-201.,122.,96.5));
#4197 = VECTOR('',#4198,1.);
#4198 = DIRECTION('',(1.,0.,0.));
#4199 = ORIENTED_EDGE('',*,*,#4200,.F.);
#4200 = EDGE_CURVE('',#4167,#4193,#4201,.T.);
#4201 = LINE('',#4202,#4203);
#4202 = CARTESIAN_POINT('',(200.,124.,96.5));
#4203 = VECTOR('',#4204,1.);
#4204 = DIRECTION('',(0.,-1.,1.110223024625E-16));
#4205 = PLANE('',#4206);
#4206 = AXIS2_PLACEMENT_3D('',#4207,#4208,#4209);
#4207 = CARTESIAN_POINT('',(-201.,128.,96.5));
#4208 = DIRECTION('',(0.,1.110223024625E-16,1.));
#4209 = DIRECTION('',(0.,-1.,1.110223024625E-16));
#4210 = ADVANCED_FACE('',(#4211),#4229,.F.);
#4211 = FACE_BOUND('',#4212,.F.);
#4212 = EDGE_LOOP('',(#4213,#4214,#4222,#4228));
#4213 = ORIENTED_EDGE('',*,*,#3998,.T.);
#4214 = ORIENTED_EDGE('',*,*,#4215,.T.);
#4215 = EDGE_CURVE('',#3991,#4216,#4218,.T.);
#4216 = VERTEX_POINT('',#4217);
#4217 = CARTESIAN_POINT('',(200.,122.,94.));
#4218 = LINE('',#4219,#4220);
#4219 = CARTESIAN_POINT('',(-201.,122.,94.));
#4220 = VECTOR('',#4221,1.);
#4221 = DIRECTION('',(1.,0.,0.));
#4222 = ORIENTED_EDGE('',*,*,#4223,.F.);
#4223 = EDGE_CURVE('',#4193,#4216,#4224,.T.);
#4224 = LINE('',#4225,#4226);
#4225 = CARTESIAN_POINT('',(200.,122.,79.25));
#4226 = VECTOR('',#4227,1.);
#4227 = DIRECTION('',(0.,-1.110223024625E-16,-1.));
#4228 = ORIENTED_EDGE('',*,*,#4192,.F.);
#4229 = PLANE('',#4230);
#4230 = AXIS2_PLACEMENT_3D('',#4231,#4232,#4233);
#4231 = CARTESIAN_POINT('',(-201.,122.,83.5));
#4232 = DIRECTION('',(0.,-1.,1.110223024625E-16));
#4233 = DIRECTION('',(1.,0.,0.));
#4234 = ADVANCED_FACE('',(#4235),#4253,.F.);
#4235 = FACE_BOUND('',#4236,.F.);
#4236 = EDGE_LOOP('',(#4237,#4238,#4239,#4247));
#4237 = ORIENTED_EDGE('',*,*,#4215,.F.);
#4238 = ORIENTED_EDGE('',*,*,#3990,.T.);
#4239 = ORIENTED_EDGE('',*,*,#4240,.T.);
#4240 = EDGE_CURVE('',#3983,#4241,#4243,.T.);
#4241 = VERTEX_POINT('',#4242);
#4242 = CARTESIAN_POINT('',(200.,120.,94.));
#4243 = LINE('',#4244,#4245);
#4244 = CARTESIAN_POINT('',(-200.5,120.,94.));
#4245 = VECTOR('',#4246,1.);
#4246 = DIRECTION('',(1.,0.,0.));
#4247 = ORIENTED_EDGE('',*,*,#4248,.F.);
#4248 = EDGE_CURVE('',#4216,#4241,#4249,.T.);
#4249 = LINE('',#4250,#4251);
#4250 = CARTESIAN_POINT('',(200.,121.5,94.));
#4251 = VECTOR('',#4252,1.);
#4252 = DIRECTION('',(0.,-1.,1.110223024625E-16));
#4253 = PLANE('',#4254);
#4254 = AXIS2_PLACEMENT_3D('',#4255,#4256,#4257);
#4255 = CARTESIAN_POINT('',(-201.,123.,94.));
#4256 = DIRECTION('',(0.,1.110223024625E-16,1.));
#4257 = DIRECTION('',(0.,-1.,1.110223024625E-16));
#4258 = ADVANCED_FACE('',(#4259),#4277,.F.);
#4259 = FACE_BOUND('',#4260,.F.);
#4260 = EDGE_LOOP('',(#4261,#4269,#4270,#4271));
#4261 = ORIENTED_EDGE('',*,*,#4262,.F.);
#4262 = EDGE_CURVE('',#4241,#4263,#4265,.T.);
#4263 = VERTEX_POINT('',#4264);
#4264 = CARTESIAN_POINT('',(200.,120.,105.));
#4265 = LINE('',#4266,#4267);
#4266 = CARTESIAN_POINT('',(200.,120.,75.));
#4267 = VECTOR('',#4268,1.);
#4268 = DIRECTION('',(0.,0.,1.));
#4269 = ORIENTED_EDGE('',*,*,#4240,.F.);
#4270 = ORIENTED_EDGE('',*,*,#3982,.T.);
#4271 = ORIENTED_EDGE('',*,*,#4272,.T.);
#4272 = EDGE_CURVE('',#3975,#4263,#4273,.T.);
#4273 = LINE('',#4274,#4275);
#4274 = CARTESIAN_POINT('',(-200.,120.,105.));
#4275 = VECTOR('',#4276,1.);
#4276 = DIRECTION('',(1.,0.,0.));
#4277 = PLANE('',#4278);
#4278 = AXIS2_PLACEMENT_3D('',#4279,#4280,#4281);
#4279 = CARTESIAN_POINT('',(-200.,120.,75.));
#4280 = DIRECTION('',(0.,1.,0.));
#4281 = DIRECTION('',(0.,0.,1.));
#4282 = ADVANCED_FACE('',(#4283),#4301,.T.);
#4283 = FACE_BOUND('',#4284,.T.);
#4284 = EDGE_LOOP('',(#4285,#4286,#4287,#4295));
#4285 = ORIENTED_EDGE('',*,*,#3974,.F.);
#4286 = ORIENTED_EDGE('',*,*,#4272,.T.);
#4287 = ORIENTED_EDGE('',*,*,#4288,.T.);
#4288 = EDGE_CURVE('',#4263,#4289,#4291,.T.);
#4289 = VERTEX_POINT('',#4290);
#4290 = CARTESIAN_POINT('',(200.,131.,105.));
#4291 = LINE('',#4292,#4293);
#4292 = CARTESIAN_POINT('',(200.,120.,105.));
#4293 = VECTOR('',#4294,1.);
#4294 = DIRECTION('',(0.,1.,0.));
#4295 = ORIENTED_EDGE('',*,*,#4296,.T.);
#4296 = EDGE_CURVE('',#4289,#3967,#4297,.T.);
#4297 = LINE('',#4298,#4299);
#4298 = CARTESIAN_POINT('',(-200.5,131.,105.));
#4299 = VECTOR('',#4300,1.);
#4300 = DIRECTION('',(-1.,0.,0.));
#4301 = PLANE('',#4302);
#4302 = AXIS2_PLACEMENT_3D('',#4303,#4304,#4305);
#4303 = CARTESIAN_POINT('',(-200.,120.,105.));
#4304 = DIRECTION('',(0.,0.,1.));
#4305 = DIRECTION('',(1.,0.,0.));
#4306 = ADVANCED_FACE('',(#4307),#4325,.T.);
#4307 = FACE_BOUND('',#4308,.T.);
#4308 = EDGE_LOOP('',(#4309,#4317,#4318,#4319));
#4309 = ORIENTED_EDGE('',*,*,#4310,.F.);
#4310 = EDGE_CURVE('',#3959,#4311,#4313,.T.);
#4311 = VERTEX_POINT('',#4312);
#4312 = CARTESIAN_POINT('',(200.,131.,103.));
#4313 = LINE('',#4314,#4315);
#4314 = CARTESIAN_POINT('',(-201.,131.,103.));
#4315 = VECTOR('',#4316,1.);
#4316 = DIRECTION('',(1.,0.,0.));
#4317 = ORIENTED_EDGE('',*,*,#3966,.T.);
#4318 = ORIENTED_EDGE('',*,*,#4296,.F.);
#4319 = ORIENTED_EDGE('',*,*,#4320,.F.);
#4320 = EDGE_CURVE('',#4311,#4289,#4321,.T.);
#4321 = LINE('',#4322,#4323);
#4322 = CARTESIAN_POINT('',(200.,131.,88.5));
#4323 = VECTOR('',#4324,1.);
#4324 = DIRECTION('',(0.,0.,1.));
#4325 = PLANE('',#4326);
#4326 = AXIS2_PLACEMENT_3D('',#4327,#4328,#4329);
#4327 = CARTESIAN_POINT('',(-201.,131.,102.));
#4328 = DIRECTION('',(0.,1.,0.));
#4329 = DIRECTION('',(0.,0.,1.));
#4330 = ADVANCED_FACE('',(#4331),#4349,.F.);
#4331 = FACE_BOUND('',#4332,.F.);
#4332 = EDGE_LOOP('',(#4333,#4334,#4342,#4348));
#4333 = ORIENTED_EDGE('',*,*,#3958,.T.);
#4334 = ORIENTED_EDGE('',*,*,#4335,.T.);
#4335 = EDGE_CURVE('',#3951,#4336,#4338,.T.);
#4336 = VERTEX_POINT('',#4337);
#4337 = CARTESIAN_POINT('',(200.,128.5,103.));
#4338 = LINE('',#4339,#4340);
#4339 = CARTESIAN_POINT('',(-201.,128.5,103.));
#4340 = VECTOR('',#4341,1.);
#4341 = DIRECTION('',(1.,0.,0.));
#4342 = ORIENTED_EDGE('',*,*,#4343,.F.);
#4343 = EDGE_CURVE('',#4311,#4336,#4344,.T.);
#4344 = LINE('',#4345,#4346);
#4345 = CARTESIAN_POINT('',(200.,124.25,103.));
#4346 = VECTOR('',#4347,1.);
#4347 = DIRECTION('',(0.,-1.,0.));
#4348 = ORIENTED_EDGE('',*,*,#4310,.F.);
#4349 = PLANE('',#4350);
#4350 = AXIS2_PLACEMENT_3D('',#4351,#4352,#4353);
#4351 = CARTESIAN_POINT('',(-201.,128.5,103.));
#4352 = DIRECTION('',(0.,0.,1.));
#4353 = DIRECTION('',(1.,0.,0.));
#4354 = ADVANCED_FACE('',(#4355),#4373,.T.);
#4355 = FACE_BOUND('',#4356,.T.);
#4356 = EDGE_LOOP('',(#4357,#4365,#4366,#4367));
#4357 = ORIENTED_EDGE('',*,*,#4358,.F.);
#4358 = EDGE_CURVE('',#3943,#4359,#4361,.T.);
#4359 = VERTEX_POINT('',#4360);
#4360 = CARTESIAN_POINT('',(200.,128.5,97.));
#4361 = LINE('',#4362,#4363);
#4362 = CARTESIAN_POINT('',(-201.,128.5,97.));
#4363 = VECTOR('',#4364,1.);
#4364 = DIRECTION('',(1.,0.,0.));
#4365 = ORIENTED_EDGE('',*,*,#3950,.T.);
#4366 = ORIENTED_EDGE('',*,*,#4335,.T.);
#4367 = ORIENTED_EDGE('',*,*,#4368,.F.);
#4368 = EDGE_CURVE('',#4359,#4336,#4369,.T.);
#4369 = LINE('',#4370,#4371);
#4370 = CARTESIAN_POINT('',(200.,128.5,86.));
#4371 = VECTOR('',#4372,1.);
#4372 = DIRECTION('',(0.,0.,1.));
#4373 = PLANE('',#4374);
#4374 = AXIS2_PLACEMENT_3D('',#4375,#4376,#4377);
#4375 = CARTESIAN_POINT('',(-201.,128.5,97.));
#4376 = DIRECTION('',(0.,1.,0.));
#4377 = DIRECTION('',(0.,0.,1.));
#4378 = ADVANCED_FACE('',(#4379),#4397,.T.);
#4379 = FACE_BOUND('',#4380,.T.);
#4380 = EDGE_LOOP('',(#4381,#4389,#4390,#4391));
#4381 = ORIENTED_EDGE('',*,*,#4382,.F.);
#4382 = EDGE_CURVE('',#3935,#4383,#4385,.T.);
#4383 = VERTEX_POINT('',#4384);
#4384 = CARTESIAN_POINT('',(200.,141.5,97.));
#4385 = LINE('',#4386,#4387);
#4386 = CARTESIAN_POINT('',(-201.,141.5,97.));
#4387 = VECTOR('',#4388,1.);
#4388 = DIRECTION('',(1.,0.,0.));
#4389 = ORIENTED_EDGE('',*,*,#3942,.T.);
#4390 = ORIENTED_EDGE('',*,*,#4358,.T.);
#4391 = ORIENTED_EDGE('',*,*,#4392,.F.);
#4392 = EDGE_CURVE('',#4383,#4359,#4393,.T.);
#4393 = LINE('',#4394,#4395);
#4394 = CARTESIAN_POINT('',(200.,124.25,97.));
#4395 = VECTOR('',#4396,1.);
#4396 = DIRECTION('',(0.,-1.,0.));
#4397 = PLANE('',#4398);
#4398 = AXIS2_PLACEMENT_3D('',#4399,#4400,#4401);
#4399 = CARTESIAN_POINT('',(-201.,128.5,97.));
#4400 = DIRECTION('',(0.,0.,1.));
#4401 = DIRECTION('',(1.,0.,0.));
#4402 = ADVANCED_FACE('',(#4403),#4421,.F.);
#4403 = FACE_BOUND('',#4404,.F.);
#4404 = EDGE_LOOP('',(#4405,#4406,#4407,#4415));
#4405 = ORIENTED_EDGE('',*,*,#4382,.F.);
#4406 = ORIENTED_EDGE('',*,*,#3934,.T.);
#4407 = ORIENTED_EDGE('',*,*,#4408,.T.);
#4408 = EDGE_CURVE('',#3927,#4409,#4411,.T.);
#4409 = VERTEX_POINT('',#4410);
#4410 = CARTESIAN_POINT('',(200.,141.5,103.));
#4411 = LINE('',#4412,#4413);
#4412 = CARTESIAN_POINT('',(-201.,141.5,103.));
#4413 = VECTOR('',#4414,1.);
#4414 = DIRECTION('',(1.,0.,0.));
#4415 = ORIENTED_EDGE('',*,*,#4416,.F.);
#4416 = EDGE_CURVE('',#4383,#4409,#4417,.T.);
#4417 = LINE('',#4418,#4419);
#4418 = CARTESIAN_POINT('',(200.,141.5,86.));
#4419 = VECTOR('',#4420,1.);
#4420 = DIRECTION('',(0.,0.,1.));
#4421 = PLANE('',#4422);
#4422 = AXIS2_PLACEMENT_3D('',#4423,#4424,#4425);
#4423 = CARTESIAN_POINT('',(-201.,141.5,97.));
#4424 = DIRECTION('',(0.,1.,0.));
#4425 = DIRECTION('',(0.,0.,1.));
#4426 = ADVANCED_FACE('',(#4427),#4445,.F.);
#4427 = FACE_BOUND('',#4428,.F.);
#4428 = EDGE_LOOP('',(#4429,#4430,#4438,#4444));
#4429 = ORIENTED_EDGE('',*,*,#3926,.T.);
#4430 = ORIENTED_EDGE('',*,*,#4431,.T.);
#4431 = EDGE_CURVE('',#3919,#4432,#4434,.T.);
#4432 = VERTEX_POINT('',#4433);
#4433 = CARTESIAN_POINT('',(200.,139.,103.));
#4434 = LINE('',#4435,#4436);
#4435 = CARTESIAN_POINT('',(-201.,139.,103.));
#4436 = VECTOR('',#4437,1.);
#4437 = DIRECTION('',(1.,0.,0.));
#4438 = ORIENTED_EDGE('',*,*,#4439,.F.);
#4439 = EDGE_CURVE('',#4409,#4432,#4440,.T.);
#4440 = LINE('',#4441,#4442);
#4441 = CARTESIAN_POINT('',(200.,124.25,103.));
#4442 = VECTOR('',#4443,1.);
#4443 = DIRECTION('',(0.,-1.,0.));
#4444 = ORIENTED_EDGE('',*,*,#4408,.F.);
#4445 = PLANE('',#4446);
#4446 = AXIS2_PLACEMENT_3D('',#4447,#4448,#4449);
#4447 = CARTESIAN_POINT('',(-201.,128.5,103.));
#4448 = DIRECTION('',(0.,0.,1.));
#4449 = DIRECTION('',(1.,0.,0.));
#4450 = ADVANCED_FACE('',(#4451),#4469,.F.);
#4451 = FACE_BOUND('',#4452,.F.);
#4452 = EDGE_LOOP('',(#4453,#4454,#4455,#4463));
#4453 = ORIENTED_EDGE('',*,*,#4431,.F.);
#4454 = ORIENTED_EDGE('',*,*,#3918,.T.);
#4455 = ORIENTED_EDGE('',*,*,#4456,.F.);
#4456 = EDGE_CURVE('',#4457,#3911,#4459,.T.);
#4457 = VERTEX_POINT('',#4458);
#4458 = CARTESIAN_POINT('',(200.,139.,105.));
#4459 = LINE('',#4460,#4461);
#4460 = CARTESIAN_POINT('',(-200.5,139.,105.));
#4461 = VECTOR('',#4462,1.);
#4462 = DIRECTION('',(-1.,0.,0.));
#4463 = ORIENTED_EDGE('',*,*,#4464,.F.);
#4464 = EDGE_CURVE('',#4432,#4457,#4465,.T.);
#4465 = LINE('',#4466,#4467);
#4466 = CARTESIAN_POINT('',(200.,139.,88.5));
#4467 = VECTOR('',#4468,1.);
#4468 = DIRECTION('',(0.,0.,1.));
#4469 = PLANE('',#4470);
#4470 = AXIS2_PLACEMENT_3D('',#4471,#4472,#4473);
#4471 = CARTESIAN_POINT('',(-201.,139.,102.));
#4472 = DIRECTION('',(0.,1.,0.));
#4473 = DIRECTION('',(0.,0.,1.));
#4474 = ADVANCED_FACE('',(#4475),#4493,.T.);
#4475 = FACE_BOUND('',#4476,.T.);
#4476 = EDGE_LOOP('',(#4477,#4478,#4479,#4487));
#4477 = ORIENTED_EDGE('',*,*,#3910,.F.);
#4478 = ORIENTED_EDGE('',*,*,#4456,.F.);
#4479 = ORIENTED_EDGE('',*,*,#4480,.T.);
#4480 = EDGE_CURVE('',#4457,#4481,#4483,.T.);
#4481 = VERTEX_POINT('',#4482);
#4482 = CARTESIAN_POINT('',(200.,150.,105.));
#4483 = LINE('',#4484,#4485);
#4484 = CARTESIAN_POINT('',(200.,120.,105.));
#4485 = VECTOR('',#4486,1.);
#4486 = DIRECTION('',(0.,1.,0.));
#4487 = ORIENTED_EDGE('',*,*,#4488,.F.);
#4488 = EDGE_CURVE('',#3903,#4481,#4489,.T.);
#4489 = LINE('',#4490,#4491);
#4490 = CARTESIAN_POINT('',(-200.,150.,105.));
#4491 = VECTOR('',#4492,1.);
#4492 = DIRECTION('',(1.,0.,0.));
#4493 = PLANE('',#4494);
#4494 = AXIS2_PLACEMENT_3D('',#4495,#4496,#4497);
#4495 = CARTESIAN_POINT('',(-200.,120.,105.));
#4496 = DIRECTION('',(0.,0.,1.));
#4497 = DIRECTION('',(1.,0.,0.));
#4498 = ADVANCED_FACE('',(#4499),#4517,.T.);
#4499 = FACE_BOUND('',#4500,.T.);
#4500 = EDGE_LOOP('',(#4501,#4509,#4515,#4516));
#4501 = ORIENTED_EDGE('',*,*,#4502,.F.);
#4502 = EDGE_CURVE('',#4503,#4481,#4505,.T.);
#4503 = VERTEX_POINT('',#4504);
#4504 = CARTESIAN_POINT('',(200.,150.,94.));
#4505 = LINE('',#4506,#4507);
#4506 = CARTESIAN_POINT('',(200.,150.,75.));
#4507 = VECTOR('',#4508,1.);
#4508 = DIRECTION('',(0.,0.,1.));
#4509 = ORIENTED_EDGE('',*,*,#4510,.T.);
#4510 = EDGE_CURVE('',#4503,#3895,#4511,.T.);
#4511 = LINE('',#4512,#4513);
#4512 = CARTESIAN_POINT('',(-200.5,150.,94.));
#4513 = VECTOR('',#4514,1.);
#4514 = DIRECTION('',(-1.,0.,0.));
#4515 = ORIENTED_EDGE('',*,*,#3902,.T.);
#4516 = ORIENTED_EDGE('',*,*,#4488,.T.);
#4517 = PLANE('',#4518);
#4518 = AXIS2_PLACEMENT_3D('',#4519,#4520,#4521);
#4519 = CARTESIAN_POINT('',(-200.,150.,75.));
#4520 = DIRECTION('',(0.,1.,0.));
#4521 = DIRECTION('',(0.,0.,1.));
#4522 = ADVANCED_FACE('',(#4523),#4541,.T.);
#4523 = FACE_BOUND('',#4524,.T.);
#4524 = EDGE_LOOP('',(#4525,#4533,#4534,#4535));
#4525 = ORIENTED_EDGE('',*,*,#4526,.F.);
#4526 = EDGE_CURVE('',#3887,#4527,#4529,.T.);
#4527 = VERTEX_POINT('',#4528);
#4528 = CARTESIAN_POINT('',(200.,148.,94.));
#4529 = LINE('',#4530,#4531);
#4530 = CARTESIAN_POINT('',(-201.,148.,94.));
#4531 = VECTOR('',#4532,1.);
#4532 = DIRECTION('',(1.,0.,0.));
#4533 = ORIENTED_EDGE('',*,*,#3894,.T.);
#4534 = ORIENTED_EDGE('',*,*,#4510,.F.);
#4535 = ORIENTED_EDGE('',*,*,#4536,.F.);
#4536 = EDGE_CURVE('',#4527,#4503,#4537,.T.);
#4537 = LINE('',#4538,#4539);
#4538 = CARTESIAN_POINT('',(200.,133.5,94.));
#4539 = VECTOR('',#4540,1.);
#4540 = DIRECTION('',(0.,1.,-2.22044604925E-16));
#4541 = PLANE('',#4542);
#4542 = AXIS2_PLACEMENT_3D('',#4543,#4544,#4545);
#4543 = CARTESIAN_POINT('',(-201.,147.,94.));
#4544 = DIRECTION('',(0.,-2.22044604925E-16,-1.));
#4545 = DIRECTION('',(0.,1.,-2.22044604925E-16));
#4546 = ADVANCED_FACE('',(#4547),#4565,.F.);
#4547 = FACE_BOUND('',#4548,.F.);
#4548 = EDGE_LOOP('',(#4549,#4550,#4558,#4564));
#4549 = ORIENTED_EDGE('',*,*,#3886,.T.);
#4550 = ORIENTED_EDGE('',*,*,#4551,.T.);
#4551 = EDGE_CURVE('',#3879,#4552,#4554,.T.);
#4552 = VERTEX_POINT('',#4553);
#4553 = CARTESIAN_POINT('',(200.,148.,96.5));
#4554 = LINE('',#4555,#4556);
#4555 = CARTESIAN_POINT('',(-201.,148.,96.5));
#4556 = VECTOR('',#4557,1.);
#4557 = DIRECTION('',(1.,0.,0.));
#4558 = ORIENTED_EDGE('',*,*,#4559,.F.);
#4559 = EDGE_CURVE('',#4527,#4552,#4560,.T.);
#4560 = LINE('',#4561,#4562);
#4561 = CARTESIAN_POINT('',(200.,148.,85.75));
#4562 = VECTOR('',#4563,1.);
#4563 = DIRECTION('',(0.,2.22044604925E-16,1.));
#4564 = ORIENTED_EDGE('',*,*,#4526,.F.);
#4565 = PLANE('',#4566);
#4566 = AXIS2_PLACEMENT_3D('',#4567,#4568,#4569);
#4567 = CARTESIAN_POINT('',(-201.,148.,96.5));
#4568 = DIRECTION('',(0.,1.,-2.22044604925E-16));
#4569 = DIRECTION('',(1.,0.,0.));
#4570 = ADVANCED_FACE('',(#4571),#4589,.T.);
#4571 = FACE_BOUND('',#4572,.T.);
#4572 = EDGE_LOOP('',(#4573,#4581,#4582,#4583));
#4573 = ORIENTED_EDGE('',*,*,#4574,.F.);
#4574 = EDGE_CURVE('',#3871,#4575,#4577,.T.);
#4575 = VERTEX_POINT('',#4576);
#4576 = CARTESIAN_POINT('',(200.,142.,96.5));
#4577 = LINE('',#4578,#4579);
#4578 = CARTESIAN_POINT('',(-201.,142.,96.5));
#4579 = VECTOR('',#4580,1.);
#4580 = DIRECTION('',(1.,0.,0.));
#4581 = ORIENTED_EDGE('',*,*,#3878,.T.);
#4582 = ORIENTED_EDGE('',*,*,#4551,.T.);
#4583 = ORIENTED_EDGE('',*,*,#4584,.F.);
#4584 = EDGE_CURVE('',#4575,#4552,#4585,.T.);
#4585 = LINE('',#4586,#4587);
#4586 = CARTESIAN_POINT('',(200.,131.,96.5));
#4587 = VECTOR('',#4588,1.);
#4588 = DIRECTION('',(0.,1.,-2.22044604925E-16));
#4589 = PLANE('',#4590);
#4590 = AXIS2_PLACEMENT_3D('',#4591,#4592,#4593);
#4591 = CARTESIAN_POINT('',(-201.,142.,96.5));
#4592 = DIRECTION('',(0.,-2.22044604925E-16,-1.));
#4593 = DIRECTION('',(0.,1.,-2.22044604925E-16));
#4594 = ADVANCED_FACE('',(#4595),#4613,.T.);
#4595 = FACE_BOUND('',#4596,.T.);
#4596 = EDGE_LOOP('',(#4597,#4605,#4606,#4607));
#4597 = ORIENTED_EDGE('',*,*,#4598,.F.);
#4598 = EDGE_CURVE('',#3863,#4599,#4601,.T.);
#4599 = VERTEX_POINT('',#4600);
#4600 = CARTESIAN_POINT('',(200.,142.,83.5));
#4601 = LINE('',#4602,#4603);
#4602 = CARTESIAN_POINT('',(-201.,142.,83.5));
#4603 = VECTOR('',#4604,1.);
#4604 = DIRECTION('',(1.,0.,0.));
#4605 = ORIENTED_EDGE('',*,*,#3870,.T.);
#4606 = ORIENTED_EDGE('',*,*,#4574,.T.);
#4607 = ORIENTED_EDGE('',*,*,#4608,.F.);
#4608 = EDGE_CURVE('',#4599,#4575,#4609,.T.);
#4609 = LINE('',#4610,#4611);
#4610 = CARTESIAN_POINT('',(200.,142.,85.75));
#4611 = VECTOR('',#4612,1.);
#4612 = DIRECTION('',(0.,2.22044604925E-16,1.));
#4613 = PLANE('',#4614);
#4614 = AXIS2_PLACEMENT_3D('',#4615,#4616,#4617);
#4615 = CARTESIAN_POINT('',(-201.,142.,96.5));
#4616 = DIRECTION('',(0.,1.,-2.22044604925E-16));
#4617 = DIRECTION('',(1.,0.,0.));
#4618 = ADVANCED_FACE('',(#4619),#4637,.F.);
#4619 = FACE_BOUND('',#4620,.F.);
#4620 = EDGE_LOOP('',(#4621,#4622,#4623,#4631));
#4621 = ORIENTED_EDGE('',*,*,#4598,.F.);
#4622 = ORIENTED_EDGE('',*,*,#3862,.T.);
#4623 = ORIENTED_EDGE('',*,*,#4624,.T.);
#4624 = EDGE_CURVE('',#3855,#4625,#4627,.T.);
#4625 = VERTEX_POINT('',#4626);
#4626 = CARTESIAN_POINT('',(200.,148.,83.5));
#4627 = LINE('',#4628,#4629);
#4628 = CARTESIAN_POINT('',(-201.,148.,83.5));
#4629 = VECTOR('',#4630,1.);
#4630 = DIRECTION('',(1.,0.,0.));
#4631 = ORIENTED_EDGE('',*,*,#4632,.F.);
#4632 = EDGE_CURVE('',#4599,#4625,#4633,.T.);
#4633 = LINE('',#4634,#4635);
#4634 = CARTESIAN_POINT('',(200.,131.,83.5));
#4635 = VECTOR('',#4636,1.);
#4636 = DIRECTION('',(0.,1.,-2.22044604925E-16));
#4637 = PLANE('',#4638);
#4638 = AXIS2_PLACEMENT_3D('',#4639,#4640,#4641);
#4639 = CARTESIAN_POINT('',(-201.,142.,83.5));
#4640 = DIRECTION('',(0.,-2.22044604925E-16,-1.));
#4641 = DIRECTION('',(0.,1.,-2.22044604925E-16));
#4642 = ADVANCED_FACE('',(#4643),#4661,.F.);
#4643 = FACE_BOUND('',#4644,.F.);
#4644 = EDGE_LOOP('',(#4645,#4646,#4654,#4660));
#4645 = ORIENTED_EDGE('',*,*,#3854,.T.);
#4646 = ORIENTED_EDGE('',*,*,#4647,.T.);
#4647 = EDGE_CURVE('',#3847,#4648,#4650,.T.);
#4648 = VERTEX_POINT('',#4649);
#4649 = CARTESIAN_POINT('',(200.,148.,86.));
#4650 = LINE('',#4651,#4652);
#4651 = CARTESIAN_POINT('',(-201.,148.,86.));
#4652 = VECTOR('',#4653,1.);
#4653 = DIRECTION('',(1.,0.,0.));
#4654 = ORIENTED_EDGE('',*,*,#4655,.F.);
#4655 = EDGE_CURVE('',#4625,#4648,#4656,.T.);
#4656 = LINE('',#4657,#4658);
#4657 = CARTESIAN_POINT('',(200.,148.,85.75));
#4658 = VECTOR('',#4659,1.);
#4659 = DIRECTION('',(0.,2.22044604925E-16,1.));
#4660 = ORIENTED_EDGE('',*,*,#4624,.F.);
#4661 = PLANE('',#4662);
#4662 = AXIS2_PLACEMENT_3D('',#4663,#4664,#4665);
#4663 = CARTESIAN_POINT('',(-201.,148.,96.5));
#4664 = DIRECTION('',(0.,1.,-2.22044604925E-16));
#4665 = DIRECTION('',(1.,0.,0.));
#4666 = ADVANCED_FACE('',(#4667),#4685,.F.);
#4667 = FACE_BOUND('',#4668,.F.);
#4668 = EDGE_LOOP('',(#4669,#4670,#4671,#4679));
#4669 = ORIENTED_EDGE('',*,*,#4647,.F.);
#4670 = ORIENTED_EDGE('',*,*,#3846,.T.);
#4671 = ORIENTED_EDGE('',*,*,#4672,.F.);
#4672 = EDGE_CURVE('',#4673,#3839,#4675,.T.);
#4673 = VERTEX_POINT('',#4674);
#4674 = CARTESIAN_POINT('',(200.,150.,86.));
#4675 = LINE('',#4676,#4677);
#4676 = CARTESIAN_POINT('',(-200.5,150.,86.));
#4677 = VECTOR('',#4678,1.);
#4678 = DIRECTION('',(-1.,0.,0.));
#4679 = ORIENTED_EDGE('',*,*,#4680,.F.);
#4680 = EDGE_CURVE('',#4648,#4673,#4681,.T.);
#4681 = LINE('',#4682,#4683);
#4682 = CARTESIAN_POINT('',(200.,133.5,86.));
#4683 = VECTOR('',#4684,1.);
#4684 = DIRECTION('',(0.,1.,-2.22044604925E-16));
#4685 = PLANE('',#4686);
#4686 = AXIS2_PLACEMENT_3D('',#4687,#4688,#4689);
#4687 = CARTESIAN_POINT('',(-201.,147.,86.));
#4688 = DIRECTION('',(0.,-2.22044604925E-16,-1.));
#4689 = DIRECTION('',(0.,1.,-2.22044604925E-16));
#4690 = ADVANCED_FACE('',(#4691),#4709,.T.);
#4691 = FACE_BOUND('',#4692,.T.);
#4692 = EDGE_LOOP('',(#4693,#4701,#4707,#4708));
#4693 = ORIENTED_EDGE('',*,*,#4694,.F.);
#4694 = EDGE_CURVE('',#4695,#4673,#4697,.T.);
#4695 = VERTEX_POINT('',#4696);
#4696 = CARTESIAN_POINT('',(200.,150.,75.));
#4697 = LINE('',#4698,#4699);
#4698 = CARTESIAN_POINT('',(200.,150.,75.));
#4699 = VECTOR('',#4700,1.);
#4700 = DIRECTION('',(0.,0.,1.));
#4701 = ORIENTED_EDGE('',*,*,#4702,.F.);
#4702 = EDGE_CURVE('',#3831,#4695,#4703,.T.);
#4703 = LINE('',#4704,#4705);
#4704 = CARTESIAN_POINT('',(-200.,150.,75.));
#4705 = VECTOR('',#4706,1.);
#4706 = DIRECTION('',(1.,0.,0.));
#4707 = ORIENTED_EDGE('',*,*,#3838,.T.);
#4708 = ORIENTED_EDGE('',*,*,#4672,.F.);
#4709 = PLANE('',#4710);
#4710 = AXIS2_PLACEMENT_3D('',#4711,#4712,#4713);
#4711 = CARTESIAN_POINT('',(-200.,150.,75.));
#4712 = DIRECTION('',(0.,1.,0.));
#4713 = DIRECTION('',(0.,0.,1.));
#4714 = ADVANCED_FACE('',(#4715),#4733,.F.);
#4715 = FACE_BOUND('',#4716,.F.);
#4716 = EDGE_LOOP('',(#4717,#4718,#4726,#4732));
#4717 = ORIENTED_EDGE('',*,*,#3830,.F.);
#4718 = ORIENTED_EDGE('',*,*,#4719,.T.);
#4719 = EDGE_CURVE('',#3823,#4720,#4722,.T.);
#4720 = VERTEX_POINT('',#4721);
#4721 = CARTESIAN_POINT('',(200.,139.,75.));
#4722 = LINE('',#4723,#4724);
#4723 = CARTESIAN_POINT('',(-200.5,139.,75.));
#4724 = VECTOR('',#4725,1.);
#4725 = DIRECTION('',(1.,0.,0.));
#4726 = ORIENTED_EDGE('',*,*,#4727,.T.);
#4727 = EDGE_CURVE('',#4720,#4695,#4728,.T.);
#4728 = LINE('',#4729,#4730);
#4729 = CARTESIAN_POINT('',(200.,120.,75.));
#4730 = VECTOR('',#4731,1.);
#4731 = DIRECTION('',(0.,1.,0.));
#4732 = ORIENTED_EDGE('',*,*,#4702,.F.);
#4733 = PLANE('',#4734);
#4734 = AXIS2_PLACEMENT_3D('',#4735,#4736,#4737);
#4735 = CARTESIAN_POINT('',(-200.,120.,75.));
#4736 = DIRECTION('',(0.,0.,1.));
#4737 = DIRECTION('',(1.,0.,0.));
#4738 = ADVANCED_FACE('',(#4739),#4757,.T.);
#4739 = FACE_BOUND('',#4740,.T.);
#4740 = EDGE_LOOP('',(#4741,#4749,#4750,#4751));
#4741 = ORIENTED_EDGE('',*,*,#4742,.F.);
#4742 = EDGE_CURVE('',#3815,#4743,#4745,.T.);
#4743 = VERTEX_POINT('',#4744);
#4744 = CARTESIAN_POINT('',(200.,139.,77.));
#4745 = LINE('',#4746,#4747);
#4746 = CARTESIAN_POINT('',(-201.,139.,77.));
#4747 = VECTOR('',#4748,1.);
#4748 = DIRECTION('',(1.,0.,0.));
#4749 = ORIENTED_EDGE('',*,*,#3822,.T.);
#4750 = ORIENTED_EDGE('',*,*,#4719,.T.);
#4751 = ORIENTED_EDGE('',*,*,#4752,.F.);
#4752 = EDGE_CURVE('',#4743,#4720,#4753,.T.);
#4753 = LINE('',#4754,#4755);
#4754 = CARTESIAN_POINT('',(200.,139.,76.5));
#4755 = VECTOR('',#4756,1.);
#4756 = DIRECTION('',(0.,-1.224646799147E-16,-1.));
#4757 = PLANE('',#4758);
#4758 = AXIS2_PLACEMENT_3D('',#4759,#4760,#4761);
#4759 = CARTESIAN_POINT('',(-201.,139.,78.));
#4760 = DIRECTION('',(0.,-1.,1.224646799147E-16));
#4761 = DIRECTION('',(0.,-1.224646799147E-16,-1.));
#4762 = ADVANCED_FACE('',(#4763),#4781,.F.);
#4763 = FACE_BOUND('',#4764,.F.);
#4764 = EDGE_LOOP('',(#4765,#4766,#4774,#4780));
#4765 = ORIENTED_EDGE('',*,*,#3814,.T.);
#4766 = ORIENTED_EDGE('',*,*,#4767,.T.);
#4767 = EDGE_CURVE('',#3807,#4768,#4770,.T.);
#4768 = VERTEX_POINT('',#4769);
#4769 = CARTESIAN_POINT('',(200.,141.5,77.));
#4770 = LINE('',#4771,#4772);
#4771 = CARTESIAN_POINT('',(-201.,141.5,77.));
#4772 = VECTOR('',#4773,1.);
#4773 = DIRECTION('',(1.,0.,0.));
#4774 = ORIENTED_EDGE('',*,*,#4775,.F.);
#4775 = EDGE_CURVE('',#4743,#4768,#4776,.T.);
#4776 = LINE('',#4777,#4778);
#4777 = CARTESIAN_POINT('',(200.,130.75,77.));
#4778 = VECTOR('',#4779,1.);
#4779 = DIRECTION('',(0.,1.,-1.224646799147E-16));
#4780 = ORIENTED_EDGE('',*,*,#4742,.F.);
#4781 = PLANE('',#4782);
#4782 = AXIS2_PLACEMENT_3D('',#4783,#4784,#4785);
#4783 = CARTESIAN_POINT('',(-201.,141.5,77.));
#4784 = DIRECTION('',(0.,-1.224646799147E-16,-1.));
#4785 = DIRECTION('',(1.,0.,0.));
#4786 = ADVANCED_FACE('',(#4787),#4805,.T.);
#4787 = FACE_BOUND('',#4788,.T.);
#4788 = EDGE_LOOP('',(#4789,#4797,#4798,#4799));
#4789 = ORIENTED_EDGE('',*,*,#4790,.F.);
#4790 = EDGE_CURVE('',#3799,#4791,#4793,.T.);
#4791 = VERTEX_POINT('',#4792);
#4792 = CARTESIAN_POINT('',(200.,141.5,83.));
#4793 = LINE('',#4794,#4795);
#4794 = CARTESIAN_POINT('',(-201.,141.5,83.));
#4795 = VECTOR('',#4796,1.);
#4796 = DIRECTION('',(1.,0.,0.));
#4797 = ORIENTED_EDGE('',*,*,#3806,.T.);
#4798 = ORIENTED_EDGE('',*,*,#4767,.T.);
#4799 = ORIENTED_EDGE('',*,*,#4800,.F.);
#4800 = EDGE_CURVE('',#4791,#4768,#4801,.T.);
#4801 = LINE('',#4802,#4803);
#4802 = CARTESIAN_POINT('',(200.,141.5,79.));
#4803 = VECTOR('',#4804,1.);
#4804 = DIRECTION('',(0.,-1.224646799147E-16,-1.));
#4805 = PLANE('',#4806);
#4806 = AXIS2_PLACEMENT_3D('',#4807,#4808,#4809);
#4807 = CARTESIAN_POINT('',(-201.,141.5,83.));
#4808 = DIRECTION('',(0.,-1.,1.224646799147E-16));
#4809 = DIRECTION('',(0.,-1.224646799147E-16,-1.));
#4810 = ADVANCED_FACE('',(#4811),#4829,.T.);
#4811 = FACE_BOUND('',#4812,.T.);
#4812 = EDGE_LOOP('',(#4813,#4821,#4822,#4823));
#4813 = ORIENTED_EDGE('',*,*,#4814,.F.);
#4814 = EDGE_CURVE('',#3791,#4815,#4817,.T.);
#4815 = VERTEX_POINT('',#4816);
#4816 = CARTESIAN_POINT('',(200.,128.5,83.));
#4817 = LINE('',#4818,#4819);
#4818 = CARTESIAN_POINT('',(-201.,128.5,83.));
#4819 = VECTOR('',#4820,1.);
#4820 = DIRECTION('',(1.,0.,0.));
#4821 = ORIENTED_EDGE('',*,*,#3798,.T.);
#4822 = ORIENTED_EDGE('',*,*,#4790,.T.);
#4823 = ORIENTED_EDGE('',*,*,#4824,.F.);
#4824 = EDGE_CURVE('',#4815,#4791,#4825,.T.);
#4825 = LINE('',#4826,#4827);
#4826 = CARTESIAN_POINT('',(200.,130.75,83.));
#4827 = VECTOR('',#4828,1.);
#4828 = DIRECTION('',(0.,1.,-1.224646799147E-16));
#4829 = PLANE('',#4830);
#4830 = AXIS2_PLACEMENT_3D('',#4831,#4832,#4833);
#4831 = CARTESIAN_POINT('',(-201.,141.5,83.));
#4832 = DIRECTION('',(0.,-1.224646799147E-16,-1.));
#4833 = DIRECTION('',(1.,0.,0.));
#4834 = ADVANCED_FACE('',(#4835),#4853,.F.);
#4835 = FACE_BOUND('',#4836,.F.);
#4836 = EDGE_LOOP('',(#4837,#4838,#4839,#4847));
#4837 = ORIENTED_EDGE('',*,*,#4814,.F.);
#4838 = ORIENTED_EDGE('',*,*,#3790,.T.);
#4839 = ORIENTED_EDGE('',*,*,#4840,.T.);
#4840 = EDGE_CURVE('',#3783,#4841,#4843,.T.);
#4841 = VERTEX_POINT('',#4842);
#4842 = CARTESIAN_POINT('',(200.,128.5,77.));
#4843 = LINE('',#4844,#4845);
#4844 = CARTESIAN_POINT('',(-201.,128.5,77.));
#4845 = VECTOR('',#4846,1.);
#4846 = DIRECTION('',(1.,0.,0.));
#4847 = ORIENTED_EDGE('',*,*,#4848,.F.);
#4848 = EDGE_CURVE('',#4815,#4841,#4849,.T.);
#4849 = LINE('',#4850,#4851);
#4850 = CARTESIAN_POINT('',(200.,128.5,79.));
#4851 = VECTOR('',#4852,1.);
#4852 = DIRECTION('',(0.,-1.224646799147E-16,-1.));
#4853 = PLANE('',#4854);
#4854 = AXIS2_PLACEMENT_3D('',#4855,#4856,#4857);
#4855 = CARTESIAN_POINT('',(-201.,128.5,83.));
#4856 = DIRECTION('',(0.,-1.,1.224646799147E-16));
#4857 = DIRECTION('',(0.,-1.224646799147E-16,-1.));
#4858 = ADVANCED_FACE('',(#4859),#4877,.F.);
#4859 = FACE_BOUND('',#4860,.F.);
#4860 = EDGE_LOOP('',(#4861,#4862,#4870,#4876));
#4861 = ORIENTED_EDGE('',*,*,#3782,.T.);
#4862 = ORIENTED_EDGE('',*,*,#4863,.T.);
#4863 = EDGE_CURVE('',#3775,#4864,#4866,.T.);
#4864 = VERTEX_POINT('',#4865);
#4865 = CARTESIAN_POINT('',(200.,131.,77.));
#4866 = LINE('',#4867,#4868);
#4867 = CARTESIAN_POINT('',(-201.,131.,77.));
#4868 = VECTOR('',#4869,1.);
#4869 = DIRECTION('',(1.,0.,0.));
#4870 = ORIENTED_EDGE('',*,*,#4871,.F.);
#4871 = EDGE_CURVE('',#4841,#4864,#4872,.T.);
#4872 = LINE('',#4873,#4874);
#4873 = CARTESIAN_POINT('',(200.,130.75,77.));
#4874 = VECTOR('',#4875,1.);
#4875 = DIRECTION('',(0.,1.,-1.224646799147E-16));
#4876 = ORIENTED_EDGE('',*,*,#4840,.F.);
#4877 = PLANE('',#4878);
#4878 = AXIS2_PLACEMENT_3D('',#4879,#4880,#4881);
#4879 = CARTESIAN_POINT('',(-201.,141.5,77.));
#4880 = DIRECTION('',(0.,-1.224646799147E-16,-1.));
#4881 = DIRECTION('',(1.,0.,0.));
#4882 = ADVANCED_FACE('',(#4883),#4901,.F.);
#4883 = FACE_BOUND('',#4884,.F.);
#4884 = EDGE_LOOP('',(#4885,#4886,#4887,#4895));
#4885 = ORIENTED_EDGE('',*,*,#4863,.F.);
#4886 = ORIENTED_EDGE('',*,*,#3774,.T.);
#4887 = ORIENTED_EDGE('',*,*,#4888,.T.);
#4888 = EDGE_CURVE('',#3767,#4889,#4891,.T.);
#4889 = VERTEX_POINT('',#4890);
#4890 = CARTESIAN_POINT('',(200.,131.,75.));
#4891 = LINE('',#4892,#4893);
#4892 = CARTESIAN_POINT('',(-200.5,131.,75.));
#4893 = VECTOR('',#4894,1.);
#4894 = DIRECTION('',(1.,0.,0.));
#4895 = ORIENTED_EDGE('',*,*,#4896,.F.);
#4896 = EDGE_CURVE('',#4864,#4889,#4897,.T.);
#4897 = LINE('',#4898,#4899);
#4898 = CARTESIAN_POINT('',(200.,131.,76.5));
#4899 = VECTOR('',#4900,1.);
#4900 = DIRECTION('',(0.,-1.224646799147E-16,-1.));
#4901 = PLANE('',#4902);
#4902 = AXIS2_PLACEMENT_3D('',#4903,#4904,#4905);
#4903 = CARTESIAN_POINT('',(-201.,131.,78.));
#4904 = DIRECTION('',(0.,-1.,1.224646799147E-16));
#4905 = DIRECTION('',(0.,-1.224646799147E-16,-1.));
#4906 = ADVANCED_FACE('',(#4907),#4918,.F.);
#4907 = FACE_BOUND('',#4908,.F.);
#4908 = EDGE_LOOP('',(#4909,#4910,#4911,#4917));
#4909 = ORIENTED_EDGE('',*,*,#3766,.F.);
#4910 = ORIENTED_EDGE('',*,*,#4073,.T.);
#4911 = ORIENTED_EDGE('',*,*,#4912,.T.);
#4912 = EDGE_CURVE('',#4064,#4889,#4913,.T.);
#4913 = LINE('',#4914,#4915);
#4914 = CARTESIAN_POINT('',(200.,120.,75.));
#4915 = VECTOR('',#4916,1.);
#4916 = DIRECTION('',(0.,1.,0.));
#4917 = ORIENTED_EDGE('',*,*,#4888,.F.);
#4918 = PLANE('',#4919);
#4919 = AXIS2_PLACEMENT_3D('',#4920,#4921,#4922);
#4920 = CARTESIAN_POINT('',(-200.,120.,75.));
#4921 = DIRECTION('',(0.,0.,1.));
#4922 = DIRECTION('',(1.,0.,0.));
#4923 = ADVANCED_FACE('',(#4924),#4943,.F.);
#4924 = FACE_BOUND('',#4925,.F.);
#4925 = EDGE_LOOP('',(#4926,#4935,#4941,#4942));
#4926 = ORIENTED_EDGE('',*,*,#4927,.F.);
#4927 = EDGE_CURVE('',#4928,#4928,#4930,.T.);
#4928 = VERTEX_POINT('',#4929);
#4929 = CARTESIAN_POINT('',(200.,135.,93.4));
#4930 = CIRCLE('',#4931,3.4);
#4931 = AXIS2_PLACEMENT_3D('',#4932,#4933,#4934);
#4932 = CARTESIAN_POINT('',(200.,135.,90.));
#4933 = DIRECTION('',(1.,0.,-0.));
#4934 = DIRECTION('',(0.,0.,1.));
#4935 = ORIENTED_EDGE('',*,*,#4936,.F.);
#4936 = EDGE_CURVE('',#4047,#4928,#4937,.T.);
#4937 = LINE('',#4938,#4939);
#4938 = CARTESIAN_POINT('',(-201.,135.,93.4));
#4939 = VECTOR('',#4940,1.);
#4940 = DIRECTION('',(1.,0.,0.));
#4941 = ORIENTED_EDGE('',*,*,#4046,.T.);
#4942 = ORIENTED_EDGE('',*,*,#4936,.T.);
#4943 = CYLINDRICAL_SURFACE('',#4944,3.4);
#4944 = AXIS2_PLACEMENT_3D('',#4945,#4946,#4947);
#4945 = CARTESIAN_POINT('',(-201.,135.,90.));
#4946 = DIRECTION('',(1.,0.,0.));
#4947 = DIRECTION('',(0.,0.,1.));
#4948 = ADVANCED_FACE('',(#4949,#4987),#4990,.T.);
#4949 = FACE_BOUND('',#4950,.T.);
#4950 = EDGE_LOOP('',(#4951,#4952,#4953,#4954,#4955,#4956,#4957,#4958,
    #4959,#4960,#4961,#4962,#4963,#4964,#4965,#4966,#4967,#4968,#4969,
    #4970,#4971,#4972,#4973,#4974,#4975,#4976,#4977,#4978,#4979,#4980,
    #4981,#4982,#4983,#4984,#4985,#4986));
#4951 = ORIENTED_EDGE('',*,*,#4063,.F.);
#4952 = ORIENTED_EDGE('',*,*,#4912,.T.);
#4953 = ORIENTED_EDGE('',*,*,#4896,.F.);
#4954 = ORIENTED_EDGE('',*,*,#4871,.F.);
#4955 = ORIENTED_EDGE('',*,*,#4848,.F.);
#4956 = ORIENTED_EDGE('',*,*,#4824,.T.);
#4957 = ORIENTED_EDGE('',*,*,#4800,.T.);
#4958 = ORIENTED_EDGE('',*,*,#4775,.F.);
#4959 = ORIENTED_EDGE('',*,*,#4752,.T.);
#4960 = ORIENTED_EDGE('',*,*,#4727,.T.);
#4961 = ORIENTED_EDGE('',*,*,#4694,.T.);
#4962 = ORIENTED_EDGE('',*,*,#4680,.F.);
#4963 = ORIENTED_EDGE('',*,*,#4655,.F.);
#4964 = ORIENTED_EDGE('',*,*,#4632,.F.);
#4965 = ORIENTED_EDGE('',*,*,#4608,.T.);
#4966 = ORIENTED_EDGE('',*,*,#4584,.T.);
#4967 = ORIENTED_EDGE('',*,*,#4559,.F.);
#4968 = ORIENTED_EDGE('',*,*,#4536,.T.);
#4969 = ORIENTED_EDGE('',*,*,#4502,.T.);
#4970 = ORIENTED_EDGE('',*,*,#4480,.F.);
#4971 = ORIENTED_EDGE('',*,*,#4464,.F.);
#4972 = ORIENTED_EDGE('',*,*,#4439,.F.);
#4973 = ORIENTED_EDGE('',*,*,#4416,.F.);
#4974 = ORIENTED_EDGE('',*,*,#4392,.T.);
#4975 = ORIENTED_EDGE('',*,*,#4368,.T.);
#4976 = ORIENTED_EDGE('',*,*,#4343,.F.);
#4977 = ORIENTED_EDGE('',*,*,#4320,.T.);
#4978 = ORIENTED_EDGE('',*,*,#4288,.F.);
#4979 = ORIENTED_EDGE('',*,*,#4262,.F.);
#4980 = ORIENTED_EDGE('',*,*,#4248,.F.);
#4981 = ORIENTED_EDGE('',*,*,#4223,.F.);
#4982 = ORIENTED_EDGE('',*,*,#4200,.F.);
#4983 = ORIENTED_EDGE('',*,*,#4176,.T.);
#4984 = ORIENTED_EDGE('',*,*,#4152,.T.);
#4985 = ORIENTED_EDGE('',*,*,#4127,.F.);
#4986 = ORIENTED_EDGE('',*,*,#4104,.T.);
#4987 = FACE_BOUND('',#4988,.T.);
#4988 = EDGE_LOOP('',(#4989));
#4989 = ORIENTED_EDGE('',*,*,#4927,.F.);
#4990 = PLANE('',#4991);
#4991 = AXIS2_PLACEMENT_3D('',#4992,#4993,#4994);
#4992 = CARTESIAN_POINT('',(200.,120.,75.));
#4993 = DIRECTION('',(1.,0.,0.));
#4994 = DIRECTION('',(0.,0.,1.));
#4995 = MANIFOLD_SOLID_BREP('',#4996);
#4996 = CLOSED_SHELL('',(#4997,#5304,#5335,#5359,#5383,#5407,#5431,#5455
    ,#5479,#5503,#5527,#5551,#5575,#5599,#5623,#5647,#5671,#5695,#5719,
    #5743,#5767,#5791,#5815,#5839,#5863,#5887,#5911,#5935,#5959,#5983,
    #6007,#6031,#6055,#6079,#6103,#6127,#6151,#6168,#6193));
#4997 = ADVANCED_FACE('',(#4998,#5288),#5299,.F.);
#4998 = FACE_BOUND('',#4999,.F.);
#4999 = EDGE_LOOP('',(#5000,#5010,#5018,#5026,#5034,#5042,#5050,#5058,
    #5066,#5074,#5082,#5090,#5098,#5106,#5114,#5122,#5130,#5138,#5146,
    #5154,#5162,#5170,#5178,#5186,#5194,#5202,#5210,#5218,#5226,#5234,
    #5242,#5250,#5258,#5266,#5274,#5282));
#5000 = ORIENTED_EDGE('',*,*,#5001,.F.);
#5001 = EDGE_CURVE('',#5002,#5004,#5006,.T.);
#5002 = VERTEX_POINT('',#5003);
#5003 = CARTESIAN_POINT('',(-200.,-150.,75.));
#5004 = VERTEX_POINT('',#5005);
#5005 = CARTESIAN_POINT('',(-200.,-150.,86.));
#5006 = LINE('',#5007,#5008);
#5007 = CARTESIAN_POINT('',(-200.,-150.,75.));
#5008 = VECTOR('',#5009,1.);
#5009 = DIRECTION('',(0.,0.,1.));
#5010 = ORIENTED_EDGE('',*,*,#5011,.T.);
#5011 = EDGE_CURVE('',#5002,#5012,#5014,.T.);
#5012 = VERTEX_POINT('',#5013);
#5013 = CARTESIAN_POINT('',(-211.,-150.,75.));
#5014 = LINE('',#5015,#5016);
#5015 = CARTESIAN_POINT('',(-200.,-150.,75.));
#5016 = VECTOR('',#5017,1.);
#5017 = DIRECTION('',(-1.,2.22044604925E-16,0.));
#5018 = ORIENTED_EDGE('',*,*,#5019,.F.);
#5019 = EDGE_CURVE('',#5020,#5012,#5022,.T.);
#5020 = VERTEX_POINT('',#5021);
#5021 = CARTESIAN_POINT('',(-211.,-150.,77.));
#5022 = LINE('',#5023,#5024);
#5023 = CARTESIAN_POINT('',(-211.,-150.,76.5));
#5024 = VECTOR('',#5025,1.);
#5025 = DIRECTION('',(1.224646799147E-16,-2.719262146894E-32,-1.));
#5026 = ORIENTED_EDGE('',*,*,#5027,.F.);
#5027 = EDGE_CURVE('',#5028,#5020,#5030,.T.);
#5028 = VERTEX_POINT('',#5029);
#5029 = CARTESIAN_POINT('',(-208.5,-150.,77.));
#5030 = LINE('',#5031,#5032);
#5031 = CARTESIAN_POINT('',(-210.75,-150.,77.));
#5032 = VECTOR('',#5033,1.);
#5033 = DIRECTION('',(-1.,2.22044604925E-16,-1.224646799147E-16));
#5034 = ORIENTED_EDGE('',*,*,#5035,.F.);
#5035 = EDGE_CURVE('',#5036,#5028,#5038,.T.);
#5036 = VERTEX_POINT('',#5037);
#5037 = CARTESIAN_POINT('',(-208.5,-150.,83.));
#5038 = LINE('',#5039,#5040);
#5039 = CARTESIAN_POINT('',(-208.5,-150.,79.));
#5040 = VECTOR('',#5041,1.);
#5041 = DIRECTION('',(1.224646799147E-16,-2.719262146894E-32,-1.));
#5042 = ORIENTED_EDGE('',*,*,#5043,.T.);
#5043 = EDGE_CURVE('',#5036,#5044,#5046,.T.);
#5044 = VERTEX_POINT('',#5045);
#5045 = CARTESIAN_POINT('',(-221.5,-150.,83.));
#5046 = LINE('',#5047,#5048);
#5047 = CARTESIAN_POINT('',(-210.75,-150.,83.));
#5048 = VECTOR('',#5049,1.);
#5049 = DIRECTION('',(-1.,2.22044604925E-16,-1.224646799147E-16));
#5050 = ORIENTED_EDGE('',*,*,#5051,.T.);
#5051 = EDGE_CURVE('',#5044,#5052,#5054,.T.);
#5052 = VERTEX_POINT('',#5053);
#5053 = CARTESIAN_POINT('',(-221.5,-150.,77.));
#5054 = LINE('',#5055,#5056);
#5055 = CARTESIAN_POINT('',(-221.5,-150.,79.));
#5056 = VECTOR('',#5057,1.);
#5057 = DIRECTION('',(1.224646799147E-16,-2.719262146894E-32,-1.));
#5058 = ORIENTED_EDGE('',*,*,#5059,.F.);
#5059 = EDGE_CURVE('',#5060,#5052,#5062,.T.);
#5060 = VERTEX_POINT('',#5061);
#5061 = CARTESIAN_POINT('',(-219.,-150.,77.));
#5062 = LINE('',#5063,#5064);
#5063 = CARTESIAN_POINT('',(-210.75,-150.,77.));
#5064 = VECTOR('',#5065,1.);
#5065 = DIRECTION('',(-1.,2.22044604925E-16,-1.224646799147E-16));
#5066 = ORIENTED_EDGE('',*,*,#5067,.T.);
#5067 = EDGE_CURVE('',#5060,#5068,#5070,.T.);
#5068 = VERTEX_POINT('',#5069);
#5069 = CARTESIAN_POINT('',(-219.,-150.,75.));
#5070 = LINE('',#5071,#5072);
#5071 = CARTESIAN_POINT('',(-219.,-150.,76.5));
#5072 = VECTOR('',#5073,1.);
#5073 = DIRECTION('',(1.224646799147E-16,-2.719262146894E-32,-1.));
#5074 = ORIENTED_EDGE('',*,*,#5075,.T.);
#5075 = EDGE_CURVE('',#5068,#5076,#5078,.T.);
#5076 = VERTEX_POINT('',#5077);
#5077 = CARTESIAN_POINT('',(-230.,-150.,75.));
#5078 = LINE('',#5079,#5080);
#5079 = CARTESIAN_POINT('',(-200.,-150.,75.));
#5080 = VECTOR('',#5081,1.);
#5081 = DIRECTION('',(-1.,2.22044604925E-16,0.));
#5082 = ORIENTED_EDGE('',*,*,#5083,.T.);
#5083 = EDGE_CURVE('',#5076,#5084,#5086,.T.);
#5084 = VERTEX_POINT('',#5085);
#5085 = CARTESIAN_POINT('',(-230.,-150.,86.));
#5086 = LINE('',#5087,#5088);
#5087 = CARTESIAN_POINT('',(-230.,-150.,75.));
#5088 = VECTOR('',#5089,1.);
#5089 = DIRECTION('',(0.,0.,1.));
#5090 = ORIENTED_EDGE('',*,*,#5091,.F.);
#5091 = EDGE_CURVE('',#5092,#5084,#5094,.T.);
#5092 = VERTEX_POINT('',#5093);
#5093 = CARTESIAN_POINT('',(-228.,-150.,86.));
#5094 = LINE('',#5095,#5096);
#5095 = CARTESIAN_POINT('',(-213.5,-150.,86.));
#5096 = VECTOR('',#5097,1.);
#5097 = DIRECTION('',(-1.,2.22044604925E-16,-2.22044604925E-16));
#5098 = ORIENTED_EDGE('',*,*,#5099,.F.);
#5099 = EDGE_CURVE('',#5100,#5092,#5102,.T.);
#5100 = VERTEX_POINT('',#5101);
#5101 = CARTESIAN_POINT('',(-228.,-150.,83.5));
#5102 = LINE('',#5103,#5104);
#5103 = CARTESIAN_POINT('',(-228.,-150.,85.75));
#5104 = VECTOR('',#5105,1.);
#5105 = DIRECTION('',(-2.22044604925E-16,4.930380657631E-32,1.));
#5106 = ORIENTED_EDGE('',*,*,#5107,.F.);
#5107 = EDGE_CURVE('',#5108,#5100,#5110,.T.);
#5108 = VERTEX_POINT('',#5109);
#5109 = CARTESIAN_POINT('',(-222.,-150.,83.5));
#5110 = LINE('',#5111,#5112);
#5111 = CARTESIAN_POINT('',(-211.,-150.,83.5));
#5112 = VECTOR('',#5113,1.);
#5113 = DIRECTION('',(-1.,2.22044604925E-16,-2.22044604925E-16));
#5114 = ORIENTED_EDGE('',*,*,#5115,.T.);
#5115 = EDGE_CURVE('',#5108,#5116,#5118,.T.);
#5116 = VERTEX_POINT('',#5117);
#5117 = CARTESIAN_POINT('',(-222.,-150.,96.5));
#5118 = LINE('',#5119,#5120);
#5119 = CARTESIAN_POINT('',(-222.,-150.,85.75));
#5120 = VECTOR('',#5121,1.);
#5121 = DIRECTION('',(-2.22044604925E-16,4.930380657631E-32,1.));
#5122 = ORIENTED_EDGE('',*,*,#5123,.T.);
#5123 = EDGE_CURVE('',#5116,#5124,#5126,.T.);
#5124 = VERTEX_POINT('',#5125);
#5125 = CARTESIAN_POINT('',(-228.,-150.,96.5));
#5126 = LINE('',#5127,#5128);
#5127 = CARTESIAN_POINT('',(-211.,-150.,96.5));
#5128 = VECTOR('',#5129,1.);
#5129 = DIRECTION('',(-1.,2.22044604925E-16,-2.22044604925E-16));
#5130 = ORIENTED_EDGE('',*,*,#5131,.F.);
#5131 = EDGE_CURVE('',#5132,#5124,#5134,.T.);
#5132 = VERTEX_POINT('',#5133);
#5133 = CARTESIAN_POINT('',(-228.,-150.,94.));
#5134 = LINE('',#5135,#5136);
#5135 = CARTESIAN_POINT('',(-228.,-150.,85.75));
#5136 = VECTOR('',#5137,1.);
#5137 = DIRECTION('',(-2.22044604925E-16,4.930380657631E-32,1.));
#5138 = ORIENTED_EDGE('',*,*,#5139,.T.);
#5139 = EDGE_CURVE('',#5132,#5140,#5142,.T.);
#5140 = VERTEX_POINT('',#5141);
#5141 = CARTESIAN_POINT('',(-230.,-150.,94.));
#5142 = LINE('',#5143,#5144);
#5143 = CARTESIAN_POINT('',(-213.5,-150.,94.));
#5144 = VECTOR('',#5145,1.);
#5145 = DIRECTION('',(-1.,2.22044604925E-16,-2.22044604925E-16));
#5146 = ORIENTED_EDGE('',*,*,#5147,.T.);
#5147 = EDGE_CURVE('',#5140,#5148,#5150,.T.);
#5148 = VERTEX_POINT('',#5149);
#5149 = CARTESIAN_POINT('',(-230.,-150.,105.));
#5150 = LINE('',#5151,#5152);
#5151 = CARTESIAN_POINT('',(-230.,-150.,75.));
#5152 = VECTOR('',#5153,1.);
#5153 = DIRECTION('',(0.,0.,1.));
#5154 = ORIENTED_EDGE('',*,*,#5155,.F.);
#5155 = EDGE_CURVE('',#5156,#5148,#5158,.T.);
#5156 = VERTEX_POINT('',#5157);
#5157 = CARTESIAN_POINT('',(-219.,-150.,105.));
#5158 = LINE('',#5159,#5160);
#5159 = CARTESIAN_POINT('',(-200.,-150.,105.));
#5160 = VECTOR('',#5161,1.);
#5161 = DIRECTION('',(-1.,2.22044604925E-16,0.));
#5162 = ORIENTED_EDGE('',*,*,#5163,.F.);
#5163 = EDGE_CURVE('',#5164,#5156,#5166,.T.);
#5164 = VERTEX_POINT('',#5165);
#5165 = CARTESIAN_POINT('',(-219.,-150.,103.));
#5166 = LINE('',#5167,#5168);
#5167 = CARTESIAN_POINT('',(-219.,-150.,88.5));
#5168 = VECTOR('',#5169,1.);
#5169 = DIRECTION('',(0.,0.,1.));
#5170 = ORIENTED_EDGE('',*,*,#5171,.F.);
#5171 = EDGE_CURVE('',#5172,#5164,#5174,.T.);
#5172 = VERTEX_POINT('',#5173);
#5173 = CARTESIAN_POINT('',(-221.5,-150.,103.));
#5174 = LINE('',#5175,#5176);
#5175 = CARTESIAN_POINT('',(-204.25,-150.,103.));
#5176 = VECTOR('',#5177,1.);
#5177 = DIRECTION('',(1.,-2.22044604925E-16,0.));
#5178 = ORIENTED_EDGE('',*,*,#5179,.F.);
#5179 = EDGE_CURVE('',#5180,#5172,#5182,.T.);
#5180 = VERTEX_POINT('',#5181);
#5181 = CARTESIAN_POINT('',(-221.5,-150.,97.));
#5182 = LINE('',#5183,#5184);
#5183 = CARTESIAN_POINT('',(-221.5,-150.,86.));
#5184 = VECTOR('',#5185,1.);
#5185 = DIRECTION('',(0.,0.,1.));
#5186 = ORIENTED_EDGE('',*,*,#5187,.T.);
#5187 = EDGE_CURVE('',#5180,#5188,#5190,.T.);
#5188 = VERTEX_POINT('',#5189);
#5189 = CARTESIAN_POINT('',(-208.5,-150.,97.));
#5190 = LINE('',#5191,#5192);
#5191 = CARTESIAN_POINT('',(-204.25,-150.,97.));
#5192 = VECTOR('',#5193,1.);
#5193 = DIRECTION('',(1.,-2.22044604925E-16,0.));
#5194 = ORIENTED_EDGE('',*,*,#5195,.T.);
#5195 = EDGE_CURVE('',#5188,#5196,#5198,.T.);
#5196 = VERTEX_POINT('',#5197);
#5197 = CARTESIAN_POINT('',(-208.5,-150.,103.));
#5198 = LINE('',#5199,#5200);
#5199 = CARTESIAN_POINT('',(-208.5,-150.,86.));
#5200 = VECTOR('',#5201,1.);
#5201 = DIRECTION('',(0.,0.,1.));
#5202 = ORIENTED_EDGE('',*,*,#5203,.F.);
#5203 = EDGE_CURVE('',#5204,#5196,#5206,.T.);
#5204 = VERTEX_POINT('',#5205);
#5205 = CARTESIAN_POINT('',(-211.,-150.,103.));
#5206 = LINE('',#5207,#5208);
#5207 = CARTESIAN_POINT('',(-204.25,-150.,103.));
#5208 = VECTOR('',#5209,1.);
#5209 = DIRECTION('',(1.,-2.22044604925E-16,0.));
#5210 = ORIENTED_EDGE('',*,*,#5211,.T.);
#5211 = EDGE_CURVE('',#5204,#5212,#5214,.T.);
#5212 = VERTEX_POINT('',#5213);
#5213 = CARTESIAN_POINT('',(-211.,-150.,105.));
#5214 = LINE('',#5215,#5216);
#5215 = CARTESIAN_POINT('',(-211.,-150.,88.5));
#5216 = VECTOR('',#5217,1.);
#5217 = DIRECTION('',(0.,0.,1.));
#5218 = ORIENTED_EDGE('',*,*,#5219,.F.);
#5219 = EDGE_CURVE('',#5220,#5212,#5222,.T.);
#5220 = VERTEX_POINT('',#5221);
#5221 = CARTESIAN_POINT('',(-200.,-150.,105.));
#5222 = LINE('',#5223,#5224);
#5223 = CARTESIAN_POINT('',(-200.,-150.,105.));
#5224 = VECTOR('',#5225,1.);
#5225 = DIRECTION('',(-1.,2.22044604925E-16,0.));
#5226 = ORIENTED_EDGE('',*,*,#5227,.F.);
#5227 = EDGE_CURVE('',#5228,#5220,#5230,.T.);
#5228 = VERTEX_POINT('',#5229);
#5229 = CARTESIAN_POINT('',(-200.,-150.,94.));
#5230 = LINE('',#5231,#5232);
#5231 = CARTESIAN_POINT('',(-200.,-150.,75.));
#5232 = VECTOR('',#5233,1.);
#5233 = DIRECTION('',(0.,0.,1.));
#5234 = ORIENTED_EDGE('',*,*,#5235,.F.);
#5235 = EDGE_CURVE('',#5236,#5228,#5238,.T.);
#5236 = VERTEX_POINT('',#5237);
#5237 = CARTESIAN_POINT('',(-202.,-150.,94.));
#5238 = LINE('',#5239,#5240);
#5239 = CARTESIAN_POINT('',(-201.5,-150.,94.));
#5240 = VECTOR('',#5241,1.);
#5241 = DIRECTION('',(1.,-2.22044604925E-16,1.110223024625E-16));
#5242 = ORIENTED_EDGE('',*,*,#5243,.F.);
#5243 = EDGE_CURVE('',#5244,#5236,#5246,.T.);
#5244 = VERTEX_POINT('',#5245);
#5245 = CARTESIAN_POINT('',(-202.,-150.,96.5));
#5246 = LINE('',#5247,#5248);
#5247 = CARTESIAN_POINT('',(-202.,-150.,79.25));
#5248 = VECTOR('',#5249,1.);
#5249 = DIRECTION('',(1.110223024625E-16,-2.465190328816E-32,-1.));
#5250 = ORIENTED_EDGE('',*,*,#5251,.F.);
#5251 = EDGE_CURVE('',#5252,#5244,#5254,.T.);
#5252 = VERTEX_POINT('',#5253);
#5253 = CARTESIAN_POINT('',(-208.,-150.,96.5));
#5254 = LINE('',#5255,#5256);
#5255 = CARTESIAN_POINT('',(-204.,-150.,96.5));
#5256 = VECTOR('',#5257,1.);
#5257 = DIRECTION('',(1.,-2.22044604925E-16,1.110223024625E-16));
#5258 = ORIENTED_EDGE('',*,*,#5259,.T.);
#5259 = EDGE_CURVE('',#5252,#5260,#5262,.T.);
#5260 = VERTEX_POINT('',#5261);
#5261 = CARTESIAN_POINT('',(-208.,-150.,83.5));
#5262 = LINE('',#5263,#5264);
#5263 = CARTESIAN_POINT('',(-208.,-150.,79.25));
#5264 = VECTOR('',#5265,1.);
#5265 = DIRECTION('',(1.110223024625E-16,-2.465190328816E-32,-1.));
#5266 = ORIENTED_EDGE('',*,*,#5267,.T.);
#5267 = EDGE_CURVE('',#5260,#5268,#5270,.T.);
#5268 = VERTEX_POINT('',#5269);
#5269 = CARTESIAN_POINT('',(-202.,-150.,83.5));
#5270 = LINE('',#5271,#5272);
#5271 = CARTESIAN_POINT('',(-204.,-150.,83.5));
#5272 = VECTOR('',#5273,1.);
#5273 = DIRECTION('',(1.,-2.22044604925E-16,1.110223024625E-16));
#5274 = ORIENTED_EDGE('',*,*,#5275,.F.);
#5275 = EDGE_CURVE('',#5276,#5268,#5278,.T.);
#5276 = VERTEX_POINT('',#5277);
#5277 = CARTESIAN_POINT('',(-202.,-150.,86.));
#5278 = LINE('',#5279,#5280);
#5279 = CARTESIAN_POINT('',(-202.,-150.,79.25));
#5280 = VECTOR('',#5281,1.);
#5281 = DIRECTION('',(1.110223024625E-16,-2.465190328816E-32,-1.));
#5282 = ORIENTED_EDGE('',*,*,#5283,.T.);
#5283 = EDGE_CURVE('',#5276,#5004,#5284,.T.);
#5284 = LINE('',#5285,#5286);
#5285 = CARTESIAN_POINT('',(-201.5,-150.,86.));
#5286 = VECTOR('',#5287,1.);
#5287 = DIRECTION('',(1.,-2.22044604925E-16,1.110223024625E-16));
#5288 = FACE_BOUND('',#5289,.F.);
#5289 = EDGE_LOOP('',(#5290));
#5290 = ORIENTED_EDGE('',*,*,#5291,.F.);
#5291 = EDGE_CURVE('',#5292,#5292,#5294,.T.);
#5292 = VERTEX_POINT('',#5293);
#5293 = CARTESIAN_POINT('',(-215.,-150.,93.4));
#5294 = CIRCLE('',#5295,3.4);
#5295 = AXIS2_PLACEMENT_3D('',#5296,#5297,#5298);
#5296 = CARTESIAN_POINT('',(-215.,-150.,90.));
#5297 = DIRECTION('',(2.22044604925E-16,1.,-0.));
#5298 = DIRECTION('',(0.,0.,1.));
#5299 = PLANE('',#5300);
#5300 = AXIS2_PLACEMENT_3D('',#5301,#5302,#5303);
#5301 = CARTESIAN_POINT('',(-200.,-150.,75.));
#5302 = DIRECTION('',(2.22044604925E-16,1.,0.));
#5303 = DIRECTION('',(0.,0.,1.));
#5304 = ADVANCED_FACE('',(#5305),#5330,.F.);
#5305 = FACE_BOUND('',#5306,.F.);
#5306 = EDGE_LOOP('',(#5307,#5317,#5323,#5324));
#5307 = ORIENTED_EDGE('',*,*,#5308,.F.);
#5308 = EDGE_CURVE('',#5309,#5311,#5313,.T.);
#5309 = VERTEX_POINT('',#5310);
#5310 = CARTESIAN_POINT('',(-200.,150.,75.));
#5311 = VERTEX_POINT('',#5312);
#5312 = CARTESIAN_POINT('',(-200.,150.,86.));
#5313 = LINE('',#5314,#5315);
#5314 = CARTESIAN_POINT('',(-200.,150.,75.));
#5315 = VECTOR('',#5316,1.);
#5316 = DIRECTION('',(0.,0.,1.));
#5317 = ORIENTED_EDGE('',*,*,#5318,.F.);
#5318 = EDGE_CURVE('',#5002,#5309,#5319,.T.);
#5319 = LINE('',#5320,#5321);
#5320 = CARTESIAN_POINT('',(-200.,-150.,75.));
#5321 = VECTOR('',#5322,1.);
#5322 = DIRECTION('',(2.22044604925E-16,1.,0.));
#5323 = ORIENTED_EDGE('',*,*,#5001,.T.);
#5324 = ORIENTED_EDGE('',*,*,#5325,.T.);
#5325 = EDGE_CURVE('',#5004,#5311,#5326,.T.);
#5326 = LINE('',#5327,#5328);
#5327 = CARTESIAN_POINT('',(-200.,-150.5,86.));
#5328 = VECTOR('',#5329,1.);
#5329 = DIRECTION('',(2.22044604925E-16,1.,0.));
#5330 = PLANE('',#5331);
#5331 = AXIS2_PLACEMENT_3D('',#5332,#5333,#5334);
#5332 = CARTESIAN_POINT('',(-200.,-150.,75.));
#5333 = DIRECTION('',(-1.,2.22044604925E-16,0.));
#5334 = DIRECTION('',(0.,0.,1.));
#5335 = ADVANCED_FACE('',(#5336),#5354,.T.);
#5336 = FACE_BOUND('',#5337,.T.);
#5337 = EDGE_LOOP('',(#5338,#5346,#5347,#5348));
#5338 = ORIENTED_EDGE('',*,*,#5339,.F.);
#5339 = EDGE_CURVE('',#5276,#5340,#5342,.T.);
#5340 = VERTEX_POINT('',#5341);
#5341 = CARTESIAN_POINT('',(-202.,150.,86.));
#5342 = LINE('',#5343,#5344);
#5343 = CARTESIAN_POINT('',(-202.,-151.,86.));
#5344 = VECTOR('',#5345,1.);
#5345 = DIRECTION('',(2.22044604925E-16,1.,0.));
#5346 = ORIENTED_EDGE('',*,*,#5283,.T.);
#5347 = ORIENTED_EDGE('',*,*,#5325,.T.);
#5348 = ORIENTED_EDGE('',*,*,#5349,.F.);
#5349 = EDGE_CURVE('',#5340,#5311,#5350,.T.);
#5350 = LINE('',#5351,#5352);
#5351 = CARTESIAN_POINT('',(-201.5,150.,86.));
#5352 = VECTOR('',#5353,1.);
#5353 = DIRECTION('',(1.,-2.22044604925E-16,1.110223024625E-16));
#5354 = PLANE('',#5355);
#5355 = AXIS2_PLACEMENT_3D('',#5356,#5357,#5358);
#5356 = CARTESIAN_POINT('',(-203.,-151.,86.));
#5357 = DIRECTION('',(-1.110223024625E-16,2.465190328816E-32,1.));
#5358 = DIRECTION('',(1.,-2.22044604925E-16,1.110223024625E-16));
#5359 = ADVANCED_FACE('',(#5360),#5378,.F.);
#5360 = FACE_BOUND('',#5361,.F.);
#5361 = EDGE_LOOP('',(#5362,#5363,#5371,#5377));
#5362 = ORIENTED_EDGE('',*,*,#5275,.T.);
#5363 = ORIENTED_EDGE('',*,*,#5364,.T.);
#5364 = EDGE_CURVE('',#5268,#5365,#5367,.T.);
#5365 = VERTEX_POINT('',#5366);
#5366 = CARTESIAN_POINT('',(-202.,150.,83.5));
#5367 = LINE('',#5368,#5369);
#5368 = CARTESIAN_POINT('',(-202.,-151.,83.5));
#5369 = VECTOR('',#5370,1.);
#5370 = DIRECTION('',(2.22044604925E-16,1.,0.));
#5371 = ORIENTED_EDGE('',*,*,#5372,.F.);
#5372 = EDGE_CURVE('',#5340,#5365,#5373,.T.);
#5373 = LINE('',#5374,#5375);
#5374 = CARTESIAN_POINT('',(-202.,150.,79.25));
#5375 = VECTOR('',#5376,1.);
#5376 = DIRECTION('',(1.110223024625E-16,-2.465190328816E-32,-1.));
#5377 = ORIENTED_EDGE('',*,*,#5339,.F.);
#5378 = PLANE('',#5379);
#5379 = AXIS2_PLACEMENT_3D('',#5380,#5381,#5382);
#5380 = CARTESIAN_POINT('',(-202.,-151.,83.5));
#5381 = DIRECTION('',(1.,-2.22044604925E-16,1.110223024625E-16));
#5382 = DIRECTION('',(2.22044604925E-16,1.,0.));
#5383 = ADVANCED_FACE('',(#5384),#5402,.T.);
#5384 = FACE_BOUND('',#5385,.T.);
#5385 = EDGE_LOOP('',(#5386,#5394,#5395,#5396));
#5386 = ORIENTED_EDGE('',*,*,#5387,.F.);
#5387 = EDGE_CURVE('',#5260,#5388,#5390,.T.);
#5388 = VERTEX_POINT('',#5389);
#5389 = CARTESIAN_POINT('',(-208.,150.,83.5));
#5390 = LINE('',#5391,#5392);
#5391 = CARTESIAN_POINT('',(-208.,-151.,83.5));
#5392 = VECTOR('',#5393,1.);
#5393 = DIRECTION('',(2.22044604925E-16,1.,0.));
#5394 = ORIENTED_EDGE('',*,*,#5267,.T.);
#5395 = ORIENTED_EDGE('',*,*,#5364,.T.);
#5396 = ORIENTED_EDGE('',*,*,#5397,.F.);
#5397 = EDGE_CURVE('',#5388,#5365,#5398,.T.);
#5398 = LINE('',#5399,#5400);
#5399 = CARTESIAN_POINT('',(-204.,150.,83.5));
#5400 = VECTOR('',#5401,1.);
#5401 = DIRECTION('',(1.,-2.22044604925E-16,1.110223024625E-16));
#5402 = PLANE('',#5403);
#5403 = AXIS2_PLACEMENT_3D('',#5404,#5405,#5406);
#5404 = CARTESIAN_POINT('',(-208.,-151.,83.5));
#5405 = DIRECTION('',(-1.110223024625E-16,2.465190328816E-32,1.));
#5406 = DIRECTION('',(1.,-2.22044604925E-16,1.110223024625E-16));
#5407 = ADVANCED_FACE('',(#5408),#5426,.T.);
#5408 = FACE_BOUND('',#5409,.T.);
#5409 = EDGE_LOOP('',(#5410,#5418,#5419,#5420));
#5410 = ORIENTED_EDGE('',*,*,#5411,.F.);
#5411 = EDGE_CURVE('',#5252,#5412,#5414,.T.);
#5412 = VERTEX_POINT('',#5413);
#5413 = CARTESIAN_POINT('',(-208.,150.,96.5));
#5414 = LINE('',#5415,#5416);
#5415 = CARTESIAN_POINT('',(-208.,-151.,96.5));
#5416 = VECTOR('',#5417,1.);
#5417 = DIRECTION('',(2.22044604925E-16,1.,0.));
#5418 = ORIENTED_EDGE('',*,*,#5259,.T.);
#5419 = ORIENTED_EDGE('',*,*,#5387,.T.);
#5420 = ORIENTED_EDGE('',*,*,#5421,.F.);
#5421 = EDGE_CURVE('',#5412,#5388,#5422,.T.);
#5422 = LINE('',#5423,#5424);
#5423 = CARTESIAN_POINT('',(-208.,150.,79.25));
#5424 = VECTOR('',#5425,1.);
#5425 = DIRECTION('',(1.110223024625E-16,-2.465190328816E-32,-1.));
#5426 = PLANE('',#5427);
#5427 = AXIS2_PLACEMENT_3D('',#5428,#5429,#5430);
#5428 = CARTESIAN_POINT('',(-208.,-151.,83.5));
#5429 = DIRECTION('',(1.,-2.22044604925E-16,1.110223024625E-16));
#5430 = DIRECTION('',(2.22044604925E-16,1.,0.));
#5431 = ADVANCED_FACE('',(#5432),#5450,.F.);
#5432 = FACE_BOUND('',#5433,.F.);
#5433 = EDGE_LOOP('',(#5434,#5435,#5436,#5444));
#5434 = ORIENTED_EDGE('',*,*,#5411,.F.);
#5435 = ORIENTED_EDGE('',*,*,#5251,.T.);
#5436 = ORIENTED_EDGE('',*,*,#5437,.T.);
#5437 = EDGE_CURVE('',#5244,#5438,#5440,.T.);
#5438 = VERTEX_POINT('',#5439);
#5439 = CARTESIAN_POINT('',(-202.,150.,96.5));
#5440 = LINE('',#5441,#5442);
#5441 = CARTESIAN_POINT('',(-202.,-151.,96.5));
#5442 = VECTOR('',#5443,1.);
#5443 = DIRECTION('',(2.22044604925E-16,1.,0.));
#5444 = ORIENTED_EDGE('',*,*,#5445,.F.);
#5445 = EDGE_CURVE('',#5412,#5438,#5446,.T.);
#5446 = LINE('',#5447,#5448);
#5447 = CARTESIAN_POINT('',(-204.,150.,96.5));
#5448 = VECTOR('',#5449,1.);
#5449 = DIRECTION('',(1.,-2.22044604925E-16,1.110223024625E-16));
#5450 = PLANE('',#5451);
#5451 = AXIS2_PLACEMENT_3D('',#5452,#5453,#5454);
#5452 = CARTESIAN_POINT('',(-208.,-151.,96.5));
#5453 = DIRECTION('',(-1.110223024625E-16,2.465190328816E-32,1.));
#5454 = DIRECTION('',(1.,-2.22044604925E-16,1.110223024625E-16));
#5455 = ADVANCED_FACE('',(#5456),#5474,.F.);
#5456 = FACE_BOUND('',#5457,.F.);
#5457 = EDGE_LOOP('',(#5458,#5459,#5467,#5473));
#5458 = ORIENTED_EDGE('',*,*,#5243,.T.);
#5459 = ORIENTED_EDGE('',*,*,#5460,.T.);
#5460 = EDGE_CURVE('',#5236,#5461,#5463,.T.);
#5461 = VERTEX_POINT('',#5462);
#5462 = CARTESIAN_POINT('',(-202.,150.,94.));
#5463 = LINE('',#5464,#5465);
#5464 = CARTESIAN_POINT('',(-202.,-151.,94.));
#5465 = VECTOR('',#5466,1.);
#5466 = DIRECTION('',(2.22044604925E-16,1.,0.));
#5467 = ORIENTED_EDGE('',*,*,#5468,.F.);
#5468 = EDGE_CURVE('',#5438,#5461,#5469,.T.);
#5469 = LINE('',#5470,#5471);
#5470 = CARTESIAN_POINT('',(-202.,150.,79.25));
#5471 = VECTOR('',#5472,1.);
#5472 = DIRECTION('',(1.110223024625E-16,-2.465190328816E-32,-1.));
#5473 = ORIENTED_EDGE('',*,*,#5437,.F.);
#5474 = PLANE('',#5475);
#5475 = AXIS2_PLACEMENT_3D('',#5476,#5477,#5478);
#5476 = CARTESIAN_POINT('',(-202.,-151.,83.5));
#5477 = DIRECTION('',(1.,-2.22044604925E-16,1.110223024625E-16));
#5478 = DIRECTION('',(2.22044604925E-16,1.,0.));
#5479 = ADVANCED_FACE('',(#5480),#5498,.F.);
#5480 = FACE_BOUND('',#5481,.F.);
#5481 = EDGE_LOOP('',(#5482,#5483,#5484,#5492));
#5482 = ORIENTED_EDGE('',*,*,#5460,.F.);
#5483 = ORIENTED_EDGE('',*,*,#5235,.T.);
#5484 = ORIENTED_EDGE('',*,*,#5485,.T.);
#5485 = EDGE_CURVE('',#5228,#5486,#5488,.T.);
#5486 = VERTEX_POINT('',#5487);
#5487 = CARTESIAN_POINT('',(-200.,150.,94.));
#5488 = LINE('',#5489,#5490);
#5489 = CARTESIAN_POINT('',(-200.,-150.5,94.));
#5490 = VECTOR('',#5491,1.);
#5491 = DIRECTION('',(2.22044604925E-16,1.,0.));
#5492 = ORIENTED_EDGE('',*,*,#5493,.F.);
#5493 = EDGE_CURVE('',#5461,#5486,#5494,.T.);
#5494 = LINE('',#5495,#5496);
#5495 = CARTESIAN_POINT('',(-201.5,150.,94.));
#5496 = VECTOR('',#5497,1.);
#5497 = DIRECTION('',(1.,-2.22044604925E-16,1.110223024625E-16));
#5498 = PLANE('',#5499);
#5499 = AXIS2_PLACEMENT_3D('',#5500,#5501,#5502);
#5500 = CARTESIAN_POINT('',(-203.,-151.,94.));
#5501 = DIRECTION('',(-1.110223024625E-16,2.465190328816E-32,1.));
#5502 = DIRECTION('',(1.,-2.22044604925E-16,1.110223024625E-16));
#5503 = ADVANCED_FACE('',(#5504),#5522,.F.);
#5504 = FACE_BOUND('',#5505,.F.);
#5505 = EDGE_LOOP('',(#5506,#5514,#5515,#5516));
#5506 = ORIENTED_EDGE('',*,*,#5507,.F.);
#5507 = EDGE_CURVE('',#5486,#5508,#5510,.T.);
#5508 = VERTEX_POINT('',#5509);
#5509 = CARTESIAN_POINT('',(-200.,150.,105.));
#5510 = LINE('',#5511,#5512);
#5511 = CARTESIAN_POINT('',(-200.,150.,75.));
#5512 = VECTOR('',#5513,1.);
#5513 = DIRECTION('',(0.,0.,1.));
#5514 = ORIENTED_EDGE('',*,*,#5485,.F.);
#5515 = ORIENTED_EDGE('',*,*,#5227,.T.);
#5516 = ORIENTED_EDGE('',*,*,#5517,.T.);
#5517 = EDGE_CURVE('',#5220,#5508,#5518,.T.);
#5518 = LINE('',#5519,#5520);
#5519 = CARTESIAN_POINT('',(-200.,-150.,105.));
#5520 = VECTOR('',#5521,1.);
#5521 = DIRECTION('',(2.22044604925E-16,1.,0.));
#5522 = PLANE('',#5523);
#5523 = AXIS2_PLACEMENT_3D('',#5524,#5525,#5526);
#5524 = CARTESIAN_POINT('',(-200.,-150.,75.));
#5525 = DIRECTION('',(-1.,2.22044604925E-16,0.));
#5526 = DIRECTION('',(0.,0.,1.));
#5527 = ADVANCED_FACE('',(#5528),#5546,.T.);
#5528 = FACE_BOUND('',#5529,.T.);
#5529 = EDGE_LOOP('',(#5530,#5531,#5532,#5540));
#5530 = ORIENTED_EDGE('',*,*,#5219,.F.);
#5531 = ORIENTED_EDGE('',*,*,#5517,.T.);
#5532 = ORIENTED_EDGE('',*,*,#5533,.T.);
#5533 = EDGE_CURVE('',#5508,#5534,#5536,.T.);
#5534 = VERTEX_POINT('',#5535);
#5535 = CARTESIAN_POINT('',(-211.,150.,105.));
#5536 = LINE('',#5537,#5538);
#5537 = CARTESIAN_POINT('',(-200.,150.,105.));
#5538 = VECTOR('',#5539,1.);
#5539 = DIRECTION('',(-1.,2.22044604925E-16,0.));
#5540 = ORIENTED_EDGE('',*,*,#5541,.T.);
#5541 = EDGE_CURVE('',#5534,#5212,#5542,.T.);
#5542 = LINE('',#5543,#5544);
#5543 = CARTESIAN_POINT('',(-211.,-150.5,105.));
#5544 = VECTOR('',#5545,1.);
#5545 = DIRECTION('',(-2.22044604925E-16,-1.,0.));
#5546 = PLANE('',#5547);
#5547 = AXIS2_PLACEMENT_3D('',#5548,#5549,#5550);
#5548 = CARTESIAN_POINT('',(-200.,-150.,105.));
#5549 = DIRECTION('',(0.,0.,1.));
#5550 = DIRECTION('',(2.22044604925E-16,1.,0.));
#5551 = ADVANCED_FACE('',(#5552),#5570,.T.);
#5552 = FACE_BOUND('',#5553,.T.);
#5553 = EDGE_LOOP('',(#5554,#5562,#5563,#5564));
#5554 = ORIENTED_EDGE('',*,*,#5555,.F.);
#5555 = EDGE_CURVE('',#5204,#5556,#5558,.T.);
#5556 = VERTEX_POINT('',#5557);
#5557 = CARTESIAN_POINT('',(-211.,150.,103.));
#5558 = LINE('',#5559,#5560);
#5559 = CARTESIAN_POINT('',(-211.,-151.,103.));
#5560 = VECTOR('',#5561,1.);
#5561 = DIRECTION('',(2.22044604925E-16,1.,0.));
#5562 = ORIENTED_EDGE('',*,*,#5211,.T.);
#5563 = ORIENTED_EDGE('',*,*,#5541,.F.);
#5564 = ORIENTED_EDGE('',*,*,#5565,.F.);
#5565 = EDGE_CURVE('',#5556,#5534,#5566,.T.);
#5566 = LINE('',#5567,#5568);
#5567 = CARTESIAN_POINT('',(-211.,150.,88.5));
#5568 = VECTOR('',#5569,1.);
#5569 = DIRECTION('',(0.,0.,1.));
#5570 = PLANE('',#5571);
#5571 = AXIS2_PLACEMENT_3D('',#5572,#5573,#5574);
#5572 = CARTESIAN_POINT('',(-211.,-151.,102.));
#5573 = DIRECTION('',(-1.,2.22044604925E-16,0.));
#5574 = DIRECTION('',(0.,0.,1.));
#5575 = ADVANCED_FACE('',(#5576),#5594,.F.);
#5576 = FACE_BOUND('',#5577,.F.);
#5577 = EDGE_LOOP('',(#5578,#5579,#5587,#5593));
#5578 = ORIENTED_EDGE('',*,*,#5203,.T.);
#5579 = ORIENTED_EDGE('',*,*,#5580,.T.);
#5580 = EDGE_CURVE('',#5196,#5581,#5583,.T.);
#5581 = VERTEX_POINT('',#5582);
#5582 = CARTESIAN_POINT('',(-208.5,150.,103.));
#5583 = LINE('',#5584,#5585);
#5584 = CARTESIAN_POINT('',(-208.5,-151.,103.));
#5585 = VECTOR('',#5586,1.);
#5586 = DIRECTION('',(2.22044604925E-16,1.,0.));
#5587 = ORIENTED_EDGE('',*,*,#5588,.F.);
#5588 = EDGE_CURVE('',#5556,#5581,#5589,.T.);
#5589 = LINE('',#5590,#5591);
#5590 = CARTESIAN_POINT('',(-204.25,150.,103.));
#5591 = VECTOR('',#5592,1.);
#5592 = DIRECTION('',(1.,-2.22044604925E-16,0.));
#5593 = ORIENTED_EDGE('',*,*,#5555,.F.);
#5594 = PLANE('',#5595);
#5595 = AXIS2_PLACEMENT_3D('',#5596,#5597,#5598);
#5596 = CARTESIAN_POINT('',(-208.5,-151.,103.));
#5597 = DIRECTION('',(0.,0.,1.));
#5598 = DIRECTION('',(2.22044604925E-16,1.,0.));
#5599 = ADVANCED_FACE('',(#5600),#5618,.T.);
#5600 = FACE_BOUND('',#5601,.T.);
#5601 = EDGE_LOOP('',(#5602,#5610,#5611,#5612));
#5602 = ORIENTED_EDGE('',*,*,#5603,.F.);
#5603 = EDGE_CURVE('',#5188,#5604,#5606,.T.);
#5604 = VERTEX_POINT('',#5605);
#5605 = CARTESIAN_POINT('',(-208.5,150.,97.));
#5606 = LINE('',#5607,#5608);
#5607 = CARTESIAN_POINT('',(-208.5,-151.,97.));
#5608 = VECTOR('',#5609,1.);
#5609 = DIRECTION('',(2.22044604925E-16,1.,0.));
#5610 = ORIENTED_EDGE('',*,*,#5195,.T.);
#5611 = ORIENTED_EDGE('',*,*,#5580,.T.);
#5612 = ORIENTED_EDGE('',*,*,#5613,.F.);
#5613 = EDGE_CURVE('',#5604,#5581,#5614,.T.);
#5614 = LINE('',#5615,#5616);
#5615 = CARTESIAN_POINT('',(-208.5,150.,86.));
#5616 = VECTOR('',#5617,1.);
#5617 = DIRECTION('',(0.,0.,1.));
#5618 = PLANE('',#5619);
#5619 = AXIS2_PLACEMENT_3D('',#5620,#5621,#5622);
#5620 = CARTESIAN_POINT('',(-208.5,-151.,97.));
#5621 = DIRECTION('',(-1.,2.22044604925E-16,0.));
#5622 = DIRECTION('',(0.,0.,1.));
#5623 = ADVANCED_FACE('',(#5624),#5642,.T.);
#5624 = FACE_BOUND('',#5625,.T.);
#5625 = EDGE_LOOP('',(#5626,#5634,#5635,#5636));
#5626 = ORIENTED_EDGE('',*,*,#5627,.F.);
#5627 = EDGE_CURVE('',#5180,#5628,#5630,.T.);
#5628 = VERTEX_POINT('',#5629);
#5629 = CARTESIAN_POINT('',(-221.5,150.,97.));
#5630 = LINE('',#5631,#5632);
#5631 = CARTESIAN_POINT('',(-221.5,-151.,97.));
#5632 = VECTOR('',#5633,1.);
#5633 = DIRECTION('',(2.22044604925E-16,1.,0.));
#5634 = ORIENTED_EDGE('',*,*,#5187,.T.);
#5635 = ORIENTED_EDGE('',*,*,#5603,.T.);
#5636 = ORIENTED_EDGE('',*,*,#5637,.F.);
#5637 = EDGE_CURVE('',#5628,#5604,#5638,.T.);
#5638 = LINE('',#5639,#5640);
#5639 = CARTESIAN_POINT('',(-204.25,150.,97.));
#5640 = VECTOR('',#5641,1.);
#5641 = DIRECTION('',(1.,-2.22044604925E-16,0.));
#5642 = PLANE('',#5643);
#5643 = AXIS2_PLACEMENT_3D('',#5644,#5645,#5646);
#5644 = CARTESIAN_POINT('',(-208.5,-151.,97.));
#5645 = DIRECTION('',(0.,0.,1.));
#5646 = DIRECTION('',(2.22044604925E-16,1.,0.));
#5647 = ADVANCED_FACE('',(#5648),#5666,.F.);
#5648 = FACE_BOUND('',#5649,.F.);
#5649 = EDGE_LOOP('',(#5650,#5651,#5652,#5660));
#5650 = ORIENTED_EDGE('',*,*,#5627,.F.);
#5651 = ORIENTED_EDGE('',*,*,#5179,.T.);
#5652 = ORIENTED_EDGE('',*,*,#5653,.T.);
#5653 = EDGE_CURVE('',#5172,#5654,#5656,.T.);
#5654 = VERTEX_POINT('',#5655);
#5655 = CARTESIAN_POINT('',(-221.5,150.,103.));
#5656 = LINE('',#5657,#5658);
#5657 = CARTESIAN_POINT('',(-221.5,-151.,103.));
#5658 = VECTOR('',#5659,1.);
#5659 = DIRECTION('',(2.22044604925E-16,1.,0.));
#5660 = ORIENTED_EDGE('',*,*,#5661,.F.);
#5661 = EDGE_CURVE('',#5628,#5654,#5662,.T.);
#5662 = LINE('',#5663,#5664);
#5663 = CARTESIAN_POINT('',(-221.5,150.,86.));
#5664 = VECTOR('',#5665,1.);
#5665 = DIRECTION('',(0.,0.,1.));
#5666 = PLANE('',#5667);
#5667 = AXIS2_PLACEMENT_3D('',#5668,#5669,#5670);
#5668 = CARTESIAN_POINT('',(-221.5,-151.,97.));
#5669 = DIRECTION('',(-1.,2.22044604925E-16,0.));
#5670 = DIRECTION('',(0.,0.,1.));
#5671 = ADVANCED_FACE('',(#5672),#5690,.F.);
#5672 = FACE_BOUND('',#5673,.F.);
#5673 = EDGE_LOOP('',(#5674,#5675,#5683,#5689));
#5674 = ORIENTED_EDGE('',*,*,#5171,.T.);
#5675 = ORIENTED_EDGE('',*,*,#5676,.T.);
#5676 = EDGE_CURVE('',#5164,#5677,#5679,.T.);
#5677 = VERTEX_POINT('',#5678);
#5678 = CARTESIAN_POINT('',(-219.,150.,103.));
#5679 = LINE('',#5680,#5681);
#5680 = CARTESIAN_POINT('',(-219.,-151.,103.));
#5681 = VECTOR('',#5682,1.);
#5682 = DIRECTION('',(2.22044604925E-16,1.,0.));
#5683 = ORIENTED_EDGE('',*,*,#5684,.F.);
#5684 = EDGE_CURVE('',#5654,#5677,#5685,.T.);
#5685 = LINE('',#5686,#5687);
#5686 = CARTESIAN_POINT('',(-204.25,150.,103.));
#5687 = VECTOR('',#5688,1.);
#5688 = DIRECTION('',(1.,-2.22044604925E-16,0.));
#5689 = ORIENTED_EDGE('',*,*,#5653,.F.);
#5690 = PLANE('',#5691);
#5691 = AXIS2_PLACEMENT_3D('',#5692,#5693,#5694);
#5692 = CARTESIAN_POINT('',(-208.5,-151.,103.));
#5693 = DIRECTION('',(0.,0.,1.));
#5694 = DIRECTION('',(2.22044604925E-16,1.,0.));
#5695 = ADVANCED_FACE('',(#5696),#5714,.F.);
#5696 = FACE_BOUND('',#5697,.F.);
#5697 = EDGE_LOOP('',(#5698,#5699,#5700,#5708));
#5698 = ORIENTED_EDGE('',*,*,#5676,.F.);
#5699 = ORIENTED_EDGE('',*,*,#5163,.T.);
#5700 = ORIENTED_EDGE('',*,*,#5701,.F.);
#5701 = EDGE_CURVE('',#5702,#5156,#5704,.T.);
#5702 = VERTEX_POINT('',#5703);
#5703 = CARTESIAN_POINT('',(-219.,150.,105.));
#5704 = LINE('',#5705,#5706);
#5705 = CARTESIAN_POINT('',(-219.,-150.5,105.));
#5706 = VECTOR('',#5707,1.);
#5707 = DIRECTION('',(-2.22044604925E-16,-1.,0.));
#5708 = ORIENTED_EDGE('',*,*,#5709,.F.);
#5709 = EDGE_CURVE('',#5677,#5702,#5710,.T.);
#5710 = LINE('',#5711,#5712);
#5711 = CARTESIAN_POINT('',(-219.,150.,88.5));
#5712 = VECTOR('',#5713,1.);
#5713 = DIRECTION('',(0.,0.,1.));
#5714 = PLANE('',#5715);
#5715 = AXIS2_PLACEMENT_3D('',#5716,#5717,#5718);
#5716 = CARTESIAN_POINT('',(-219.,-151.,102.));
#5717 = DIRECTION('',(-1.,2.22044604925E-16,0.));
#5718 = DIRECTION('',(0.,0.,1.));
#5719 = ADVANCED_FACE('',(#5720),#5738,.T.);
#5720 = FACE_BOUND('',#5721,.T.);
#5721 = EDGE_LOOP('',(#5722,#5723,#5724,#5732));
#5722 = ORIENTED_EDGE('',*,*,#5155,.F.);
#5723 = ORIENTED_EDGE('',*,*,#5701,.F.);
#5724 = ORIENTED_EDGE('',*,*,#5725,.T.);
#5725 = EDGE_CURVE('',#5702,#5726,#5728,.T.);
#5726 = VERTEX_POINT('',#5727);
#5727 = CARTESIAN_POINT('',(-230.,150.,105.));
#5728 = LINE('',#5729,#5730);
#5729 = CARTESIAN_POINT('',(-200.,150.,105.));
#5730 = VECTOR('',#5731,1.);
#5731 = DIRECTION('',(-1.,2.22044604925E-16,0.));
#5732 = ORIENTED_EDGE('',*,*,#5733,.F.);
#5733 = EDGE_CURVE('',#5148,#5726,#5734,.T.);
#5734 = LINE('',#5735,#5736);
#5735 = CARTESIAN_POINT('',(-230.,-150.,105.));
#5736 = VECTOR('',#5737,1.);
#5737 = DIRECTION('',(2.22044604925E-16,1.,0.));
#5738 = PLANE('',#5739);
#5739 = AXIS2_PLACEMENT_3D('',#5740,#5741,#5742);
#5740 = CARTESIAN_POINT('',(-200.,-150.,105.));
#5741 = DIRECTION('',(0.,0.,1.));
#5742 = DIRECTION('',(2.22044604925E-16,1.,0.));
#5743 = ADVANCED_FACE('',(#5744),#5762,.T.);
#5744 = FACE_BOUND('',#5745,.T.);
#5745 = EDGE_LOOP('',(#5746,#5754,#5760,#5761));
#5746 = ORIENTED_EDGE('',*,*,#5747,.F.);
#5747 = EDGE_CURVE('',#5748,#5726,#5750,.T.);
#5748 = VERTEX_POINT('',#5749);
#5749 = CARTESIAN_POINT('',(-230.,150.,94.));
#5750 = LINE('',#5751,#5752);
#5751 = CARTESIAN_POINT('',(-230.,150.,75.));
#5752 = VECTOR('',#5753,1.);
#5753 = DIRECTION('',(0.,0.,1.));
#5754 = ORIENTED_EDGE('',*,*,#5755,.T.);
#5755 = EDGE_CURVE('',#5748,#5140,#5756,.T.);
#5756 = LINE('',#5757,#5758);
#5757 = CARTESIAN_POINT('',(-230.,-150.5,94.));
#5758 = VECTOR('',#5759,1.);
#5759 = DIRECTION('',(-2.22044604925E-16,-1.,0.));
#5760 = ORIENTED_EDGE('',*,*,#5147,.T.);
#5761 = ORIENTED_EDGE('',*,*,#5733,.T.);
#5762 = PLANE('',#5763);
#5763 = AXIS2_PLACEMENT_3D('',#5764,#5765,#5766);
#5764 = CARTESIAN_POINT('',(-230.,-150.,75.));
#5765 = DIRECTION('',(-1.,2.22044604925E-16,0.));
#5766 = DIRECTION('',(0.,0.,1.));
#5767 = ADVANCED_FACE('',(#5768),#5786,.T.);
#5768 = FACE_BOUND('',#5769,.T.);
#5769 = EDGE_LOOP('',(#5770,#5778,#5779,#5780));
#5770 = ORIENTED_EDGE('',*,*,#5771,.F.);
#5771 = EDGE_CURVE('',#5132,#5772,#5774,.T.);
#5772 = VERTEX_POINT('',#5773);
#5773 = CARTESIAN_POINT('',(-228.,150.,94.));
#5774 = LINE('',#5775,#5776);
#5775 = CARTESIAN_POINT('',(-228.,-151.,94.));
#5776 = VECTOR('',#5777,1.);
#5777 = DIRECTION('',(2.22044604925E-16,1.,0.));
#5778 = ORIENTED_EDGE('',*,*,#5139,.T.);
#5779 = ORIENTED_EDGE('',*,*,#5755,.F.);
#5780 = ORIENTED_EDGE('',*,*,#5781,.F.);
#5781 = EDGE_CURVE('',#5772,#5748,#5782,.T.);
#5782 = LINE('',#5783,#5784);
#5783 = CARTESIAN_POINT('',(-213.5,150.,94.));
#5784 = VECTOR('',#5785,1.);
#5785 = DIRECTION('',(-1.,2.22044604925E-16,-2.22044604925E-16));
#5786 = PLANE('',#5787);
#5787 = AXIS2_PLACEMENT_3D('',#5788,#5789,#5790);
#5788 = CARTESIAN_POINT('',(-227.,-151.,94.));
#5789 = DIRECTION('',(2.22044604925E-16,-4.930380657631E-32,-1.));
#5790 = DIRECTION('',(-1.,2.22044604925E-16,-2.22044604925E-16));
#5791 = ADVANCED_FACE('',(#5792),#5810,.F.);
#5792 = FACE_BOUND('',#5793,.F.);
#5793 = EDGE_LOOP('',(#5794,#5795,#5803,#5809));
#5794 = ORIENTED_EDGE('',*,*,#5131,.T.);
#5795 = ORIENTED_EDGE('',*,*,#5796,.T.);
#5796 = EDGE_CURVE('',#5124,#5797,#5799,.T.);
#5797 = VERTEX_POINT('',#5798);
#5798 = CARTESIAN_POINT('',(-228.,150.,96.5));
#5799 = LINE('',#5800,#5801);
#5800 = CARTESIAN_POINT('',(-228.,-151.,96.5));
#5801 = VECTOR('',#5802,1.);
#5802 = DIRECTION('',(2.22044604925E-16,1.,0.));
#5803 = ORIENTED_EDGE('',*,*,#5804,.F.);
#5804 = EDGE_CURVE('',#5772,#5797,#5805,.T.);
#5805 = LINE('',#5806,#5807);
#5806 = CARTESIAN_POINT('',(-228.,150.,85.75));
#5807 = VECTOR('',#5808,1.);
#5808 = DIRECTION('',(-2.22044604925E-16,4.930380657631E-32,1.));
#5809 = ORIENTED_EDGE('',*,*,#5771,.F.);
#5810 = PLANE('',#5811);
#5811 = AXIS2_PLACEMENT_3D('',#5812,#5813,#5814);
#5812 = CARTESIAN_POINT('',(-228.,-151.,96.5));
#5813 = DIRECTION('',(-1.,2.22044604925E-16,-2.22044604925E-16));
#5814 = DIRECTION('',(2.22044604925E-16,1.,0.));
#5815 = ADVANCED_FACE('',(#5816),#5834,.T.);
#5816 = FACE_BOUND('',#5817,.T.);
#5817 = EDGE_LOOP('',(#5818,#5826,#5827,#5828));
#5818 = ORIENTED_EDGE('',*,*,#5819,.F.);
#5819 = EDGE_CURVE('',#5116,#5820,#5822,.T.);
#5820 = VERTEX_POINT('',#5821);
#5821 = CARTESIAN_POINT('',(-222.,150.,96.5));
#5822 = LINE('',#5823,#5824);
#5823 = CARTESIAN_POINT('',(-222.,-151.,96.5));
#5824 = VECTOR('',#5825,1.);
#5825 = DIRECTION('',(2.22044604925E-16,1.,0.));
#5826 = ORIENTED_EDGE('',*,*,#5123,.T.);
#5827 = ORIENTED_EDGE('',*,*,#5796,.T.);
#5828 = ORIENTED_EDGE('',*,*,#5829,.F.);
#5829 = EDGE_CURVE('',#5820,#5797,#5830,.T.);
#5830 = LINE('',#5831,#5832);
#5831 = CARTESIAN_POINT('',(-211.,150.,96.5));
#5832 = VECTOR('',#5833,1.);
#5833 = DIRECTION('',(-1.,2.22044604925E-16,-2.22044604925E-16));
#5834 = PLANE('',#5835);
#5835 = AXIS2_PLACEMENT_3D('',#5836,#5837,#5838);
#5836 = CARTESIAN_POINT('',(-222.,-151.,96.5));
#5837 = DIRECTION('',(2.22044604925E-16,-4.930380657631E-32,-1.));
#5838 = DIRECTION('',(-1.,2.22044604925E-16,-2.22044604925E-16));
#5839 = ADVANCED_FACE('',(#5840),#5858,.T.);
#5840 = FACE_BOUND('',#5841,.T.);
#5841 = EDGE_LOOP('',(#5842,#5850,#5851,#5852));
#5842 = ORIENTED_EDGE('',*,*,#5843,.F.);
#5843 = EDGE_CURVE('',#5108,#5844,#5846,.T.);
#5844 = VERTEX_POINT('',#5845);
#5845 = CARTESIAN_POINT('',(-222.,150.,83.5));
#5846 = LINE('',#5847,#5848);
#5847 = CARTESIAN_POINT('',(-222.,-151.,83.5));
#5848 = VECTOR('',#5849,1.);
#5849 = DIRECTION('',(2.22044604925E-16,1.,0.));
#5850 = ORIENTED_EDGE('',*,*,#5115,.T.);
#5851 = ORIENTED_EDGE('',*,*,#5819,.T.);
#5852 = ORIENTED_EDGE('',*,*,#5853,.F.);
#5853 = EDGE_CURVE('',#5844,#5820,#5854,.T.);
#5854 = LINE('',#5855,#5856);
#5855 = CARTESIAN_POINT('',(-222.,150.,85.75));
#5856 = VECTOR('',#5857,1.);
#5857 = DIRECTION('',(-2.22044604925E-16,4.930380657631E-32,1.));
#5858 = PLANE('',#5859);
#5859 = AXIS2_PLACEMENT_3D('',#5860,#5861,#5862);
#5860 = CARTESIAN_POINT('',(-222.,-151.,96.5));
#5861 = DIRECTION('',(-1.,2.22044604925E-16,-2.22044604925E-16));
#5862 = DIRECTION('',(2.22044604925E-16,1.,0.));
#5863 = ADVANCED_FACE('',(#5864),#5882,.F.);
#5864 = FACE_BOUND('',#5865,.F.);
#5865 = EDGE_LOOP('',(#5866,#5867,#5868,#5876));
#5866 = ORIENTED_EDGE('',*,*,#5843,.F.);
#5867 = ORIENTED_EDGE('',*,*,#5107,.T.);
#5868 = ORIENTED_EDGE('',*,*,#5869,.T.);
#5869 = EDGE_CURVE('',#5100,#5870,#5872,.T.);
#5870 = VERTEX_POINT('',#5871);
#5871 = CARTESIAN_POINT('',(-228.,150.,83.5));
#5872 = LINE('',#5873,#5874);
#5873 = CARTESIAN_POINT('',(-228.,-151.,83.5));
#5874 = VECTOR('',#5875,1.);
#5875 = DIRECTION('',(2.22044604925E-16,1.,0.));
#5876 = ORIENTED_EDGE('',*,*,#5877,.F.);
#5877 = EDGE_CURVE('',#5844,#5870,#5878,.T.);
#5878 = LINE('',#5879,#5880);
#5879 = CARTESIAN_POINT('',(-211.,150.,83.5));
#5880 = VECTOR('',#5881,1.);
#5881 = DIRECTION('',(-1.,2.22044604925E-16,-2.22044604925E-16));
#5882 = PLANE('',#5883);
#5883 = AXIS2_PLACEMENT_3D('',#5884,#5885,#5886);
#5884 = CARTESIAN_POINT('',(-222.,-151.,83.5));
#5885 = DIRECTION('',(2.22044604925E-16,-4.930380657631E-32,-1.));
#5886 = DIRECTION('',(-1.,2.22044604925E-16,-2.22044604925E-16));
#5887 = ADVANCED_FACE('',(#5888),#5906,.F.);
#5888 = FACE_BOUND('',#5889,.F.);
#5889 = EDGE_LOOP('',(#5890,#5891,#5899,#5905));
#5890 = ORIENTED_EDGE('',*,*,#5099,.T.);
#5891 = ORIENTED_EDGE('',*,*,#5892,.T.);
#5892 = EDGE_CURVE('',#5092,#5893,#5895,.T.);
#5893 = VERTEX_POINT('',#5894);
#5894 = CARTESIAN_POINT('',(-228.,150.,86.));
#5895 = LINE('',#5896,#5897);
#5896 = CARTESIAN_POINT('',(-228.,-151.,86.));
#5897 = VECTOR('',#5898,1.);
#5898 = DIRECTION('',(2.22044604925E-16,1.,0.));
#5899 = ORIENTED_EDGE('',*,*,#5900,.F.);
#5900 = EDGE_CURVE('',#5870,#5893,#5901,.T.);
#5901 = LINE('',#5902,#5903);
#5902 = CARTESIAN_POINT('',(-228.,150.,85.75));
#5903 = VECTOR('',#5904,1.);
#5904 = DIRECTION('',(-2.22044604925E-16,4.930380657631E-32,1.));
#5905 = ORIENTED_EDGE('',*,*,#5869,.F.);
#5906 = PLANE('',#5907);
#5907 = AXIS2_PLACEMENT_3D('',#5908,#5909,#5910);
#5908 = CARTESIAN_POINT('',(-228.,-151.,96.5));
#5909 = DIRECTION('',(-1.,2.22044604925E-16,-2.22044604925E-16));
#5910 = DIRECTION('',(2.22044604925E-16,1.,0.));
#5911 = ADVANCED_FACE('',(#5912),#5930,.F.);
#5912 = FACE_BOUND('',#5913,.F.);
#5913 = EDGE_LOOP('',(#5914,#5915,#5916,#5924));
#5914 = ORIENTED_EDGE('',*,*,#5892,.F.);
#5915 = ORIENTED_EDGE('',*,*,#5091,.T.);
#5916 = ORIENTED_EDGE('',*,*,#5917,.F.);
#5917 = EDGE_CURVE('',#5918,#5084,#5920,.T.);
#5918 = VERTEX_POINT('',#5919);
#5919 = CARTESIAN_POINT('',(-230.,150.,86.));
#5920 = LINE('',#5921,#5922);
#5921 = CARTESIAN_POINT('',(-230.,-150.5,86.));
#5922 = VECTOR('',#5923,1.);
#5923 = DIRECTION('',(-2.22044604925E-16,-1.,0.));
#5924 = ORIENTED_EDGE('',*,*,#5925,.F.);
#5925 = EDGE_CURVE('',#5893,#5918,#5926,.T.);
#5926 = LINE('',#5927,#5928);
#5927 = CARTESIAN_POINT('',(-213.5,150.,86.));
#5928 = VECTOR('',#5929,1.);
#5929 = DIRECTION('',(-1.,2.22044604925E-16,-2.22044604925E-16));
#5930 = PLANE('',#5931);
#5931 = AXIS2_PLACEMENT_3D('',#5932,#5933,#5934);
#5932 = CARTESIAN_POINT('',(-227.,-151.,86.));
#5933 = DIRECTION('',(2.22044604925E-16,-4.930380657631E-32,-1.));
#5934 = DIRECTION('',(-1.,2.22044604925E-16,-2.22044604925E-16));
#5935 = ADVANCED_FACE('',(#5936),#5954,.T.);
#5936 = FACE_BOUND('',#5937,.T.);
#5937 = EDGE_LOOP('',(#5938,#5946,#5952,#5953));
#5938 = ORIENTED_EDGE('',*,*,#5939,.F.);
#5939 = EDGE_CURVE('',#5940,#5918,#5942,.T.);
#5940 = VERTEX_POINT('',#5941);
#5941 = CARTESIAN_POINT('',(-230.,150.,75.));
#5942 = LINE('',#5943,#5944);
#5943 = CARTESIAN_POINT('',(-230.,150.,75.));
#5944 = VECTOR('',#5945,1.);
#5945 = DIRECTION('',(0.,0.,1.));
#5946 = ORIENTED_EDGE('',*,*,#5947,.F.);
#5947 = EDGE_CURVE('',#5076,#5940,#5948,.T.);
#5948 = LINE('',#5949,#5950);
#5949 = CARTESIAN_POINT('',(-230.,-150.,75.));
#5950 = VECTOR('',#5951,1.);
#5951 = DIRECTION('',(2.22044604925E-16,1.,0.));
#5952 = ORIENTED_EDGE('',*,*,#5083,.T.);
#5953 = ORIENTED_EDGE('',*,*,#5917,.F.);
#5954 = PLANE('',#5955);
#5955 = AXIS2_PLACEMENT_3D('',#5956,#5957,#5958);
#5956 = CARTESIAN_POINT('',(-230.,-150.,75.));
#5957 = DIRECTION('',(-1.,2.22044604925E-16,0.));
#5958 = DIRECTION('',(0.,0.,1.));
#5959 = ADVANCED_FACE('',(#5960),#5978,.F.);
#5960 = FACE_BOUND('',#5961,.F.);
#5961 = EDGE_LOOP('',(#5962,#5963,#5971,#5977));
#5962 = ORIENTED_EDGE('',*,*,#5075,.F.);
#5963 = ORIENTED_EDGE('',*,*,#5964,.T.);
#5964 = EDGE_CURVE('',#5068,#5965,#5967,.T.);
#5965 = VERTEX_POINT('',#5966);
#5966 = CARTESIAN_POINT('',(-219.,150.,75.));
#5967 = LINE('',#5968,#5969);
#5968 = CARTESIAN_POINT('',(-219.,-150.5,75.));
#5969 = VECTOR('',#5970,1.);
#5970 = DIRECTION('',(2.22044604925E-16,1.,0.));
#5971 = ORIENTED_EDGE('',*,*,#5972,.T.);
#5972 = EDGE_CURVE('',#5965,#5940,#5973,.T.);
#5973 = LINE('',#5974,#5975);
#5974 = CARTESIAN_POINT('',(-200.,150.,75.));
#5975 = VECTOR('',#5976,1.);
#5976 = DIRECTION('',(-1.,2.22044604925E-16,0.));
#5977 = ORIENTED_EDGE('',*,*,#5947,.F.);
#5978 = PLANE('',#5979);
#5979 = AXIS2_PLACEMENT_3D('',#5980,#5981,#5982);
#5980 = CARTESIAN_POINT('',(-200.,-150.,75.));
#5981 = DIRECTION('',(0.,0.,1.));
#5982 = DIRECTION('',(2.22044604925E-16,1.,0.));
#5983 = ADVANCED_FACE('',(#5984),#6002,.T.);
#5984 = FACE_BOUND('',#5985,.T.);
#5985 = EDGE_LOOP('',(#5986,#5994,#5995,#5996));
#5986 = ORIENTED_EDGE('',*,*,#5987,.F.);
#5987 = EDGE_CURVE('',#5060,#5988,#5990,.T.);
#5988 = VERTEX_POINT('',#5989);
#5989 = CARTESIAN_POINT('',(-219.,150.,77.));
#5990 = LINE('',#5991,#5992);
#5991 = CARTESIAN_POINT('',(-219.,-151.,77.));
#5992 = VECTOR('',#5993,1.);
#5993 = DIRECTION('',(2.22044604925E-16,1.,0.));
#5994 = ORIENTED_EDGE('',*,*,#5067,.T.);
#5995 = ORIENTED_EDGE('',*,*,#5964,.T.);
#5996 = ORIENTED_EDGE('',*,*,#5997,.F.);
#5997 = EDGE_CURVE('',#5988,#5965,#5998,.T.);
#5998 = LINE('',#5999,#6000);
#5999 = CARTESIAN_POINT('',(-219.,150.,76.5));
#6000 = VECTOR('',#6001,1.);
#6001 = DIRECTION('',(1.224646799147E-16,-2.719262146894E-32,-1.));
#6002 = PLANE('',#6003);
#6003 = AXIS2_PLACEMENT_3D('',#6004,#6005,#6006);
#6004 = CARTESIAN_POINT('',(-219.,-151.,78.));
#6005 = DIRECTION('',(1.,-2.22044604925E-16,1.224646799147E-16));
#6006 = DIRECTION('',(1.224646799147E-16,-2.719262146894E-32,-1.));
#6007 = ADVANCED_FACE('',(#6008),#6026,.F.);
#6008 = FACE_BOUND('',#6009,.F.);
#6009 = EDGE_LOOP('',(#6010,#6011,#6019,#6025));
#6010 = ORIENTED_EDGE('',*,*,#5059,.T.);
#6011 = ORIENTED_EDGE('',*,*,#6012,.T.);
#6012 = EDGE_CURVE('',#5052,#6013,#6015,.T.);
#6013 = VERTEX_POINT('',#6014);
#6014 = CARTESIAN_POINT('',(-221.5,150.,77.));
#6015 = LINE('',#6016,#6017);
#6016 = CARTESIAN_POINT('',(-221.5,-151.,77.));
#6017 = VECTOR('',#6018,1.);
#6018 = DIRECTION('',(2.22044604925E-16,1.,0.));
#6019 = ORIENTED_EDGE('',*,*,#6020,.F.);
#6020 = EDGE_CURVE('',#5988,#6013,#6021,.T.);
#6021 = LINE('',#6022,#6023);
#6022 = CARTESIAN_POINT('',(-210.75,150.,77.));
#6023 = VECTOR('',#6024,1.);
#6024 = DIRECTION('',(-1.,2.22044604925E-16,-1.224646799147E-16));
#6025 = ORIENTED_EDGE('',*,*,#5987,.F.);
#6026 = PLANE('',#6027);
#6027 = AXIS2_PLACEMENT_3D('',#6028,#6029,#6030);
#6028 = CARTESIAN_POINT('',(-221.5,-151.,77.));
#6029 = DIRECTION('',(1.224646799147E-16,-2.719262146894E-32,-1.));
#6030 = DIRECTION('',(2.22044604925E-16,1.,0.));
#6031 = ADVANCED_FACE('',(#6032),#6050,.T.);
#6032 = FACE_BOUND('',#6033,.T.);
#6033 = EDGE_LOOP('',(#6034,#6042,#6043,#6044));
#6034 = ORIENTED_EDGE('',*,*,#6035,.F.);
#6035 = EDGE_CURVE('',#5044,#6036,#6038,.T.);
#6036 = VERTEX_POINT('',#6037);
#6037 = CARTESIAN_POINT('',(-221.5,150.,83.));
#6038 = LINE('',#6039,#6040);
#6039 = CARTESIAN_POINT('',(-221.5,-151.,83.));
#6040 = VECTOR('',#6041,1.);
#6041 = DIRECTION('',(2.22044604925E-16,1.,0.));
#6042 = ORIENTED_EDGE('',*,*,#5051,.T.);
#6043 = ORIENTED_EDGE('',*,*,#6012,.T.);
#6044 = ORIENTED_EDGE('',*,*,#6045,.F.);
#6045 = EDGE_CURVE('',#6036,#6013,#6046,.T.);
#6046 = LINE('',#6047,#6048);
#6047 = CARTESIAN_POINT('',(-221.5,150.,79.));
#6048 = VECTOR('',#6049,1.);
#6049 = DIRECTION('',(1.224646799147E-16,-2.719262146894E-32,-1.));
#6050 = PLANE('',#6051);
#6051 = AXIS2_PLACEMENT_3D('',#6052,#6053,#6054);
#6052 = CARTESIAN_POINT('',(-221.5,-151.,83.));
#6053 = DIRECTION('',(1.,-2.22044604925E-16,1.224646799147E-16));
#6054 = DIRECTION('',(1.224646799147E-16,-2.719262146894E-32,-1.));
#6055 = ADVANCED_FACE('',(#6056),#6074,.T.);
#6056 = FACE_BOUND('',#6057,.T.);
#6057 = EDGE_LOOP('',(#6058,#6066,#6067,#6068));
#6058 = ORIENTED_EDGE('',*,*,#6059,.F.);
#6059 = EDGE_CURVE('',#5036,#6060,#6062,.T.);
#6060 = VERTEX_POINT('',#6061);
#6061 = CARTESIAN_POINT('',(-208.5,150.,83.));
#6062 = LINE('',#6063,#6064);
#6063 = CARTESIAN_POINT('',(-208.5,-151.,83.));
#6064 = VECTOR('',#6065,1.);
#6065 = DIRECTION('',(2.22044604925E-16,1.,0.));
#6066 = ORIENTED_EDGE('',*,*,#5043,.T.);
#6067 = ORIENTED_EDGE('',*,*,#6035,.T.);
#6068 = ORIENTED_EDGE('',*,*,#6069,.F.);
#6069 = EDGE_CURVE('',#6060,#6036,#6070,.T.);
#6070 = LINE('',#6071,#6072);
#6071 = CARTESIAN_POINT('',(-210.75,150.,83.));
#6072 = VECTOR('',#6073,1.);
#6073 = DIRECTION('',(-1.,2.22044604925E-16,-1.224646799147E-16));
#6074 = PLANE('',#6075);
#6075 = AXIS2_PLACEMENT_3D('',#6076,#6077,#6078);
#6076 = CARTESIAN_POINT('',(-221.5,-151.,83.));
#6077 = DIRECTION('',(1.224646799147E-16,-2.719262146894E-32,-1.));
#6078 = DIRECTION('',(2.22044604925E-16,1.,0.));
#6079 = ADVANCED_FACE('',(#6080),#6098,.F.);
#6080 = FACE_BOUND('',#6081,.F.);
#6081 = EDGE_LOOP('',(#6082,#6083,#6084,#6092));
#6082 = ORIENTED_EDGE('',*,*,#6059,.F.);
#6083 = ORIENTED_EDGE('',*,*,#5035,.T.);
#6084 = ORIENTED_EDGE('',*,*,#6085,.T.);
#6085 = EDGE_CURVE('',#5028,#6086,#6088,.T.);
#6086 = VERTEX_POINT('',#6087);
#6087 = CARTESIAN_POINT('',(-208.5,150.,77.));
#6088 = LINE('',#6089,#6090);
#6089 = CARTESIAN_POINT('',(-208.5,-151.,77.));
#6090 = VECTOR('',#6091,1.);
#6091 = DIRECTION('',(2.22044604925E-16,1.,0.));
#6092 = ORIENTED_EDGE('',*,*,#6093,.F.);
#6093 = EDGE_CURVE('',#6060,#6086,#6094,.T.);
#6094 = LINE('',#6095,#6096);
#6095 = CARTESIAN_POINT('',(-208.5,150.,79.));
#6096 = VECTOR('',#6097,1.);
#6097 = DIRECTION('',(1.224646799147E-16,-2.719262146894E-32,-1.));
#6098 = PLANE('',#6099);
#6099 = AXIS2_PLACEMENT_3D('',#6100,#6101,#6102);
#6100 = CARTESIAN_POINT('',(-208.5,-151.,83.));
#6101 = DIRECTION('',(1.,-2.22044604925E-16,1.224646799147E-16));
#6102 = DIRECTION('',(1.224646799147E-16,-2.719262146894E-32,-1.));
#6103 = ADVANCED_FACE('',(#6104),#6122,.F.);
#6104 = FACE_BOUND('',#6105,.F.);
#6105 = EDGE_LOOP('',(#6106,#6107,#6115,#6121));
#6106 = ORIENTED_EDGE('',*,*,#5027,.T.);
#6107 = ORIENTED_EDGE('',*,*,#6108,.T.);
#6108 = EDGE_CURVE('',#5020,#6109,#6111,.T.);
#6109 = VERTEX_POINT('',#6110);
#6110 = CARTESIAN_POINT('',(-211.,150.,77.));
#6111 = LINE('',#6112,#6113);
#6112 = CARTESIAN_POINT('',(-211.,-151.,77.));
#6113 = VECTOR('',#6114,1.);
#6114 = DIRECTION('',(2.22044604925E-16,1.,0.));
#6115 = ORIENTED_EDGE('',*,*,#6116,.F.);
#6116 = EDGE_CURVE('',#6086,#6109,#6117,.T.);
#6117 = LINE('',#6118,#6119);
#6118 = CARTESIAN_POINT('',(-210.75,150.,77.));
#6119 = VECTOR('',#6120,1.);
#6120 = DIRECTION('',(-1.,2.22044604925E-16,-1.224646799147E-16));
#6121 = ORIENTED_EDGE('',*,*,#6085,.F.);
#6122 = PLANE('',#6123);
#6123 = AXIS2_PLACEMENT_3D('',#6124,#6125,#6126);
#6124 = CARTESIAN_POINT('',(-221.5,-151.,77.));
#6125 = DIRECTION('',(1.224646799147E-16,-2.719262146894E-32,-1.));
#6126 = DIRECTION('',(2.22044604925E-16,1.,0.));
#6127 = ADVANCED_FACE('',(#6128),#6146,.F.);
#6128 = FACE_BOUND('',#6129,.F.);
#6129 = EDGE_LOOP('',(#6130,#6131,#6132,#6140));
#6130 = ORIENTED_EDGE('',*,*,#6108,.F.);
#6131 = ORIENTED_EDGE('',*,*,#5019,.T.);
#6132 = ORIENTED_EDGE('',*,*,#6133,.T.);
#6133 = EDGE_CURVE('',#5012,#6134,#6136,.T.);
#6134 = VERTEX_POINT('',#6135);
#6135 = CARTESIAN_POINT('',(-211.,150.,75.));
#6136 = LINE('',#6137,#6138);
#6137 = CARTESIAN_POINT('',(-211.,-150.5,75.));
#6138 = VECTOR('',#6139,1.);
#6139 = DIRECTION('',(2.22044604925E-16,1.,0.));
#6140 = ORIENTED_EDGE('',*,*,#6141,.F.);
#6141 = EDGE_CURVE('',#6109,#6134,#6142,.T.);
#6142 = LINE('',#6143,#6144);
#6143 = CARTESIAN_POINT('',(-211.,150.,76.5));
#6144 = VECTOR('',#6145,1.);
#6145 = DIRECTION('',(1.224646799147E-16,-2.719262146894E-32,-1.));
#6146 = PLANE('',#6147);
#6147 = AXIS2_PLACEMENT_3D('',#6148,#6149,#6150);
#6148 = CARTESIAN_POINT('',(-211.,-151.,78.));
#6149 = DIRECTION('',(1.,-2.22044604925E-16,1.224646799147E-16));
#6150 = DIRECTION('',(1.224646799147E-16,-2.719262146894E-32,-1.));
#6151 = ADVANCED_FACE('',(#6152),#6163,.F.);
#6152 = FACE_BOUND('',#6153,.F.);
#6153 = EDGE_LOOP('',(#6154,#6155,#6156,#6162));
#6154 = ORIENTED_EDGE('',*,*,#5011,.F.);
#6155 = ORIENTED_EDGE('',*,*,#5318,.T.);
#6156 = ORIENTED_EDGE('',*,*,#6157,.T.);
#6157 = EDGE_CURVE('',#5309,#6134,#6158,.T.);
#6158 = LINE('',#6159,#6160);
#6159 = CARTESIAN_POINT('',(-200.,150.,75.));
#6160 = VECTOR('',#6161,1.);
#6161 = DIRECTION('',(-1.,2.22044604925E-16,0.));
#6162 = ORIENTED_EDGE('',*,*,#6133,.F.);
#6163 = PLANE('',#6164);
#6164 = AXIS2_PLACEMENT_3D('',#6165,#6166,#6167);
#6165 = CARTESIAN_POINT('',(-200.,-150.,75.));
#6166 = DIRECTION('',(0.,0.,1.));
#6167 = DIRECTION('',(2.22044604925E-16,1.,0.));
#6168 = ADVANCED_FACE('',(#6169),#6188,.F.);
#6169 = FACE_BOUND('',#6170,.F.);
#6170 = EDGE_LOOP('',(#6171,#6180,#6186,#6187));
#6171 = ORIENTED_EDGE('',*,*,#6172,.F.);
#6172 = EDGE_CURVE('',#6173,#6173,#6175,.T.);
#6173 = VERTEX_POINT('',#6174);
#6174 = CARTESIAN_POINT('',(-215.,150.,93.4));
#6175 = CIRCLE('',#6176,3.4);
#6176 = AXIS2_PLACEMENT_3D('',#6177,#6178,#6179);
#6177 = CARTESIAN_POINT('',(-215.,150.,90.));
#6178 = DIRECTION('',(2.22044604925E-16,1.,-0.));
#6179 = DIRECTION('',(0.,0.,1.));
#6180 = ORIENTED_EDGE('',*,*,#6181,.F.);
#6181 = EDGE_CURVE('',#5292,#6173,#6182,.T.);
#6182 = LINE('',#6183,#6184);
#6183 = CARTESIAN_POINT('',(-215.,-151.,93.4));
#6184 = VECTOR('',#6185,1.);
#6185 = DIRECTION('',(2.22044604925E-16,1.,0.));
#6186 = ORIENTED_EDGE('',*,*,#5291,.T.);
#6187 = ORIENTED_EDGE('',*,*,#6181,.T.);
#6188 = CYLINDRICAL_SURFACE('',#6189,3.4);
#6189 = AXIS2_PLACEMENT_3D('',#6190,#6191,#6192);
#6190 = CARTESIAN_POINT('',(-215.,-151.,90.));
#6191 = DIRECTION('',(2.22044604925E-16,1.,0.));
#6192 = DIRECTION('',(0.,0.,1.));
#6193 = ADVANCED_FACE('',(#6194,#6232),#6235,.T.);
#6194 = FACE_BOUND('',#6195,.T.);
#6195 = EDGE_LOOP('',(#6196,#6197,#6198,#6199,#6200,#6201,#6202,#6203,
    #6204,#6205,#6206,#6207,#6208,#6209,#6210,#6211,#6212,#6213,#6214,
    #6215,#6216,#6217,#6218,#6219,#6220,#6221,#6222,#6223,#6224,#6225,
    #6226,#6227,#6228,#6229,#6230,#6231));
#6196 = ORIENTED_EDGE('',*,*,#5308,.F.);
#6197 = ORIENTED_EDGE('',*,*,#6157,.T.);
#6198 = ORIENTED_EDGE('',*,*,#6141,.F.);
#6199 = ORIENTED_EDGE('',*,*,#6116,.F.);
#6200 = ORIENTED_EDGE('',*,*,#6093,.F.);
#6201 = ORIENTED_EDGE('',*,*,#6069,.T.);
#6202 = ORIENTED_EDGE('',*,*,#6045,.T.);
#6203 = ORIENTED_EDGE('',*,*,#6020,.F.);
#6204 = ORIENTED_EDGE('',*,*,#5997,.T.);
#6205 = ORIENTED_EDGE('',*,*,#5972,.T.);
#6206 = ORIENTED_EDGE('',*,*,#5939,.T.);
#6207 = ORIENTED_EDGE('',*,*,#5925,.F.);
#6208 = ORIENTED_EDGE('',*,*,#5900,.F.);
#6209 = ORIENTED_EDGE('',*,*,#5877,.F.);
#6210 = ORIENTED_EDGE('',*,*,#5853,.T.);
#6211 = ORIENTED_EDGE('',*,*,#5829,.T.);
#6212 = ORIENTED_EDGE('',*,*,#5804,.F.);
#6213 = ORIENTED_EDGE('',*,*,#5781,.T.);
#6214 = ORIENTED_EDGE('',*,*,#5747,.T.);
#6215 = ORIENTED_EDGE('',*,*,#5725,.F.);
#6216 = ORIENTED_EDGE('',*,*,#5709,.F.);
#6217 = ORIENTED_EDGE('',*,*,#5684,.F.);
#6218 = ORIENTED_EDGE('',*,*,#5661,.F.);
#6219 = ORIENTED_EDGE('',*,*,#5637,.T.);
#6220 = ORIENTED_EDGE('',*,*,#5613,.T.);
#6221 = ORIENTED_EDGE('',*,*,#5588,.F.);
#6222 = ORIENTED_EDGE('',*,*,#5565,.T.);
#6223 = ORIENTED_EDGE('',*,*,#5533,.F.);
#6224 = ORIENTED_EDGE('',*,*,#5507,.F.);
#6225 = ORIENTED_EDGE('',*,*,#5493,.F.);
#6226 = ORIENTED_EDGE('',*,*,#5468,.F.);
#6227 = ORIENTED_EDGE('',*,*,#5445,.F.);
#6228 = ORIENTED_EDGE('',*,*,#5421,.T.);
#6229 = ORIENTED_EDGE('',*,*,#5397,.T.);
#6230 = ORIENTED_EDGE('',*,*,#5372,.F.);
#6231 = ORIENTED_EDGE('',*,*,#5349,.T.);
#6232 = FACE_BOUND('',#6233,.T.);
#6233 = EDGE_LOOP('',(#6234));
#6234 = ORIENTED_EDGE('',*,*,#6172,.F.);
#6235 = PLANE('',#6236);
#6236 = AXIS2_PLACEMENT_3D('',#6237,#6238,#6239);
#6237 = CARTESIAN_POINT('',(-200.,150.,75.));
#6238 = DIRECTION('',(2.22044604925E-16,1.,0.));
#6239 = DIRECTION('',(0.,0.,1.));
#6240 = MANIFOLD_SOLID_BREP('',#6241);
#6241 = CLOSED_SHELL('',(#6242,#6549,#6580,#6604,#6628,#6652,#6676,#6700
    ,#6724,#6748,#6772,#6796,#6820,#6844,#6868,#6892,#6916,#6940,#6964,
    #6988,#7012,#7036,#7060,#7084,#7108,#7132,#7156,#7180,#7204,#7228,
    #7252,#7276,#7300,#7324,#7348,#7372,#7396,#7413,#7438));
#6242 = ADVANCED_FACE('',(#6243,#6533),#6544,.F.);
#6243 = FACE_BOUND('',#6244,.F.);
#6244 = EDGE_LOOP('',(#6245,#6255,#6263,#6271,#6279,#6287,#6295,#6303,
    #6311,#6319,#6327,#6335,#6343,#6351,#6359,#6367,#6375,#6383,#6391,
    #6399,#6407,#6415,#6423,#6431,#6439,#6447,#6455,#6463,#6471,#6479,
    #6487,#6495,#6503,#6511,#6519,#6527));
#6245 = ORIENTED_EDGE('',*,*,#6246,.F.);
#6246 = EDGE_CURVE('',#6247,#6249,#6251,.T.);
#6247 = VERTEX_POINT('',#6248);
#6248 = CARTESIAN_POINT('',(230.,-150.,75.));
#6249 = VERTEX_POINT('',#6250);
#6250 = CARTESIAN_POINT('',(230.,-150.,86.));
#6251 = LINE('',#6252,#6253);
#6252 = CARTESIAN_POINT('',(230.,-150.,75.));
#6253 = VECTOR('',#6254,1.);
#6254 = DIRECTION('',(0.,0.,1.));
#6255 = ORIENTED_EDGE('',*,*,#6256,.T.);
#6256 = EDGE_CURVE('',#6247,#6257,#6259,.T.);
#6257 = VERTEX_POINT('',#6258);
#6258 = CARTESIAN_POINT('',(219.,-150.,75.));
#6259 = LINE('',#6260,#6261);
#6260 = CARTESIAN_POINT('',(230.,-150.,75.));
#6261 = VECTOR('',#6262,1.);
#6262 = DIRECTION('',(-1.,2.22044604925E-16,0.));
#6263 = ORIENTED_EDGE('',*,*,#6264,.F.);
#6264 = EDGE_CURVE('',#6265,#6257,#6267,.T.);
#6265 = VERTEX_POINT('',#6266);
#6266 = CARTESIAN_POINT('',(219.,-150.,77.));
#6267 = LINE('',#6268,#6269);
#6268 = CARTESIAN_POINT('',(219.,-150.,76.5));
#6269 = VECTOR('',#6270,1.);
#6270 = DIRECTION('',(1.224646799147E-16,-2.719262146894E-32,-1.));
#6271 = ORIENTED_EDGE('',*,*,#6272,.F.);
#6272 = EDGE_CURVE('',#6273,#6265,#6275,.T.);
#6273 = VERTEX_POINT('',#6274);
#6274 = CARTESIAN_POINT('',(221.5,-150.,77.));
#6275 = LINE('',#6276,#6277);
#6276 = CARTESIAN_POINT('',(219.25,-150.,77.));
#6277 = VECTOR('',#6278,1.);
#6278 = DIRECTION('',(-1.,2.22044604925E-16,-1.224646799147E-16));
#6279 = ORIENTED_EDGE('',*,*,#6280,.F.);
#6280 = EDGE_CURVE('',#6281,#6273,#6283,.T.);
#6281 = VERTEX_POINT('',#6282);
#6282 = CARTESIAN_POINT('',(221.5,-150.,83.));
#6283 = LINE('',#6284,#6285);
#6284 = CARTESIAN_POINT('',(221.5,-150.,79.));
#6285 = VECTOR('',#6286,1.);
#6286 = DIRECTION('',(1.224646799147E-16,-2.719262146894E-32,-1.));
#6287 = ORIENTED_EDGE('',*,*,#6288,.T.);
#6288 = EDGE_CURVE('',#6281,#6289,#6291,.T.);
#6289 = VERTEX_POINT('',#6290);
#6290 = CARTESIAN_POINT('',(208.5,-150.,83.));
#6291 = LINE('',#6292,#6293);
#6292 = CARTESIAN_POINT('',(219.25,-150.,83.));
#6293 = VECTOR('',#6294,1.);
#6294 = DIRECTION('',(-1.,2.22044604925E-16,-1.224646799147E-16));
#6295 = ORIENTED_EDGE('',*,*,#6296,.T.);
#6296 = EDGE_CURVE('',#6289,#6297,#6299,.T.);
#6297 = VERTEX_POINT('',#6298);
#6298 = CARTESIAN_POINT('',(208.5,-150.,77.));
#6299 = LINE('',#6300,#6301);
#6300 = CARTESIAN_POINT('',(208.5,-150.,79.));
#6301 = VECTOR('',#6302,1.);
#6302 = DIRECTION('',(1.224646799147E-16,-2.719262146894E-32,-1.));
#6303 = ORIENTED_EDGE('',*,*,#6304,.F.);
#6304 = EDGE_CURVE('',#6305,#6297,#6307,.T.);
#6305 = VERTEX_POINT('',#6306);
#6306 = CARTESIAN_POINT('',(211.,-150.,77.));
#6307 = LINE('',#6308,#6309);
#6308 = CARTESIAN_POINT('',(219.25,-150.,77.));
#6309 = VECTOR('',#6310,1.);
#6310 = DIRECTION('',(-1.,2.22044604925E-16,-1.224646799147E-16));
#6311 = ORIENTED_EDGE('',*,*,#6312,.T.);
#6312 = EDGE_CURVE('',#6305,#6313,#6315,.T.);
#6313 = VERTEX_POINT('',#6314);
#6314 = CARTESIAN_POINT('',(211.,-150.,75.));
#6315 = LINE('',#6316,#6317);
#6316 = CARTESIAN_POINT('',(211.,-150.,76.5));
#6317 = VECTOR('',#6318,1.);
#6318 = DIRECTION('',(1.224646799147E-16,-2.719262146894E-32,-1.));
#6319 = ORIENTED_EDGE('',*,*,#6320,.T.);
#6320 = EDGE_CURVE('',#6313,#6321,#6323,.T.);
#6321 = VERTEX_POINT('',#6322);
#6322 = CARTESIAN_POINT('',(200.,-150.,75.));
#6323 = LINE('',#6324,#6325);
#6324 = CARTESIAN_POINT('',(230.,-150.,75.));
#6325 = VECTOR('',#6326,1.);
#6326 = DIRECTION('',(-1.,2.22044604925E-16,0.));
#6327 = ORIENTED_EDGE('',*,*,#6328,.T.);
#6328 = EDGE_CURVE('',#6321,#6329,#6331,.T.);
#6329 = VERTEX_POINT('',#6330);
#6330 = CARTESIAN_POINT('',(200.,-150.,86.));
#6331 = LINE('',#6332,#6333);
#6332 = CARTESIAN_POINT('',(200.,-150.,75.));
#6333 = VECTOR('',#6334,1.);
#6334 = DIRECTION('',(0.,0.,1.));
#6335 = ORIENTED_EDGE('',*,*,#6336,.F.);
#6336 = EDGE_CURVE('',#6337,#6329,#6339,.T.);
#6337 = VERTEX_POINT('',#6338);
#6338 = CARTESIAN_POINT('',(202.,-150.,86.));
#6339 = LINE('',#6340,#6341);
#6340 = CARTESIAN_POINT('',(216.5,-150.,86.));
#6341 = VECTOR('',#6342,1.);
#6342 = DIRECTION('',(-1.,2.22044604925E-16,-2.22044604925E-16));
#6343 = ORIENTED_EDGE('',*,*,#6344,.F.);
#6344 = EDGE_CURVE('',#6345,#6337,#6347,.T.);
#6345 = VERTEX_POINT('',#6346);
#6346 = CARTESIAN_POINT('',(202.,-150.,83.5));
#6347 = LINE('',#6348,#6349);
#6348 = CARTESIAN_POINT('',(202.,-150.,85.75));
#6349 = VECTOR('',#6350,1.);
#6350 = DIRECTION('',(-2.22044604925E-16,4.930380657631E-32,1.));
#6351 = ORIENTED_EDGE('',*,*,#6352,.F.);
#6352 = EDGE_CURVE('',#6353,#6345,#6355,.T.);
#6353 = VERTEX_POINT('',#6354);
#6354 = CARTESIAN_POINT('',(208.,-150.,83.5));
#6355 = LINE('',#6356,#6357);
#6356 = CARTESIAN_POINT('',(219.,-150.,83.5));
#6357 = VECTOR('',#6358,1.);
#6358 = DIRECTION('',(-1.,2.22044604925E-16,-2.22044604925E-16));
#6359 = ORIENTED_EDGE('',*,*,#6360,.T.);
#6360 = EDGE_CURVE('',#6353,#6361,#6363,.T.);
#6361 = VERTEX_POINT('',#6362);
#6362 = CARTESIAN_POINT('',(208.,-150.,96.5));
#6363 = LINE('',#6364,#6365);
#6364 = CARTESIAN_POINT('',(208.,-150.,85.75));
#6365 = VECTOR('',#6366,1.);
#6366 = DIRECTION('',(-2.22044604925E-16,4.930380657631E-32,1.));
#6367 = ORIENTED_EDGE('',*,*,#6368,.T.);
#6368 = EDGE_CURVE('',#6361,#6369,#6371,.T.);
#6369 = VERTEX_POINT('',#6370);
#6370 = CARTESIAN_POINT('',(202.,-150.,96.5));
#6371 = LINE('',#6372,#6373);
#6372 = CARTESIAN_POINT('',(219.,-150.,96.5));
#6373 = VECTOR('',#6374,1.);
#6374 = DIRECTION('',(-1.,2.22044604925E-16,-2.22044604925E-16));
#6375 = ORIENTED_EDGE('',*,*,#6376,.F.);
#6376 = EDGE_CURVE('',#6377,#6369,#6379,.T.);
#6377 = VERTEX_POINT('',#6378);
#6378 = CARTESIAN_POINT('',(202.,-150.,94.));
#6379 = LINE('',#6380,#6381);
#6380 = CARTESIAN_POINT('',(202.,-150.,85.75));
#6381 = VECTOR('',#6382,1.);
#6382 = DIRECTION('',(-2.22044604925E-16,4.930380657631E-32,1.));
#6383 = ORIENTED_EDGE('',*,*,#6384,.T.);
#6384 = EDGE_CURVE('',#6377,#6385,#6387,.T.);
#6385 = VERTEX_POINT('',#6386);
#6386 = CARTESIAN_POINT('',(200.,-150.,94.));
#6387 = LINE('',#6388,#6389);
#6388 = CARTESIAN_POINT('',(216.5,-150.,94.));
#6389 = VECTOR('',#6390,1.);
#6390 = DIRECTION('',(-1.,2.22044604925E-16,-2.22044604925E-16));
#6391 = ORIENTED_EDGE('',*,*,#6392,.T.);
#6392 = EDGE_CURVE('',#6385,#6393,#6395,.T.);
#6393 = VERTEX_POINT('',#6394);
#6394 = CARTESIAN_POINT('',(200.,-150.,105.));
#6395 = LINE('',#6396,#6397);
#6396 = CARTESIAN_POINT('',(200.,-150.,75.));
#6397 = VECTOR('',#6398,1.);
#6398 = DIRECTION('',(0.,0.,1.));
#6399 = ORIENTED_EDGE('',*,*,#6400,.F.);
#6400 = EDGE_CURVE('',#6401,#6393,#6403,.T.);
#6401 = VERTEX_POINT('',#6402);
#6402 = CARTESIAN_POINT('',(211.,-150.,105.));
#6403 = LINE('',#6404,#6405);
#6404 = CARTESIAN_POINT('',(230.,-150.,105.));
#6405 = VECTOR('',#6406,1.);
#6406 = DIRECTION('',(-1.,2.22044604925E-16,0.));
#6407 = ORIENTED_EDGE('',*,*,#6408,.F.);
#6408 = EDGE_CURVE('',#6409,#6401,#6411,.T.);
#6409 = VERTEX_POINT('',#6410);
#6410 = CARTESIAN_POINT('',(211.,-150.,103.));
#6411 = LINE('',#6412,#6413);
#6412 = CARTESIAN_POINT('',(211.,-150.,88.5));
#6413 = VECTOR('',#6414,1.);
#6414 = DIRECTION('',(0.,0.,1.));
#6415 = ORIENTED_EDGE('',*,*,#6416,.F.);
#6416 = EDGE_CURVE('',#6417,#6409,#6419,.T.);
#6417 = VERTEX_POINT('',#6418);
#6418 = CARTESIAN_POINT('',(208.5,-150.,103.));
#6419 = LINE('',#6420,#6421);
#6420 = CARTESIAN_POINT('',(225.75,-150.,103.));
#6421 = VECTOR('',#6422,1.);
#6422 = DIRECTION('',(1.,-2.22044604925E-16,0.));
#6423 = ORIENTED_EDGE('',*,*,#6424,.F.);
#6424 = EDGE_CURVE('',#6425,#6417,#6427,.T.);
#6425 = VERTEX_POINT('',#6426);
#6426 = CARTESIAN_POINT('',(208.5,-150.,97.));
#6427 = LINE('',#6428,#6429);
#6428 = CARTESIAN_POINT('',(208.5,-150.,86.));
#6429 = VECTOR('',#6430,1.);
#6430 = DIRECTION('',(0.,0.,1.));
#6431 = ORIENTED_EDGE('',*,*,#6432,.T.);
#6432 = EDGE_CURVE('',#6425,#6433,#6435,.T.);
#6433 = VERTEX_POINT('',#6434);
#6434 = CARTESIAN_POINT('',(221.5,-150.,97.));
#6435 = LINE('',#6436,#6437);
#6436 = CARTESIAN_POINT('',(225.75,-150.,97.));
#6437 = VECTOR('',#6438,1.);
#6438 = DIRECTION('',(1.,-2.22044604925E-16,0.));
#6439 = ORIENTED_EDGE('',*,*,#6440,.T.);
#6440 = EDGE_CURVE('',#6433,#6441,#6443,.T.);
#6441 = VERTEX_POINT('',#6442);
#6442 = CARTESIAN_POINT('',(221.5,-150.,103.));
#6443 = LINE('',#6444,#6445);
#6444 = CARTESIAN_POINT('',(221.5,-150.,86.));
#6445 = VECTOR('',#6446,1.);
#6446 = DIRECTION('',(0.,0.,1.));
#6447 = ORIENTED_EDGE('',*,*,#6448,.F.);
#6448 = EDGE_CURVE('',#6449,#6441,#6451,.T.);
#6449 = VERTEX_POINT('',#6450);
#6450 = CARTESIAN_POINT('',(219.,-150.,103.));
#6451 = LINE('',#6452,#6453);
#6452 = CARTESIAN_POINT('',(225.75,-150.,103.));
#6453 = VECTOR('',#6454,1.);
#6454 = DIRECTION('',(1.,-2.22044604925E-16,0.));
#6455 = ORIENTED_EDGE('',*,*,#6456,.T.);
#6456 = EDGE_CURVE('',#6449,#6457,#6459,.T.);
#6457 = VERTEX_POINT('',#6458);
#6458 = CARTESIAN_POINT('',(219.,-150.,105.));
#6459 = LINE('',#6460,#6461);
#6460 = CARTESIAN_POINT('',(219.,-150.,88.5));
#6461 = VECTOR('',#6462,1.);
#6462 = DIRECTION('',(0.,0.,1.));
#6463 = ORIENTED_EDGE('',*,*,#6464,.F.);
#6464 = EDGE_CURVE('',#6465,#6457,#6467,.T.);
#6465 = VERTEX_POINT('',#6466);
#6466 = CARTESIAN_POINT('',(230.,-150.,105.));
#6467 = LINE('',#6468,#6469);
#6468 = CARTESIAN_POINT('',(230.,-150.,105.));
#6469 = VECTOR('',#6470,1.);
#6470 = DIRECTION('',(-1.,2.22044604925E-16,0.));
#6471 = ORIENTED_EDGE('',*,*,#6472,.F.);
#6472 = EDGE_CURVE('',#6473,#6465,#6475,.T.);
#6473 = VERTEX_POINT('',#6474);
#6474 = CARTESIAN_POINT('',(230.,-150.,94.));
#6475 = LINE('',#6476,#6477);
#6476 = CARTESIAN_POINT('',(230.,-150.,75.));
#6477 = VECTOR('',#6478,1.);
#6478 = DIRECTION('',(0.,0.,1.));
#6479 = ORIENTED_EDGE('',*,*,#6480,.F.);
#6480 = EDGE_CURVE('',#6481,#6473,#6483,.T.);
#6481 = VERTEX_POINT('',#6482);
#6482 = CARTESIAN_POINT('',(228.,-150.,94.));
#6483 = LINE('',#6484,#6485);
#6484 = CARTESIAN_POINT('',(228.5,-150.,94.));
#6485 = VECTOR('',#6486,1.);
#6486 = DIRECTION('',(1.,-2.22044604925E-16,1.110223024625E-16));
#6487 = ORIENTED_EDGE('',*,*,#6488,.F.);
#6488 = EDGE_CURVE('',#6489,#6481,#6491,.T.);
#6489 = VERTEX_POINT('',#6490);
#6490 = CARTESIAN_POINT('',(228.,-150.,96.5));
#6491 = LINE('',#6492,#6493);
#6492 = CARTESIAN_POINT('',(228.,-150.,79.25));
#6493 = VECTOR('',#6494,1.);
#6494 = DIRECTION('',(1.110223024625E-16,-2.465190328816E-32,-1.));
#6495 = ORIENTED_EDGE('',*,*,#6496,.F.);
#6496 = EDGE_CURVE('',#6497,#6489,#6499,.T.);
#6497 = VERTEX_POINT('',#6498);
#6498 = CARTESIAN_POINT('',(222.,-150.,96.5));
#6499 = LINE('',#6500,#6501);
#6500 = CARTESIAN_POINT('',(226.,-150.,96.5));
#6501 = VECTOR('',#6502,1.);
#6502 = DIRECTION('',(1.,-2.22044604925E-16,1.110223024625E-16));
#6503 = ORIENTED_EDGE('',*,*,#6504,.T.);
#6504 = EDGE_CURVE('',#6497,#6505,#6507,.T.);
#6505 = VERTEX_POINT('',#6506);
#6506 = CARTESIAN_POINT('',(222.,-150.,83.5));
#6507 = LINE('',#6508,#6509);
#6508 = CARTESIAN_POINT('',(222.,-150.,79.25));
#6509 = VECTOR('',#6510,1.);
#6510 = DIRECTION('',(1.110223024625E-16,-2.465190328816E-32,-1.));
#6511 = ORIENTED_EDGE('',*,*,#6512,.T.);
#6512 = EDGE_CURVE('',#6505,#6513,#6515,.T.);
#6513 = VERTEX_POINT('',#6514);
#6514 = CARTESIAN_POINT('',(228.,-150.,83.5));
#6515 = LINE('',#6516,#6517);
#6516 = CARTESIAN_POINT('',(226.,-150.,83.5));
#6517 = VECTOR('',#6518,1.);
#6518 = DIRECTION('',(1.,-2.22044604925E-16,1.110223024625E-16));
#6519 = ORIENTED_EDGE('',*,*,#6520,.F.);
#6520 = EDGE_CURVE('',#6521,#6513,#6523,.T.);
#6521 = VERTEX_POINT('',#6522);
#6522 = CARTESIAN_POINT('',(228.,-150.,86.));
#6523 = LINE('',#6524,#6525);
#6524 = CARTESIAN_POINT('',(228.,-150.,79.25));
#6525 = VECTOR('',#6526,1.);
#6526 = DIRECTION('',(1.110223024625E-16,-2.465190328816E-32,-1.));
#6527 = ORIENTED_EDGE('',*,*,#6528,.T.);
#6528 = EDGE_CURVE('',#6521,#6249,#6529,.T.);
#6529 = LINE('',#6530,#6531);
#6530 = CARTESIAN_POINT('',(228.5,-150.,86.));
#6531 = VECTOR('',#6532,1.);
#6532 = DIRECTION('',(1.,-2.22044604925E-16,1.110223024625E-16));
#6533 = FACE_BOUND('',#6534,.F.);
#6534 = EDGE_LOOP('',(#6535));
#6535 = ORIENTED_EDGE('',*,*,#6536,.F.);
#6536 = EDGE_CURVE('',#6537,#6537,#6539,.T.);
#6537 = VERTEX_POINT('',#6538);
#6538 = CARTESIAN_POINT('',(215.,-150.,93.4));
#6539 = CIRCLE('',#6540,3.4);
#6540 = AXIS2_PLACEMENT_3D('',#6541,#6542,#6543);
#6541 = CARTESIAN_POINT('',(215.,-150.,90.));
#6542 = DIRECTION('',(2.22044604925E-16,1.,-0.));
#6543 = DIRECTION('',(0.,0.,1.));
#6544 = PLANE('',#6545);
#6545 = AXIS2_PLACEMENT_3D('',#6546,#6547,#6548);
#6546 = CARTESIAN_POINT('',(230.,-150.,75.));
#6547 = DIRECTION('',(2.22044604925E-16,1.,0.));
#6548 = DIRECTION('',(0.,0.,1.));
#6549 = ADVANCED_FACE('',(#6550),#6575,.F.);
#6550 = FACE_BOUND('',#6551,.F.);
#6551 = EDGE_LOOP('',(#6552,#6562,#6568,#6569));
#6552 = ORIENTED_EDGE('',*,*,#6553,.F.);
#6553 = EDGE_CURVE('',#6554,#6556,#6558,.T.);
#6554 = VERTEX_POINT('',#6555);
#6555 = CARTESIAN_POINT('',(230.,150.,75.));
#6556 = VERTEX_POINT('',#6557);
#6557 = CARTESIAN_POINT('',(230.,150.,86.));
#6558 = LINE('',#6559,#6560);
#6559 = CARTESIAN_POINT('',(230.,150.,75.));
#6560 = VECTOR('',#6561,1.);
#6561 = DIRECTION('',(0.,0.,1.));
#6562 = ORIENTED_EDGE('',*,*,#6563,.F.);
#6563 = EDGE_CURVE('',#6247,#6554,#6564,.T.);
#6564 = LINE('',#6565,#6566);
#6565 = CARTESIAN_POINT('',(230.,-150.,75.));
#6566 = VECTOR('',#6567,1.);
#6567 = DIRECTION('',(2.22044604925E-16,1.,0.));
#6568 = ORIENTED_EDGE('',*,*,#6246,.T.);
#6569 = ORIENTED_EDGE('',*,*,#6570,.T.);
#6570 = EDGE_CURVE('',#6249,#6556,#6571,.T.);
#6571 = LINE('',#6572,#6573);
#6572 = CARTESIAN_POINT('',(230.,-150.5,86.));
#6573 = VECTOR('',#6574,1.);
#6574 = DIRECTION('',(2.22044604925E-16,1.,0.));
#6575 = PLANE('',#6576);
#6576 = AXIS2_PLACEMENT_3D('',#6577,#6578,#6579);
#6577 = CARTESIAN_POINT('',(230.,-150.,75.));
#6578 = DIRECTION('',(-1.,2.22044604925E-16,0.));
#6579 = DIRECTION('',(0.,0.,1.));
#6580 = ADVANCED_FACE('',(#6581),#6599,.T.);
#6581 = FACE_BOUND('',#6582,.T.);
#6582 = EDGE_LOOP('',(#6583,#6591,#6592,#6593));
#6583 = ORIENTED_EDGE('',*,*,#6584,.F.);
#6584 = EDGE_CURVE('',#6521,#6585,#6587,.T.);
#6585 = VERTEX_POINT('',#6586);
#6586 = CARTESIAN_POINT('',(228.,150.,86.));
#6587 = LINE('',#6588,#6589);
#6588 = CARTESIAN_POINT('',(228.,-151.,86.));
#6589 = VECTOR('',#6590,1.);
#6590 = DIRECTION('',(2.22044604925E-16,1.,0.));
#6591 = ORIENTED_EDGE('',*,*,#6528,.T.);
#6592 = ORIENTED_EDGE('',*,*,#6570,.T.);
#6593 = ORIENTED_EDGE('',*,*,#6594,.F.);
#6594 = EDGE_CURVE('',#6585,#6556,#6595,.T.);
#6595 = LINE('',#6596,#6597);
#6596 = CARTESIAN_POINT('',(228.5,150.,86.));
#6597 = VECTOR('',#6598,1.);
#6598 = DIRECTION('',(1.,-2.22044604925E-16,1.110223024625E-16));
#6599 = PLANE('',#6600);
#6600 = AXIS2_PLACEMENT_3D('',#6601,#6602,#6603);
#6601 = CARTESIAN_POINT('',(227.,-151.,86.));
#6602 = DIRECTION('',(-1.110223024625E-16,2.465190328816E-32,1.));
#6603 = DIRECTION('',(1.,-2.22044604925E-16,1.110223024625E-16));
#6604 = ADVANCED_FACE('',(#6605),#6623,.F.);
#6605 = FACE_BOUND('',#6606,.F.);
#6606 = EDGE_LOOP('',(#6607,#6608,#6616,#6622));
#6607 = ORIENTED_EDGE('',*,*,#6520,.T.);
#6608 = ORIENTED_EDGE('',*,*,#6609,.T.);
#6609 = EDGE_CURVE('',#6513,#6610,#6612,.T.);
#6610 = VERTEX_POINT('',#6611);
#6611 = CARTESIAN_POINT('',(228.,150.,83.5));
#6612 = LINE('',#6613,#6614);
#6613 = CARTESIAN_POINT('',(228.,-151.,83.5));
#6614 = VECTOR('',#6615,1.);
#6615 = DIRECTION('',(2.22044604925E-16,1.,0.));
#6616 = ORIENTED_EDGE('',*,*,#6617,.F.);
#6617 = EDGE_CURVE('',#6585,#6610,#6618,.T.);
#6618 = LINE('',#6619,#6620);
#6619 = CARTESIAN_POINT('',(228.,150.,79.25));
#6620 = VECTOR('',#6621,1.);
#6621 = DIRECTION('',(1.110223024625E-16,-2.465190328816E-32,-1.));
#6622 = ORIENTED_EDGE('',*,*,#6584,.F.);
#6623 = PLANE('',#6624);
#6624 = AXIS2_PLACEMENT_3D('',#6625,#6626,#6627);
#6625 = CARTESIAN_POINT('',(228.,-151.,83.5));
#6626 = DIRECTION('',(1.,-2.22044604925E-16,1.110223024625E-16));
#6627 = DIRECTION('',(2.22044604925E-16,1.,0.));
#6628 = ADVANCED_FACE('',(#6629),#6647,.T.);
#6629 = FACE_BOUND('',#6630,.T.);
#6630 = EDGE_LOOP('',(#6631,#6639,#6640,#6641));
#6631 = ORIENTED_EDGE('',*,*,#6632,.F.);
#6632 = EDGE_CURVE('',#6505,#6633,#6635,.T.);
#6633 = VERTEX_POINT('',#6634);
#6634 = CARTESIAN_POINT('',(222.,150.,83.5));
#6635 = LINE('',#6636,#6637);
#6636 = CARTESIAN_POINT('',(222.,-151.,83.5));
#6637 = VECTOR('',#6638,1.);
#6638 = DIRECTION('',(2.22044604925E-16,1.,0.));
#6639 = ORIENTED_EDGE('',*,*,#6512,.T.);
#6640 = ORIENTED_EDGE('',*,*,#6609,.T.);
#6641 = ORIENTED_EDGE('',*,*,#6642,.F.);
#6642 = EDGE_CURVE('',#6633,#6610,#6643,.T.);
#6643 = LINE('',#6644,#6645);
#6644 = CARTESIAN_POINT('',(226.,150.,83.5));
#6645 = VECTOR('',#6646,1.);
#6646 = DIRECTION('',(1.,-2.22044604925E-16,1.110223024625E-16));
#6647 = PLANE('',#6648);
#6648 = AXIS2_PLACEMENT_3D('',#6649,#6650,#6651);
#6649 = CARTESIAN_POINT('',(222.,-151.,83.5));
#6650 = DIRECTION('',(-1.110223024625E-16,2.465190328816E-32,1.));
#6651 = DIRECTION('',(1.,-2.22044604925E-16,1.110223024625E-16));
#6652 = ADVANCED_FACE('',(#6653),#6671,.T.);
#6653 = FACE_BOUND('',#6654,.T.);
#6654 = EDGE_LOOP('',(#6655,#6663,#6664,#6665));
#6655 = ORIENTED_EDGE('',*,*,#6656,.F.);
#6656 = EDGE_CURVE('',#6497,#6657,#6659,.T.);
#6657 = VERTEX_POINT('',#6658);
#6658 = CARTESIAN_POINT('',(222.,150.,96.5));
#6659 = LINE('',#6660,#6661);
#6660 = CARTESIAN_POINT('',(222.,-151.,96.5));
#6661 = VECTOR('',#6662,1.);
#6662 = DIRECTION('',(2.22044604925E-16,1.,0.));
#6663 = ORIENTED_EDGE('',*,*,#6504,.T.);
#6664 = ORIENTED_EDGE('',*,*,#6632,.T.);
#6665 = ORIENTED_EDGE('',*,*,#6666,.F.);
#6666 = EDGE_CURVE('',#6657,#6633,#6667,.T.);
#6667 = LINE('',#6668,#6669);
#6668 = CARTESIAN_POINT('',(222.,150.,79.25));
#6669 = VECTOR('',#6670,1.);
#6670 = DIRECTION('',(1.110223024625E-16,-2.465190328816E-32,-1.));
#6671 = PLANE('',#6672);
#6672 = AXIS2_PLACEMENT_3D('',#6673,#6674,#6675);
#6673 = CARTESIAN_POINT('',(222.,-151.,83.5));
#6674 = DIRECTION('',(1.,-2.22044604925E-16,1.110223024625E-16));
#6675 = DIRECTION('',(2.22044604925E-16,1.,0.));
#6676 = ADVANCED_FACE('',(#6677),#6695,.F.);
#6677 = FACE_BOUND('',#6678,.F.);
#6678 = EDGE_LOOP('',(#6679,#6680,#6681,#6689));
#6679 = ORIENTED_EDGE('',*,*,#6656,.F.);
#6680 = ORIENTED_EDGE('',*,*,#6496,.T.);
#6681 = ORIENTED_EDGE('',*,*,#6682,.T.);
#6682 = EDGE_CURVE('',#6489,#6683,#6685,.T.);
#6683 = VERTEX_POINT('',#6684);
#6684 = CARTESIAN_POINT('',(228.,150.,96.5));
#6685 = LINE('',#6686,#6687);
#6686 = CARTESIAN_POINT('',(228.,-151.,96.5));
#6687 = VECTOR('',#6688,1.);
#6688 = DIRECTION('',(2.22044604925E-16,1.,0.));
#6689 = ORIENTED_EDGE('',*,*,#6690,.F.);
#6690 = EDGE_CURVE('',#6657,#6683,#6691,.T.);
#6691 = LINE('',#6692,#6693);
#6692 = CARTESIAN_POINT('',(226.,150.,96.5));
#6693 = VECTOR('',#6694,1.);
#6694 = DIRECTION('',(1.,-2.22044604925E-16,1.110223024625E-16));
#6695 = PLANE('',#6696);
#6696 = AXIS2_PLACEMENT_3D('',#6697,#6698,#6699);
#6697 = CARTESIAN_POINT('',(222.,-151.,96.5));
#6698 = DIRECTION('',(-1.110223024625E-16,2.465190328816E-32,1.));
#6699 = DIRECTION('',(1.,-2.22044604925E-16,1.110223024625E-16));
#6700 = ADVANCED_FACE('',(#6701),#6719,.F.);
#6701 = FACE_BOUND('',#6702,.F.);
#6702 = EDGE_LOOP('',(#6703,#6704,#6712,#6718));
#6703 = ORIENTED_EDGE('',*,*,#6488,.T.);
#6704 = ORIENTED_EDGE('',*,*,#6705,.T.);
#6705 = EDGE_CURVE('',#6481,#6706,#6708,.T.);
#6706 = VERTEX_POINT('',#6707);
#6707 = CARTESIAN_POINT('',(228.,150.,94.));
#6708 = LINE('',#6709,#6710);
#6709 = CARTESIAN_POINT('',(228.,-151.,94.));
#6710 = VECTOR('',#6711,1.);
#6711 = DIRECTION('',(2.22044604925E-16,1.,0.));
#6712 = ORIENTED_EDGE('',*,*,#6713,.F.);
#6713 = EDGE_CURVE('',#6683,#6706,#6714,.T.);
#6714 = LINE('',#6715,#6716);
#6715 = CARTESIAN_POINT('',(228.,150.,79.25));
#6716 = VECTOR('',#6717,1.);
#6717 = DIRECTION('',(1.110223024625E-16,-2.465190328816E-32,-1.));
#6718 = ORIENTED_EDGE('',*,*,#6682,.F.);
#6719 = PLANE('',#6720);
#6720 = AXIS2_PLACEMENT_3D('',#6721,#6722,#6723);
#6721 = CARTESIAN_POINT('',(228.,-151.,83.5));
#6722 = DIRECTION('',(1.,-2.22044604925E-16,1.110223024625E-16));
#6723 = DIRECTION('',(2.22044604925E-16,1.,0.));
#6724 = ADVANCED_FACE('',(#6725),#6743,.F.);
#6725 = FACE_BOUND('',#6726,.F.);
#6726 = EDGE_LOOP('',(#6727,#6728,#6729,#6737));
#6727 = ORIENTED_EDGE('',*,*,#6705,.F.);
#6728 = ORIENTED_EDGE('',*,*,#6480,.T.);
#6729 = ORIENTED_EDGE('',*,*,#6730,.T.);
#6730 = EDGE_CURVE('',#6473,#6731,#6733,.T.);
#6731 = VERTEX_POINT('',#6732);
#6732 = CARTESIAN_POINT('',(230.,150.,94.));
#6733 = LINE('',#6734,#6735);
#6734 = CARTESIAN_POINT('',(230.,-150.5,94.));
#6735 = VECTOR('',#6736,1.);
#6736 = DIRECTION('',(2.22044604925E-16,1.,0.));
#6737 = ORIENTED_EDGE('',*,*,#6738,.F.);
#6738 = EDGE_CURVE('',#6706,#6731,#6739,.T.);
#6739 = LINE('',#6740,#6741);
#6740 = CARTESIAN_POINT('',(228.5,150.,94.));
#6741 = VECTOR('',#6742,1.);
#6742 = DIRECTION('',(1.,-2.22044604925E-16,1.110223024625E-16));
#6743 = PLANE('',#6744);
#6744 = AXIS2_PLACEMENT_3D('',#6745,#6746,#6747);
#6745 = CARTESIAN_POINT('',(227.,-151.,94.));
#6746 = DIRECTION('',(-1.110223024625E-16,2.465190328816E-32,1.));
#6747 = DIRECTION('',(1.,-2.22044604925E-16,1.110223024625E-16));
#6748 = ADVANCED_FACE('',(#6749),#6767,.F.);
#6749 = FACE_BOUND('',#6750,.F.);
#6750 = EDGE_LOOP('',(#6751,#6759,#6760,#6761));
#6751 = ORIENTED_EDGE('',*,*,#6752,.F.);
#6752 = EDGE_CURVE('',#6731,#6753,#6755,.T.);
#6753 = VERTEX_POINT('',#6754);
#6754 = CARTESIAN_POINT('',(230.,150.,105.));
#6755 = LINE('',#6756,#6757);
#6756 = CARTESIAN_POINT('',(230.,150.,75.));
#6757 = VECTOR('',#6758,1.);
#6758 = DIRECTION('',(0.,0.,1.));
#6759 = ORIENTED_EDGE('',*,*,#6730,.F.);
#6760 = ORIENTED_EDGE('',*,*,#6472,.T.);
#6761 = ORIENTED_EDGE('',*,*,#6762,.T.);
#6762 = EDGE_CURVE('',#6465,#6753,#6763,.T.);
#6763 = LINE('',#6764,#6765);
#6764 = CARTESIAN_POINT('',(230.,-150.,105.));
#6765 = VECTOR('',#6766,1.);
#6766 = DIRECTION('',(2.22044604925E-16,1.,0.));
#6767 = PLANE('',#6768);
#6768 = AXIS2_PLACEMENT_3D('',#6769,#6770,#6771);
#6769 = CARTESIAN_POINT('',(230.,-150.,75.));
#6770 = DIRECTION('',(-1.,2.22044604925E-16,0.));
#6771 = DIRECTION('',(0.,0.,1.));
#6772 = ADVANCED_FACE('',(#6773),#6791,.T.);
#6773 = FACE_BOUND('',#6774,.T.);
#6774 = EDGE_LOOP('',(#6775,#6776,#6777,#6785));
#6775 = ORIENTED_EDGE('',*,*,#6464,.F.);
#6776 = ORIENTED_EDGE('',*,*,#6762,.T.);
#6777 = ORIENTED_EDGE('',*,*,#6778,.T.);
#6778 = EDGE_CURVE('',#6753,#6779,#6781,.T.);
#6779 = VERTEX_POINT('',#6780);
#6780 = CARTESIAN_POINT('',(219.,150.,105.));
#6781 = LINE('',#6782,#6783);
#6782 = CARTESIAN_POINT('',(230.,150.,105.));
#6783 = VECTOR('',#6784,1.);
#6784 = DIRECTION('',(-1.,2.22044604925E-16,0.));
#6785 = ORIENTED_EDGE('',*,*,#6786,.T.);
#6786 = EDGE_CURVE('',#6779,#6457,#6787,.T.);
#6787 = LINE('',#6788,#6789);
#6788 = CARTESIAN_POINT('',(219.,-150.5,105.));
#6789 = VECTOR('',#6790,1.);
#6790 = DIRECTION('',(-2.22044604925E-16,-1.,0.));
#6791 = PLANE('',#6792);
#6792 = AXIS2_PLACEMENT_3D('',#6793,#6794,#6795);
#6793 = CARTESIAN_POINT('',(230.,-150.,105.));
#6794 = DIRECTION('',(0.,0.,1.));
#6795 = DIRECTION('',(2.22044604925E-16,1.,0.));
#6796 = ADVANCED_FACE('',(#6797),#6815,.T.);
#6797 = FACE_BOUND('',#6798,.T.);
#6798 = EDGE_LOOP('',(#6799,#6807,#6808,#6809));
#6799 = ORIENTED_EDGE('',*,*,#6800,.F.);
#6800 = EDGE_CURVE('',#6449,#6801,#6803,.T.);
#6801 = VERTEX_POINT('',#6802);
#6802 = CARTESIAN_POINT('',(219.,150.,103.));
#6803 = LINE('',#6804,#6805);
#6804 = CARTESIAN_POINT('',(219.,-151.,103.));
#6805 = VECTOR('',#6806,1.);
#6806 = DIRECTION('',(2.22044604925E-16,1.,0.));
#6807 = ORIENTED_EDGE('',*,*,#6456,.T.);
#6808 = ORIENTED_EDGE('',*,*,#6786,.F.);
#6809 = ORIENTED_EDGE('',*,*,#6810,.F.);
#6810 = EDGE_CURVE('',#6801,#6779,#6811,.T.);
#6811 = LINE('',#6812,#6813);
#6812 = CARTESIAN_POINT('',(219.,150.,88.5));
#6813 = VECTOR('',#6814,1.);
#6814 = DIRECTION('',(0.,0.,1.));
#6815 = PLANE('',#6816);
#6816 = AXIS2_PLACEMENT_3D('',#6817,#6818,#6819);
#6817 = CARTESIAN_POINT('',(219.,-151.,102.));
#6818 = DIRECTION('',(-1.,2.22044604925E-16,0.));
#6819 = DIRECTION('',(0.,0.,1.));
#6820 = ADVANCED_FACE('',(#6821),#6839,.F.);
#6821 = FACE_BOUND('',#6822,.F.);
#6822 = EDGE_LOOP('',(#6823,#6824,#6832,#6838));
#6823 = ORIENTED_EDGE('',*,*,#6448,.T.);
#6824 = ORIENTED_EDGE('',*,*,#6825,.T.);
#6825 = EDGE_CURVE('',#6441,#6826,#6828,.T.);
#6826 = VERTEX_POINT('',#6827);
#6827 = CARTESIAN_POINT('',(221.5,150.,103.));
#6828 = LINE('',#6829,#6830);
#6829 = CARTESIAN_POINT('',(221.5,-151.,103.));
#6830 = VECTOR('',#6831,1.);
#6831 = DIRECTION('',(2.22044604925E-16,1.,0.));
#6832 = ORIENTED_EDGE('',*,*,#6833,.F.);
#6833 = EDGE_CURVE('',#6801,#6826,#6834,.T.);
#6834 = LINE('',#6835,#6836);
#6835 = CARTESIAN_POINT('',(225.75,150.,103.));
#6836 = VECTOR('',#6837,1.);
#6837 = DIRECTION('',(1.,-2.22044604925E-16,0.));
#6838 = ORIENTED_EDGE('',*,*,#6800,.F.);
#6839 = PLANE('',#6840);
#6840 = AXIS2_PLACEMENT_3D('',#6841,#6842,#6843);
#6841 = CARTESIAN_POINT('',(221.5,-151.,103.));
#6842 = DIRECTION('',(0.,0.,1.));
#6843 = DIRECTION('',(2.22044604925E-16,1.,0.));
#6844 = ADVANCED_FACE('',(#6845),#6863,.T.);
#6845 = FACE_BOUND('',#6846,.T.);
#6846 = EDGE_LOOP('',(#6847,#6855,#6856,#6857));
#6847 = ORIENTED_EDGE('',*,*,#6848,.F.);
#6848 = EDGE_CURVE('',#6433,#6849,#6851,.T.);
#6849 = VERTEX_POINT('',#6850);
#6850 = CARTESIAN_POINT('',(221.5,150.,97.));
#6851 = LINE('',#6852,#6853);
#6852 = CARTESIAN_POINT('',(221.5,-151.,97.));
#6853 = VECTOR('',#6854,1.);
#6854 = DIRECTION('',(2.22044604925E-16,1.,0.));
#6855 = ORIENTED_EDGE('',*,*,#6440,.T.);
#6856 = ORIENTED_EDGE('',*,*,#6825,.T.);
#6857 = ORIENTED_EDGE('',*,*,#6858,.F.);
#6858 = EDGE_CURVE('',#6849,#6826,#6859,.T.);
#6859 = LINE('',#6860,#6861);
#6860 = CARTESIAN_POINT('',(221.5,150.,86.));
#6861 = VECTOR('',#6862,1.);
#6862 = DIRECTION('',(0.,0.,1.));
#6863 = PLANE('',#6864);
#6864 = AXIS2_PLACEMENT_3D('',#6865,#6866,#6867);
#6865 = CARTESIAN_POINT('',(221.5,-151.,97.));
#6866 = DIRECTION('',(-1.,2.22044604925E-16,0.));
#6867 = DIRECTION('',(0.,0.,1.));
#6868 = ADVANCED_FACE('',(#6869),#6887,.T.);
#6869 = FACE_BOUND('',#6870,.T.);
#6870 = EDGE_LOOP('',(#6871,#6879,#6880,#6881));
#6871 = ORIENTED_EDGE('',*,*,#6872,.F.);
#6872 = EDGE_CURVE('',#6425,#6873,#6875,.T.);
#6873 = VERTEX_POINT('',#6874);
#6874 = CARTESIAN_POINT('',(208.5,150.,97.));
#6875 = LINE('',#6876,#6877);
#6876 = CARTESIAN_POINT('',(208.5,-151.,97.));
#6877 = VECTOR('',#6878,1.);
#6878 = DIRECTION('',(2.22044604925E-16,1.,0.));
#6879 = ORIENTED_EDGE('',*,*,#6432,.T.);
#6880 = ORIENTED_EDGE('',*,*,#6848,.T.);
#6881 = ORIENTED_EDGE('',*,*,#6882,.F.);
#6882 = EDGE_CURVE('',#6873,#6849,#6883,.T.);
#6883 = LINE('',#6884,#6885);
#6884 = CARTESIAN_POINT('',(225.75,150.,97.));
#6885 = VECTOR('',#6886,1.);
#6886 = DIRECTION('',(1.,-2.22044604925E-16,0.));
#6887 = PLANE('',#6888);
#6888 = AXIS2_PLACEMENT_3D('',#6889,#6890,#6891);
#6889 = CARTESIAN_POINT('',(221.5,-151.,97.));
#6890 = DIRECTION('',(0.,0.,1.));
#6891 = DIRECTION('',(2.22044604925E-16,1.,0.));
#6892 = ADVANCED_FACE('',(#6893),#6911,.F.);
#6893 = FACE_BOUND('',#6894,.F.);
#6894 = EDGE_LOOP('',(#6895,#6896,#6897,#6905));
#6895 = ORIENTED_EDGE('',*,*,#6872,.F.);
#6896 = ORIENTED_EDGE('',*,*,#6424,.T.);
#6897 = ORIENTED_EDGE('',*,*,#6898,.T.);
#6898 = EDGE_CURVE('',#6417,#6899,#6901,.T.);
#6899 = VERTEX_POINT('',#6900);
#6900 = CARTESIAN_POINT('',(208.5,150.,103.));
#6901 = LINE('',#6902,#6903);
#6902 = CARTESIAN_POINT('',(208.5,-151.,103.));
#6903 = VECTOR('',#6904,1.);
#6904 = DIRECTION('',(2.22044604925E-16,1.,0.));
#6905 = ORIENTED_EDGE('',*,*,#6906,.F.);
#6906 = EDGE_CURVE('',#6873,#6899,#6907,.T.);
#6907 = LINE('',#6908,#6909);
#6908 = CARTESIAN_POINT('',(208.5,150.,86.));
#6909 = VECTOR('',#6910,1.);
#6910 = DIRECTION('',(0.,0.,1.));
#6911 = PLANE('',#6912);
#6912 = AXIS2_PLACEMENT_3D('',#6913,#6914,#6915);
#6913 = CARTESIAN_POINT('',(208.5,-151.,97.));
#6914 = DIRECTION('',(-1.,2.22044604925E-16,0.));
#6915 = DIRECTION('',(0.,0.,1.));
#6916 = ADVANCED_FACE('',(#6917),#6935,.F.);
#6917 = FACE_BOUND('',#6918,.F.);
#6918 = EDGE_LOOP('',(#6919,#6920,#6928,#6934));
#6919 = ORIENTED_EDGE('',*,*,#6416,.T.);
#6920 = ORIENTED_EDGE('',*,*,#6921,.T.);
#6921 = EDGE_CURVE('',#6409,#6922,#6924,.T.);
#6922 = VERTEX_POINT('',#6923);
#6923 = CARTESIAN_POINT('',(211.,150.,103.));
#6924 = LINE('',#6925,#6926);
#6925 = CARTESIAN_POINT('',(211.,-151.,103.));
#6926 = VECTOR('',#6927,1.);
#6927 = DIRECTION('',(2.22044604925E-16,1.,0.));
#6928 = ORIENTED_EDGE('',*,*,#6929,.F.);
#6929 = EDGE_CURVE('',#6899,#6922,#6930,.T.);
#6930 = LINE('',#6931,#6932);
#6931 = CARTESIAN_POINT('',(225.75,150.,103.));
#6932 = VECTOR('',#6933,1.);
#6933 = DIRECTION('',(1.,-2.22044604925E-16,0.));
#6934 = ORIENTED_EDGE('',*,*,#6898,.F.);
#6935 = PLANE('',#6936);
#6936 = AXIS2_PLACEMENT_3D('',#6937,#6938,#6939);
#6937 = CARTESIAN_POINT('',(221.5,-151.,103.));
#6938 = DIRECTION('',(0.,0.,1.));
#6939 = DIRECTION('',(2.22044604925E-16,1.,0.));
#6940 = ADVANCED_FACE('',(#6941),#6959,.F.);
#6941 = FACE_BOUND('',#6942,.F.);
#6942 = EDGE_LOOP('',(#6943,#6944,#6945,#6953));
#6943 = ORIENTED_EDGE('',*,*,#6921,.F.);
#6944 = ORIENTED_EDGE('',*,*,#6408,.T.);
#6945 = ORIENTED_EDGE('',*,*,#6946,.F.);
#6946 = EDGE_CURVE('',#6947,#6401,#6949,.T.);
#6947 = VERTEX_POINT('',#6948);
#6948 = CARTESIAN_POINT('',(211.,150.,105.));
#6949 = LINE('',#6950,#6951);
#6950 = CARTESIAN_POINT('',(211.,-150.5,105.));
#6951 = VECTOR('',#6952,1.);
#6952 = DIRECTION('',(-2.22044604925E-16,-1.,0.));
#6953 = ORIENTED_EDGE('',*,*,#6954,.F.);
#6954 = EDGE_CURVE('',#6922,#6947,#6955,.T.);
#6955 = LINE('',#6956,#6957);
#6956 = CARTESIAN_POINT('',(211.,150.,88.5));
#6957 = VECTOR('',#6958,1.);
#6958 = DIRECTION('',(0.,0.,1.));
#6959 = PLANE('',#6960);
#6960 = AXIS2_PLACEMENT_3D('',#6961,#6962,#6963);
#6961 = CARTESIAN_POINT('',(211.,-151.,102.));
#6962 = DIRECTION('',(-1.,2.22044604925E-16,0.));
#6963 = DIRECTION('',(0.,0.,1.));
#6964 = ADVANCED_FACE('',(#6965),#6983,.T.);
#6965 = FACE_BOUND('',#6966,.T.);
#6966 = EDGE_LOOP('',(#6967,#6968,#6969,#6977));
#6967 = ORIENTED_EDGE('',*,*,#6400,.F.);
#6968 = ORIENTED_EDGE('',*,*,#6946,.F.);
#6969 = ORIENTED_EDGE('',*,*,#6970,.T.);
#6970 = EDGE_CURVE('',#6947,#6971,#6973,.T.);
#6971 = VERTEX_POINT('',#6972);
#6972 = CARTESIAN_POINT('',(200.,150.,105.));
#6973 = LINE('',#6974,#6975);
#6974 = CARTESIAN_POINT('',(230.,150.,105.));
#6975 = VECTOR('',#6976,1.);
#6976 = DIRECTION('',(-1.,2.22044604925E-16,0.));
#6977 = ORIENTED_EDGE('',*,*,#6978,.F.);
#6978 = EDGE_CURVE('',#6393,#6971,#6979,.T.);
#6979 = LINE('',#6980,#6981);
#6980 = CARTESIAN_POINT('',(200.,-150.,105.));
#6981 = VECTOR('',#6982,1.);
#6982 = DIRECTION('',(2.22044604925E-16,1.,0.));
#6983 = PLANE('',#6984);
#6984 = AXIS2_PLACEMENT_3D('',#6985,#6986,#6987);
#6985 = CARTESIAN_POINT('',(230.,-150.,105.));
#6986 = DIRECTION('',(0.,0.,1.));
#6987 = DIRECTION('',(2.22044604925E-16,1.,0.));
#6988 = ADVANCED_FACE('',(#6989),#7007,.T.);
#6989 = FACE_BOUND('',#6990,.T.);
#6990 = EDGE_LOOP('',(#6991,#6999,#7005,#7006));
#6991 = ORIENTED_EDGE('',*,*,#6992,.F.);
#6992 = EDGE_CURVE('',#6993,#6971,#6995,.T.);
#6993 = VERTEX_POINT('',#6994);
#6994 = CARTESIAN_POINT('',(200.,150.,94.));
#6995 = LINE('',#6996,#6997);
#6996 = CARTESIAN_POINT('',(200.,150.,75.));
#6997 = VECTOR('',#6998,1.);
#6998 = DIRECTION('',(0.,0.,1.));
#6999 = ORIENTED_EDGE('',*,*,#7000,.T.);
#7000 = EDGE_CURVE('',#6993,#6385,#7001,.T.);
#7001 = LINE('',#7002,#7003);
#7002 = CARTESIAN_POINT('',(200.,-150.5,94.));
#7003 = VECTOR('',#7004,1.);
#7004 = DIRECTION('',(-2.22044604925E-16,-1.,0.));
#7005 = ORIENTED_EDGE('',*,*,#6392,.T.);
#7006 = ORIENTED_EDGE('',*,*,#6978,.T.);
#7007 = PLANE('',#7008);
#7008 = AXIS2_PLACEMENT_3D('',#7009,#7010,#7011);
#7009 = CARTESIAN_POINT('',(200.,-150.,75.));
#7010 = DIRECTION('',(-1.,2.22044604925E-16,0.));
#7011 = DIRECTION('',(0.,0.,1.));
#7012 = ADVANCED_FACE('',(#7013),#7031,.T.);
#7013 = FACE_BOUND('',#7014,.T.);
#7014 = EDGE_LOOP('',(#7015,#7023,#7024,#7025));
#7015 = ORIENTED_EDGE('',*,*,#7016,.F.);
#7016 = EDGE_CURVE('',#6377,#7017,#7019,.T.);
#7017 = VERTEX_POINT('',#7018);
#7018 = CARTESIAN_POINT('',(202.,150.,94.));
#7019 = LINE('',#7020,#7021);
#7020 = CARTESIAN_POINT('',(202.,-151.,94.));
#7021 = VECTOR('',#7022,1.);
#7022 = DIRECTION('',(2.22044604925E-16,1.,0.));
#7023 = ORIENTED_EDGE('',*,*,#6384,.T.);
#7024 = ORIENTED_EDGE('',*,*,#7000,.F.);
#7025 = ORIENTED_EDGE('',*,*,#7026,.F.);
#7026 = EDGE_CURVE('',#7017,#6993,#7027,.T.);
#7027 = LINE('',#7028,#7029);
#7028 = CARTESIAN_POINT('',(216.5,150.,94.));
#7029 = VECTOR('',#7030,1.);
#7030 = DIRECTION('',(-1.,2.22044604925E-16,-2.22044604925E-16));
#7031 = PLANE('',#7032);
#7032 = AXIS2_PLACEMENT_3D('',#7033,#7034,#7035);
#7033 = CARTESIAN_POINT('',(203.,-151.,94.));
#7034 = DIRECTION('',(2.22044604925E-16,-4.930380657631E-32,-1.));
#7035 = DIRECTION('',(-1.,2.22044604925E-16,-2.22044604925E-16));
#7036 = ADVANCED_FACE('',(#7037),#7055,.F.);
#7037 = FACE_BOUND('',#7038,.F.);
#7038 = EDGE_LOOP('',(#7039,#7040,#7048,#7054));
#7039 = ORIENTED_EDGE('',*,*,#6376,.T.);
#7040 = ORIENTED_EDGE('',*,*,#7041,.T.);
#7041 = EDGE_CURVE('',#6369,#7042,#7044,.T.);
#7042 = VERTEX_POINT('',#7043);
#7043 = CARTESIAN_POINT('',(202.,150.,96.5));
#7044 = LINE('',#7045,#7046);
#7045 = CARTESIAN_POINT('',(202.,-151.,96.5));
#7046 = VECTOR('',#7047,1.);
#7047 = DIRECTION('',(2.22044604925E-16,1.,0.));
#7048 = ORIENTED_EDGE('',*,*,#7049,.F.);
#7049 = EDGE_CURVE('',#7017,#7042,#7050,.T.);
#7050 = LINE('',#7051,#7052);
#7051 = CARTESIAN_POINT('',(202.,150.,85.75));
#7052 = VECTOR('',#7053,1.);
#7053 = DIRECTION('',(-2.22044604925E-16,4.930380657631E-32,1.));
#7054 = ORIENTED_EDGE('',*,*,#7016,.F.);
#7055 = PLANE('',#7056);
#7056 = AXIS2_PLACEMENT_3D('',#7057,#7058,#7059);
#7057 = CARTESIAN_POINT('',(202.,-151.,96.5));
#7058 = DIRECTION('',(-1.,2.22044604925E-16,-2.22044604925E-16));
#7059 = DIRECTION('',(2.22044604925E-16,1.,0.));
#7060 = ADVANCED_FACE('',(#7061),#7079,.T.);
#7061 = FACE_BOUND('',#7062,.T.);
#7062 = EDGE_LOOP('',(#7063,#7071,#7072,#7073));
#7063 = ORIENTED_EDGE('',*,*,#7064,.F.);
#7064 = EDGE_CURVE('',#6361,#7065,#7067,.T.);
#7065 = VERTEX_POINT('',#7066);
#7066 = CARTESIAN_POINT('',(208.,150.,96.5));
#7067 = LINE('',#7068,#7069);
#7068 = CARTESIAN_POINT('',(208.,-151.,96.5));
#7069 = VECTOR('',#7070,1.);
#7070 = DIRECTION('',(2.22044604925E-16,1.,0.));
#7071 = ORIENTED_EDGE('',*,*,#6368,.T.);
#7072 = ORIENTED_EDGE('',*,*,#7041,.T.);
#7073 = ORIENTED_EDGE('',*,*,#7074,.F.);
#7074 = EDGE_CURVE('',#7065,#7042,#7075,.T.);
#7075 = LINE('',#7076,#7077);
#7076 = CARTESIAN_POINT('',(219.,150.,96.5));
#7077 = VECTOR('',#7078,1.);
#7078 = DIRECTION('',(-1.,2.22044604925E-16,-2.22044604925E-16));
#7079 = PLANE('',#7080);
#7080 = AXIS2_PLACEMENT_3D('',#7081,#7082,#7083);
#7081 = CARTESIAN_POINT('',(208.,-151.,96.5));
#7082 = DIRECTION('',(2.22044604925E-16,-4.930380657631E-32,-1.));
#7083 = DIRECTION('',(-1.,2.22044604925E-16,-2.22044604925E-16));
#7084 = ADVANCED_FACE('',(#7085),#7103,.T.);
#7085 = FACE_BOUND('',#7086,.T.);
#7086 = EDGE_LOOP('',(#7087,#7095,#7096,#7097));
#7087 = ORIENTED_EDGE('',*,*,#7088,.F.);
#7088 = EDGE_CURVE('',#6353,#7089,#7091,.T.);
#7089 = VERTEX_POINT('',#7090);
#7090 = CARTESIAN_POINT('',(208.,150.,83.5));
#7091 = LINE('',#7092,#7093);
#7092 = CARTESIAN_POINT('',(208.,-151.,83.5));
#7093 = VECTOR('',#7094,1.);
#7094 = DIRECTION('',(2.22044604925E-16,1.,0.));
#7095 = ORIENTED_EDGE('',*,*,#6360,.T.);
#7096 = ORIENTED_EDGE('',*,*,#7064,.T.);
#7097 = ORIENTED_EDGE('',*,*,#7098,.F.);
#7098 = EDGE_CURVE('',#7089,#7065,#7099,.T.);
#7099 = LINE('',#7100,#7101);
#7100 = CARTESIAN_POINT('',(208.,150.,85.75));
#7101 = VECTOR('',#7102,1.);
#7102 = DIRECTION('',(-2.22044604925E-16,4.930380657631E-32,1.));
#7103 = PLANE('',#7104);
#7104 = AXIS2_PLACEMENT_3D('',#7105,#7106,#7107);
#7105 = CARTESIAN_POINT('',(208.,-151.,96.5));
#7106 = DIRECTION('',(-1.,2.22044604925E-16,-2.22044604925E-16));
#7107 = DIRECTION('',(2.22044604925E-16,1.,0.));
#7108 = ADVANCED_FACE('',(#7109),#7127,.F.);
#7109 = FACE_BOUND('',#7110,.F.);
#7110 = EDGE_LOOP('',(#7111,#7112,#7113,#7121));
#7111 = ORIENTED_EDGE('',*,*,#7088,.F.);
#7112 = ORIENTED_EDGE('',*,*,#6352,.T.);
#7113 = ORIENTED_EDGE('',*,*,#7114,.T.);
#7114 = EDGE_CURVE('',#6345,#7115,#7117,.T.);
#7115 = VERTEX_POINT('',#7116);
#7116 = CARTESIAN_POINT('',(202.,150.,83.5));
#7117 = LINE('',#7118,#7119);
#7118 = CARTESIAN_POINT('',(202.,-151.,83.5));
#7119 = VECTOR('',#7120,1.);
#7120 = DIRECTION('',(2.22044604925E-16,1.,0.));
#7121 = ORIENTED_EDGE('',*,*,#7122,.F.);
#7122 = EDGE_CURVE('',#7089,#7115,#7123,.T.);
#7123 = LINE('',#7124,#7125);
#7124 = CARTESIAN_POINT('',(219.,150.,83.5));
#7125 = VECTOR('',#7126,1.);
#7126 = DIRECTION('',(-1.,2.22044604925E-16,-2.22044604925E-16));
#7127 = PLANE('',#7128);
#7128 = AXIS2_PLACEMENT_3D('',#7129,#7130,#7131);
#7129 = CARTESIAN_POINT('',(208.,-151.,83.5));
#7130 = DIRECTION('',(2.22044604925E-16,-4.930380657631E-32,-1.));
#7131 = DIRECTION('',(-1.,2.22044604925E-16,-2.22044604925E-16));
#7132 = ADVANCED_FACE('',(#7133),#7151,.F.);
#7133 = FACE_BOUND('',#7134,.F.);
#7134 = EDGE_LOOP('',(#7135,#7136,#7144,#7150));
#7135 = ORIENTED_EDGE('',*,*,#6344,.T.);
#7136 = ORIENTED_EDGE('',*,*,#7137,.T.);
#7137 = EDGE_CURVE('',#6337,#7138,#7140,.T.);
#7138 = VERTEX_POINT('',#7139);
#7139 = CARTESIAN_POINT('',(202.,150.,86.));
#7140 = LINE('',#7141,#7142);
#7141 = CARTESIAN_POINT('',(202.,-151.,86.));
#7142 = VECTOR('',#7143,1.);
#7143 = DIRECTION('',(2.22044604925E-16,1.,0.));
#7144 = ORIENTED_EDGE('',*,*,#7145,.F.);
#7145 = EDGE_CURVE('',#7115,#7138,#7146,.T.);
#7146 = LINE('',#7147,#7148);
#7147 = CARTESIAN_POINT('',(202.,150.,85.75));
#7148 = VECTOR('',#7149,1.);
#7149 = DIRECTION('',(-2.22044604925E-16,4.930380657631E-32,1.));
#7150 = ORIENTED_EDGE('',*,*,#7114,.F.);
#7151 = PLANE('',#7152);
#7152 = AXIS2_PLACEMENT_3D('',#7153,#7154,#7155);
#7153 = CARTESIAN_POINT('',(202.,-151.,96.5));
#7154 = DIRECTION('',(-1.,2.22044604925E-16,-2.22044604925E-16));
#7155 = DIRECTION('',(2.22044604925E-16,1.,0.));
#7156 = ADVANCED_FACE('',(#7157),#7175,.F.);
#7157 = FACE_BOUND('',#7158,.F.);
#7158 = EDGE_LOOP('',(#7159,#7160,#7161,#7169));
#7159 = ORIENTED_EDGE('',*,*,#7137,.F.);
#7160 = ORIENTED_EDGE('',*,*,#6336,.T.);
#7161 = ORIENTED_EDGE('',*,*,#7162,.F.);
#7162 = EDGE_CURVE('',#7163,#6329,#7165,.T.);
#7163 = VERTEX_POINT('',#7164);
#7164 = CARTESIAN_POINT('',(200.,150.,86.));
#7165 = LINE('',#7166,#7167);
#7166 = CARTESIAN_POINT('',(200.,-150.5,86.));
#7167 = VECTOR('',#7168,1.);
#7168 = DIRECTION('',(-2.22044604925E-16,-1.,0.));
#7169 = ORIENTED_EDGE('',*,*,#7170,.F.);
#7170 = EDGE_CURVE('',#7138,#7163,#7171,.T.);
#7171 = LINE('',#7172,#7173);
#7172 = CARTESIAN_POINT('',(216.5,150.,86.));
#7173 = VECTOR('',#7174,1.);
#7174 = DIRECTION('',(-1.,2.22044604925E-16,-2.22044604925E-16));
#7175 = PLANE('',#7176);
#7176 = AXIS2_PLACEMENT_3D('',#7177,#7178,#7179);
#7177 = CARTESIAN_POINT('',(203.,-151.,86.));
#7178 = DIRECTION('',(2.22044604925E-16,-4.930380657631E-32,-1.));
#7179 = DIRECTION('',(-1.,2.22044604925E-16,-2.22044604925E-16));
#7180 = ADVANCED_FACE('',(#7181),#7199,.T.);
#7181 = FACE_BOUND('',#7182,.T.);
#7182 = EDGE_LOOP('',(#7183,#7191,#7197,#7198));
#7183 = ORIENTED_EDGE('',*,*,#7184,.F.);
#7184 = EDGE_CURVE('',#7185,#7163,#7187,.T.);
#7185 = VERTEX_POINT('',#7186);
#7186 = CARTESIAN_POINT('',(200.,150.,75.));
#7187 = LINE('',#7188,#7189);
#7188 = CARTESIAN_POINT('',(200.,150.,75.));
#7189 = VECTOR('',#7190,1.);
#7190 = DIRECTION('',(0.,0.,1.));
#7191 = ORIENTED_EDGE('',*,*,#7192,.F.);
#7192 = EDGE_CURVE('',#6321,#7185,#7193,.T.);
#7193 = LINE('',#7194,#7195);
#7194 = CARTESIAN_POINT('',(200.,-150.,75.));
#7195 = VECTOR('',#7196,1.);
#7196 = DIRECTION('',(2.22044604925E-16,1.,0.));
#7197 = ORIENTED_EDGE('',*,*,#6328,.T.);
#7198 = ORIENTED_EDGE('',*,*,#7162,.F.);
#7199 = PLANE('',#7200);
#7200 = AXIS2_PLACEMENT_3D('',#7201,#7202,#7203);
#7201 = CARTESIAN_POINT('',(200.,-150.,75.));
#7202 = DIRECTION('',(-1.,2.22044604925E-16,0.));
#7203 = DIRECTION('',(0.,0.,1.));
#7204 = ADVANCED_FACE('',(#7205),#7223,.F.);
#7205 = FACE_BOUND('',#7206,.F.);
#7206 = EDGE_LOOP('',(#7207,#7208,#7216,#7222));
#7207 = ORIENTED_EDGE('',*,*,#6320,.F.);
#7208 = ORIENTED_EDGE('',*,*,#7209,.T.);
#7209 = EDGE_CURVE('',#6313,#7210,#7212,.T.);
#7210 = VERTEX_POINT('',#7211);
#7211 = CARTESIAN_POINT('',(211.,150.,75.));
#7212 = LINE('',#7213,#7214);
#7213 = CARTESIAN_POINT('',(211.,-150.5,75.));
#7214 = VECTOR('',#7215,1.);
#7215 = DIRECTION('',(2.22044604925E-16,1.,0.));
#7216 = ORIENTED_EDGE('',*,*,#7217,.T.);
#7217 = EDGE_CURVE('',#7210,#7185,#7218,.T.);
#7218 = LINE('',#7219,#7220);
#7219 = CARTESIAN_POINT('',(230.,150.,75.));
#7220 = VECTOR('',#7221,1.);
#7221 = DIRECTION('',(-1.,2.22044604925E-16,0.));
#7222 = ORIENTED_EDGE('',*,*,#7192,.F.);
#7223 = PLANE('',#7224);
#7224 = AXIS2_PLACEMENT_3D('',#7225,#7226,#7227);
#7225 = CARTESIAN_POINT('',(230.,-150.,75.));
#7226 = DIRECTION('',(0.,0.,1.));
#7227 = DIRECTION('',(2.22044604925E-16,1.,0.));
#7228 = ADVANCED_FACE('',(#7229),#7247,.T.);
#7229 = FACE_BOUND('',#7230,.T.);
#7230 = EDGE_LOOP('',(#7231,#7239,#7240,#7241));
#7231 = ORIENTED_EDGE('',*,*,#7232,.F.);
#7232 = EDGE_CURVE('',#6305,#7233,#7235,.T.);
#7233 = VERTEX_POINT('',#7234);
#7234 = CARTESIAN_POINT('',(211.,150.,77.));
#7235 = LINE('',#7236,#7237);
#7236 = CARTESIAN_POINT('',(211.,-151.,77.));
#7237 = VECTOR('',#7238,1.);
#7238 = DIRECTION('',(2.22044604925E-16,1.,0.));
#7239 = ORIENTED_EDGE('',*,*,#6312,.T.);
#7240 = ORIENTED_EDGE('',*,*,#7209,.T.);
#7241 = ORIENTED_EDGE('',*,*,#7242,.F.);
#7242 = EDGE_CURVE('',#7233,#7210,#7243,.T.);
#7243 = LINE('',#7244,#7245);
#7244 = CARTESIAN_POINT('',(211.,150.,76.5));
#7245 = VECTOR('',#7246,1.);
#7246 = DIRECTION('',(1.224646799147E-16,-2.719262146894E-32,-1.));
#7247 = PLANE('',#7248);
#7248 = AXIS2_PLACEMENT_3D('',#7249,#7250,#7251);
#7249 = CARTESIAN_POINT('',(211.,-151.,78.));
#7250 = DIRECTION('',(1.,-2.22044604925E-16,1.224646799147E-16));
#7251 = DIRECTION('',(1.224646799147E-16,-2.719262146894E-32,-1.));
#7252 = ADVANCED_FACE('',(#7253),#7271,.F.);
#7253 = FACE_BOUND('',#7254,.F.);
#7254 = EDGE_LOOP('',(#7255,#7256,#7264,#7270));
#7255 = ORIENTED_EDGE('',*,*,#6304,.T.);
#7256 = ORIENTED_EDGE('',*,*,#7257,.T.);
#7257 = EDGE_CURVE('',#6297,#7258,#7260,.T.);
#7258 = VERTEX_POINT('',#7259);
#7259 = CARTESIAN_POINT('',(208.5,150.,77.));
#7260 = LINE('',#7261,#7262);
#7261 = CARTESIAN_POINT('',(208.5,-151.,77.));
#7262 = VECTOR('',#7263,1.);
#7263 = DIRECTION('',(2.22044604925E-16,1.,0.));
#7264 = ORIENTED_EDGE('',*,*,#7265,.F.);
#7265 = EDGE_CURVE('',#7233,#7258,#7266,.T.);
#7266 = LINE('',#7267,#7268);
#7267 = CARTESIAN_POINT('',(219.25,150.,77.));
#7268 = VECTOR('',#7269,1.);
#7269 = DIRECTION('',(-1.,2.22044604925E-16,-1.224646799147E-16));
#7270 = ORIENTED_EDGE('',*,*,#7232,.F.);
#7271 = PLANE('',#7272);
#7272 = AXIS2_PLACEMENT_3D('',#7273,#7274,#7275);
#7273 = CARTESIAN_POINT('',(208.5,-151.,77.));
#7274 = DIRECTION('',(1.224646799147E-16,-2.719262146894E-32,-1.));
#7275 = DIRECTION('',(2.22044604925E-16,1.,0.));
#7276 = ADVANCED_FACE('',(#7277),#7295,.T.);
#7277 = FACE_BOUND('',#7278,.T.);
#7278 = EDGE_LOOP('',(#7279,#7287,#7288,#7289));
#7279 = ORIENTED_EDGE('',*,*,#7280,.F.);
#7280 = EDGE_CURVE('',#6289,#7281,#7283,.T.);
#7281 = VERTEX_POINT('',#7282);
#7282 = CARTESIAN_POINT('',(208.5,150.,83.));
#7283 = LINE('',#7284,#7285);
#7284 = CARTESIAN_POINT('',(208.5,-151.,83.));
#7285 = VECTOR('',#7286,1.);
#7286 = DIRECTION('',(2.22044604925E-16,1.,0.));
#7287 = ORIENTED_EDGE('',*,*,#6296,.T.);
#7288 = ORIENTED_EDGE('',*,*,#7257,.T.);
#7289 = ORIENTED_EDGE('',*,*,#7290,.F.);
#7290 = EDGE_CURVE('',#7281,#7258,#7291,.T.);
#7291 = LINE('',#7292,#7293);
#7292 = CARTESIAN_POINT('',(208.5,150.,79.));
#7293 = VECTOR('',#7294,1.);
#7294 = DIRECTION('',(1.224646799147E-16,-2.719262146894E-32,-1.));
#7295 = PLANE('',#7296);
#7296 = AXIS2_PLACEMENT_3D('',#7297,#7298,#7299);
#7297 = CARTESIAN_POINT('',(208.5,-151.,83.));
#7298 = DIRECTION('',(1.,-2.22044604925E-16,1.224646799147E-16));
#7299 = DIRECTION('',(1.224646799147E-16,-2.719262146894E-32,-1.));
#7300 = ADVANCED_FACE('',(#7301),#7319,.T.);
#7301 = FACE_BOUND('',#7302,.T.);
#7302 = EDGE_LOOP('',(#7303,#7311,#7312,#7313));
#7303 = ORIENTED_EDGE('',*,*,#7304,.F.);
#7304 = EDGE_CURVE('',#6281,#7305,#7307,.T.);
#7305 = VERTEX_POINT('',#7306);
#7306 = CARTESIAN_POINT('',(221.5,150.,83.));
#7307 = LINE('',#7308,#7309);
#7308 = CARTESIAN_POINT('',(221.5,-151.,83.));
#7309 = VECTOR('',#7310,1.);
#7310 = DIRECTION('',(2.22044604925E-16,1.,0.));
#7311 = ORIENTED_EDGE('',*,*,#6288,.T.);
#7312 = ORIENTED_EDGE('',*,*,#7280,.T.);
#7313 = ORIENTED_EDGE('',*,*,#7314,.F.);
#7314 = EDGE_CURVE('',#7305,#7281,#7315,.T.);
#7315 = LINE('',#7316,#7317);
#7316 = CARTESIAN_POINT('',(219.25,150.,83.));
#7317 = VECTOR('',#7318,1.);
#7318 = DIRECTION('',(-1.,2.22044604925E-16,-1.224646799147E-16));
#7319 = PLANE('',#7320);
#7320 = AXIS2_PLACEMENT_3D('',#7321,#7322,#7323);
#7321 = CARTESIAN_POINT('',(208.5,-151.,83.));
#7322 = DIRECTION('',(1.224646799147E-16,-2.719262146894E-32,-1.));
#7323 = DIRECTION('',(2.22044604925E-16,1.,0.));
#7324 = ADVANCED_FACE('',(#7325),#7343,.F.);
#7325 = FACE_BOUND('',#7326,.F.);
#7326 = EDGE_LOOP('',(#7327,#7328,#7329,#7337));
#7327 = ORIENTED_EDGE('',*,*,#7304,.F.);
#7328 = ORIENTED_EDGE('',*,*,#6280,.T.);
#7329 = ORIENTED_EDGE('',*,*,#7330,.T.);
#7330 = EDGE_CURVE('',#6273,#7331,#7333,.T.);
#7331 = VERTEX_POINT('',#7332);
#7332 = CARTESIAN_POINT('',(221.5,150.,77.));
#7333 = LINE('',#7334,#7335);
#7334 = CARTESIAN_POINT('',(221.5,-151.,77.));
#7335 = VECTOR('',#7336,1.);
#7336 = DIRECTION('',(2.22044604925E-16,1.,0.));
#7337 = ORIENTED_EDGE('',*,*,#7338,.F.);
#7338 = EDGE_CURVE('',#7305,#7331,#7339,.T.);
#7339 = LINE('',#7340,#7341);
#7340 = CARTESIAN_POINT('',(221.5,150.,79.));
#7341 = VECTOR('',#7342,1.);
#7342 = DIRECTION('',(1.224646799147E-16,-2.719262146894E-32,-1.));
#7343 = PLANE('',#7344);
#7344 = AXIS2_PLACEMENT_3D('',#7345,#7346,#7347);
#7345 = CARTESIAN_POINT('',(221.5,-151.,83.));
#7346 = DIRECTION('',(1.,-2.22044604925E-16,1.224646799147E-16));
#7347 = DIRECTION('',(1.224646799147E-16,-2.719262146894E-32,-1.));
#7348 = ADVANCED_FACE('',(#7349),#7367,.F.);
#7349 = FACE_BOUND('',#7350,.F.);
#7350 = EDGE_LOOP('',(#7351,#7352,#7360,#7366));
#7351 = ORIENTED_EDGE('',*,*,#6272,.T.);
#7352 = ORIENTED_EDGE('',*,*,#7353,.T.);
#7353 = EDGE_CURVE('',#6265,#7354,#7356,.T.);
#7354 = VERTEX_POINT('',#7355);
#7355 = CARTESIAN_POINT('',(219.,150.,77.));
#7356 = LINE('',#7357,#7358);
#7357 = CARTESIAN_POINT('',(219.,-151.,77.));
#7358 = VECTOR('',#7359,1.);
#7359 = DIRECTION('',(2.22044604925E-16,1.,0.));
#7360 = ORIENTED_EDGE('',*,*,#7361,.F.);
#7361 = EDGE_CURVE('',#7331,#7354,#7362,.T.);
#7362 = LINE('',#7363,#7364);
#7363 = CARTESIAN_POINT('',(219.25,150.,77.));
#7364 = VECTOR('',#7365,1.);
#7365 = DIRECTION('',(-1.,2.22044604925E-16,-1.224646799147E-16));
#7366 = ORIENTED_EDGE('',*,*,#7330,.F.);
#7367 = PLANE('',#7368);
#7368 = AXIS2_PLACEMENT_3D('',#7369,#7370,#7371);
#7369 = CARTESIAN_POINT('',(208.5,-151.,77.));
#7370 = DIRECTION('',(1.224646799147E-16,-2.719262146894E-32,-1.));
#7371 = DIRECTION('',(2.22044604925E-16,1.,0.));
#7372 = ADVANCED_FACE('',(#7373),#7391,.F.);
#7373 = FACE_BOUND('',#7374,.F.);
#7374 = EDGE_LOOP('',(#7375,#7376,#7377,#7385));
#7375 = ORIENTED_EDGE('',*,*,#7353,.F.);
#7376 = ORIENTED_EDGE('',*,*,#6264,.T.);
#7377 = ORIENTED_EDGE('',*,*,#7378,.T.);
#7378 = EDGE_CURVE('',#6257,#7379,#7381,.T.);
#7379 = VERTEX_POINT('',#7380);
#7380 = CARTESIAN_POINT('',(219.,150.,75.));
#7381 = LINE('',#7382,#7383);
#7382 = CARTESIAN_POINT('',(219.,-150.5,75.));
#7383 = VECTOR('',#7384,1.);
#7384 = DIRECTION('',(2.22044604925E-16,1.,0.));
#7385 = ORIENTED_EDGE('',*,*,#7386,.F.);
#7386 = EDGE_CURVE('',#7354,#7379,#7387,.T.);
#7387 = LINE('',#7388,#7389);
#7388 = CARTESIAN_POINT('',(219.,150.,76.5));
#7389 = VECTOR('',#7390,1.);
#7390 = DIRECTION('',(1.224646799147E-16,-2.719262146894E-32,-1.));
#7391 = PLANE('',#7392);
#7392 = AXIS2_PLACEMENT_3D('',#7393,#7394,#7395);
#7393 = CARTESIAN_POINT('',(219.,-151.,78.));
#7394 = DIRECTION('',(1.,-2.22044604925E-16,1.224646799147E-16));
#7395 = DIRECTION('',(1.224646799147E-16,-2.719262146894E-32,-1.));
#7396 = ADVANCED_FACE('',(#7397),#7408,.F.);
#7397 = FACE_BOUND('',#7398,.F.);
#7398 = EDGE_LOOP('',(#7399,#7400,#7401,#7407));
#7399 = ORIENTED_EDGE('',*,*,#6256,.F.);
#7400 = ORIENTED_EDGE('',*,*,#6563,.T.);
#7401 = ORIENTED_EDGE('',*,*,#7402,.T.);
#7402 = EDGE_CURVE('',#6554,#7379,#7403,.T.);
#7403 = LINE('',#7404,#7405);
#7404 = CARTESIAN_POINT('',(230.,150.,75.));
#7405 = VECTOR('',#7406,1.);
#7406 = DIRECTION('',(-1.,2.22044604925E-16,0.));
#7407 = ORIENTED_EDGE('',*,*,#7378,.F.);
#7408 = PLANE('',#7409);
#7409 = AXIS2_PLACEMENT_3D('',#7410,#7411,#7412);
#7410 = CARTESIAN_POINT('',(230.,-150.,75.));
#7411 = DIRECTION('',(0.,0.,1.));
#7412 = DIRECTION('',(2.22044604925E-16,1.,0.));
#7413 = ADVANCED_FACE('',(#7414),#7433,.F.);
#7414 = FACE_BOUND('',#7415,.F.);
#7415 = EDGE_LOOP('',(#7416,#7425,#7431,#7432));
#7416 = ORIENTED_EDGE('',*,*,#7417,.F.);
#7417 = EDGE_CURVE('',#7418,#7418,#7420,.T.);
#7418 = VERTEX_POINT('',#7419);
#7419 = CARTESIAN_POINT('',(215.,150.,93.4));
#7420 = CIRCLE('',#7421,3.4);
#7421 = AXIS2_PLACEMENT_3D('',#7422,#7423,#7424);
#7422 = CARTESIAN_POINT('',(215.,150.,90.));
#7423 = DIRECTION('',(2.22044604925E-16,1.,-0.));
#7424 = DIRECTION('',(0.,0.,1.));
#7425 = ORIENTED_EDGE('',*,*,#7426,.F.);
#7426 = EDGE_CURVE('',#6537,#7418,#7427,.T.);
#7427 = LINE('',#7428,#7429);
#7428 = CARTESIAN_POINT('',(215.,-151.,93.4));
#7429 = VECTOR('',#7430,1.);
#7430 = DIRECTION('',(2.22044604925E-16,1.,0.));
#7431 = ORIENTED_EDGE('',*,*,#6536,.T.);
#7432 = ORIENTED_EDGE('',*,*,#7426,.T.);
#7433 = CYLINDRICAL_SURFACE('',#7434,3.4);
#7434 = AXIS2_PLACEMENT_3D('',#7435,#7436,#7437);
#7435 = CARTESIAN_POINT('',(215.,-151.,90.));
#7436 = DIRECTION('',(2.22044604925E-16,1.,0.));
#7437 = DIRECTION('',(0.,0.,1.));
#7438 = ADVANCED_FACE('',(#7439,#7477),#7480,.T.);
#7439 = FACE_BOUND('',#7440,.T.);
#7440 = EDGE_LOOP('',(#7441,#7442,#7443,#7444,#7445,#7446,#7447,#7448,
    #7449,#7450,#7451,#7452,#7453,#7454,#7455,#7456,#7457,#7458,#7459,
    #7460,#7461,#7462,#7463,#7464,#7465,#7466,#7467,#7468,#7469,#7470,
    #7471,#7472,#7473,#7474,#7475,#7476));
#7441 = ORIENTED_EDGE('',*,*,#6553,.F.);
#7442 = ORIENTED_EDGE('',*,*,#7402,.T.);
#7443 = ORIENTED_EDGE('',*,*,#7386,.F.);
#7444 = ORIENTED_EDGE('',*,*,#7361,.F.);
#7445 = ORIENTED_EDGE('',*,*,#7338,.F.);
#7446 = ORIENTED_EDGE('',*,*,#7314,.T.);
#7447 = ORIENTED_EDGE('',*,*,#7290,.T.);
#7448 = ORIENTED_EDGE('',*,*,#7265,.F.);
#7449 = ORIENTED_EDGE('',*,*,#7242,.T.);
#7450 = ORIENTED_EDGE('',*,*,#7217,.T.);
#7451 = ORIENTED_EDGE('',*,*,#7184,.T.);
#7452 = ORIENTED_EDGE('',*,*,#7170,.F.);
#7453 = ORIENTED_EDGE('',*,*,#7145,.F.);
#7454 = ORIENTED_EDGE('',*,*,#7122,.F.);
#7455 = ORIENTED_EDGE('',*,*,#7098,.T.);
#7456 = ORIENTED_EDGE('',*,*,#7074,.T.);
#7457 = ORIENTED_EDGE('',*,*,#7049,.F.);
#7458 = ORIENTED_EDGE('',*,*,#7026,.T.);
#7459 = ORIENTED_EDGE('',*,*,#6992,.T.);
#7460 = ORIENTED_EDGE('',*,*,#6970,.F.);
#7461 = ORIENTED_EDGE('',*,*,#6954,.F.);
#7462 = ORIENTED_EDGE('',*,*,#6929,.F.);
#7463 = ORIENTED_EDGE('',*,*,#6906,.F.);
#7464 = ORIENTED_EDGE('',*,*,#6882,.T.);
#7465 = ORIENTED_EDGE('',*,*,#6858,.T.);
#7466 = ORIENTED_EDGE('',*,*,#6833,.F.);
#7467 = ORIENTED_EDGE('',*,*,#6810,.T.);
#7468 = ORIENTED_EDGE('',*,*,#6778,.F.);
#7469 = ORIENTED_EDGE('',*,*,#6752,.F.);
#7470 = ORIENTED_EDGE('',*,*,#6738,.F.);
#7471 = ORIENTED_EDGE('',*,*,#6713,.F.);
#7472 = ORIENTED_EDGE('',*,*,#6690,.F.);
#7473 = ORIENTED_EDGE('',*,*,#6666,.T.);
#7474 = ORIENTED_EDGE('',*,*,#6642,.T.);
#7475 = ORIENTED_EDGE('',*,*,#6617,.F.);
#7476 = ORIENTED_EDGE('',*,*,#6594,.T.);
#7477 = FACE_BOUND('',#7478,.T.);
#7478 = EDGE_LOOP('',(#7479));
#7479 = ORIENTED_EDGE('',*,*,#7417,.F.);
#7480 = PLANE('',#7481);
#7481 = AXIS2_PLACEMENT_3D('',#7482,#7483,#7484);
#7482 = CARTESIAN_POINT('',(230.,150.,75.));
#7483 = DIRECTION('',(2.22044604925E-16,1.,0.));
#7484 = DIRECTION('',(0.,0.,1.));
#7485 = MANIFOLD_SOLID_BREP('',#7486);
#7486 = CLOSED_SHELL('',(#7487,#7527,#7641,#7665,#7772,#7789,#7801,#7823
    ,#7840,#7857,#7869,#7886,#7908,#7925,#7942));
#7487 = ADVANCED_FACE('',(#7488),#7522,.F.);
#7488 = FACE_BOUND('',#7489,.F.);
#7489 = EDGE_LOOP('',(#7490,#7500,#7508,#7516));
#7490 = ORIENTED_EDGE('',*,*,#7491,.F.);
#7491 = EDGE_CURVE('',#7492,#7494,#7496,.T.);
#7492 = VERTEX_POINT('',#7493);
#7493 = CARTESIAN_POINT('',(34.,105.,25.));
#7494 = VERTEX_POINT('',#7495);
#7495 = CARTESIAN_POINT('',(34.,105.,105.));
#7496 = LINE('',#7497,#7498);
#7497 = CARTESIAN_POINT('',(34.,105.,25.));
#7498 = VECTOR('',#7499,1.);
#7499 = DIRECTION('',(0.,0.,1.));
#7500 = ORIENTED_EDGE('',*,*,#7501,.T.);
#7501 = EDGE_CURVE('',#7492,#7502,#7504,.T.);
#7502 = VERTEX_POINT('',#7503);
#7503 = CARTESIAN_POINT('',(34.,109.,25.));
#7504 = LINE('',#7505,#7506);
#7505 = CARTESIAN_POINT('',(34.,105.,25.));
#7506 = VECTOR('',#7507,1.);
#7507 = DIRECTION('',(0.,1.,0.));
#7508 = ORIENTED_EDGE('',*,*,#7509,.T.);
#7509 = EDGE_CURVE('',#7502,#7510,#7512,.T.);
#7510 = VERTEX_POINT('',#7511);
#7511 = CARTESIAN_POINT('',(34.,109.,105.));
#7512 = LINE('',#7513,#7514);
#7513 = CARTESIAN_POINT('',(34.,109.,25.));
#7514 = VECTOR('',#7515,1.);
#7515 = DIRECTION('',(0.,0.,1.));
#7516 = ORIENTED_EDGE('',*,*,#7517,.F.);
#7517 = EDGE_CURVE('',#7494,#7510,#7518,.T.);
#7518 = LINE('',#7519,#7520);
#7519 = CARTESIAN_POINT('',(34.,105.,105.));
#7520 = VECTOR('',#7521,1.);
#7521 = DIRECTION('',(0.,1.,0.));
#7522 = PLANE('',#7523);
#7523 = AXIS2_PLACEMENT_3D('',#7524,#7525,#7526);
#7524 = CARTESIAN_POINT('',(34.,105.,25.));
#7525 = DIRECTION('',(1.,0.,0.));
#7526 = DIRECTION('',(0.,0.,1.));
#7527 = ADVANCED_FACE('',(#7528,#7553,#7589,#7600),#7636,.F.);
#7528 = FACE_BOUND('',#7529,.F.);
#7529 = EDGE_LOOP('',(#7530,#7538,#7539,#7547));
#7530 = ORIENTED_EDGE('',*,*,#7531,.F.);
#7531 = EDGE_CURVE('',#7492,#7532,#7534,.T.);
#7532 = VERTEX_POINT('',#7533);
#7533 = CARTESIAN_POINT('',(146.,105.,25.));
#7534 = LINE('',#7535,#7536);
#7535 = CARTESIAN_POINT('',(34.,105.,25.));
#7536 = VECTOR('',#7537,1.);
#7537 = DIRECTION('',(1.,0.,0.));
#7538 = ORIENTED_EDGE('',*,*,#7491,.T.);
#7539 = ORIENTED_EDGE('',*,*,#7540,.T.);
#7540 = EDGE_CURVE('',#7494,#7541,#7543,.T.);
#7541 = VERTEX_POINT('',#7542);
#7542 = CARTESIAN_POINT('',(146.,105.,105.));
#7543 = LINE('',#7544,#7545);
#7544 = CARTESIAN_POINT('',(34.,105.,105.));
#7545 = VECTOR('',#7546,1.);
#7546 = DIRECTION('',(1.,0.,0.));
#7547 = ORIENTED_EDGE('',*,*,#7548,.F.);
#7548 = EDGE_CURVE('',#7532,#7541,#7549,.T.);
#7549 = LINE('',#7550,#7551);
#7550 = CARTESIAN_POINT('',(146.,105.,25.));
#7551 = VECTOR('',#7552,1.);
#7552 = DIRECTION('',(0.,0.,1.));
#7553 = FACE_BOUND('',#7554,.F.);
#7554 = EDGE_LOOP('',(#7555,#7566,#7574,#7583));
#7555 = ORIENTED_EDGE('',*,*,#7556,.F.);
#7556 = EDGE_CURVE('',#7557,#7559,#7561,.T.);
#7557 = VERTEX_POINT('',#7558);
#7558 = CARTESIAN_POINT('',(72.5,105.,52.25));
#7559 = VERTEX_POINT('',#7560);
#7560 = CARTESIAN_POINT('',(72.5,105.,47.75));
#7561 = CIRCLE('',#7562,2.25);
#7562 = AXIS2_PLACEMENT_3D('',#7563,#7564,#7565);
#7563 = CARTESIAN_POINT('',(72.5,105.,50.));
#7564 = DIRECTION('',(0.,1.,0.));
#7565 = DIRECTION('',(0.,0.,1.));
#7566 = ORIENTED_EDGE('',*,*,#7567,.F.);
#7567 = EDGE_CURVE('',#7568,#7557,#7570,.T.);
#7568 = VERTEX_POINT('',#7569);
#7569 = CARTESIAN_POINT('',(70.5,105.,52.25));
#7570 = LINE('',#7571,#7572);
#7571 = CARTESIAN_POINT('',(52.25,105.,52.25));
#7572 = VECTOR('',#7573,1.);
#7573 = DIRECTION('',(1.,0.,0.));
#7574 = ORIENTED_EDGE('',*,*,#7575,.F.);
#7575 = EDGE_CURVE('',#7576,#7568,#7578,.T.);
#7576 = VERTEX_POINT('',#7577);
#7577 = CARTESIAN_POINT('',(70.5,105.,47.75));
#7578 = CIRCLE('',#7579,2.25);
#7579 = AXIS2_PLACEMENT_3D('',#7580,#7581,#7582);
#7580 = CARTESIAN_POINT('',(70.5,105.,50.));
#7581 = DIRECTION('',(0.,1.,0.));
#7582 = DIRECTION('',(0.,0.,1.));
#7583 = ORIENTED_EDGE('',*,*,#7584,.T.);
#7584 = EDGE_CURVE('',#7576,#7559,#7585,.T.);
#7585 = LINE('',#7586,#7587);
#7586 = CARTESIAN_POINT('',(52.25,105.,47.75));
#7587 = VECTOR('',#7588,1.);
#7588 = DIRECTION('',(1.,0.,0.));
#7589 = FACE_BOUND('',#7590,.F.);
#7590 = EDGE_LOOP('',(#7591));
#7591 = ORIENTED_EDGE('',*,*,#7592,.F.);
#7592 = EDGE_CURVE('',#7593,#7593,#7595,.T.);
#7593 = VERTEX_POINT('',#7594);
#7594 = CARTESIAN_POINT('',(90.,105.,57.));
#7595 = CIRCLE('',#7596,7.);
#7596 = AXIS2_PLACEMENT_3D('',#7597,#7598,#7599);
#7597 = CARTESIAN_POINT('',(90.,105.,50.));
#7598 = DIRECTION('',(0.,1.,0.));
#7599 = DIRECTION('',(0.,0.,1.));
#7600 = FACE_BOUND('',#7601,.F.);
#7601 = EDGE_LOOP('',(#7602,#7613,#7621,#7630));
#7602 = ORIENTED_EDGE('',*,*,#7603,.F.);
#7603 = EDGE_CURVE('',#7604,#7606,#7608,.T.);
#7604 = VERTEX_POINT('',#7605);
#7605 = CARTESIAN_POINT('',(109.5,105.,52.25));
#7606 = VERTEX_POINT('',#7607);
#7607 = CARTESIAN_POINT('',(109.5,105.,47.75));
#7608 = CIRCLE('',#7609,2.25);
#7609 = AXIS2_PLACEMENT_3D('',#7610,#7611,#7612);
#7610 = CARTESIAN_POINT('',(109.5,105.,50.));
#7611 = DIRECTION('',(0.,1.,0.));
#7612 = DIRECTION('',(0.,0.,1.));
#7613 = ORIENTED_EDGE('',*,*,#7614,.F.);
#7614 = EDGE_CURVE('',#7615,#7604,#7617,.T.);
#7615 = VERTEX_POINT('',#7616);
#7616 = CARTESIAN_POINT('',(107.5,105.,52.25));
#7617 = LINE('',#7618,#7619);
#7618 = CARTESIAN_POINT('',(70.75,105.,52.25));
#7619 = VECTOR('',#7620,1.);
#7620 = DIRECTION('',(1.,0.,0.));
#7621 = ORIENTED_EDGE('',*,*,#7622,.F.);
#7622 = EDGE_CURVE('',#7623,#7615,#7625,.T.);
#7623 = VERTEX_POINT('',#7624);
#7624 = CARTESIAN_POINT('',(107.5,105.,47.75));
#7625 = CIRCLE('',#7626,2.25);
#7626 = AXIS2_PLACEMENT_3D('',#7627,#7628,#7629);
#7627 = CARTESIAN_POINT('',(107.5,105.,50.));
#7628 = DIRECTION('',(0.,1.,0.));
#7629 = DIRECTION('',(0.,0.,1.));
#7630 = ORIENTED_EDGE('',*,*,#7631,.T.);
#7631 = EDGE_CURVE('',#7623,#7606,#7632,.T.);
#7632 = LINE('',#7633,#7634);
#7633 = CARTESIAN_POINT('',(70.75,105.,47.75));
#7634 = VECTOR('',#7635,1.);
#7635 = DIRECTION('',(1.,0.,0.));
#7636 = PLANE('',#7637);
#7637 = AXIS2_PLACEMENT_3D('',#7638,#7639,#7640);
#7638 = CARTESIAN_POINT('',(34.,105.,25.));
#7639 = DIRECTION('',(0.,1.,0.));
#7640 = DIRECTION('',(0.,0.,1.));
#7641 = ADVANCED_FACE('',(#7642),#7660,.T.);
#7642 = FACE_BOUND('',#7643,.T.);
#7643 = EDGE_LOOP('',(#7644,#7645,#7646,#7654));
#7644 = ORIENTED_EDGE('',*,*,#7517,.F.);
#7645 = ORIENTED_EDGE('',*,*,#7540,.T.);
#7646 = ORIENTED_EDGE('',*,*,#7647,.T.);
#7647 = EDGE_CURVE('',#7541,#7648,#7650,.T.);
#7648 = VERTEX_POINT('',#7649);
#7649 = CARTESIAN_POINT('',(146.,109.,105.));
#7650 = LINE('',#7651,#7652);
#7651 = CARTESIAN_POINT('',(146.,105.,105.));
#7652 = VECTOR('',#7653,1.);
#7653 = DIRECTION('',(0.,1.,0.));
#7654 = ORIENTED_EDGE('',*,*,#7655,.F.);
#7655 = EDGE_CURVE('',#7510,#7648,#7656,.T.);
#7656 = LINE('',#7657,#7658);
#7657 = CARTESIAN_POINT('',(34.,109.,105.));
#7658 = VECTOR('',#7659,1.);
#7659 = DIRECTION('',(1.,0.,0.));
#7660 = PLANE('',#7661);
#7661 = AXIS2_PLACEMENT_3D('',#7662,#7663,#7664);
#7662 = CARTESIAN_POINT('',(34.,105.,105.));
#7663 = DIRECTION('',(0.,0.,1.));
#7664 = DIRECTION('',(1.,0.,0.));
#7665 = ADVANCED_FACE('',(#7666,#7684,#7720,#7731),#7767,.T.);
#7666 = FACE_BOUND('',#7667,.T.);
#7667 = EDGE_LOOP('',(#7668,#7676,#7677,#7678));
#7668 = ORIENTED_EDGE('',*,*,#7669,.F.);
#7669 = EDGE_CURVE('',#7502,#7670,#7672,.T.);
#7670 = VERTEX_POINT('',#7671);
#7671 = CARTESIAN_POINT('',(146.,109.,25.));
#7672 = LINE('',#7673,#7674);
#7673 = CARTESIAN_POINT('',(34.,109.,25.));
#7674 = VECTOR('',#7675,1.);
#7675 = DIRECTION('',(1.,0.,0.));
#7676 = ORIENTED_EDGE('',*,*,#7509,.T.);
#7677 = ORIENTED_EDGE('',*,*,#7655,.T.);
#7678 = ORIENTED_EDGE('',*,*,#7679,.F.);
#7679 = EDGE_CURVE('',#7670,#7648,#7680,.T.);
#7680 = LINE('',#7681,#7682);
#7681 = CARTESIAN_POINT('',(146.,109.,25.));
#7682 = VECTOR('',#7683,1.);
#7683 = DIRECTION('',(0.,0.,1.));
#7684 = FACE_BOUND('',#7685,.T.);
#7685 = EDGE_LOOP('',(#7686,#7697,#7705,#7714));
#7686 = ORIENTED_EDGE('',*,*,#7687,.F.);
#7687 = EDGE_CURVE('',#7688,#7690,#7692,.T.);
#7688 = VERTEX_POINT('',#7689);
#7689 = CARTESIAN_POINT('',(72.5,109.,52.25));
#7690 = VERTEX_POINT('',#7691);
#7691 = CARTESIAN_POINT('',(72.5,109.,47.75));
#7692 = CIRCLE('',#7693,2.25);
#7693 = AXIS2_PLACEMENT_3D('',#7694,#7695,#7696);
#7694 = CARTESIAN_POINT('',(72.5,109.,50.));
#7695 = DIRECTION('',(0.,1.,0.));
#7696 = DIRECTION('',(0.,0.,1.));
#7697 = ORIENTED_EDGE('',*,*,#7698,.F.);
#7698 = EDGE_CURVE('',#7699,#7688,#7701,.T.);
#7699 = VERTEX_POINT('',#7700);
#7700 = CARTESIAN_POINT('',(70.5,109.,52.25));
#7701 = LINE('',#7702,#7703);
#7702 = CARTESIAN_POINT('',(52.25,109.,52.25));
#7703 = VECTOR('',#7704,1.);
#7704 = DIRECTION('',(1.,0.,0.));
#7705 = ORIENTED_EDGE('',*,*,#7706,.F.);
#7706 = EDGE_CURVE('',#7707,#7699,#7709,.T.);
#7707 = VERTEX_POINT('',#7708);
#7708 = CARTESIAN_POINT('',(70.5,109.,47.75));
#7709 = CIRCLE('',#7710,2.25);
#7710 = AXIS2_PLACEMENT_3D('',#7711,#7712,#7713);
#7711 = CARTESIAN_POINT('',(70.5,109.,50.));
#7712 = DIRECTION('',(0.,1.,0.));
#7713 = DIRECTION('',(0.,0.,1.));
#7714 = ORIENTED_EDGE('',*,*,#7715,.T.);
#7715 = EDGE_CURVE('',#7707,#7690,#7716,.T.);
#7716 = LINE('',#7717,#7718);
#7717 = CARTESIAN_POINT('',(52.25,109.,47.75));
#7718 = VECTOR('',#7719,1.);
#7719 = DIRECTION('',(1.,0.,0.));
#7720 = FACE_BOUND('',#7721,.T.);
#7721 = EDGE_LOOP('',(#7722));
#7722 = ORIENTED_EDGE('',*,*,#7723,.F.);
#7723 = EDGE_CURVE('',#7724,#7724,#7726,.T.);
#7724 = VERTEX_POINT('',#7725);
#7725 = CARTESIAN_POINT('',(90.,109.,57.));
#7726 = CIRCLE('',#7727,7.);
#7727 = AXIS2_PLACEMENT_3D('',#7728,#7729,#7730);
#7728 = CARTESIAN_POINT('',(90.,109.,50.));
#7729 = DIRECTION('',(0.,1.,0.));
#7730 = DIRECTION('',(0.,0.,1.));
#7731 = FACE_BOUND('',#7732,.T.);
#7732 = EDGE_LOOP('',(#7733,#7744,#7752,#7761));
#7733 = ORIENTED_EDGE('',*,*,#7734,.F.);
#7734 = EDGE_CURVE('',#7735,#7737,#7739,.T.);
#7735 = VERTEX_POINT('',#7736);
#7736 = CARTESIAN_POINT('',(109.5,109.,52.25));
#7737 = VERTEX_POINT('',#7738);
#7738 = CARTESIAN_POINT('',(109.5,109.,47.75));
#7739 = CIRCLE('',#7740,2.25);
#7740 = AXIS2_PLACEMENT_3D('',#7741,#7742,#7743);
#7741 = CARTESIAN_POINT('',(109.5,109.,50.));
#7742 = DIRECTION('',(0.,1.,0.));
#7743 = DIRECTION('',(0.,0.,1.));
#7744 = ORIENTED_EDGE('',*,*,#7745,.F.);
#7745 = EDGE_CURVE('',#7746,#7735,#7748,.T.);
#7746 = VERTEX_POINT('',#7747);
#7747 = CARTESIAN_POINT('',(107.5,109.,52.25));
#7748 = LINE('',#7749,#7750);
#7749 = CARTESIAN_POINT('',(70.75,109.,52.25));
#7750 = VECTOR('',#7751,1.);
#7751 = DIRECTION('',(1.,0.,0.));
#7752 = ORIENTED_EDGE('',*,*,#7753,.F.);
#7753 = EDGE_CURVE('',#7754,#7746,#7756,.T.);
#7754 = VERTEX_POINT('',#7755);
#7755 = CARTESIAN_POINT('',(107.5,109.,47.75));
#7756 = CIRCLE('',#7757,2.25);
#7757 = AXIS2_PLACEMENT_3D('',#7758,#7759,#7760);
#7758 = CARTESIAN_POINT('',(107.5,109.,50.));
#7759 = DIRECTION('',(0.,1.,0.));
#7760 = DIRECTION('',(0.,0.,1.));
#7761 = ORIENTED_EDGE('',*,*,#7762,.T.);
#7762 = EDGE_CURVE('',#7754,#7737,#7763,.T.);
#7763 = LINE('',#7764,#7765);
#7764 = CARTESIAN_POINT('',(70.75,109.,47.75));
#7765 = VECTOR('',#7766,1.);
#7766 = DIRECTION('',(1.,0.,0.));
#7767 = PLANE('',#7768);
#7768 = AXIS2_PLACEMENT_3D('',#7769,#7770,#7771);
#7769 = CARTESIAN_POINT('',(34.,109.,25.));
#7770 = DIRECTION('',(0.,1.,0.));
#7771 = DIRECTION('',(0.,0.,1.));
#7772 = ADVANCED_FACE('',(#7773),#7784,.F.);
#7773 = FACE_BOUND('',#7774,.F.);
#7774 = EDGE_LOOP('',(#7775,#7776,#7777,#7783));
#7775 = ORIENTED_EDGE('',*,*,#7501,.F.);
#7776 = ORIENTED_EDGE('',*,*,#7531,.T.);
#7777 = ORIENTED_EDGE('',*,*,#7778,.T.);
#7778 = EDGE_CURVE('',#7532,#7670,#7779,.T.);
#7779 = LINE('',#7780,#7781);
#7780 = CARTESIAN_POINT('',(146.,105.,25.));
#7781 = VECTOR('',#7782,1.);
#7782 = DIRECTION('',(0.,1.,0.));
#7783 = ORIENTED_EDGE('',*,*,#7669,.F.);
#7784 = PLANE('',#7785);
#7785 = AXIS2_PLACEMENT_3D('',#7786,#7787,#7788);
#7786 = CARTESIAN_POINT('',(34.,105.,25.));
#7787 = DIRECTION('',(0.,0.,1.));
#7788 = DIRECTION('',(1.,0.,0.));
#7789 = ADVANCED_FACE('',(#7790),#7796,.T.);
#7790 = FACE_BOUND('',#7791,.T.);
#7791 = EDGE_LOOP('',(#7792,#7793,#7794,#7795));
#7792 = ORIENTED_EDGE('',*,*,#7548,.F.);
#7793 = ORIENTED_EDGE('',*,*,#7778,.T.);
#7794 = ORIENTED_EDGE('',*,*,#7679,.T.);
#7795 = ORIENTED_EDGE('',*,*,#7647,.F.);
#7796 = PLANE('',#7797);
#7797 = AXIS2_PLACEMENT_3D('',#7798,#7799,#7800);
#7798 = CARTESIAN_POINT('',(146.,105.,25.));
#7799 = DIRECTION('',(1.,0.,0.));
#7800 = DIRECTION('',(0.,0.,1.));
#7801 = ADVANCED_FACE('',(#7802),#7818,.F.);
#7802 = FACE_BOUND('',#7803,.F.);
#7803 = EDGE_LOOP('',(#7804,#7805,#7811,#7812));
#7804 = ORIENTED_EDGE('',*,*,#7687,.F.);
#7805 = ORIENTED_EDGE('',*,*,#7806,.F.);
#7806 = EDGE_CURVE('',#7557,#7688,#7807,.T.);
#7807 = LINE('',#7808,#7809);
#7808 = CARTESIAN_POINT('',(72.5,104.,52.25));
#7809 = VECTOR('',#7810,1.);
#7810 = DIRECTION('',(0.,1.,0.));
#7811 = ORIENTED_EDGE('',*,*,#7556,.T.);
#7812 = ORIENTED_EDGE('',*,*,#7813,.T.);
#7813 = EDGE_CURVE('',#7559,#7690,#7814,.T.);
#7814 = LINE('',#7815,#7816);
#7815 = CARTESIAN_POINT('',(72.5,104.,47.75));
#7816 = VECTOR('',#7817,1.);
#7817 = DIRECTION('',(0.,1.,0.));
#7818 = CYLINDRICAL_SURFACE('',#7819,2.25);
#7819 = AXIS2_PLACEMENT_3D('',#7820,#7821,#7822);
#7820 = CARTESIAN_POINT('',(72.5,104.,50.));
#7821 = DIRECTION('',(0.,1.,0.));
#7822 = DIRECTION('',(0.,0.,1.));
#7823 = ADVANCED_FACE('',(#7824),#7835,.F.);
#7824 = FACE_BOUND('',#7825,.F.);
#7825 = EDGE_LOOP('',(#7826,#7832,#7833,#7834));
#7826 = ORIENTED_EDGE('',*,*,#7827,.F.);
#7827 = EDGE_CURVE('',#7568,#7699,#7828,.T.);
#7828 = LINE('',#7829,#7830);
#7829 = CARTESIAN_POINT('',(70.5,104.,52.25));
#7830 = VECTOR('',#7831,1.);
#7831 = DIRECTION('',(0.,1.,0.));
#7832 = ORIENTED_EDGE('',*,*,#7567,.T.);
#7833 = ORIENTED_EDGE('',*,*,#7806,.T.);
#7834 = ORIENTED_EDGE('',*,*,#7698,.F.);
#7835 = PLANE('',#7836);
#7836 = AXIS2_PLACEMENT_3D('',#7837,#7838,#7839);
#7837 = CARTESIAN_POINT('',(70.5,104.,52.25));
#7838 = DIRECTION('',(0.,0.,1.));
#7839 = DIRECTION('',(1.,0.,0.));
#7840 = ADVANCED_FACE('',(#7841),#7852,.T.);
#7841 = FACE_BOUND('',#7842,.T.);
#7842 = EDGE_LOOP('',(#7843,#7849,#7850,#7851));
#7843 = ORIENTED_EDGE('',*,*,#7844,.F.);
#7844 = EDGE_CURVE('',#7576,#7707,#7845,.T.);
#7845 = LINE('',#7846,#7847);
#7846 = CARTESIAN_POINT('',(70.5,104.,47.75));
#7847 = VECTOR('',#7848,1.);
#7848 = DIRECTION('',(0.,1.,0.));
#7849 = ORIENTED_EDGE('',*,*,#7584,.T.);
#7850 = ORIENTED_EDGE('',*,*,#7813,.T.);
#7851 = ORIENTED_EDGE('',*,*,#7715,.F.);
#7852 = PLANE('',#7853);
#7853 = AXIS2_PLACEMENT_3D('',#7854,#7855,#7856);
#7854 = CARTESIAN_POINT('',(70.5,104.,47.75));
#7855 = DIRECTION('',(0.,0.,1.));
#7856 = DIRECTION('',(1.,0.,0.));
#7857 = ADVANCED_FACE('',(#7858),#7864,.F.);
#7858 = FACE_BOUND('',#7859,.F.);
#7859 = EDGE_LOOP('',(#7860,#7861,#7862,#7863));
#7860 = ORIENTED_EDGE('',*,*,#7706,.F.);
#7861 = ORIENTED_EDGE('',*,*,#7844,.F.);
#7862 = ORIENTED_EDGE('',*,*,#7575,.T.);
#7863 = ORIENTED_EDGE('',*,*,#7827,.T.);
#7864 = CYLINDRICAL_SURFACE('',#7865,2.25);
#7865 = AXIS2_PLACEMENT_3D('',#7866,#7867,#7868);
#7866 = CARTESIAN_POINT('',(70.5,104.,50.));
#7867 = DIRECTION('',(0.,1.,0.));
#7868 = DIRECTION('',(0.,0.,1.));
#7869 = ADVANCED_FACE('',(#7870),#7881,.F.);
#7870 = FACE_BOUND('',#7871,.F.);
#7871 = EDGE_LOOP('',(#7872,#7873,#7879,#7880));
#7872 = ORIENTED_EDGE('',*,*,#7723,.F.);
#7873 = ORIENTED_EDGE('',*,*,#7874,.F.);
#7874 = EDGE_CURVE('',#7593,#7724,#7875,.T.);
#7875 = LINE('',#7876,#7877);
#7876 = CARTESIAN_POINT('',(90.,104.,57.));
#7877 = VECTOR('',#7878,1.);
#7878 = DIRECTION('',(0.,1.,0.));
#7879 = ORIENTED_EDGE('',*,*,#7592,.T.);
#7880 = ORIENTED_EDGE('',*,*,#7874,.T.);
#7881 = CYLINDRICAL_SURFACE('',#7882,7.);
#7882 = AXIS2_PLACEMENT_3D('',#7883,#7884,#7885);
#7883 = CARTESIAN_POINT('',(90.,104.,50.));
#7884 = DIRECTION('',(0.,1.,0.));
#7885 = DIRECTION('',(0.,0.,1.));
#7886 = ADVANCED_FACE('',(#7887),#7903,.F.);
#7887 = FACE_BOUND('',#7888,.F.);
#7888 = EDGE_LOOP('',(#7889,#7890,#7896,#7897));
#7889 = ORIENTED_EDGE('',*,*,#7734,.F.);
#7890 = ORIENTED_EDGE('',*,*,#7891,.F.);
#7891 = EDGE_CURVE('',#7604,#7735,#7892,.T.);
#7892 = LINE('',#7893,#7894);
#7893 = CARTESIAN_POINT('',(109.5,104.,52.25));
#7894 = VECTOR('',#7895,1.);
#7895 = DIRECTION('',(0.,1.,0.));
#7896 = ORIENTED_EDGE('',*,*,#7603,.T.);
#7897 = ORIENTED_EDGE('',*,*,#7898,.T.);
#7898 = EDGE_CURVE('',#7606,#7737,#7899,.T.);
#7899 = LINE('',#7900,#7901);
#7900 = CARTESIAN_POINT('',(109.5,104.,47.75));
#7901 = VECTOR('',#7902,1.);
#7902 = DIRECTION('',(0.,1.,0.));
#7903 = CYLINDRICAL_SURFACE('',#7904,2.25);
#7904 = AXIS2_PLACEMENT_3D('',#7905,#7906,#7907);
#7905 = CARTESIAN_POINT('',(109.5,104.,50.));
#7906 = DIRECTION('',(0.,1.,0.));
#7907 = DIRECTION('',(0.,0.,1.));
#7908 = ADVANCED_FACE('',(#7909),#7920,.T.);
#7909 = FACE_BOUND('',#7910,.T.);
#7910 = EDGE_LOOP('',(#7911,#7917,#7918,#7919));
#7911 = ORIENTED_EDGE('',*,*,#7912,.F.);
#7912 = EDGE_CURVE('',#7623,#7754,#7913,.T.);
#7913 = LINE('',#7914,#7915);
#7914 = CARTESIAN_POINT('',(107.5,104.,47.75));
#7915 = VECTOR('',#7916,1.);
#7916 = DIRECTION('',(0.,1.,0.));
#7917 = ORIENTED_EDGE('',*,*,#7631,.T.);
#7918 = ORIENTED_EDGE('',*,*,#7898,.T.);
#7919 = ORIENTED_EDGE('',*,*,#7762,.F.);
#7920 = PLANE('',#7921);
#7921 = AXIS2_PLACEMENT_3D('',#7922,#7923,#7924);
#7922 = CARTESIAN_POINT('',(107.5,104.,47.75));
#7923 = DIRECTION('',(0.,0.,1.));
#7924 = DIRECTION('',(1.,0.,0.));
#7925 = ADVANCED_FACE('',(#7926),#7937,.F.);
#7926 = FACE_BOUND('',#7927,.F.);
#7927 = EDGE_LOOP('',(#7928,#7929,#7930,#7931));
#7928 = ORIENTED_EDGE('',*,*,#7753,.F.);
#7929 = ORIENTED_EDGE('',*,*,#7912,.F.);
#7930 = ORIENTED_EDGE('',*,*,#7622,.T.);
#7931 = ORIENTED_EDGE('',*,*,#7932,.T.);
#7932 = EDGE_CURVE('',#7615,#7746,#7933,.T.);
#7933 = LINE('',#7934,#7935);
#7934 = CARTESIAN_POINT('',(107.5,104.,52.25));
#7935 = VECTOR('',#7936,1.);
#7936 = DIRECTION('',(0.,1.,0.));
#7937 = CYLINDRICAL_SURFACE('',#7938,2.25);
#7938 = AXIS2_PLACEMENT_3D('',#7939,#7940,#7941);
#7939 = CARTESIAN_POINT('',(107.5,104.,50.));
#7940 = DIRECTION('',(0.,1.,0.));
#7941 = DIRECTION('',(0.,0.,1.));
#7942 = ADVANCED_FACE('',(#7943),#7949,.F.);
#7943 = FACE_BOUND('',#7944,.F.);
#7944 = EDGE_LOOP('',(#7945,#7946,#7947,#7948));
#7945 = ORIENTED_EDGE('',*,*,#7932,.F.);
#7946 = ORIENTED_EDGE('',*,*,#7614,.T.);
#7947 = ORIENTED_EDGE('',*,*,#7891,.T.);
#7948 = ORIENTED_EDGE('',*,*,#7745,.F.);
#7949 = PLANE('',#7950);
#7950 = AXIS2_PLACEMENT_3D('',#7951,#7952,#7953);
#7951 = CARTESIAN_POINT('',(107.5,104.,52.25));
#7952 = DIRECTION('',(0.,0.,1.));
#7953 = DIRECTION('',(1.,0.,0.));
#7954 = MANIFOLD_SOLID_BREP('',#7955);
#7955 = CLOSED_SHELL('',(#7956,#7996,#8110,#8134,#8241,#8258,#8270,#8292
    ,#8309,#8326,#8338,#8355,#8377,#8394,#8411));
#7956 = ADVANCED_FACE('',(#7957),#7991,.F.);
#7957 = FACE_BOUND('',#7958,.F.);
#7958 = EDGE_LOOP('',(#7959,#7969,#7977,#7985));
#7959 = ORIENTED_EDGE('',*,*,#7960,.F.);
#7960 = EDGE_CURVE('',#7961,#7963,#7965,.T.);
#7961 = VERTEX_POINT('',#7962);
#7962 = CARTESIAN_POINT('',(34.,198.,25.));
#7963 = VERTEX_POINT('',#7964);
#7964 = CARTESIAN_POINT('',(34.,198.,105.));
#7965 = LINE('',#7966,#7967);
#7966 = CARTESIAN_POINT('',(34.,198.,25.));
#7967 = VECTOR('',#7968,1.);
#7968 = DIRECTION('',(0.,0.,1.));
#7969 = ORIENTED_EDGE('',*,*,#7970,.T.);
#7970 = EDGE_CURVE('',#7961,#7971,#7973,.T.);
#7971 = VERTEX_POINT('',#7972);
#7972 = CARTESIAN_POINT('',(34.,202.,25.));
#7973 = LINE('',#7974,#7975);
#7974 = CARTESIAN_POINT('',(34.,198.,25.));
#7975 = VECTOR('',#7976,1.);
#7976 = DIRECTION('',(0.,1.,0.));
#7977 = ORIENTED_EDGE('',*,*,#7978,.T.);
#7978 = EDGE_CURVE('',#7971,#7979,#7981,.T.);
#7979 = VERTEX_POINT('',#7980);
#7980 = CARTESIAN_POINT('',(34.,202.,105.));
#7981 = LINE('',#7982,#7983);
#7982 = CARTESIAN_POINT('',(34.,202.,25.));
#7983 = VECTOR('',#7984,1.);
#7984 = DIRECTION('',(0.,0.,1.));
#7985 = ORIENTED_EDGE('',*,*,#7986,.F.);
#7986 = EDGE_CURVE('',#7963,#7979,#7987,.T.);
#7987 = LINE('',#7988,#7989);
#7988 = CARTESIAN_POINT('',(34.,198.,105.));
#7989 = VECTOR('',#7990,1.);
#7990 = DIRECTION('',(0.,1.,0.));
#7991 = PLANE('',#7992);
#7992 = AXIS2_PLACEMENT_3D('',#7993,#7994,#7995);
#7993 = CARTESIAN_POINT('',(34.,198.,25.));
#7994 = DIRECTION('',(1.,0.,0.));
#7995 = DIRECTION('',(0.,0.,1.));
#7996 = ADVANCED_FACE('',(#7997,#8022,#8058,#8069),#8105,.F.);
#7997 = FACE_BOUND('',#7998,.F.);
#7998 = EDGE_LOOP('',(#7999,#8007,#8008,#8016));
#7999 = ORIENTED_EDGE('',*,*,#8000,.F.);
#8000 = EDGE_CURVE('',#7961,#8001,#8003,.T.);
#8001 = VERTEX_POINT('',#8002);
#8002 = CARTESIAN_POINT('',(146.,198.,25.));
#8003 = LINE('',#8004,#8005);
#8004 = CARTESIAN_POINT('',(34.,198.,25.));
#8005 = VECTOR('',#8006,1.);
#8006 = DIRECTION('',(1.,0.,0.));
#8007 = ORIENTED_EDGE('',*,*,#7960,.T.);
#8008 = ORIENTED_EDGE('',*,*,#8009,.T.);
#8009 = EDGE_CURVE('',#7963,#8010,#8012,.T.);
#8010 = VERTEX_POINT('',#8011);
#8011 = CARTESIAN_POINT('',(146.,198.,105.));
#8012 = LINE('',#8013,#8014);
#8013 = CARTESIAN_POINT('',(34.,198.,105.));
#8014 = VECTOR('',#8015,1.);
#8015 = DIRECTION('',(1.,0.,0.));
#8016 = ORIENTED_EDGE('',*,*,#8017,.F.);
#8017 = EDGE_CURVE('',#8001,#8010,#8018,.T.);
#8018 = LINE('',#8019,#8020);
#8019 = CARTESIAN_POINT('',(146.,198.,25.));
#8020 = VECTOR('',#8021,1.);
#8021 = DIRECTION('',(0.,0.,1.));
#8022 = FACE_BOUND('',#8023,.F.);
#8023 = EDGE_LOOP('',(#8024,#8035,#8043,#8052));
#8024 = ORIENTED_EDGE('',*,*,#8025,.F.);
#8025 = EDGE_CURVE('',#8026,#8028,#8030,.T.);
#8026 = VERTEX_POINT('',#8027);
#8027 = CARTESIAN_POINT('',(72.5,198.,52.25));
#8028 = VERTEX_POINT('',#8029);
#8029 = CARTESIAN_POINT('',(72.5,198.,47.75));
#8030 = CIRCLE('',#8031,2.25);
#8031 = AXIS2_PLACEMENT_3D('',#8032,#8033,#8034);
#8032 = CARTESIAN_POINT('',(72.5,198.,50.));
#8033 = DIRECTION('',(0.,1.,0.));
#8034 = DIRECTION('',(0.,0.,1.));
#8035 = ORIENTED_EDGE('',*,*,#8036,.F.);
#8036 = EDGE_CURVE('',#8037,#8026,#8039,.T.);
#8037 = VERTEX_POINT('',#8038);
#8038 = CARTESIAN_POINT('',(70.5,198.,52.25));
#8039 = LINE('',#8040,#8041);
#8040 = CARTESIAN_POINT('',(52.25,198.,52.25));
#8041 = VECTOR('',#8042,1.);
#8042 = DIRECTION('',(1.,0.,0.));
#8043 = ORIENTED_EDGE('',*,*,#8044,.F.);
#8044 = EDGE_CURVE('',#8045,#8037,#8047,.T.);
#8045 = VERTEX_POINT('',#8046);
#8046 = CARTESIAN_POINT('',(70.5,198.,47.75));
#8047 = CIRCLE('',#8048,2.25);
#8048 = AXIS2_PLACEMENT_3D('',#8049,#8050,#8051);
#8049 = CARTESIAN_POINT('',(70.5,198.,50.));
#8050 = DIRECTION('',(0.,1.,0.));
#8051 = DIRECTION('',(0.,0.,1.));
#8052 = ORIENTED_EDGE('',*,*,#8053,.T.);
#8053 = EDGE_CURVE('',#8045,#8028,#8054,.T.);
#8054 = LINE('',#8055,#8056);
#8055 = CARTESIAN_POINT('',(52.25,198.,47.75));
#8056 = VECTOR('',#8057,1.);
#8057 = DIRECTION('',(1.,0.,0.));
#8058 = FACE_BOUND('',#8059,.F.);
#8059 = EDGE_LOOP('',(#8060));
#8060 = ORIENTED_EDGE('',*,*,#8061,.F.);
#8061 = EDGE_CURVE('',#8062,#8062,#8064,.T.);
#8062 = VERTEX_POINT('',#8063);
#8063 = CARTESIAN_POINT('',(90.,198.,57.));
#8064 = CIRCLE('',#8065,7.);
#8065 = AXIS2_PLACEMENT_3D('',#8066,#8067,#8068);
#8066 = CARTESIAN_POINT('',(90.,198.,50.));
#8067 = DIRECTION('',(0.,1.,0.));
#8068 = DIRECTION('',(0.,0.,1.));
#8069 = FACE_BOUND('',#8070,.F.);
#8070 = EDGE_LOOP('',(#8071,#8082,#8090,#8099));
#8071 = ORIENTED_EDGE('',*,*,#8072,.F.);
#8072 = EDGE_CURVE('',#8073,#8075,#8077,.T.);
#8073 = VERTEX_POINT('',#8074);
#8074 = CARTESIAN_POINT('',(109.5,198.,52.25));
#8075 = VERTEX_POINT('',#8076);
#8076 = CARTESIAN_POINT('',(109.5,198.,47.75));
#8077 = CIRCLE('',#8078,2.25);
#8078 = AXIS2_PLACEMENT_3D('',#8079,#8080,#8081);
#8079 = CARTESIAN_POINT('',(109.5,198.,50.));
#8080 = DIRECTION('',(0.,1.,0.));
#8081 = DIRECTION('',(0.,0.,1.));
#8082 = ORIENTED_EDGE('',*,*,#8083,.F.);
#8083 = EDGE_CURVE('',#8084,#8073,#8086,.T.);
#8084 = VERTEX_POINT('',#8085);
#8085 = CARTESIAN_POINT('',(107.5,198.,52.25));
#8086 = LINE('',#8087,#8088);
#8087 = CARTESIAN_POINT('',(70.75,198.,52.25));
#8088 = VECTOR('',#8089,1.);
#8089 = DIRECTION('',(1.,0.,0.));
#8090 = ORIENTED_EDGE('',*,*,#8091,.F.);
#8091 = EDGE_CURVE('',#8092,#8084,#8094,.T.);
#8092 = VERTEX_POINT('',#8093);
#8093 = CARTESIAN_POINT('',(107.5,198.,47.75));
#8094 = CIRCLE('',#8095,2.25);
#8095 = AXIS2_PLACEMENT_3D('',#8096,#8097,#8098);
#8096 = CARTESIAN_POINT('',(107.5,198.,50.));
#8097 = DIRECTION('',(0.,1.,0.));
#8098 = DIRECTION('',(0.,0.,1.));
#8099 = ORIENTED_EDGE('',*,*,#8100,.T.);
#8100 = EDGE_CURVE('',#8092,#8075,#8101,.T.);
#8101 = LINE('',#8102,#8103);
#8102 = CARTESIAN_POINT('',(70.75,198.,47.75));
#8103 = VECTOR('',#8104,1.);
#8104 = DIRECTION('',(1.,0.,0.));
#8105 = PLANE('',#8106);
#8106 = AXIS2_PLACEMENT_3D('',#8107,#8108,#8109);
#8107 = CARTESIAN_POINT('',(34.,198.,25.));
#8108 = DIRECTION('',(0.,1.,0.));
#8109 = DIRECTION('',(0.,0.,1.));
#8110 = ADVANCED_FACE('',(#8111),#8129,.T.);
#8111 = FACE_BOUND('',#8112,.T.);
#8112 = EDGE_LOOP('',(#8113,#8114,#8115,#8123));
#8113 = ORIENTED_EDGE('',*,*,#7986,.F.);
#8114 = ORIENTED_EDGE('',*,*,#8009,.T.);
#8115 = ORIENTED_EDGE('',*,*,#8116,.T.);
#8116 = EDGE_CURVE('',#8010,#8117,#8119,.T.);
#8117 = VERTEX_POINT('',#8118);
#8118 = CARTESIAN_POINT('',(146.,202.,105.));
#8119 = LINE('',#8120,#8121);
#8120 = CARTESIAN_POINT('',(146.,198.,105.));
#8121 = VECTOR('',#8122,1.);
#8122 = DIRECTION('',(0.,1.,0.));
#8123 = ORIENTED_EDGE('',*,*,#8124,.F.);
#8124 = EDGE_CURVE('',#7979,#8117,#8125,.T.);
#8125 = LINE('',#8126,#8127);
#8126 = CARTESIAN_POINT('',(34.,202.,105.));
#8127 = VECTOR('',#8128,1.);
#8128 = DIRECTION('',(1.,0.,0.));
#8129 = PLANE('',#8130);
#8130 = AXIS2_PLACEMENT_3D('',#8131,#8132,#8133);
#8131 = CARTESIAN_POINT('',(34.,198.,105.));
#8132 = DIRECTION('',(0.,0.,1.));
#8133 = DIRECTION('',(1.,0.,0.));
#8134 = ADVANCED_FACE('',(#8135,#8153,#8189,#8200),#8236,.T.);
#8135 = FACE_BOUND('',#8136,.T.);
#8136 = EDGE_LOOP('',(#8137,#8145,#8146,#8147));
#8137 = ORIENTED_EDGE('',*,*,#8138,.F.);
#8138 = EDGE_CURVE('',#7971,#8139,#8141,.T.);
#8139 = VERTEX_POINT('',#8140);
#8140 = CARTESIAN_POINT('',(146.,202.,25.));
#8141 = LINE('',#8142,#8143);
#8142 = CARTESIAN_POINT('',(34.,202.,25.));
#8143 = VECTOR('',#8144,1.);
#8144 = DIRECTION('',(1.,0.,0.));
#8145 = ORIENTED_EDGE('',*,*,#7978,.T.);
#8146 = ORIENTED_EDGE('',*,*,#8124,.T.);
#8147 = ORIENTED_EDGE('',*,*,#8148,.F.);
#8148 = EDGE_CURVE('',#8139,#8117,#8149,.T.);
#8149 = LINE('',#8150,#8151);
#8150 = CARTESIAN_POINT('',(146.,202.,25.));
#8151 = VECTOR('',#8152,1.);
#8152 = DIRECTION('',(0.,0.,1.));
#8153 = FACE_BOUND('',#8154,.T.);
#8154 = EDGE_LOOP('',(#8155,#8166,#8174,#8183));
#8155 = ORIENTED_EDGE('',*,*,#8156,.F.);
#8156 = EDGE_CURVE('',#8157,#8159,#8161,.T.);
#8157 = VERTEX_POINT('',#8158);
#8158 = CARTESIAN_POINT('',(72.5,202.,52.25));
#8159 = VERTEX_POINT('',#8160);
#8160 = CARTESIAN_POINT('',(72.5,202.,47.75));
#8161 = CIRCLE('',#8162,2.25);
#8162 = AXIS2_PLACEMENT_3D('',#8163,#8164,#8165);
#8163 = CARTESIAN_POINT('',(72.5,202.,50.));
#8164 = DIRECTION('',(0.,1.,0.));
#8165 = DIRECTION('',(0.,0.,1.));
#8166 = ORIENTED_EDGE('',*,*,#8167,.F.);
#8167 = EDGE_CURVE('',#8168,#8157,#8170,.T.);
#8168 = VERTEX_POINT('',#8169);
#8169 = CARTESIAN_POINT('',(70.5,202.,52.25));
#8170 = LINE('',#8171,#8172);
#8171 = CARTESIAN_POINT('',(52.25,202.,52.25));
#8172 = VECTOR('',#8173,1.);
#8173 = DIRECTION('',(1.,0.,0.));
#8174 = ORIENTED_EDGE('',*,*,#8175,.F.);
#8175 = EDGE_CURVE('',#8176,#8168,#8178,.T.);
#8176 = VERTEX_POINT('',#8177);
#8177 = CARTESIAN_POINT('',(70.5,202.,47.75));
#8178 = CIRCLE('',#8179,2.25);
#8179 = AXIS2_PLACEMENT_3D('',#8180,#8181,#8182);
#8180 = CARTESIAN_POINT('',(70.5,202.,50.));
#8181 = DIRECTION('',(0.,1.,0.));
#8182 = DIRECTION('',(0.,0.,1.));
#8183 = ORIENTED_EDGE('',*,*,#8184,.T.);
#8184 = EDGE_CURVE('',#8176,#8159,#8185,.T.);
#8185 = LINE('',#8186,#8187);
#8186 = CARTESIAN_POINT('',(52.25,202.,47.75));
#8187 = VECTOR('',#8188,1.);
#8188 = DIRECTION('',(1.,0.,0.));
#8189 = FACE_BOUND('',#8190,.T.);
#8190 = EDGE_LOOP('',(#8191));
#8191 = ORIENTED_EDGE('',*,*,#8192,.F.);
#8192 = EDGE_CURVE('',#8193,#8193,#8195,.T.);
#8193 = VERTEX_POINT('',#8194);
#8194 = CARTESIAN_POINT('',(90.,202.,57.));
#8195 = CIRCLE('',#8196,7.);
#8196 = AXIS2_PLACEMENT_3D('',#8197,#8198,#8199);
#8197 = CARTESIAN_POINT('',(90.,202.,50.));
#8198 = DIRECTION('',(0.,1.,0.));
#8199 = DIRECTION('',(0.,0.,1.));
#8200 = FACE_BOUND('',#8201,.T.);
#8201 = EDGE_LOOP('',(#8202,#8213,#8221,#8230));
#8202 = ORIENTED_EDGE('',*,*,#8203,.F.);
#8203 = EDGE_CURVE('',#8204,#8206,#8208,.T.);
#8204 = VERTEX_POINT('',#8205);
#8205 = CARTESIAN_POINT('',(109.5,202.,52.25));
#8206 = VERTEX_POINT('',#8207);
#8207 = CARTESIAN_POINT('',(109.5,202.,47.75));
#8208 = CIRCLE('',#8209,2.25);
#8209 = AXIS2_PLACEMENT_3D('',#8210,#8211,#8212);
#8210 = CARTESIAN_POINT('',(109.5,202.,50.));
#8211 = DIRECTION('',(0.,1.,0.));
#8212 = DIRECTION('',(0.,0.,1.));
#8213 = ORIENTED_EDGE('',*,*,#8214,.F.);
#8214 = EDGE_CURVE('',#8215,#8204,#8217,.T.);
#8215 = VERTEX_POINT('',#8216);
#8216 = CARTESIAN_POINT('',(107.5,202.,52.25));
#8217 = LINE('',#8218,#8219);
#8218 = CARTESIAN_POINT('',(70.75,202.,52.25));
#8219 = VECTOR('',#8220,1.);
#8220 = DIRECTION('',(1.,0.,0.));
#8221 = ORIENTED_EDGE('',*,*,#8222,.F.);
#8222 = EDGE_CURVE('',#8223,#8215,#8225,.T.);
#8223 = VERTEX_POINT('',#8224);
#8224 = CARTESIAN_POINT('',(107.5,202.,47.75));
#8225 = CIRCLE('',#8226,2.25);
#8226 = AXIS2_PLACEMENT_3D('',#8227,#8228,#8229);
#8227 = CARTESIAN_POINT('',(107.5,202.,50.));
#8228 = DIRECTION('',(0.,1.,0.));
#8229 = DIRECTION('',(0.,0.,1.));
#8230 = ORIENTED_EDGE('',*,*,#8231,.T.);
#8231 = EDGE_CURVE('',#8223,#8206,#8232,.T.);
#8232 = LINE('',#8233,#8234);
#8233 = CARTESIAN_POINT('',(70.75,202.,47.75));
#8234 = VECTOR('',#8235,1.);
#8235 = DIRECTION('',(1.,0.,0.));
#8236 = PLANE('',#8237);
#8237 = AXIS2_PLACEMENT_3D('',#8238,#8239,#8240);
#8238 = CARTESIAN_POINT('',(34.,202.,25.));
#8239 = DIRECTION('',(0.,1.,0.));
#8240 = DIRECTION('',(0.,0.,1.));
#8241 = ADVANCED_FACE('',(#8242),#8253,.F.);
#8242 = FACE_BOUND('',#8243,.F.);
#8243 = EDGE_LOOP('',(#8244,#8245,#8246,#8252));
#8244 = ORIENTED_EDGE('',*,*,#7970,.F.);
#8245 = ORIENTED_EDGE('',*,*,#8000,.T.);
#8246 = ORIENTED_EDGE('',*,*,#8247,.T.);
#8247 = EDGE_CURVE('',#8001,#8139,#8248,.T.);
#8248 = LINE('',#8249,#8250);
#8249 = CARTESIAN_POINT('',(146.,198.,25.));
#8250 = VECTOR('',#8251,1.);
#8251 = DIRECTION('',(0.,1.,0.));
#8252 = ORIENTED_EDGE('',*,*,#8138,.F.);
#8253 = PLANE('',#8254);
#8254 = AXIS2_PLACEMENT_3D('',#8255,#8256,#8257);
#8255 = CARTESIAN_POINT('',(34.,198.,25.));
#8256 = DIRECTION('',(0.,0.,1.));
#8257 = DIRECTION('',(1.,0.,0.));
#8258 = ADVANCED_FACE('',(#8259),#8265,.T.);
#8259 = FACE_BOUND('',#8260,.T.);
#8260 = EDGE_LOOP('',(#8261,#8262,#8263,#8264));
#8261 = ORIENTED_EDGE('',*,*,#8017,.F.);
#8262 = ORIENTED_EDGE('',*,*,#8247,.T.);
#8263 = ORIENTED_EDGE('',*,*,#8148,.T.);
#8264 = ORIENTED_EDGE('',*,*,#8116,.F.);
#8265 = PLANE('',#8266);
#8266 = AXIS2_PLACEMENT_3D('',#8267,#8268,#8269);
#8267 = CARTESIAN_POINT('',(146.,198.,25.));
#8268 = DIRECTION('',(1.,0.,0.));
#8269 = DIRECTION('',(0.,0.,1.));
#8270 = ADVANCED_FACE('',(#8271),#8287,.F.);
#8271 = FACE_BOUND('',#8272,.F.);
#8272 = EDGE_LOOP('',(#8273,#8274,#8280,#8281));
#8273 = ORIENTED_EDGE('',*,*,#8156,.F.);
#8274 = ORIENTED_EDGE('',*,*,#8275,.F.);
#8275 = EDGE_CURVE('',#8026,#8157,#8276,.T.);
#8276 = LINE('',#8277,#8278);
#8277 = CARTESIAN_POINT('',(72.5,197.,52.25));
#8278 = VECTOR('',#8279,1.);
#8279 = DIRECTION('',(0.,1.,0.));
#8280 = ORIENTED_EDGE('',*,*,#8025,.T.);
#8281 = ORIENTED_EDGE('',*,*,#8282,.T.);
#8282 = EDGE_CURVE('',#8028,#8159,#8283,.T.);
#8283 = LINE('',#8284,#8285);
#8284 = CARTESIAN_POINT('',(72.5,197.,47.75));
#8285 = VECTOR('',#8286,1.);
#8286 = DIRECTION('',(0.,1.,0.));
#8287 = CYLINDRICAL_SURFACE('',#8288,2.25);
#8288 = AXIS2_PLACEMENT_3D('',#8289,#8290,#8291);
#8289 = CARTESIAN_POINT('',(72.5,197.,50.));
#8290 = DIRECTION('',(0.,1.,0.));
#8291 = DIRECTION('',(0.,0.,1.));
#8292 = ADVANCED_FACE('',(#8293),#8304,.F.);
#8293 = FACE_BOUND('',#8294,.F.);
#8294 = EDGE_LOOP('',(#8295,#8301,#8302,#8303));
#8295 = ORIENTED_EDGE('',*,*,#8296,.F.);
#8296 = EDGE_CURVE('',#8037,#8168,#8297,.T.);
#8297 = LINE('',#8298,#8299);
#8298 = CARTESIAN_POINT('',(70.5,197.,52.25));
#8299 = VECTOR('',#8300,1.);
#8300 = DIRECTION('',(0.,1.,0.));
#8301 = ORIENTED_EDGE('',*,*,#8036,.T.);
#8302 = ORIENTED_EDGE('',*,*,#8275,.T.);
#8303 = ORIENTED_EDGE('',*,*,#8167,.F.);
#8304 = PLANE('',#8305);
#8305 = AXIS2_PLACEMENT_3D('',#8306,#8307,#8308);
#8306 = CARTESIAN_POINT('',(70.5,197.,52.25));
#8307 = DIRECTION('',(0.,0.,1.));
#8308 = DIRECTION('',(1.,0.,0.));
#8309 = ADVANCED_FACE('',(#8310),#8321,.T.);
#8310 = FACE_BOUND('',#8311,.T.);
#8311 = EDGE_LOOP('',(#8312,#8318,#8319,#8320));
#8312 = ORIENTED_EDGE('',*,*,#8313,.F.);
#8313 = EDGE_CURVE('',#8045,#8176,#8314,.T.);
#8314 = LINE('',#8315,#8316);
#8315 = CARTESIAN_POINT('',(70.5,197.,47.75));
#8316 = VECTOR('',#8317,1.);
#8317 = DIRECTION('',(0.,1.,0.));
#8318 = ORIENTED_EDGE('',*,*,#8053,.T.);
#8319 = ORIENTED_EDGE('',*,*,#8282,.T.);
#8320 = ORIENTED_EDGE('',*,*,#8184,.F.);
#8321 = PLANE('',#8322);
#8322 = AXIS2_PLACEMENT_3D('',#8323,#8324,#8325);
#8323 = CARTESIAN_POINT('',(70.5,197.,47.75));
#8324 = DIRECTION('',(0.,0.,1.));
#8325 = DIRECTION('',(1.,0.,0.));
#8326 = ADVANCED_FACE('',(#8327),#8333,.F.);
#8327 = FACE_BOUND('',#8328,.F.);
#8328 = EDGE_LOOP('',(#8329,#8330,#8331,#8332));
#8329 = ORIENTED_EDGE('',*,*,#8175,.F.);
#8330 = ORIENTED_EDGE('',*,*,#8313,.F.);
#8331 = ORIENTED_EDGE('',*,*,#8044,.T.);
#8332 = ORIENTED_EDGE('',*,*,#8296,.T.);
#8333 = CYLINDRICAL_SURFACE('',#8334,2.25);
#8334 = AXIS2_PLACEMENT_3D('',#8335,#8336,#8337);
#8335 = CARTESIAN_POINT('',(70.5,197.,50.));
#8336 = DIRECTION('',(0.,1.,0.));
#8337 = DIRECTION('',(0.,0.,1.));
#8338 = ADVANCED_FACE('',(#8339),#8350,.F.);
#8339 = FACE_BOUND('',#8340,.F.);
#8340 = EDGE_LOOP('',(#8341,#8342,#8348,#8349));
#8341 = ORIENTED_EDGE('',*,*,#8192,.F.);
#8342 = ORIENTED_EDGE('',*,*,#8343,.F.);
#8343 = EDGE_CURVE('',#8062,#8193,#8344,.T.);
#8344 = LINE('',#8345,#8346);
#8345 = CARTESIAN_POINT('',(90.,197.,57.));
#8346 = VECTOR('',#8347,1.);
#8347 = DIRECTION('',(0.,1.,0.));
#8348 = ORIENTED_EDGE('',*,*,#8061,.T.);
#8349 = ORIENTED_EDGE('',*,*,#8343,.T.);
#8350 = CYLINDRICAL_SURFACE('',#8351,7.);
#8351 = AXIS2_PLACEMENT_3D('',#8352,#8353,#8354);
#8352 = CARTESIAN_POINT('',(90.,197.,50.));
#8353 = DIRECTION('',(0.,1.,0.));
#8354 = DIRECTION('',(0.,0.,1.));
#8355 = ADVANCED_FACE('',(#8356),#8372,.F.);
#8356 = FACE_BOUND('',#8357,.F.);
#8357 = EDGE_LOOP('',(#8358,#8359,#8365,#8366));
#8358 = ORIENTED_EDGE('',*,*,#8203,.F.);
#8359 = ORIENTED_EDGE('',*,*,#8360,.F.);
#8360 = EDGE_CURVE('',#8073,#8204,#8361,.T.);
#8361 = LINE('',#8362,#8363);
#8362 = CARTESIAN_POINT('',(109.5,197.,52.25));
#8363 = VECTOR('',#8364,1.);
#8364 = DIRECTION('',(0.,1.,0.));
#8365 = ORIENTED_EDGE('',*,*,#8072,.T.);
#8366 = ORIENTED_EDGE('',*,*,#8367,.T.);
#8367 = EDGE_CURVE('',#8075,#8206,#8368,.T.);
#8368 = LINE('',#8369,#8370);
#8369 = CARTESIAN_POINT('',(109.5,197.,47.75));
#8370 = VECTOR('',#8371,1.);
#8371 = DIRECTION('',(0.,1.,0.));
#8372 = CYLINDRICAL_SURFACE('',#8373,2.25);
#8373 = AXIS2_PLACEMENT_3D('',#8374,#8375,#8376);
#8374 = CARTESIAN_POINT('',(109.5,197.,50.));
#8375 = DIRECTION('',(0.,1.,0.));
#8376 = DIRECTION('',(0.,0.,1.));
#8377 = ADVANCED_FACE('',(#8378),#8389,.T.);
#8378 = FACE_BOUND('',#8379,.T.);
#8379 = EDGE_LOOP('',(#8380,#8386,#8387,#8388));
#8380 = ORIENTED_EDGE('',*,*,#8381,.F.);
#8381 = EDGE_CURVE('',#8092,#8223,#8382,.T.);
#8382 = LINE('',#8383,#8384);
#8383 = CARTESIAN_POINT('',(107.5,197.,47.75));
#8384 = VECTOR('',#8385,1.);
#8385 = DIRECTION('',(0.,1.,0.));
#8386 = ORIENTED_EDGE('',*,*,#8100,.T.);
#8387 = ORIENTED_EDGE('',*,*,#8367,.T.);
#8388 = ORIENTED_EDGE('',*,*,#8231,.F.);
#8389 = PLANE('',#8390);
#8390 = AXIS2_PLACEMENT_3D('',#8391,#8392,#8393);
#8391 = CARTESIAN_POINT('',(107.5,197.,47.75));
#8392 = DIRECTION('',(0.,0.,1.));
#8393 = DIRECTION('',(1.,0.,0.));
#8394 = ADVANCED_FACE('',(#8395),#8406,.F.);
#8395 = FACE_BOUND('',#8396,.F.);
#8396 = EDGE_LOOP('',(#8397,#8398,#8399,#8400));
#8397 = ORIENTED_EDGE('',*,*,#8222,.F.);
#8398 = ORIENTED_EDGE('',*,*,#8381,.F.);
#8399 = ORIENTED_EDGE('',*,*,#8091,.T.);
#8400 = ORIENTED_EDGE('',*,*,#8401,.T.);
#8401 = EDGE_CURVE('',#8084,#8215,#8402,.T.);
#8402 = LINE('',#8403,#8404);
#8403 = CARTESIAN_POINT('',(107.5,197.,52.25));
#8404 = VECTOR('',#8405,1.);
#8405 = DIRECTION('',(0.,1.,0.));
#8406 = CYLINDRICAL_SURFACE('',#8407,2.25);
#8407 = AXIS2_PLACEMENT_3D('',#8408,#8409,#8410);
#8408 = CARTESIAN_POINT('',(107.5,197.,50.));
#8409 = DIRECTION('',(0.,1.,0.));
#8410 = DIRECTION('',(0.,0.,1.));
#8411 = ADVANCED_FACE('',(#8412),#8418,.F.);
#8412 = FACE_BOUND('',#8413,.F.);
#8413 = EDGE_LOOP('',(#8414,#8415,#8416,#8417));
#8414 = ORIENTED_EDGE('',*,*,#8401,.F.);
#8415 = ORIENTED_EDGE('',*,*,#8083,.T.);
#8416 = ORIENTED_EDGE('',*,*,#8360,.T.);
#8417 = ORIENTED_EDGE('',*,*,#8214,.F.);
#8418 = PLANE('',#8419);
#8419 = AXIS2_PLACEMENT_3D('',#8420,#8421,#8422);
#8420 = CARTESIAN_POINT('',(107.5,197.,52.25));
#8421 = DIRECTION('',(0.,0.,1.));
#8422 = DIRECTION('',(1.,0.,0.));
#8423 = MANIFOLD_SOLID_BREP('',#8424);
#8424 = CLOSED_SHELL('',(#8425,#8465,#8496,#8554,#8578,#8629,#8641,#8663
    ,#8680,#8697));
#8425 = ADVANCED_FACE('',(#8426),#8460,.F.);
#8426 = FACE_BOUND('',#8427,.F.);
#8427 = EDGE_LOOP('',(#8428,#8438,#8446,#8454));
#8428 = ORIENTED_EDGE('',*,*,#8429,.F.);
#8429 = EDGE_CURVE('',#8430,#8432,#8434,.T.);
#8430 = VERTEX_POINT('',#8431);
#8431 = CARTESIAN_POINT('',(30.,50.,105.));
#8432 = VERTEX_POINT('',#8433);
#8433 = CARTESIAN_POINT('',(30.,50.,109.));
#8434 = LINE('',#8435,#8436);
#8435 = CARTESIAN_POINT('',(30.,50.,105.));
#8436 = VECTOR('',#8437,1.);
#8437 = DIRECTION('',(0.,0.,1.));
#8438 = ORIENTED_EDGE('',*,*,#8439,.T.);
#8439 = EDGE_CURVE('',#8430,#8440,#8442,.T.);
#8440 = VERTEX_POINT('',#8441);
#8441 = CARTESIAN_POINT('',(30.,202.,105.));
#8442 = LINE('',#8443,#8444);
#8443 = CARTESIAN_POINT('',(30.,50.,105.));
#8444 = VECTOR('',#8445,1.);
#8445 = DIRECTION('',(0.,1.,0.));
#8446 = ORIENTED_EDGE('',*,*,#8447,.T.);
#8447 = EDGE_CURVE('',#8440,#8448,#8450,.T.);
#8448 = VERTEX_POINT('',#8449);
#8449 = CARTESIAN_POINT('',(30.,202.,109.));
#8450 = LINE('',#8451,#8452);
#8451 = CARTESIAN_POINT('',(30.,202.,105.));
#8452 = VECTOR('',#8453,1.);
#8453 = DIRECTION('',(0.,0.,1.));
#8454 = ORIENTED_EDGE('',*,*,#8455,.F.);
#8455 = EDGE_CURVE('',#8432,#8448,#8456,.T.);
#8456 = LINE('',#8457,#8458);
#8457 = CARTESIAN_POINT('',(30.,50.,109.));
#8458 = VECTOR('',#8459,1.);
#8459 = DIRECTION('',(0.,1.,0.));
#8460 = PLANE('',#8461);
#8461 = AXIS2_PLACEMENT_3D('',#8462,#8463,#8464);
#8462 = CARTESIAN_POINT('',(30.,50.,105.));
#8463 = DIRECTION('',(1.,0.,0.));
#8464 = DIRECTION('',(0.,0.,1.));
#8465 = ADVANCED_FACE('',(#8466),#8491,.F.);
#8466 = FACE_BOUND('',#8467,.F.);
#8467 = EDGE_LOOP('',(#8468,#8476,#8477,#8485));
#8468 = ORIENTED_EDGE('',*,*,#8469,.F.);
#8469 = EDGE_CURVE('',#8430,#8470,#8472,.T.);
#8470 = VERTEX_POINT('',#8471);
#8471 = CARTESIAN_POINT('',(150.,50.,105.));
#8472 = LINE('',#8473,#8474);
#8473 = CARTESIAN_POINT('',(30.,50.,105.));
#8474 = VECTOR('',#8475,1.);
#8475 = DIRECTION('',(1.,0.,0.));
#8476 = ORIENTED_EDGE('',*,*,#8429,.T.);
#8477 = ORIENTED_EDGE('',*,*,#8478,.T.);
#8478 = EDGE_CURVE('',#8432,#8479,#8481,.T.);
#8479 = VERTEX_POINT('',#8480);
#8480 = CARTESIAN_POINT('',(150.,50.,109.));
#8481 = LINE('',#8482,#8483);
#8482 = CARTESIAN_POINT('',(30.,50.,109.));
#8483 = VECTOR('',#8484,1.);
#8484 = DIRECTION('',(1.,0.,0.));
#8485 = ORIENTED_EDGE('',*,*,#8486,.F.);
#8486 = EDGE_CURVE('',#8470,#8479,#8487,.T.);
#8487 = LINE('',#8488,#8489);
#8488 = CARTESIAN_POINT('',(150.,50.,105.));
#8489 = VECTOR('',#8490,1.);
#8490 = DIRECTION('',(0.,0.,1.));
#8491 = PLANE('',#8492);
#8492 = AXIS2_PLACEMENT_3D('',#8493,#8494,#8495);
#8493 = CARTESIAN_POINT('',(30.,50.,105.));
#8494 = DIRECTION('',(0.,1.,0.));
#8495 = DIRECTION('',(0.,0.,1.));
#8496 = ADVANCED_FACE('',(#8497,#8515),#8549,.T.);
#8497 = FACE_BOUND('',#8498,.T.);
#8498 = EDGE_LOOP('',(#8499,#8500,#8501,#8509));
#8499 = ORIENTED_EDGE('',*,*,#8455,.F.);
#8500 = ORIENTED_EDGE('',*,*,#8478,.T.);
#8501 = ORIENTED_EDGE('',*,*,#8502,.T.);
#8502 = EDGE_CURVE('',#8479,#8503,#8505,.T.);
#8503 = VERTEX_POINT('',#8504);
#8504 = CARTESIAN_POINT('',(150.,202.,109.));
#8505 = LINE('',#8506,#8507);
#8506 = CARTESIAN_POINT('',(150.,50.,109.));
#8507 = VECTOR('',#8508,1.);
#8508 = DIRECTION('',(0.,1.,0.));
#8509 = ORIENTED_EDGE('',*,*,#8510,.F.);
#8510 = EDGE_CURVE('',#8448,#8503,#8511,.T.);
#8511 = LINE('',#8512,#8513);
#8512 = CARTESIAN_POINT('',(30.,202.,109.));
#8513 = VECTOR('',#8514,1.);
#8514 = DIRECTION('',(1.,0.,0.));
#8515 = FACE_BOUND('',#8516,.T.);
#8516 = EDGE_LOOP('',(#8517,#8527,#8535,#8543));
#8517 = ORIENTED_EDGE('',*,*,#8518,.T.);
#8518 = EDGE_CURVE('',#8519,#8521,#8523,.T.);
#8519 = VERTEX_POINT('',#8520);
#8520 = CARTESIAN_POINT('',(144.52729317554,83.5,109.));
#8521 = VERTEX_POINT('',#8522);
#8522 = CARTESIAN_POINT('',(101.29063751207,83.5,109.));
#8523 = LINE('',#8524,#8525);
#8524 = CARTESIAN_POINT('',(65.645318756036,83.5,109.));
#8525 = VECTOR('',#8526,1.);
#8526 = DIRECTION('',(-1.,0.,0.));
#8527 = ORIENTED_EDGE('',*,*,#8528,.T.);
#8528 = EDGE_CURVE('',#8521,#8529,#8531,.T.);
#8529 = VERTEX_POINT('',#8530);
#8530 = CARTESIAN_POINT('',(101.29063751207,104.5,109.));
#8531 = LINE('',#8532,#8533);
#8532 = CARTESIAN_POINT('',(101.29063751207,66.75,109.));
#8533 = VECTOR('',#8534,1.);
#8534 = DIRECTION('',(0.,1.,0.));
#8535 = ORIENTED_EDGE('',*,*,#8536,.F.);
#8536 = EDGE_CURVE('',#8537,#8529,#8539,.T.);
#8537 = VERTEX_POINT('',#8538);
#8538 = CARTESIAN_POINT('',(144.52729317554,104.5,109.));
#8539 = LINE('',#8540,#8541);
#8540 = CARTESIAN_POINT('',(65.645318756036,104.5,109.));
#8541 = VECTOR('',#8542,1.);
#8542 = DIRECTION('',(-1.,0.,0.));
#8543 = ORIENTED_EDGE('',*,*,#8544,.F.);
#8544 = EDGE_CURVE('',#8519,#8537,#8545,.T.);
#8545 = LINE('',#8546,#8547);
#8546 = CARTESIAN_POINT('',(144.52729317554,66.75,109.));
#8547 = VECTOR('',#8548,1.);
#8548 = DIRECTION('',(0.,1.,0.));
#8549 = PLANE('',#8550);
#8550 = AXIS2_PLACEMENT_3D('',#8551,#8552,#8553);
#8551 = CARTESIAN_POINT('',(30.,50.,109.));
#8552 = DIRECTION('',(0.,0.,1.));
#8553 = DIRECTION('',(1.,0.,0.));
#8554 = ADVANCED_FACE('',(#8555),#8573,.T.);
#8555 = FACE_BOUND('',#8556,.T.);
#8556 = EDGE_LOOP('',(#8557,#8565,#8566,#8567));
#8557 = ORIENTED_EDGE('',*,*,#8558,.F.);
#8558 = EDGE_CURVE('',#8440,#8559,#8561,.T.);
#8559 = VERTEX_POINT('',#8560);
#8560 = CARTESIAN_POINT('',(150.,202.,105.));
#8561 = LINE('',#8562,#8563);
#8562 = CARTESIAN_POINT('',(30.,202.,105.));
#8563 = VECTOR('',#8564,1.);
#8564 = DIRECTION('',(1.,0.,0.));
#8565 = ORIENTED_EDGE('',*,*,#8447,.T.);
#8566 = ORIENTED_EDGE('',*,*,#8510,.T.);
#8567 = ORIENTED_EDGE('',*,*,#8568,.F.);
#8568 = EDGE_CURVE('',#8559,#8503,#8569,.T.);
#8569 = LINE('',#8570,#8571);
#8570 = CARTESIAN_POINT('',(150.,202.,105.));
#8571 = VECTOR('',#8572,1.);
#8572 = DIRECTION('',(0.,0.,1.));
#8573 = PLANE('',#8574);
#8574 = AXIS2_PLACEMENT_3D('',#8575,#8576,#8577);
#8575 = CARTESIAN_POINT('',(30.,202.,105.));
#8576 = DIRECTION('',(0.,1.,0.));
#8577 = DIRECTION('',(0.,0.,1.));
#8578 = ADVANCED_FACE('',(#8579,#8590),#8624,.F.);
#8579 = FACE_BOUND('',#8580,.F.);
#8580 = EDGE_LOOP('',(#8581,#8582,#8583,#8589));
#8581 = ORIENTED_EDGE('',*,*,#8439,.F.);
#8582 = ORIENTED_EDGE('',*,*,#8469,.T.);
#8583 = ORIENTED_EDGE('',*,*,#8584,.T.);
#8584 = EDGE_CURVE('',#8470,#8559,#8585,.T.);
#8585 = LINE('',#8586,#8587);
#8586 = CARTESIAN_POINT('',(150.,50.,105.));
#8587 = VECTOR('',#8588,1.);
#8588 = DIRECTION('',(0.,1.,0.));
#8589 = ORIENTED_EDGE('',*,*,#8558,.F.);
#8590 = FACE_BOUND('',#8591,.F.);
#8591 = EDGE_LOOP('',(#8592,#8602,#8610,#8618));
#8592 = ORIENTED_EDGE('',*,*,#8593,.T.);
#8593 = EDGE_CURVE('',#8594,#8596,#8598,.T.);
#8594 = VERTEX_POINT('',#8595);
#8595 = CARTESIAN_POINT('',(144.52729317554,83.5,105.));
#8596 = VERTEX_POINT('',#8597);
#8597 = CARTESIAN_POINT('',(101.29063751207,83.5,105.));
#8598 = LINE('',#8599,#8600);
#8599 = CARTESIAN_POINT('',(65.645318756036,83.5,105.));
#8600 = VECTOR('',#8601,1.);
#8601 = DIRECTION('',(-1.,0.,0.));
#8602 = ORIENTED_EDGE('',*,*,#8603,.T.);
#8603 = EDGE_CURVE('',#8596,#8604,#8606,.T.);
#8604 = VERTEX_POINT('',#8605);
#8605 = CARTESIAN_POINT('',(101.29063751207,104.5,105.));
#8606 = LINE('',#8607,#8608);
#8607 = CARTESIAN_POINT('',(101.29063751207,66.75,105.));
#8608 = VECTOR('',#8609,1.);
#8609 = DIRECTION('',(0.,1.,0.));
#8610 = ORIENTED_EDGE('',*,*,#8611,.F.);
#8611 = EDGE_CURVE('',#8612,#8604,#8614,.T.);
#8612 = VERTEX_POINT('',#8613);
#8613 = CARTESIAN_POINT('',(144.52729317554,104.5,105.));
#8614 = LINE('',#8615,#8616);
#8615 = CARTESIAN_POINT('',(65.645318756036,104.5,105.));
#8616 = VECTOR('',#8617,1.);
#8617 = DIRECTION('',(-1.,0.,0.));
#8618 = ORIENTED_EDGE('',*,*,#8619,.F.);
#8619 = EDGE_CURVE('',#8594,#8612,#8620,.T.);
#8620 = LINE('',#8621,#8622);
#8621 = CARTESIAN_POINT('',(144.52729317554,66.75,105.));
#8622 = VECTOR('',#8623,1.);
#8623 = DIRECTION('',(0.,1.,0.));
#8624 = PLANE('',#8625);
#8625 = AXIS2_PLACEMENT_3D('',#8626,#8627,#8628);
#8626 = CARTESIAN_POINT('',(30.,50.,105.));
#8627 = DIRECTION('',(0.,0.,1.));
#8628 = DIRECTION('',(1.,0.,0.));
#8629 = ADVANCED_FACE('',(#8630),#8636,.T.);
#8630 = FACE_BOUND('',#8631,.T.);
#8631 = EDGE_LOOP('',(#8632,#8633,#8634,#8635));
#8632 = ORIENTED_EDGE('',*,*,#8486,.F.);
#8633 = ORIENTED_EDGE('',*,*,#8584,.T.);
#8634 = ORIENTED_EDGE('',*,*,#8568,.T.);
#8635 = ORIENTED_EDGE('',*,*,#8502,.F.);
#8636 = PLANE('',#8637);
#8637 = AXIS2_PLACEMENT_3D('',#8638,#8639,#8640);
#8638 = CARTESIAN_POINT('',(150.,50.,105.));
#8639 = DIRECTION('',(1.,0.,0.));
#8640 = DIRECTION('',(0.,0.,1.));
#8641 = ADVANCED_FACE('',(#8642),#8658,.T.);
#8642 = FACE_BOUND('',#8643,.T.);
#8643 = EDGE_LOOP('',(#8644,#8650,#8651,#8657));
#8644 = ORIENTED_EDGE('',*,*,#8645,.F.);
#8645 = EDGE_CURVE('',#8594,#8519,#8646,.T.);
#8646 = LINE('',#8647,#8648);
#8647 = CARTESIAN_POINT('',(144.52729317554,83.5,104.));
#8648 = VECTOR('',#8649,1.);
#8649 = DIRECTION('',(0.,0.,1.));
#8650 = ORIENTED_EDGE('',*,*,#8593,.T.);
#8651 = ORIENTED_EDGE('',*,*,#8652,.T.);
#8652 = EDGE_CURVE('',#8596,#8521,#8653,.T.);
#8653 = LINE('',#8654,#8655);
#8654 = CARTESIAN_POINT('',(101.29063751207,83.5,104.));
#8655 = VECTOR('',#8656,1.);
#8656 = DIRECTION('',(0.,0.,1.));
#8657 = ORIENTED_EDGE('',*,*,#8518,.F.);
#8658 = PLANE('',#8659);
#8659 = AXIS2_PLACEMENT_3D('',#8660,#8661,#8662);
#8660 = CARTESIAN_POINT('',(101.29063751207,83.5,104.));
#8661 = DIRECTION('',(0.,1.,0.));
#8662 = DIRECTION('',(0.,0.,1.));
#8663 = ADVANCED_FACE('',(#8664),#8675,.F.);
#8664 = FACE_BOUND('',#8665,.F.);
#8665 = EDGE_LOOP('',(#8666,#8667,#8668,#8674));
#8666 = ORIENTED_EDGE('',*,*,#8645,.F.);
#8667 = ORIENTED_EDGE('',*,*,#8619,.T.);
#8668 = ORIENTED_EDGE('',*,*,#8669,.T.);
#8669 = EDGE_CURVE('',#8612,#8537,#8670,.T.);
#8670 = LINE('',#8671,#8672);
#8671 = CARTESIAN_POINT('',(144.52729317554,104.5,104.));
#8672 = VECTOR('',#8673,1.);
#8673 = DIRECTION('',(0.,0.,1.));
#8674 = ORIENTED_EDGE('',*,*,#8544,.F.);
#8675 = PLANE('',#8676);
#8676 = AXIS2_PLACEMENT_3D('',#8677,#8678,#8679);
#8677 = CARTESIAN_POINT('',(144.52729317554,83.5,104.));
#8678 = DIRECTION('',(1.,0.,0.));
#8679 = DIRECTION('',(0.,0.,1.));
#8680 = ADVANCED_FACE('',(#8681),#8692,.F.);
#8681 = FACE_BOUND('',#8682,.F.);
#8682 = EDGE_LOOP('',(#8683,#8684,#8685,#8691));
#8683 = ORIENTED_EDGE('',*,*,#8669,.F.);
#8684 = ORIENTED_EDGE('',*,*,#8611,.T.);
#8685 = ORIENTED_EDGE('',*,*,#8686,.T.);
#8686 = EDGE_CURVE('',#8604,#8529,#8687,.T.);
#8687 = LINE('',#8688,#8689);
#8688 = CARTESIAN_POINT('',(101.29063751207,104.5,104.));
#8689 = VECTOR('',#8690,1.);
#8690 = DIRECTION('',(0.,0.,1.));
#8691 = ORIENTED_EDGE('',*,*,#8536,.F.);
#8692 = PLANE('',#8693);
#8693 = AXIS2_PLACEMENT_3D('',#8694,#8695,#8696);
#8694 = CARTESIAN_POINT('',(101.29063751207,104.5,104.));
#8695 = DIRECTION('',(0.,1.,0.));
#8696 = DIRECTION('',(0.,0.,1.));
#8697 = ADVANCED_FACE('',(#8698),#8704,.T.);
#8698 = FACE_BOUND('',#8699,.T.);
#8699 = EDGE_LOOP('',(#8700,#8701,#8702,#8703));
#8700 = ORIENTED_EDGE('',*,*,#8652,.F.);
#8701 = ORIENTED_EDGE('',*,*,#8603,.T.);
#8702 = ORIENTED_EDGE('',*,*,#8686,.T.);
#8703 = ORIENTED_EDGE('',*,*,#8528,.F.);
#8704 = PLANE('',#8705);
#8705 = AXIS2_PLACEMENT_3D('',#8706,#8707,#8708);
#8706 = CARTESIAN_POINT('',(101.29063751207,83.5,104.));
#8707 = DIRECTION('',(1.,0.,0.));
#8708 = DIRECTION('',(0.,0.,1.));
#8709 = MANIFOLD_SOLID_BREP('',#8710);
#8710 = CLOSED_SHELL('',(#8711,#8848,#8879,#8921,#8943,#8974,#9005,#9036
    ,#9056,#9078,#9109,#9140,#9165,#9189,#9225,#9260,#9296,#9331));
#8711 = ADVANCED_FACE('',(#8712),#8843,.T.);
#8712 = FACE_BOUND('',#8713,.T.);
#8713 = EDGE_LOOP('',(#8714,#8724,#8731,#8732,#8741,#8749,#8758,#8767,
    #8776,#8784,#8793,#8801,#8810,#8819,#8828,#8836));
#8714 = ORIENTED_EDGE('',*,*,#8715,.T.);
#8715 = EDGE_CURVE('',#8716,#8718,#8720,.T.);
#8716 = VERTEX_POINT('',#8717);
#8717 = CARTESIAN_POINT('',(90.,109.,63.5));
#8718 = VERTEX_POINT('',#8719);
#8719 = CARTESIAN_POINT('',(90.,121.,63.5));
#8720 = LINE('',#8721,#8722);
#8721 = CARTESIAN_POINT('',(90.,109.,63.5));
#8722 = VECTOR('',#8723,1.);
#8723 = DIRECTION('',(0.,1.,0.));
#8724 = ORIENTED_EDGE('',*,*,#8725,.F.);
#8725 = EDGE_CURVE('',#8718,#8718,#8726,.T.);
#8726 = CIRCLE('',#8727,13.5);
#8727 = AXIS2_PLACEMENT_3D('',#8728,#8729,#8730);
#8728 = CARTESIAN_POINT('',(90.,121.,50.));
#8729 = DIRECTION('',(0.,1.,0.));
#8730 = DIRECTION('',(0.,0.,1.));
#8731 = ORIENTED_EDGE('',*,*,#8715,.F.);
#8732 = ORIENTED_EDGE('',*,*,#8733,.T.);
#8733 = EDGE_CURVE('',#8716,#8734,#8736,.T.);
#8734 = VERTEX_POINT('',#8735);
#8735 = CARTESIAN_POINT('',(99.591663046625,109.,59.5));
#8736 = CIRCLE('',#8737,13.5);
#8737 = AXIS2_PLACEMENT_3D('',#8738,#8739,#8740);
#8738 = CARTESIAN_POINT('',(90.,109.,50.));
#8739 = DIRECTION('',(0.,1.,0.));
#8740 = DIRECTION('',(0.,0.,1.));
#8741 = ORIENTED_EDGE('',*,*,#8742,.T.);
#8742 = EDGE_CURVE('',#8734,#8743,#8745,.T.);
#8743 = VERTEX_POINT('',#8744);
#8744 = CARTESIAN_POINT('',(99.591663046625,113.,59.5));
#8745 = LINE('',#8746,#8747);
#8746 = CARTESIAN_POINT('',(99.591663046625,109.,59.5));
#8747 = VECTOR('',#8748,1.);
#8748 = DIRECTION('',(0.,1.,0.));
#8749 = ORIENTED_EDGE('',*,*,#8750,.T.);
#8750 = EDGE_CURVE('',#8743,#8751,#8753,.T.);
#8751 = VERTEX_POINT('',#8752);
#8752 = CARTESIAN_POINT('',(103.3581081081,113.,51.952164893675));
#8753 = CIRCLE('',#8754,13.5);
#8754 = AXIS2_PLACEMENT_3D('',#8755,#8756,#8757);
#8755 = CARTESIAN_POINT('',(90.,113.,50.));
#8756 = DIRECTION('',(0.,1.,0.));
#8757 = DIRECTION('',(0.,0.,1.));
#8758 = ORIENTED_EDGE('',*,*,#8759,.T.);
#8759 = EDGE_CURVE('',#8751,#8760,#8762,.T.);
#8760 = VERTEX_POINT('',#8761);
#8761 = CARTESIAN_POINT('',(103.3581081081,113.,48.047835106325));
#8762 = CIRCLE('',#8763,13.5);
#8763 = AXIS2_PLACEMENT_3D('',#8764,#8765,#8766);
#8764 = CARTESIAN_POINT('',(90.,113.,50.));
#8765 = DIRECTION('',(0.,1.,0.));
#8766 = DIRECTION('',(0.,0.,1.));
#8767 = ORIENTED_EDGE('',*,*,#8768,.T.);
#8768 = EDGE_CURVE('',#8760,#8769,#8771,.T.);
#8769 = VERTEX_POINT('',#8770);
#8770 = CARTESIAN_POINT('',(99.591663046625,113.,40.5));
#8771 = CIRCLE('',#8772,13.5);
#8772 = AXIS2_PLACEMENT_3D('',#8773,#8774,#8775);
#8773 = CARTESIAN_POINT('',(90.,113.,50.));
#8774 = DIRECTION('',(0.,1.,0.));
#8775 = DIRECTION('',(0.,0.,1.));
#8776 = ORIENTED_EDGE('',*,*,#8777,.F.);
#8777 = EDGE_CURVE('',#8778,#8769,#8780,.T.);
#8778 = VERTEX_POINT('',#8779);
#8779 = CARTESIAN_POINT('',(99.591663046625,109.,40.5));
#8780 = LINE('',#8781,#8782);
#8781 = CARTESIAN_POINT('',(99.591663046625,109.,40.5));
#8782 = VECTOR('',#8783,1.);
#8783 = DIRECTION('',(0.,1.,0.));
#8784 = ORIENTED_EDGE('',*,*,#8785,.T.);
#8785 = EDGE_CURVE('',#8778,#8786,#8788,.T.);
#8786 = VERTEX_POINT('',#8787);
#8787 = CARTESIAN_POINT('',(80.408336953375,109.,40.5));
#8788 = CIRCLE('',#8789,13.5);
#8789 = AXIS2_PLACEMENT_3D('',#8790,#8791,#8792);
#8790 = CARTESIAN_POINT('',(90.,109.,50.));
#8791 = DIRECTION('',(0.,1.,0.));
#8792 = DIRECTION('',(0.,0.,1.));
#8793 = ORIENTED_EDGE('',*,*,#8794,.T.);
#8794 = EDGE_CURVE('',#8786,#8795,#8797,.T.);
#8795 = VERTEX_POINT('',#8796);
#8796 = CARTESIAN_POINT('',(80.408336953375,113.,40.5));
#8797 = LINE('',#8798,#8799);
#8798 = CARTESIAN_POINT('',(80.408336953375,109.,40.5));
#8799 = VECTOR('',#8800,1.);
#8800 = DIRECTION('',(0.,1.,0.));
#8801 = ORIENTED_EDGE('',*,*,#8802,.T.);
#8802 = EDGE_CURVE('',#8795,#8803,#8805,.T.);
#8803 = VERTEX_POINT('',#8804);
#8804 = CARTESIAN_POINT('',(76.641891891892,113.,48.047835106325));
#8805 = CIRCLE('',#8806,13.5);
#8806 = AXIS2_PLACEMENT_3D('',#8807,#8808,#8809);
#8807 = CARTESIAN_POINT('',(90.,113.,50.));
#8808 = DIRECTION('',(0.,1.,0.));
#8809 = DIRECTION('',(0.,0.,1.));
#8810 = ORIENTED_EDGE('',*,*,#8811,.T.);
#8811 = EDGE_CURVE('',#8803,#8812,#8814,.T.);
#8812 = VERTEX_POINT('',#8813);
#8813 = CARTESIAN_POINT('',(76.641891891892,113.,51.952164893675));
#8814 = CIRCLE('',#8815,13.5);
#8815 = AXIS2_PLACEMENT_3D('',#8816,#8817,#8818);
#8816 = CARTESIAN_POINT('',(90.,113.,50.));
#8817 = DIRECTION('',(0.,1.,0.));
#8818 = DIRECTION('',(0.,0.,1.));
#8819 = ORIENTED_EDGE('',*,*,#8820,.T.);
#8820 = EDGE_CURVE('',#8812,#8821,#8823,.T.);
#8821 = VERTEX_POINT('',#8822);
#8822 = CARTESIAN_POINT('',(80.408336953375,113.,59.5));
#8823 = CIRCLE('',#8824,13.5);
#8824 = AXIS2_PLACEMENT_3D('',#8825,#8826,#8827);
#8825 = CARTESIAN_POINT('',(90.,113.,50.));
#8826 = DIRECTION('',(0.,1.,0.));
#8827 = DIRECTION('',(0.,0.,1.));
#8828 = ORIENTED_EDGE('',*,*,#8829,.F.);
#8829 = EDGE_CURVE('',#8830,#8821,#8832,.T.);
#8830 = VERTEX_POINT('',#8831);
#8831 = CARTESIAN_POINT('',(80.408336953375,109.,59.5));
#8832 = LINE('',#8833,#8834);
#8833 = CARTESIAN_POINT('',(80.408336953375,109.,59.5));
#8834 = VECTOR('',#8835,1.);
#8835 = DIRECTION('',(0.,1.,0.));
#8836 = ORIENTED_EDGE('',*,*,#8837,.T.);
#8837 = EDGE_CURVE('',#8830,#8716,#8838,.T.);
#8838 = CIRCLE('',#8839,13.5);
#8839 = AXIS2_PLACEMENT_3D('',#8840,#8841,#8842);
#8840 = CARTESIAN_POINT('',(90.,109.,50.));
#8841 = DIRECTION('',(0.,1.,0.));
#8842 = DIRECTION('',(0.,0.,1.));
#8843 = CYLINDRICAL_SURFACE('',#8844,13.5);
#8844 = AXIS2_PLACEMENT_3D('',#8845,#8846,#8847);
#8845 = CARTESIAN_POINT('',(90.,109.,50.));
#8846 = DIRECTION('',(0.,1.,0.));
#8847 = DIRECTION('',(0.,0.,1.));
#8848 = ADVANCED_FACE('',(#8849),#8874,.F.);
#8849 = FACE_BOUND('',#8850,.F.);
#8850 = EDGE_LOOP('',(#8851,#8859,#8867,#8873));
#8851 = ORIENTED_EDGE('',*,*,#8852,.F.);
#8852 = EDGE_CURVE('',#8853,#8795,#8855,.T.);
#8853 = VERTEX_POINT('',#8854);
#8854 = CARTESIAN_POINT('',(71.5,113.,40.5));
#8855 = LINE('',#8856,#8857);
#8856 = CARTESIAN_POINT('',(71.5,113.,40.5));
#8857 = VECTOR('',#8858,1.);
#8858 = DIRECTION('',(1.,0.,0.));
#8859 = ORIENTED_EDGE('',*,*,#8860,.F.);
#8860 = EDGE_CURVE('',#8861,#8853,#8863,.T.);
#8861 = VERTEX_POINT('',#8862);
#8862 = CARTESIAN_POINT('',(71.5,109.,40.5));
#8863 = LINE('',#8864,#8865);
#8864 = CARTESIAN_POINT('',(71.5,109.,40.5));
#8865 = VECTOR('',#8866,1.);
#8866 = DIRECTION('',(0.,1.,0.));
#8867 = ORIENTED_EDGE('',*,*,#8868,.T.);
#8868 = EDGE_CURVE('',#8861,#8786,#8869,.T.);
#8869 = LINE('',#8870,#8871);
#8870 = CARTESIAN_POINT('',(71.5,109.,40.5));
#8871 = VECTOR('',#8872,1.);
#8872 = DIRECTION('',(1.,0.,0.));
#8873 = ORIENTED_EDGE('',*,*,#8794,.T.);
#8874 = PLANE('',#8875);
#8875 = AXIS2_PLACEMENT_3D('',#8876,#8877,#8878);
#8876 = CARTESIAN_POINT('',(71.5,109.,40.5));
#8877 = DIRECTION('',(0.,0.,1.));
#8878 = DIRECTION('',(1.,0.,0.));
#8879 = ADVANCED_FACE('',(#8880),#8916,.T.);
#8880 = FACE_BOUND('',#8881,.T.);
#8881 = EDGE_LOOP('',(#8882,#8892,#8901,#8909));
#8882 = ORIENTED_EDGE('',*,*,#8883,.T.);
#8883 = EDGE_CURVE('',#8884,#8886,#8888,.T.);
#8884 = VERTEX_POINT('',#8885);
#8885 = CARTESIAN_POINT('',(71.5,109.,55.5));
#8886 = VERTEX_POINT('',#8887);
#8887 = CARTESIAN_POINT('',(71.5,113.,55.5));
#8888 = LINE('',#8889,#8890);
#8889 = CARTESIAN_POINT('',(71.5,109.,55.5));
#8890 = VECTOR('',#8891,1.);
#8891 = DIRECTION('',(0.,1.,0.));
#8892 = ORIENTED_EDGE('',*,*,#8893,.F.);
#8893 = EDGE_CURVE('',#8894,#8886,#8896,.T.);
#8894 = VERTEX_POINT('',#8895);
#8895 = CARTESIAN_POINT('',(71.5,113.,44.5));
#8896 = CIRCLE('',#8897,5.5);
#8897 = AXIS2_PLACEMENT_3D('',#8898,#8899,#8900);
#8898 = CARTESIAN_POINT('',(71.5,113.,50.));
#8899 = DIRECTION('',(0.,1.,0.));
#8900 = DIRECTION('',(0.,0.,1.));
#8901 = ORIENTED_EDGE('',*,*,#8902,.F.);
#8902 = EDGE_CURVE('',#8903,#8894,#8905,.T.);
#8903 = VERTEX_POINT('',#8904);
#8904 = CARTESIAN_POINT('',(71.5,109.,44.5));
#8905 = LINE('',#8906,#8907);
#8906 = CARTESIAN_POINT('',(71.5,109.,44.5));
#8907 = VECTOR('',#8908,1.);
#8908 = DIRECTION('',(0.,1.,0.));
#8909 = ORIENTED_EDGE('',*,*,#8910,.T.);
#8910 = EDGE_CURVE('',#8903,#8884,#8911,.T.);
#8911 = CIRCLE('',#8912,5.5);
#8912 = AXIS2_PLACEMENT_3D('',#8913,#8914,#8915);
#8913 = CARTESIAN_POINT('',(71.5,109.,50.));
#8914 = DIRECTION('',(0.,1.,0.));
#8915 = DIRECTION('',(0.,0.,1.));
#8916 = CYLINDRICAL_SURFACE('',#8917,5.5);
#8917 = AXIS2_PLACEMENT_3D('',#8918,#8919,#8920);
#8918 = CARTESIAN_POINT('',(71.5,109.,50.));
#8919 = DIRECTION('',(0.,1.,0.));
#8920 = DIRECTION('',(0.,0.,1.));
#8921 = ADVANCED_FACE('',(#8922),#8938,.F.);
#8922 = FACE_BOUND('',#8923,.F.);
#8923 = EDGE_LOOP('',(#8924,#8925,#8931,#8932));
#8924 = ORIENTED_EDGE('',*,*,#8902,.F.);
#8925 = ORIENTED_EDGE('',*,*,#8926,.F.);
#8926 = EDGE_CURVE('',#8861,#8903,#8927,.T.);
#8927 = LINE('',#8928,#8929);
#8928 = CARTESIAN_POINT('',(71.5,109.,40.5));
#8929 = VECTOR('',#8930,1.);
#8930 = DIRECTION('',(0.,0.,1.));
#8931 = ORIENTED_EDGE('',*,*,#8860,.T.);
#8932 = ORIENTED_EDGE('',*,*,#8933,.T.);
#8933 = EDGE_CURVE('',#8853,#8894,#8934,.T.);
#8934 = LINE('',#8935,#8936);
#8935 = CARTESIAN_POINT('',(71.5,113.,40.5));
#8936 = VECTOR('',#8937,1.);
#8937 = DIRECTION('',(0.,0.,1.));
#8938 = PLANE('',#8939);
#8939 = AXIS2_PLACEMENT_3D('',#8940,#8941,#8942);
#8940 = CARTESIAN_POINT('',(71.5,109.,40.5));
#8941 = DIRECTION('',(1.,0.,0.));
#8942 = DIRECTION('',(0.,0.,1.));
#8943 = ADVANCED_FACE('',(#8944),#8969,.T.);
#8944 = FACE_BOUND('',#8945,.T.);
#8945 = EDGE_LOOP('',(#8946,#8954,#8962,#8968));
#8946 = ORIENTED_EDGE('',*,*,#8947,.F.);
#8947 = EDGE_CURVE('',#8948,#8821,#8950,.T.);
#8948 = VERTEX_POINT('',#8949);
#8949 = CARTESIAN_POINT('',(71.5,113.,59.5));
#8950 = LINE('',#8951,#8952);
#8951 = CARTESIAN_POINT('',(71.5,113.,59.5));
#8952 = VECTOR('',#8953,1.);
#8953 = DIRECTION('',(1.,0.,0.));
#8954 = ORIENTED_EDGE('',*,*,#8955,.F.);
#8955 = EDGE_CURVE('',#8956,#8948,#8958,.T.);
#8956 = VERTEX_POINT('',#8957);
#8957 = CARTESIAN_POINT('',(71.5,109.,59.5));
#8958 = LINE('',#8959,#8960);
#8959 = CARTESIAN_POINT('',(71.5,109.,59.5));
#8960 = VECTOR('',#8961,1.);
#8961 = DIRECTION('',(0.,1.,0.));
#8962 = ORIENTED_EDGE('',*,*,#8963,.T.);
#8963 = EDGE_CURVE('',#8956,#8830,#8964,.T.);
#8964 = LINE('',#8965,#8966);
#8965 = CARTESIAN_POINT('',(71.5,109.,59.5));
#8966 = VECTOR('',#8967,1.);
#8967 = DIRECTION('',(1.,0.,0.));
#8968 = ORIENTED_EDGE('',*,*,#8829,.T.);
#8969 = PLANE('',#8970);
#8970 = AXIS2_PLACEMENT_3D('',#8971,#8972,#8973);
#8971 = CARTESIAN_POINT('',(71.5,109.,59.5));
#8972 = DIRECTION('',(0.,0.,1.));
#8973 = DIRECTION('',(1.,0.,0.));
#8974 = ADVANCED_FACE('',(#8975),#9000,.F.);
#8975 = FACE_BOUND('',#8976,.F.);
#8976 = EDGE_LOOP('',(#8977,#8985,#8986,#8994));
#8977 = ORIENTED_EDGE('',*,*,#8978,.F.);
#8978 = EDGE_CURVE('',#8769,#8979,#8981,.T.);
#8979 = VERTEX_POINT('',#8980);
#8980 = CARTESIAN_POINT('',(108.5,113.,40.5));
#8981 = LINE('',#8982,#8983);
#8982 = CARTESIAN_POINT('',(71.5,113.,40.5));
#8983 = VECTOR('',#8984,1.);
#8984 = DIRECTION('',(1.,0.,0.));
#8985 = ORIENTED_EDGE('',*,*,#8777,.F.);
#8986 = ORIENTED_EDGE('',*,*,#8987,.T.);
#8987 = EDGE_CURVE('',#8778,#8988,#8990,.T.);
#8988 = VERTEX_POINT('',#8989);
#8989 = CARTESIAN_POINT('',(108.5,109.,40.5));
#8990 = LINE('',#8991,#8992);
#8991 = CARTESIAN_POINT('',(71.5,109.,40.5));
#8992 = VECTOR('',#8993,1.);
#8993 = DIRECTION('',(1.,0.,0.));
#8994 = ORIENTED_EDGE('',*,*,#8995,.T.);
#8995 = EDGE_CURVE('',#8988,#8979,#8996,.T.);
#8996 = LINE('',#8997,#8998);
#8997 = CARTESIAN_POINT('',(108.5,109.,40.5));
#8998 = VECTOR('',#8999,1.);
#8999 = DIRECTION('',(0.,1.,0.));
#9000 = PLANE('',#9001);
#9001 = AXIS2_PLACEMENT_3D('',#9002,#9003,#9004);
#9002 = CARTESIAN_POINT('',(71.5,109.,40.5));
#9003 = DIRECTION('',(0.,0.,1.));
#9004 = DIRECTION('',(1.,0.,0.));
#9005 = ADVANCED_FACE('',(#9006),#9031,.T.);
#9006 = FACE_BOUND('',#9007,.T.);
#9007 = EDGE_LOOP('',(#9008,#9016,#9017,#9025));
#9008 = ORIENTED_EDGE('',*,*,#9009,.F.);
#9009 = EDGE_CURVE('',#8743,#9010,#9012,.T.);
#9010 = VERTEX_POINT('',#9011);
#9011 = CARTESIAN_POINT('',(108.5,113.,59.5));
#9012 = LINE('',#9013,#9014);
#9013 = CARTESIAN_POINT('',(71.5,113.,59.5));
#9014 = VECTOR('',#9015,1.);
#9015 = DIRECTION('',(1.,0.,0.));
#9016 = ORIENTED_EDGE('',*,*,#8742,.F.);
#9017 = ORIENTED_EDGE('',*,*,#9018,.T.);
#9018 = EDGE_CURVE('',#8734,#9019,#9021,.T.);
#9019 = VERTEX_POINT('',#9020);
#9020 = CARTESIAN_POINT('',(108.5,109.,59.5));
#9021 = LINE('',#9022,#9023);
#9022 = CARTESIAN_POINT('',(71.5,109.,59.5));
#9023 = VECTOR('',#9024,1.);
#9024 = DIRECTION('',(1.,0.,0.));
#9025 = ORIENTED_EDGE('',*,*,#9026,.T.);
#9026 = EDGE_CURVE('',#9019,#9010,#9027,.T.);
#9027 = LINE('',#9028,#9029);
#9028 = CARTESIAN_POINT('',(108.5,109.,59.5));
#9029 = VECTOR('',#9030,1.);
#9030 = DIRECTION('',(0.,1.,0.));
#9031 = PLANE('',#9032);
#9032 = AXIS2_PLACEMENT_3D('',#9033,#9034,#9035);
#9033 = CARTESIAN_POINT('',(71.5,109.,59.5));
#9034 = DIRECTION('',(0.,0.,1.));
#9035 = DIRECTION('',(1.,0.,0.));
#9036 = ADVANCED_FACE('',(#9037,#9040),#9051,.T.);
#9037 = FACE_BOUND('',#9038,.T.);
#9038 = EDGE_LOOP('',(#9039));
#9039 = ORIENTED_EDGE('',*,*,#8725,.T.);
#9040 = FACE_BOUND('',#9041,.T.);
#9041 = EDGE_LOOP('',(#9042));
#9042 = ORIENTED_EDGE('',*,*,#9043,.F.);
#9043 = EDGE_CURVE('',#9044,#9044,#9046,.T.);
#9044 = VERTEX_POINT('',#9045);
#9045 = CARTESIAN_POINT('',(90.,121.,54.));
#9046 = CIRCLE('',#9047,4.);
#9047 = AXIS2_PLACEMENT_3D('',#9048,#9049,#9050);
#9048 = CARTESIAN_POINT('',(90.,121.,50.));
#9049 = DIRECTION('',(0.,1.,0.));
#9050 = DIRECTION('',(0.,0.,1.));
#9051 = PLANE('',#9052);
#9052 = AXIS2_PLACEMENT_3D('',#9053,#9054,#9055);
#9053 = CARTESIAN_POINT('',(90.,121.,50.));
#9054 = DIRECTION('',(0.,1.,0.));
#9055 = DIRECTION('',(0.,0.,1.));
#9056 = ADVANCED_FACE('',(#9057),#9073,.F.);
#9057 = FACE_BOUND('',#9058,.F.);
#9058 = EDGE_LOOP('',(#9059,#9065,#9066,#9072));
#9059 = ORIENTED_EDGE('',*,*,#9060,.F.);
#9060 = EDGE_CURVE('',#8884,#8956,#9061,.T.);
#9061 = LINE('',#9062,#9063);
#9062 = CARTESIAN_POINT('',(71.5,109.,40.5));
#9063 = VECTOR('',#9064,1.);
#9064 = DIRECTION('',(0.,0.,1.));
#9065 = ORIENTED_EDGE('',*,*,#8883,.T.);
#9066 = ORIENTED_EDGE('',*,*,#9067,.T.);
#9067 = EDGE_CURVE('',#8886,#8948,#9068,.T.);
#9068 = LINE('',#9069,#9070);
#9069 = CARTESIAN_POINT('',(71.5,113.,40.5));
#9070 = VECTOR('',#9071,1.);
#9071 = DIRECTION('',(0.,0.,1.));
#9072 = ORIENTED_EDGE('',*,*,#8955,.F.);
#9073 = PLANE('',#9074);
#9074 = AXIS2_PLACEMENT_3D('',#9075,#9076,#9077);
#9075 = CARTESIAN_POINT('',(71.5,109.,40.5));
#9076 = DIRECTION('',(1.,0.,0.));
#9077 = DIRECTION('',(0.,0.,1.));
#9078 = ADVANCED_FACE('',(#9079),#9104,.T.);
#9079 = FACE_BOUND('',#9080,.T.);
#9080 = EDGE_LOOP('',(#9081,#9091,#9097,#9098));
#9081 = ORIENTED_EDGE('',*,*,#9082,.F.);
#9082 = EDGE_CURVE('',#9083,#9085,#9087,.T.);
#9083 = VERTEX_POINT('',#9084);
#9084 = CARTESIAN_POINT('',(108.5,109.,44.5));
#9085 = VERTEX_POINT('',#9086);
#9086 = CARTESIAN_POINT('',(108.5,113.,44.5));
#9087 = LINE('',#9088,#9089);
#9088 = CARTESIAN_POINT('',(108.5,109.,44.5));
#9089 = VECTOR('',#9090,1.);
#9090 = DIRECTION('',(0.,1.,0.));
#9091 = ORIENTED_EDGE('',*,*,#9092,.F.);
#9092 = EDGE_CURVE('',#8988,#9083,#9093,.T.);
#9093 = LINE('',#9094,#9095);
#9094 = CARTESIAN_POINT('',(108.5,109.,40.5));
#9095 = VECTOR('',#9096,1.);
#9096 = DIRECTION('',(0.,0.,1.));
#9097 = ORIENTED_EDGE('',*,*,#8995,.T.);
#9098 = ORIENTED_EDGE('',*,*,#9099,.T.);
#9099 = EDGE_CURVE('',#8979,#9085,#9100,.T.);
#9100 = LINE('',#9101,#9102);
#9101 = CARTESIAN_POINT('',(108.5,113.,40.5));
#9102 = VECTOR('',#9103,1.);
#9103 = DIRECTION('',(0.,0.,1.));
#9104 = PLANE('',#9105);
#9105 = AXIS2_PLACEMENT_3D('',#9106,#9107,#9108);
#9106 = CARTESIAN_POINT('',(108.5,109.,40.5));
#9107 = DIRECTION('',(1.,0.,0.));
#9108 = DIRECTION('',(0.,0.,1.));
#9109 = ADVANCED_FACE('',(#9110),#9135,.T.);
#9110 = FACE_BOUND('',#9111,.T.);
#9111 = EDGE_LOOP('',(#9112,#9120,#9128,#9134));
#9112 = ORIENTED_EDGE('',*,*,#9113,.F.);
#9113 = EDGE_CURVE('',#9114,#9019,#9116,.T.);
#9114 = VERTEX_POINT('',#9115);
#9115 = CARTESIAN_POINT('',(108.5,109.,55.5));
#9116 = LINE('',#9117,#9118);
#9117 = CARTESIAN_POINT('',(108.5,109.,40.5));
#9118 = VECTOR('',#9119,1.);
#9119 = DIRECTION('',(0.,0.,1.));
#9120 = ORIENTED_EDGE('',*,*,#9121,.T.);
#9121 = EDGE_CURVE('',#9114,#9122,#9124,.T.);
#9122 = VERTEX_POINT('',#9123);
#9123 = CARTESIAN_POINT('',(108.5,113.,55.5));
#9124 = LINE('',#9125,#9126);
#9125 = CARTESIAN_POINT('',(108.5,109.,55.5));
#9126 = VECTOR('',#9127,1.);
#9127 = DIRECTION('',(0.,1.,0.));
#9128 = ORIENTED_EDGE('',*,*,#9129,.T.);
#9129 = EDGE_CURVE('',#9122,#9010,#9130,.T.);
#9130 = LINE('',#9131,#9132);
#9131 = CARTESIAN_POINT('',(108.5,113.,40.5));
#9132 = VECTOR('',#9133,1.);
#9133 = DIRECTION('',(0.,0.,1.));
#9134 = ORIENTED_EDGE('',*,*,#9026,.F.);
#9135 = PLANE('',#9136);
#9136 = AXIS2_PLACEMENT_3D('',#9137,#9138,#9139);
#9137 = CARTESIAN_POINT('',(108.5,109.,40.5));
#9138 = DIRECTION('',(1.,0.,0.));
#9139 = DIRECTION('',(0.,0.,1.));
#9140 = ADVANCED_FACE('',(#9141),#9160,.F.);
#9141 = FACE_BOUND('',#9142,.F.);
#9142 = EDGE_LOOP('',(#9143,#9144,#9152,#9159));
#9143 = ORIENTED_EDGE('',*,*,#9043,.F.);
#9144 = ORIENTED_EDGE('',*,*,#9145,.F.);
#9145 = EDGE_CURVE('',#9146,#9044,#9148,.T.);
#9146 = VERTEX_POINT('',#9147);
#9147 = CARTESIAN_POINT('',(90.,109.,54.));
#9148 = LINE('',#9149,#9150);
#9149 = CARTESIAN_POINT('',(90.,108.,54.));
#9150 = VECTOR('',#9151,1.);
#9151 = DIRECTION('',(0.,1.,0.));
#9152 = ORIENTED_EDGE('',*,*,#9153,.T.);
#9153 = EDGE_CURVE('',#9146,#9146,#9154,.T.);
#9154 = CIRCLE('',#9155,4.);
#9155 = AXIS2_PLACEMENT_3D('',#9156,#9157,#9158);
#9156 = CARTESIAN_POINT('',(90.,109.,50.));
#9157 = DIRECTION('',(0.,1.,0.));
#9158 = DIRECTION('',(0.,0.,1.));
#9159 = ORIENTED_EDGE('',*,*,#9145,.T.);
#9160 = CYLINDRICAL_SURFACE('',#9161,4.);
#9161 = AXIS2_PLACEMENT_3D('',#9162,#9163,#9164);
#9162 = CARTESIAN_POINT('',(90.,108.,50.));
#9163 = DIRECTION('',(0.,1.,0.));
#9164 = DIRECTION('',(0.,0.,1.));
#9165 = ADVANCED_FACE('',(#9166),#9184,.T.);
#9166 = FACE_BOUND('',#9167,.T.);
#9167 = EDGE_LOOP('',(#9168,#9175,#9176,#9183));
#9168 = ORIENTED_EDGE('',*,*,#9169,.F.);
#9169 = EDGE_CURVE('',#9122,#9085,#9170,.T.);
#9170 = CIRCLE('',#9171,5.5);
#9171 = AXIS2_PLACEMENT_3D('',#9172,#9173,#9174);
#9172 = CARTESIAN_POINT('',(108.5,113.,50.));
#9173 = DIRECTION('',(0.,1.,0.));
#9174 = DIRECTION('',(0.,0.,1.));
#9175 = ORIENTED_EDGE('',*,*,#9121,.F.);
#9176 = ORIENTED_EDGE('',*,*,#9177,.T.);
#9177 = EDGE_CURVE('',#9114,#9083,#9178,.T.);
#9178 = CIRCLE('',#9179,5.5);
#9179 = AXIS2_PLACEMENT_3D('',#9180,#9181,#9182);
#9180 = CARTESIAN_POINT('',(108.5,109.,50.));
#9181 = DIRECTION('',(0.,1.,0.));
#9182 = DIRECTION('',(0.,0.,1.));
#9183 = ORIENTED_EDGE('',*,*,#9082,.T.);
#9184 = CYLINDRICAL_SURFACE('',#9185,5.5);
#9185 = AXIS2_PLACEMENT_3D('',#9186,#9187,#9188);
#9186 = CARTESIAN_POINT('',(108.5,109.,50.));
#9187 = DIRECTION('',(0.,1.,0.));
#9188 = DIRECTION('',(0.,0.,1.));
#9189 = ADVANCED_FACE('',(#9190,#9200),#9220,.T.);
#9190 = FACE_BOUND('',#9191,.T.);
#9191 = EDGE_LOOP('',(#9192,#9193,#9194,#9195,#9196,#9197,#9198,#9199));
#9192 = ORIENTED_EDGE('',*,*,#8811,.F.);
#9193 = ORIENTED_EDGE('',*,*,#8802,.F.);
#9194 = ORIENTED_EDGE('',*,*,#8852,.F.);
#9195 = ORIENTED_EDGE('',*,*,#8933,.T.);
#9196 = ORIENTED_EDGE('',*,*,#8893,.T.);
#9197 = ORIENTED_EDGE('',*,*,#9067,.T.);
#9198 = ORIENTED_EDGE('',*,*,#8947,.T.);
#9199 = ORIENTED_EDGE('',*,*,#8820,.F.);
#9200 = FACE_BOUND('',#9201,.T.);
#9201 = EDGE_LOOP('',(#9202,#9213));
#9202 = ORIENTED_EDGE('',*,*,#9203,.F.);
#9203 = EDGE_CURVE('',#9204,#9206,#9208,.T.);
#9204 = VERTEX_POINT('',#9205);
#9205 = CARTESIAN_POINT('',(71.5,113.,52.25));
#9206 = VERTEX_POINT('',#9207);
#9207 = CARTESIAN_POINT('',(71.5,113.,47.75));
#9208 = CIRCLE('',#9209,2.25);
#9209 = AXIS2_PLACEMENT_3D('',#9210,#9211,#9212);
#9210 = CARTESIAN_POINT('',(71.5,113.,50.));
#9211 = DIRECTION('',(0.,1.,0.));
#9212 = DIRECTION('',(0.,0.,1.));
#9213 = ORIENTED_EDGE('',*,*,#9214,.F.);
#9214 = EDGE_CURVE('',#9206,#9204,#9215,.T.);
#9215 = CIRCLE('',#9216,2.25);
#9216 = AXIS2_PLACEMENT_3D('',#9217,#9218,#9219);
#9217 = CARTESIAN_POINT('',(71.5,113.,50.));
#9218 = DIRECTION('',(0.,1.,0.));
#9219 = DIRECTION('',(0.,0.,1.));
#9220 = PLANE('',#9221);
#9221 = AXIS2_PLACEMENT_3D('',#9222,#9223,#9224);
#9222 = CARTESIAN_POINT('',(74.040346922418,113.,50.));
#9223 = DIRECTION('',(0.,1.,0.));
#9224 = DIRECTION('',(0.,0.,1.));
#9225 = ADVANCED_FACE('',(#9226),#9255,.F.);
#9226 = FACE_BOUND('',#9227,.F.);
#9227 = EDGE_LOOP('',(#9228,#9229,#9237,#9246,#9253,#9254));
#9228 = ORIENTED_EDGE('',*,*,#9203,.F.);
#9229 = ORIENTED_EDGE('',*,*,#9230,.F.);
#9230 = EDGE_CURVE('',#9231,#9204,#9233,.T.);
#9231 = VERTEX_POINT('',#9232);
#9232 = CARTESIAN_POINT('',(71.5,109.,52.25));
#9233 = LINE('',#9234,#9235);
#9234 = CARTESIAN_POINT('',(71.5,108.,52.25));
#9235 = VECTOR('',#9236,1.);
#9236 = DIRECTION('',(0.,1.,0.));
#9237 = ORIENTED_EDGE('',*,*,#9238,.T.);
#9238 = EDGE_CURVE('',#9231,#9239,#9241,.T.);
#9239 = VERTEX_POINT('',#9240);
#9240 = CARTESIAN_POINT('',(71.5,109.,47.75));
#9241 = CIRCLE('',#9242,2.25);
#9242 = AXIS2_PLACEMENT_3D('',#9243,#9244,#9245);
#9243 = CARTESIAN_POINT('',(71.5,109.,50.));
#9244 = DIRECTION('',(0.,1.,0.));
#9245 = DIRECTION('',(0.,0.,1.));
#9246 = ORIENTED_EDGE('',*,*,#9247,.T.);
#9247 = EDGE_CURVE('',#9239,#9231,#9248,.T.);
#9248 = CIRCLE('',#9249,2.25);
#9249 = AXIS2_PLACEMENT_3D('',#9250,#9251,#9252);
#9250 = CARTESIAN_POINT('',(71.5,109.,50.));
#9251 = DIRECTION('',(0.,1.,0.));
#9252 = DIRECTION('',(0.,0.,1.));
#9253 = ORIENTED_EDGE('',*,*,#9230,.T.);
#9254 = ORIENTED_EDGE('',*,*,#9214,.F.);
#9255 = CYLINDRICAL_SURFACE('',#9256,2.25);
#9256 = AXIS2_PLACEMENT_3D('',#9257,#9258,#9259);
#9257 = CARTESIAN_POINT('',(71.5,108.,50.));
#9258 = DIRECTION('',(0.,1.,0.));
#9259 = DIRECTION('',(0.,0.,1.));
#9260 = ADVANCED_FACE('',(#9261,#9271),#9291,.T.);
#9261 = FACE_BOUND('',#9262,.T.);
#9262 = EDGE_LOOP('',(#9263,#9264,#9265,#9266,#9267,#9268,#9269,#9270));
#9263 = ORIENTED_EDGE('',*,*,#8768,.F.);
#9264 = ORIENTED_EDGE('',*,*,#8759,.F.);
#9265 = ORIENTED_EDGE('',*,*,#8750,.F.);
#9266 = ORIENTED_EDGE('',*,*,#9009,.T.);
#9267 = ORIENTED_EDGE('',*,*,#9129,.F.);
#9268 = ORIENTED_EDGE('',*,*,#9169,.T.);
#9269 = ORIENTED_EDGE('',*,*,#9099,.F.);
#9270 = ORIENTED_EDGE('',*,*,#8978,.F.);
#9271 = FACE_BOUND('',#9272,.T.);
#9272 = EDGE_LOOP('',(#9273,#9284));
#9273 = ORIENTED_EDGE('',*,*,#9274,.F.);
#9274 = EDGE_CURVE('',#9275,#9277,#9279,.T.);
#9275 = VERTEX_POINT('',#9276);
#9276 = CARTESIAN_POINT('',(108.5,113.,47.75));
#9277 = VERTEX_POINT('',#9278);
#9278 = CARTESIAN_POINT('',(108.5,113.,52.25));
#9279 = CIRCLE('',#9280,2.25);
#9280 = AXIS2_PLACEMENT_3D('',#9281,#9282,#9283);
#9281 = CARTESIAN_POINT('',(108.5,113.,50.));
#9282 = DIRECTION('',(0.,1.,0.));
#9283 = DIRECTION('',(0.,0.,1.));
#9284 = ORIENTED_EDGE('',*,*,#9285,.F.);
#9285 = EDGE_CURVE('',#9277,#9275,#9286,.T.);
#9286 = CIRCLE('',#9287,2.25);
#9287 = AXIS2_PLACEMENT_3D('',#9288,#9289,#9290);
#9288 = CARTESIAN_POINT('',(108.5,113.,50.));
#9289 = DIRECTION('',(0.,1.,0.));
#9290 = DIRECTION('',(0.,0.,1.));
#9291 = PLANE('',#9292);
#9292 = AXIS2_PLACEMENT_3D('',#9293,#9294,#9295);
#9293 = CARTESIAN_POINT('',(105.95965307758,113.,50.));
#9294 = DIRECTION('',(0.,1.,0.));
#9295 = DIRECTION('',(0.,0.,1.));
#9296 = ADVANCED_FACE('',(#9297),#9326,.F.);
#9297 = FACE_BOUND('',#9298,.F.);
#9298 = EDGE_LOOP('',(#9299,#9300,#9308,#9317,#9324,#9325));
#9299 = ORIENTED_EDGE('',*,*,#9285,.F.);
#9300 = ORIENTED_EDGE('',*,*,#9301,.F.);
#9301 = EDGE_CURVE('',#9302,#9277,#9304,.T.);
#9302 = VERTEX_POINT('',#9303);
#9303 = CARTESIAN_POINT('',(108.5,109.,52.25));
#9304 = LINE('',#9305,#9306);
#9305 = CARTESIAN_POINT('',(108.5,108.,52.25));
#9306 = VECTOR('',#9307,1.);
#9307 = DIRECTION('',(0.,1.,0.));
#9308 = ORIENTED_EDGE('',*,*,#9309,.T.);
#9309 = EDGE_CURVE('',#9302,#9310,#9312,.T.);
#9310 = VERTEX_POINT('',#9311);
#9311 = CARTESIAN_POINT('',(108.5,109.,47.75));
#9312 = CIRCLE('',#9313,2.25);
#9313 = AXIS2_PLACEMENT_3D('',#9314,#9315,#9316);
#9314 = CARTESIAN_POINT('',(108.5,109.,50.));
#9315 = DIRECTION('',(0.,1.,0.));
#9316 = DIRECTION('',(0.,0.,1.));
#9317 = ORIENTED_EDGE('',*,*,#9318,.T.);
#9318 = EDGE_CURVE('',#9310,#9302,#9319,.T.);
#9319 = CIRCLE('',#9320,2.25);
#9320 = AXIS2_PLACEMENT_3D('',#9321,#9322,#9323);
#9321 = CARTESIAN_POINT('',(108.5,109.,50.));
#9322 = DIRECTION('',(0.,1.,0.));
#9323 = DIRECTION('',(0.,0.,1.));
#9324 = ORIENTED_EDGE('',*,*,#9301,.T.);
#9325 = ORIENTED_EDGE('',*,*,#9274,.F.);
#9326 = CYLINDRICAL_SURFACE('',#9327,2.25);
#9327 = AXIS2_PLACEMENT_3D('',#9328,#9329,#9330);
#9328 = CARTESIAN_POINT('',(108.5,108.,50.));
#9329 = DIRECTION('',(0.,1.,0.));
#9330 = DIRECTION('',(0.,0.,1.));
#9331 = ADVANCED_FACE('',(#9332,#9347,#9350,#9354),#9358,.T.);
#9332 = FACE_BOUND('',#9333,.T.);
#9333 = EDGE_LOOP('',(#9334,#9335,#9336,#9337,#9338,#9339,#9340,#9341,
    #9342,#9343,#9344,#9345,#9346));
#9334 = ORIENTED_EDGE('',*,*,#8910,.F.);
#9335 = ORIENTED_EDGE('',*,*,#8926,.F.);
#9336 = ORIENTED_EDGE('',*,*,#8868,.T.);
#9337 = ORIENTED_EDGE('',*,*,#8785,.F.);
#9338 = ORIENTED_EDGE('',*,*,#8987,.T.);
#9339 = ORIENTED_EDGE('',*,*,#9092,.T.);
#9340 = ORIENTED_EDGE('',*,*,#9177,.F.);
#9341 = ORIENTED_EDGE('',*,*,#9113,.T.);
#9342 = ORIENTED_EDGE('',*,*,#9018,.F.);
#9343 = ORIENTED_EDGE('',*,*,#8733,.F.);
#9344 = ORIENTED_EDGE('',*,*,#8837,.F.);
#9345 = ORIENTED_EDGE('',*,*,#8963,.F.);
#9346 = ORIENTED_EDGE('',*,*,#9060,.F.);
#9347 = FACE_BOUND('',#9348,.T.);
#9348 = EDGE_LOOP('',(#9349));
#9349 = ORIENTED_EDGE('',*,*,#9153,.T.);
#9350 = FACE_BOUND('',#9351,.T.);
#9351 = EDGE_LOOP('',(#9352,#9353));
#9352 = ORIENTED_EDGE('',*,*,#9247,.T.);
#9353 = ORIENTED_EDGE('',*,*,#9238,.T.);
#9354 = FACE_BOUND('',#9355,.T.);
#9355 = EDGE_LOOP('',(#9356,#9357));
#9356 = ORIENTED_EDGE('',*,*,#9318,.T.);
#9357 = ORIENTED_EDGE('',*,*,#9309,.T.);
#9358 = PLANE('',#9359);
#9359 = AXIS2_PLACEMENT_3D('',#9360,#9361,#9362);
#9360 = CARTESIAN_POINT('',(90.,109.,50.05267264753));
#9361 = DIRECTION('',(-0.,-1.,-0.));
#9362 = DIRECTION('',(0.,0.,-1.));
#9363 = MANIFOLD_SOLID_BREP('',#9364);
#9364 = CLOSED_SHELL('',(#9365,#9405,#9436,#9469,#9500,#9531,#9650,#9670
    ,#9695,#9726,#9757,#9788,#9819,#9843,#9907,#9942,#9977,#9997));
#9365 = ADVANCED_FACE('',(#9366),#9400,.T.);
#9366 = FACE_BOUND('',#9367,.T.);
#9367 = EDGE_LOOP('',(#9368,#9378,#9386,#9394));
#9368 = ORIENTED_EDGE('',*,*,#9369,.F.);
#9369 = EDGE_CURVE('',#9370,#9372,#9374,.T.);
#9370 = VERTEX_POINT('',#9371);
#9371 = CARTESIAN_POINT('',(71.5,198.,59.5));
#9372 = VERTEX_POINT('',#9373);
#9373 = CARTESIAN_POINT('',(80.408336953375,198.,59.5));
#9374 = LINE('',#9375,#9376);
#9375 = CARTESIAN_POINT('',(71.5,198.,59.5));
#9376 = VECTOR('',#9377,1.);
#9377 = DIRECTION('',(1.,0.,0.));
#9378 = ORIENTED_EDGE('',*,*,#9379,.F.);
#9379 = EDGE_CURVE('',#9380,#9370,#9382,.T.);
#9380 = VERTEX_POINT('',#9381);
#9381 = CARTESIAN_POINT('',(71.5,194.,59.5));
#9382 = LINE('',#9383,#9384);
#9383 = CARTESIAN_POINT('',(71.5,194.,59.5));
#9384 = VECTOR('',#9385,1.);
#9385 = DIRECTION('',(0.,1.,0.));
#9386 = ORIENTED_EDGE('',*,*,#9387,.T.);
#9387 = EDGE_CURVE('',#9380,#9388,#9390,.T.);
#9388 = VERTEX_POINT('',#9389);
#9389 = CARTESIAN_POINT('',(80.408336953375,194.,59.5));
#9390 = LINE('',#9391,#9392);
#9391 = CARTESIAN_POINT('',(71.5,194.,59.5));
#9392 = VECTOR('',#9393,1.);
#9393 = DIRECTION('',(1.,0.,0.));
#9394 = ORIENTED_EDGE('',*,*,#9395,.T.);
#9395 = EDGE_CURVE('',#9388,#9372,#9396,.T.);
#9396 = LINE('',#9397,#9398);
#9397 = CARTESIAN_POINT('',(80.408336953375,186.,59.5));
#9398 = VECTOR('',#9399,1.);
#9399 = DIRECTION('',(0.,1.,0.));
#9400 = PLANE('',#9401);
#9401 = AXIS2_PLACEMENT_3D('',#9402,#9403,#9404);
#9402 = CARTESIAN_POINT('',(71.5,194.,59.5));
#9403 = DIRECTION('',(0.,0.,1.));
#9404 = DIRECTION('',(1.,0.,0.));
#9405 = ADVANCED_FACE('',(#9406),#9431,.F.);
#9406 = FACE_BOUND('',#9407,.F.);
#9407 = EDGE_LOOP('',(#9408,#9416,#9424,#9430));
#9408 = ORIENTED_EDGE('',*,*,#9409,.F.);
#9409 = EDGE_CURVE('',#9410,#9380,#9412,.T.);
#9410 = VERTEX_POINT('',#9411);
#9411 = CARTESIAN_POINT('',(71.5,194.,55.5));
#9412 = LINE('',#9413,#9414);
#9413 = CARTESIAN_POINT('',(71.5,194.,40.5));
#9414 = VECTOR('',#9415,1.);
#9415 = DIRECTION('',(0.,0.,1.));
#9416 = ORIENTED_EDGE('',*,*,#9417,.T.);
#9417 = EDGE_CURVE('',#9410,#9418,#9420,.T.);
#9418 = VERTEX_POINT('',#9419);
#9419 = CARTESIAN_POINT('',(71.5,198.,55.5));
#9420 = LINE('',#9421,#9422);
#9421 = CARTESIAN_POINT('',(71.5,194.,55.5));
#9422 = VECTOR('',#9423,1.);
#9423 = DIRECTION('',(0.,1.,0.));
#9424 = ORIENTED_EDGE('',*,*,#9425,.T.);
#9425 = EDGE_CURVE('',#9418,#9370,#9426,.T.);
#9426 = LINE('',#9427,#9428);
#9427 = CARTESIAN_POINT('',(71.5,198.,40.5));
#9428 = VECTOR('',#9429,1.);
#9429 = DIRECTION('',(0.,0.,1.));
#9430 = ORIENTED_EDGE('',*,*,#9379,.F.);
#9431 = PLANE('',#9432);
#9432 = AXIS2_PLACEMENT_3D('',#9433,#9434,#9435);
#9433 = CARTESIAN_POINT('',(71.5,194.,40.5));
#9434 = DIRECTION('',(1.,0.,0.));
#9435 = DIRECTION('',(0.,0.,1.));
#9436 = ADVANCED_FACE('',(#9437),#9464,.T.);
#9437 = FACE_BOUND('',#9438,.T.);
#9438 = EDGE_LOOP('',(#9439,#9440,#9449,#9457));
#9439 = ORIENTED_EDGE('',*,*,#9417,.T.);
#9440 = ORIENTED_EDGE('',*,*,#9441,.F.);
#9441 = EDGE_CURVE('',#9442,#9418,#9444,.T.);
#9442 = VERTEX_POINT('',#9443);
#9443 = CARTESIAN_POINT('',(71.5,198.,44.5));
#9444 = CIRCLE('',#9445,5.5);
#9445 = AXIS2_PLACEMENT_3D('',#9446,#9447,#9448);
#9446 = CARTESIAN_POINT('',(71.5,198.,50.));
#9447 = DIRECTION('',(0.,1.,0.));
#9448 = DIRECTION('',(0.,0.,1.));
#9449 = ORIENTED_EDGE('',*,*,#9450,.F.);
#9450 = EDGE_CURVE('',#9451,#9442,#9453,.T.);
#9451 = VERTEX_POINT('',#9452);
#9452 = CARTESIAN_POINT('',(71.5,194.,44.5));
#9453 = LINE('',#9454,#9455);
#9454 = CARTESIAN_POINT('',(71.5,194.,44.5));
#9455 = VECTOR('',#9456,1.);
#9456 = DIRECTION('',(0.,1.,0.));
#9457 = ORIENTED_EDGE('',*,*,#9458,.T.);
#9458 = EDGE_CURVE('',#9451,#9410,#9459,.T.);
#9459 = CIRCLE('',#9460,5.5);
#9460 = AXIS2_PLACEMENT_3D('',#9461,#9462,#9463);
#9461 = CARTESIAN_POINT('',(71.5,194.,50.));
#9462 = DIRECTION('',(0.,1.,0.));
#9463 = DIRECTION('',(0.,0.,1.));
#9464 = CYLINDRICAL_SURFACE('',#9465,5.5);
#9465 = AXIS2_PLACEMENT_3D('',#9466,#9467,#9468);
#9466 = CARTESIAN_POINT('',(71.5,194.,50.));
#9467 = DIRECTION('',(0.,1.,0.));
#9468 = DIRECTION('',(0.,0.,1.));
#9469 = ADVANCED_FACE('',(#9470),#9495,.F.);
#9470 = FACE_BOUND('',#9471,.F.);
#9471 = EDGE_LOOP('',(#9472,#9473,#9481,#9489));
#9472 = ORIENTED_EDGE('',*,*,#9450,.F.);
#9473 = ORIENTED_EDGE('',*,*,#9474,.F.);
#9474 = EDGE_CURVE('',#9475,#9451,#9477,.T.);
#9475 = VERTEX_POINT('',#9476);
#9476 = CARTESIAN_POINT('',(71.5,194.,40.5));
#9477 = LINE('',#9478,#9479);
#9478 = CARTESIAN_POINT('',(71.5,194.,40.5));
#9479 = VECTOR('',#9480,1.);
#9480 = DIRECTION('',(0.,0.,1.));
#9481 = ORIENTED_EDGE('',*,*,#9482,.T.);
#9482 = EDGE_CURVE('',#9475,#9483,#9485,.T.);
#9483 = VERTEX_POINT('',#9484);
#9484 = CARTESIAN_POINT('',(71.5,198.,40.5));
#9485 = LINE('',#9486,#9487);
#9486 = CARTESIAN_POINT('',(71.5,194.,40.5));
#9487 = VECTOR('',#9488,1.);
#9488 = DIRECTION('',(0.,1.,0.));
#9489 = ORIENTED_EDGE('',*,*,#9490,.T.);
#9490 = EDGE_CURVE('',#9483,#9442,#9491,.T.);
#9491 = LINE('',#9492,#9493);
#9492 = CARTESIAN_POINT('',(71.5,198.,40.5));
#9493 = VECTOR('',#9494,1.);
#9494 = DIRECTION('',(0.,0.,1.));
#9495 = PLANE('',#9496);
#9496 = AXIS2_PLACEMENT_3D('',#9497,#9498,#9499);
#9497 = CARTESIAN_POINT('',(71.5,194.,40.5));
#9498 = DIRECTION('',(1.,0.,0.));
#9499 = DIRECTION('',(0.,0.,1.));
#9500 = ADVANCED_FACE('',(#9501),#9526,.F.);
#9501 = FACE_BOUND('',#9502,.F.);
#9502 = EDGE_LOOP('',(#9503,#9511,#9512,#9520));
#9503 = ORIENTED_EDGE('',*,*,#9504,.F.);
#9504 = EDGE_CURVE('',#9483,#9505,#9507,.T.);
#9505 = VERTEX_POINT('',#9506);
#9506 = CARTESIAN_POINT('',(80.408336953375,198.,40.5));
#9507 = LINE('',#9508,#9509);
#9508 = CARTESIAN_POINT('',(71.5,198.,40.5));
#9509 = VECTOR('',#9510,1.);
#9510 = DIRECTION('',(1.,0.,0.));
#9511 = ORIENTED_EDGE('',*,*,#9482,.F.);
#9512 = ORIENTED_EDGE('',*,*,#9513,.T.);
#9513 = EDGE_CURVE('',#9475,#9514,#9516,.T.);
#9514 = VERTEX_POINT('',#9515);
#9515 = CARTESIAN_POINT('',(80.408336953375,194.,40.5));
#9516 = LINE('',#9517,#9518);
#9517 = CARTESIAN_POINT('',(71.5,194.,40.5));
#9518 = VECTOR('',#9519,1.);
#9519 = DIRECTION('',(1.,0.,0.));
#9520 = ORIENTED_EDGE('',*,*,#9521,.T.);
#9521 = EDGE_CURVE('',#9514,#9505,#9522,.T.);
#9522 = LINE('',#9523,#9524);
#9523 = CARTESIAN_POINT('',(80.408336953375,186.,40.5));
#9524 = VECTOR('',#9525,1.);
#9525 = DIRECTION('',(0.,1.,0.));
#9526 = PLANE('',#9527);
#9527 = AXIS2_PLACEMENT_3D('',#9528,#9529,#9530);
#9528 = CARTESIAN_POINT('',(71.5,194.,40.5));
#9529 = DIRECTION('',(0.,0.,1.));
#9530 = DIRECTION('',(1.,0.,0.));
#9531 = ADVANCED_FACE('',(#9532),#9645,.T.);
#9532 = FACE_BOUND('',#9533,.T.);
#9533 = EDGE_LOOP('',(#9534,#9544,#9551,#9552,#9561,#9570,#9577,#9578,
    #9587,#9595,#9604,#9613,#9622,#9630,#9637,#9638));
#9534 = ORIENTED_EDGE('',*,*,#9535,.T.);
#9535 = EDGE_CURVE('',#9536,#9538,#9540,.T.);
#9536 = VERTEX_POINT('',#9537);
#9537 = CARTESIAN_POINT('',(90.,186.,63.5));
#9538 = VERTEX_POINT('',#9539);
#9539 = CARTESIAN_POINT('',(90.,198.,63.5));
#9540 = LINE('',#9541,#9542);
#9541 = CARTESIAN_POINT('',(90.,186.,63.5));
#9542 = VECTOR('',#9543,1.);
#9543 = DIRECTION('',(0.,1.,0.));
#9544 = ORIENTED_EDGE('',*,*,#9545,.F.);
#9545 = EDGE_CURVE('',#9372,#9538,#9546,.T.);
#9546 = CIRCLE('',#9547,13.5);
#9547 = AXIS2_PLACEMENT_3D('',#9548,#9549,#9550);
#9548 = CARTESIAN_POINT('',(90.,198.,50.));
#9549 = DIRECTION('',(0.,1.,0.));
#9550 = DIRECTION('',(0.,0.,1.));
#9551 = ORIENTED_EDGE('',*,*,#9395,.F.);
#9552 = ORIENTED_EDGE('',*,*,#9553,.F.);
#9553 = EDGE_CURVE('',#9554,#9388,#9556,.T.);
#9554 = VERTEX_POINT('',#9555);
#9555 = CARTESIAN_POINT('',(76.641891891892,194.,51.952164893675));
#9556 = CIRCLE('',#9557,13.5);
#9557 = AXIS2_PLACEMENT_3D('',#9558,#9559,#9560);
#9558 = CARTESIAN_POINT('',(90.,194.,50.));
#9559 = DIRECTION('',(0.,1.,0.));
#9560 = DIRECTION('',(0.,0.,1.));
#9561 = ORIENTED_EDGE('',*,*,#9562,.F.);
#9562 = EDGE_CURVE('',#9563,#9554,#9565,.T.);
#9563 = VERTEX_POINT('',#9564);
#9564 = CARTESIAN_POINT('',(76.641891891892,194.,48.047835106325));
#9565 = CIRCLE('',#9566,13.5);
#9566 = AXIS2_PLACEMENT_3D('',#9567,#9568,#9569);
#9567 = CARTESIAN_POINT('',(90.,194.,50.));
#9568 = DIRECTION('',(0.,1.,0.));
#9569 = DIRECTION('',(0.,0.,1.));
#9570 = ORIENTED_EDGE('',*,*,#9571,.F.);
#9571 = EDGE_CURVE('',#9514,#9563,#9572,.T.);
#9572 = CIRCLE('',#9573,13.5);
#9573 = AXIS2_PLACEMENT_3D('',#9574,#9575,#9576);
#9574 = CARTESIAN_POINT('',(90.,194.,50.));
#9575 = DIRECTION('',(0.,1.,0.));
#9576 = DIRECTION('',(0.,0.,1.));
#9577 = ORIENTED_EDGE('',*,*,#9521,.T.);
#9578 = ORIENTED_EDGE('',*,*,#9579,.F.);
#9579 = EDGE_CURVE('',#9580,#9505,#9582,.T.);
#9580 = VERTEX_POINT('',#9581);
#9581 = CARTESIAN_POINT('',(99.591663046625,198.,40.5));
#9582 = CIRCLE('',#9583,13.5);
#9583 = AXIS2_PLACEMENT_3D('',#9584,#9585,#9586);
#9584 = CARTESIAN_POINT('',(90.,198.,50.));
#9585 = DIRECTION('',(0.,1.,0.));
#9586 = DIRECTION('',(0.,0.,1.));
#9587 = ORIENTED_EDGE('',*,*,#9588,.F.);
#9588 = EDGE_CURVE('',#9589,#9580,#9591,.T.);
#9589 = VERTEX_POINT('',#9590);
#9590 = CARTESIAN_POINT('',(99.591663046625,194.,40.5));
#9591 = LINE('',#9592,#9593);
#9592 = CARTESIAN_POINT('',(99.591663046625,186.,40.5));
#9593 = VECTOR('',#9594,1.);
#9594 = DIRECTION('',(0.,1.,0.));
#9595 = ORIENTED_EDGE('',*,*,#9596,.F.);
#9596 = EDGE_CURVE('',#9597,#9589,#9599,.T.);
#9597 = VERTEX_POINT('',#9598);
#9598 = CARTESIAN_POINT('',(103.3581081081,194.,48.047835106325));
#9599 = CIRCLE('',#9600,13.5);
#9600 = AXIS2_PLACEMENT_3D('',#9601,#9602,#9603);
#9601 = CARTESIAN_POINT('',(90.,194.,50.));
#9602 = DIRECTION('',(0.,1.,0.));
#9603 = DIRECTION('',(0.,0.,1.));
#9604 = ORIENTED_EDGE('',*,*,#9605,.F.);
#9605 = EDGE_CURVE('',#9606,#9597,#9608,.T.);
#9606 = VERTEX_POINT('',#9607);
#9607 = CARTESIAN_POINT('',(103.3581081081,194.,51.952164893675));
#9608 = CIRCLE('',#9609,13.5);
#9609 = AXIS2_PLACEMENT_3D('',#9610,#9611,#9612);
#9610 = CARTESIAN_POINT('',(90.,194.,50.));
#9611 = DIRECTION('',(0.,1.,0.));
#9612 = DIRECTION('',(0.,0.,1.));
#9613 = ORIENTED_EDGE('',*,*,#9614,.F.);
#9614 = EDGE_CURVE('',#9615,#9606,#9617,.T.);
#9615 = VERTEX_POINT('',#9616);
#9616 = CARTESIAN_POINT('',(99.591663046625,194.,59.5));
#9617 = CIRCLE('',#9618,13.5);
#9618 = AXIS2_PLACEMENT_3D('',#9619,#9620,#9621);
#9619 = CARTESIAN_POINT('',(90.,194.,50.));
#9620 = DIRECTION('',(0.,1.,0.));
#9621 = DIRECTION('',(0.,0.,1.));
#9622 = ORIENTED_EDGE('',*,*,#9623,.T.);
#9623 = EDGE_CURVE('',#9615,#9624,#9626,.T.);
#9624 = VERTEX_POINT('',#9625);
#9625 = CARTESIAN_POINT('',(99.591663046625,198.,59.5));
#9626 = LINE('',#9627,#9628);
#9627 = CARTESIAN_POINT('',(99.591663046625,186.,59.5));
#9628 = VECTOR('',#9629,1.);
#9629 = DIRECTION('',(0.,1.,0.));
#9630 = ORIENTED_EDGE('',*,*,#9631,.F.);
#9631 = EDGE_CURVE('',#9538,#9624,#9632,.T.);
#9632 = CIRCLE('',#9633,13.5);
#9633 = AXIS2_PLACEMENT_3D('',#9634,#9635,#9636);
#9634 = CARTESIAN_POINT('',(90.,198.,50.));
#9635 = DIRECTION('',(0.,1.,0.));
#9636 = DIRECTION('',(0.,0.,1.));
#9637 = ORIENTED_EDGE('',*,*,#9535,.F.);
#9638 = ORIENTED_EDGE('',*,*,#9639,.T.);
#9639 = EDGE_CURVE('',#9536,#9536,#9640,.T.);
#9640 = CIRCLE('',#9641,13.5);
#9641 = AXIS2_PLACEMENT_3D('',#9642,#9643,#9644);
#9642 = CARTESIAN_POINT('',(90.,186.,50.));
#9643 = DIRECTION('',(0.,1.,0.));
#9644 = DIRECTION('',(0.,0.,1.));
#9645 = CYLINDRICAL_SURFACE('',#9646,13.5);
#9646 = AXIS2_PLACEMENT_3D('',#9647,#9648,#9649);
#9647 = CARTESIAN_POINT('',(90.,186.,50.));
#9648 = DIRECTION('',(0.,1.,0.));
#9649 = DIRECTION('',(0.,0.,1.));
#9650 = ADVANCED_FACE('',(#9651,#9654),#9665,.F.);
#9651 = FACE_BOUND('',#9652,.F.);
#9652 = EDGE_LOOP('',(#9653));
#9653 = ORIENTED_EDGE('',*,*,#9639,.T.);
#9654 = FACE_BOUND('',#9655,.F.);
#9655 = EDGE_LOOP('',(#9656));
#9656 = ORIENTED_EDGE('',*,*,#9657,.F.);
#9657 = EDGE_CURVE('',#9658,#9658,#9660,.T.);
#9658 = VERTEX_POINT('',#9659);
#9659 = CARTESIAN_POINT('',(90.,186.,54.));
#9660 = CIRCLE('',#9661,4.);
#9661 = AXIS2_PLACEMENT_3D('',#9662,#9663,#9664);
#9662 = CARTESIAN_POINT('',(90.,186.,50.));
#9663 = DIRECTION('',(0.,1.,0.));
#9664 = DIRECTION('',(0.,0.,1.));
#9665 = PLANE('',#9666);
#9666 = AXIS2_PLACEMENT_3D('',#9667,#9668,#9669);
#9667 = CARTESIAN_POINT('',(90.,186.,50.));
#9668 = DIRECTION('',(0.,1.,0.));
#9669 = DIRECTION('',(0.,0.,1.));
#9670 = ADVANCED_FACE('',(#9671),#9690,.F.);
#9671 = FACE_BOUND('',#9672,.F.);
#9672 = EDGE_LOOP('',(#9673,#9682,#9688,#9689));
#9673 = ORIENTED_EDGE('',*,*,#9674,.F.);
#9674 = EDGE_CURVE('',#9675,#9675,#9677,.T.);
#9675 = VERTEX_POINT('',#9676);
#9676 = CARTESIAN_POINT('',(90.,198.,54.));
#9677 = CIRCLE('',#9678,4.);
#9678 = AXIS2_PLACEMENT_3D('',#9679,#9680,#9681);
#9679 = CARTESIAN_POINT('',(90.,198.,50.));
#9680 = DIRECTION('',(0.,1.,0.));
#9681 = DIRECTION('',(0.,0.,1.));
#9682 = ORIENTED_EDGE('',*,*,#9683,.F.);
#9683 = EDGE_CURVE('',#9658,#9675,#9684,.T.);
#9684 = LINE('',#9685,#9686);
#9685 = CARTESIAN_POINT('',(90.,185.,54.));
#9686 = VECTOR('',#9687,1.);
#9687 = DIRECTION('',(0.,1.,0.));
#9688 = ORIENTED_EDGE('',*,*,#9657,.T.);
#9689 = ORIENTED_EDGE('',*,*,#9683,.T.);
#9690 = CYLINDRICAL_SURFACE('',#9691,4.);
#9691 = AXIS2_PLACEMENT_3D('',#9692,#9693,#9694);
#9692 = CARTESIAN_POINT('',(90.,185.,50.));
#9693 = DIRECTION('',(0.,1.,0.));
#9694 = DIRECTION('',(0.,0.,1.));
#9695 = ADVANCED_FACE('',(#9696),#9721,.T.);
#9696 = FACE_BOUND('',#9697,.T.);
#9697 = EDGE_LOOP('',(#9698,#9706,#9707,#9715));
#9698 = ORIENTED_EDGE('',*,*,#9699,.F.);
#9699 = EDGE_CURVE('',#9624,#9700,#9702,.T.);
#9700 = VERTEX_POINT('',#9701);
#9701 = CARTESIAN_POINT('',(108.5,198.,59.5));
#9702 = LINE('',#9703,#9704);
#9703 = CARTESIAN_POINT('',(71.5,198.,59.5));
#9704 = VECTOR('',#9705,1.);
#9705 = DIRECTION('',(1.,0.,0.));
#9706 = ORIENTED_EDGE('',*,*,#9623,.F.);
#9707 = ORIENTED_EDGE('',*,*,#9708,.T.);
#9708 = EDGE_CURVE('',#9615,#9709,#9711,.T.);
#9709 = VERTEX_POINT('',#9710);
#9710 = CARTESIAN_POINT('',(108.5,194.,59.5));
#9711 = LINE('',#9712,#9713);
#9712 = CARTESIAN_POINT('',(71.5,194.,59.5));
#9713 = VECTOR('',#9714,1.);
#9714 = DIRECTION('',(1.,0.,0.));
#9715 = ORIENTED_EDGE('',*,*,#9716,.T.);
#9716 = EDGE_CURVE('',#9709,#9700,#9717,.T.);
#9717 = LINE('',#9718,#9719);
#9718 = CARTESIAN_POINT('',(108.5,194.,59.5));
#9719 = VECTOR('',#9720,1.);
#9720 = DIRECTION('',(0.,1.,0.));
#9721 = PLANE('',#9722);
#9722 = AXIS2_PLACEMENT_3D('',#9723,#9724,#9725);
#9723 = CARTESIAN_POINT('',(71.5,194.,59.5));
#9724 = DIRECTION('',(0.,0.,1.));
#9725 = DIRECTION('',(1.,0.,0.));
#9726 = ADVANCED_FACE('',(#9727),#9752,.F.);
#9727 = FACE_BOUND('',#9728,.F.);
#9728 = EDGE_LOOP('',(#9729,#9737,#9738,#9746));
#9729 = ORIENTED_EDGE('',*,*,#9730,.F.);
#9730 = EDGE_CURVE('',#9580,#9731,#9733,.T.);
#9731 = VERTEX_POINT('',#9732);
#9732 = CARTESIAN_POINT('',(108.5,198.,40.5));
#9733 = LINE('',#9734,#9735);
#9734 = CARTESIAN_POINT('',(71.5,198.,40.5));
#9735 = VECTOR('',#9736,1.);
#9736 = DIRECTION('',(1.,0.,0.));
#9737 = ORIENTED_EDGE('',*,*,#9588,.F.);
#9738 = ORIENTED_EDGE('',*,*,#9739,.T.);
#9739 = EDGE_CURVE('',#9589,#9740,#9742,.T.);
#9740 = VERTEX_POINT('',#9741);
#9741 = CARTESIAN_POINT('',(108.5,194.,40.5));
#9742 = LINE('',#9743,#9744);
#9743 = CARTESIAN_POINT('',(71.5,194.,40.5));
#9744 = VECTOR('',#9745,1.);
#9745 = DIRECTION('',(1.,0.,0.));
#9746 = ORIENTED_EDGE('',*,*,#9747,.T.);
#9747 = EDGE_CURVE('',#9740,#9731,#9748,.T.);
#9748 = LINE('',#9749,#9750);
#9749 = CARTESIAN_POINT('',(108.5,194.,40.5));
#9750 = VECTOR('',#9751,1.);
#9751 = DIRECTION('',(0.,1.,0.));
#9752 = PLANE('',#9753);
#9753 = AXIS2_PLACEMENT_3D('',#9754,#9755,#9756);
#9754 = CARTESIAN_POINT('',(71.5,194.,40.5));
#9755 = DIRECTION('',(0.,0.,1.));
#9756 = DIRECTION('',(1.,0.,0.));
#9757 = ADVANCED_FACE('',(#9758),#9783,.T.);
#9758 = FACE_BOUND('',#9759,.T.);
#9759 = EDGE_LOOP('',(#9760,#9768,#9776,#9782));
#9760 = ORIENTED_EDGE('',*,*,#9761,.F.);
#9761 = EDGE_CURVE('',#9762,#9709,#9764,.T.);
#9762 = VERTEX_POINT('',#9763);
#9763 = CARTESIAN_POINT('',(108.5,194.,55.5));
#9764 = LINE('',#9765,#9766);
#9765 = CARTESIAN_POINT('',(108.5,194.,40.5));
#9766 = VECTOR('',#9767,1.);
#9767 = DIRECTION('',(0.,0.,1.));
#9768 = ORIENTED_EDGE('',*,*,#9769,.T.);
#9769 = EDGE_CURVE('',#9762,#9770,#9772,.T.);
#9770 = VERTEX_POINT('',#9771);
#9771 = CARTESIAN_POINT('',(108.5,198.,55.5));
#9772 = LINE('',#9773,#9774);
#9773 = CARTESIAN_POINT('',(108.5,194.,55.5));
#9774 = VECTOR('',#9775,1.);
#9775 = DIRECTION('',(0.,1.,0.));
#9776 = ORIENTED_EDGE('',*,*,#9777,.T.);
#9777 = EDGE_CURVE('',#9770,#9700,#9778,.T.);
#9778 = LINE('',#9779,#9780);
#9779 = CARTESIAN_POINT('',(108.5,198.,40.5));
#9780 = VECTOR('',#9781,1.);
#9781 = DIRECTION('',(0.,0.,1.));
#9782 = ORIENTED_EDGE('',*,*,#9716,.F.);
#9783 = PLANE('',#9784);
#9784 = AXIS2_PLACEMENT_3D('',#9785,#9786,#9787);
#9785 = CARTESIAN_POINT('',(108.5,194.,40.5));
#9786 = DIRECTION('',(1.,0.,0.));
#9787 = DIRECTION('',(0.,0.,1.));
#9788 = ADVANCED_FACE('',(#9789),#9814,.T.);
#9789 = FACE_BOUND('',#9790,.T.);
#9790 = EDGE_LOOP('',(#9791,#9801,#9807,#9808));
#9791 = ORIENTED_EDGE('',*,*,#9792,.F.);
#9792 = EDGE_CURVE('',#9793,#9795,#9797,.T.);
#9793 = VERTEX_POINT('',#9794);
#9794 = CARTESIAN_POINT('',(108.5,194.,44.5));
#9795 = VERTEX_POINT('',#9796);
#9796 = CARTESIAN_POINT('',(108.5,198.,44.5));
#9797 = LINE('',#9798,#9799);
#9798 = CARTESIAN_POINT('',(108.5,194.,44.5));
#9799 = VECTOR('',#9800,1.);
#9800 = DIRECTION('',(0.,1.,0.));
#9801 = ORIENTED_EDGE('',*,*,#9802,.F.);
#9802 = EDGE_CURVE('',#9740,#9793,#9803,.T.);
#9803 = LINE('',#9804,#9805);
#9804 = CARTESIAN_POINT('',(108.5,194.,40.5));
#9805 = VECTOR('',#9806,1.);
#9806 = DIRECTION('',(0.,0.,1.));
#9807 = ORIENTED_EDGE('',*,*,#9747,.T.);
#9808 = ORIENTED_EDGE('',*,*,#9809,.T.);
#9809 = EDGE_CURVE('',#9731,#9795,#9810,.T.);
#9810 = LINE('',#9811,#9812);
#9811 = CARTESIAN_POINT('',(108.5,198.,40.5));
#9812 = VECTOR('',#9813,1.);
#9813 = DIRECTION('',(0.,0.,1.));
#9814 = PLANE('',#9815);
#9815 = AXIS2_PLACEMENT_3D('',#9816,#9817,#9818);
#9816 = CARTESIAN_POINT('',(108.5,194.,40.5));
#9817 = DIRECTION('',(1.,0.,0.));
#9818 = DIRECTION('',(0.,0.,1.));
#9819 = ADVANCED_FACE('',(#9820),#9838,.T.);
#9820 = FACE_BOUND('',#9821,.T.);
#9821 = EDGE_LOOP('',(#9822,#9829,#9830,#9837));
#9822 = ORIENTED_EDGE('',*,*,#9823,.F.);
#9823 = EDGE_CURVE('',#9770,#9795,#9824,.T.);
#9824 = CIRCLE('',#9825,5.5);
#9825 = AXIS2_PLACEMENT_3D('',#9826,#9827,#9828);
#9826 = CARTESIAN_POINT('',(108.5,198.,50.));
#9827 = DIRECTION('',(0.,1.,0.));
#9828 = DIRECTION('',(0.,0.,1.));
#9829 = ORIENTED_EDGE('',*,*,#9769,.F.);
#9830 = ORIENTED_EDGE('',*,*,#9831,.T.);
#9831 = EDGE_CURVE('',#9762,#9793,#9832,.T.);
#9832 = CIRCLE('',#9833,5.5);
#9833 = AXIS2_PLACEMENT_3D('',#9834,#9835,#9836);
#9834 = CARTESIAN_POINT('',(108.5,194.,50.));
#9835 = DIRECTION('',(0.,1.,0.));
#9836 = DIRECTION('',(0.,0.,1.));
#9837 = ORIENTED_EDGE('',*,*,#9792,.T.);
#9838 = CYLINDRICAL_SURFACE('',#9839,5.5);
#9839 = AXIS2_PLACEMENT_3D('',#9840,#9841,#9842);
#9840 = CARTESIAN_POINT('',(108.5,194.,50.));
#9841 = DIRECTION('',(0.,1.,0.));
#9842 = DIRECTION('',(0.,0.,1.));
#9843 = ADVANCED_FACE('',(#9844,#9859,#9862,#9882),#9902,.T.);
#9844 = FACE_BOUND('',#9845,.T.);
#9845 = EDGE_LOOP('',(#9846,#9847,#9848,#9849,#9850,#9851,#9852,#9853,
    #9854,#9855,#9856,#9857,#9858));
#9846 = ORIENTED_EDGE('',*,*,#9441,.T.);
#9847 = ORIENTED_EDGE('',*,*,#9425,.T.);
#9848 = ORIENTED_EDGE('',*,*,#9369,.T.);
#9849 = ORIENTED_EDGE('',*,*,#9545,.T.);
#9850 = ORIENTED_EDGE('',*,*,#9631,.T.);
#9851 = ORIENTED_EDGE('',*,*,#9699,.T.);
#9852 = ORIENTED_EDGE('',*,*,#9777,.F.);
#9853 = ORIENTED_EDGE('',*,*,#9823,.T.);
#9854 = ORIENTED_EDGE('',*,*,#9809,.F.);
#9855 = ORIENTED_EDGE('',*,*,#9730,.F.);
#9856 = ORIENTED_EDGE('',*,*,#9579,.T.);
#9857 = ORIENTED_EDGE('',*,*,#9504,.F.);
#9858 = ORIENTED_EDGE('',*,*,#9490,.T.);
#9859 = FACE_BOUND('',#9860,.T.);
#9860 = EDGE_LOOP('',(#9861));
#9861 = ORIENTED_EDGE('',*,*,#9674,.F.);
#9862 = FACE_BOUND('',#9863,.T.);
#9863 = EDGE_LOOP('',(#9864,#9875));
#9864 = ORIENTED_EDGE('',*,*,#9865,.F.);
#9865 = EDGE_CURVE('',#9866,#9868,#9870,.T.);
#9866 = VERTEX_POINT('',#9867);
#9867 = CARTESIAN_POINT('',(71.5,198.,52.25));
#9868 = VERTEX_POINT('',#9869);
#9869 = CARTESIAN_POINT('',(71.5,198.,47.75));
#9870 = CIRCLE('',#9871,2.25);
#9871 = AXIS2_PLACEMENT_3D('',#9872,#9873,#9874);
#9872 = CARTESIAN_POINT('',(71.5,198.,50.));
#9873 = DIRECTION('',(0.,1.,0.));
#9874 = DIRECTION('',(0.,0.,1.));
#9875 = ORIENTED_EDGE('',*,*,#9876,.F.);
#9876 = EDGE_CURVE('',#9868,#9866,#9877,.T.);
#9877 = CIRCLE('',#9878,2.25);
#9878 = AXIS2_PLACEMENT_3D('',#9879,#9880,#9881);
#9879 = CARTESIAN_POINT('',(71.5,198.,50.));
#9880 = DIRECTION('',(0.,1.,0.));
#9881 = DIRECTION('',(0.,0.,1.));
#9882 = FACE_BOUND('',#9883,.T.);
#9883 = EDGE_LOOP('',(#9884,#9895));
#9884 = ORIENTED_EDGE('',*,*,#9885,.F.);
#9885 = EDGE_CURVE('',#9886,#9888,#9890,.T.);
#9886 = VERTEX_POINT('',#9887);
#9887 = CARTESIAN_POINT('',(108.5,198.,47.75));
#9888 = VERTEX_POINT('',#9889);
#9889 = CARTESIAN_POINT('',(108.5,198.,52.25));
#9890 = CIRCLE('',#9891,2.25);
#9891 = AXIS2_PLACEMENT_3D('',#9892,#9893,#9894);
#9892 = CARTESIAN_POINT('',(108.5,198.,50.));
#9893 = DIRECTION('',(0.,1.,0.));
#9894 = DIRECTION('',(0.,0.,1.));
#9895 = ORIENTED_EDGE('',*,*,#9896,.F.);
#9896 = EDGE_CURVE('',#9888,#9886,#9897,.T.);
#9897 = CIRCLE('',#9898,2.25);
#9898 = AXIS2_PLACEMENT_3D('',#9899,#9900,#9901);
#9899 = CARTESIAN_POINT('',(108.5,198.,50.));
#9900 = DIRECTION('',(0.,1.,0.));
#9901 = DIRECTION('',(0.,0.,1.));
#9902 = PLANE('',#9903);
#9903 = AXIS2_PLACEMENT_3D('',#9904,#9905,#9906);
#9904 = CARTESIAN_POINT('',(90.,198.,50.05267264753));
#9905 = DIRECTION('',(0.,1.,0.));
#9906 = DIRECTION('',(0.,0.,1.));
#9907 = ADVANCED_FACE('',(#9908),#9937,.F.);
#9908 = FACE_BOUND('',#9909,.F.);
#9909 = EDGE_LOOP('',(#9910,#9911,#9919,#9928,#9935,#9936));
#9910 = ORIENTED_EDGE('',*,*,#9865,.F.);
#9911 = ORIENTED_EDGE('',*,*,#9912,.F.);
#9912 = EDGE_CURVE('',#9913,#9866,#9915,.T.);
#9913 = VERTEX_POINT('',#9914);
#9914 = CARTESIAN_POINT('',(71.5,194.,52.25));
#9915 = LINE('',#9916,#9917);
#9916 = CARTESIAN_POINT('',(71.5,193.,52.25));
#9917 = VECTOR('',#9918,1.);
#9918 = DIRECTION('',(0.,1.,0.));
#9919 = ORIENTED_EDGE('',*,*,#9920,.T.);
#9920 = EDGE_CURVE('',#9913,#9921,#9923,.T.);
#9921 = VERTEX_POINT('',#9922);
#9922 = CARTESIAN_POINT('',(71.5,194.,47.75));
#9923 = CIRCLE('',#9924,2.25);
#9924 = AXIS2_PLACEMENT_3D('',#9925,#9926,#9927);
#9925 = CARTESIAN_POINT('',(71.5,194.,50.));
#9926 = DIRECTION('',(0.,1.,0.));
#9927 = DIRECTION('',(0.,0.,1.));
#9928 = ORIENTED_EDGE('',*,*,#9929,.T.);
#9929 = EDGE_CURVE('',#9921,#9913,#9930,.T.);
#9930 = CIRCLE('',#9931,2.25);
#9931 = AXIS2_PLACEMENT_3D('',#9932,#9933,#9934);
#9932 = CARTESIAN_POINT('',(71.5,194.,50.));
#9933 = DIRECTION('',(0.,1.,0.));
#9934 = DIRECTION('',(0.,0.,1.));
#9935 = ORIENTED_EDGE('',*,*,#9912,.T.);
#9936 = ORIENTED_EDGE('',*,*,#9876,.F.);
#9937 = CYLINDRICAL_SURFACE('',#9938,2.25);
#9938 = AXIS2_PLACEMENT_3D('',#9939,#9940,#9941);
#9939 = CARTESIAN_POINT('',(71.5,193.,50.));
#9940 = DIRECTION('',(0.,1.,0.));
#9941 = DIRECTION('',(0.,0.,1.));
#9942 = ADVANCED_FACE('',(#9943),#9972,.F.);
#9943 = FACE_BOUND('',#9944,.F.);
#9944 = EDGE_LOOP('',(#9945,#9946,#9954,#9963,#9970,#9971));
#9945 = ORIENTED_EDGE('',*,*,#9896,.F.);
#9946 = ORIENTED_EDGE('',*,*,#9947,.F.);
#9947 = EDGE_CURVE('',#9948,#9888,#9950,.T.);
#9948 = VERTEX_POINT('',#9949);
#9949 = CARTESIAN_POINT('',(108.5,194.,52.25));
#9950 = LINE('',#9951,#9952);
#9951 = CARTESIAN_POINT('',(108.5,193.,52.25));
#9952 = VECTOR('',#9953,1.);
#9953 = DIRECTION('',(0.,1.,0.));
#9954 = ORIENTED_EDGE('',*,*,#9955,.T.);
#9955 = EDGE_CURVE('',#9948,#9956,#9958,.T.);
#9956 = VERTEX_POINT('',#9957);
#9957 = CARTESIAN_POINT('',(108.5,194.,47.75));
#9958 = CIRCLE('',#9959,2.25);
#9959 = AXIS2_PLACEMENT_3D('',#9960,#9961,#9962);
#9960 = CARTESIAN_POINT('',(108.5,194.,50.));
#9961 = DIRECTION('',(0.,1.,0.));
#9962 = DIRECTION('',(0.,0.,1.));
#9963 = ORIENTED_EDGE('',*,*,#9964,.T.);
#9964 = EDGE_CURVE('',#9956,#9948,#9965,.T.);
#9965 = CIRCLE('',#9966,2.25);
#9966 = AXIS2_PLACEMENT_3D('',#9967,#9968,#9969);
#9967 = CARTESIAN_POINT('',(108.5,194.,50.));
#9968 = DIRECTION('',(0.,1.,0.));
#9969 = DIRECTION('',(0.,0.,1.));
#9970 = ORIENTED_EDGE('',*,*,#9947,.T.);
#9971 = ORIENTED_EDGE('',*,*,#9885,.F.);
#9972 = CYLINDRICAL_SURFACE('',#9973,2.25);
#9973 = AXIS2_PLACEMENT_3D('',#9974,#9975,#9976);
#9974 = CARTESIAN_POINT('',(108.5,193.,50.));
#9975 = DIRECTION('',(0.,1.,0.));
#9976 = DIRECTION('',(0.,0.,1.));
#9977 = ADVANCED_FACE('',(#9978,#9988),#9992,.T.);
#9978 = FACE_BOUND('',#9979,.T.);
#9979 = EDGE_LOOP('',(#9980,#9981,#9982,#9983,#9984,#9985,#9986,#9987));
#9980 = ORIENTED_EDGE('',*,*,#9458,.F.);
#9981 = ORIENTED_EDGE('',*,*,#9474,.F.);
#9982 = ORIENTED_EDGE('',*,*,#9513,.T.);
#9983 = ORIENTED_EDGE('',*,*,#9571,.T.);
#9984 = ORIENTED_EDGE('',*,*,#9562,.T.);
#9985 = ORIENTED_EDGE('',*,*,#9553,.T.);
#9986 = ORIENTED_EDGE('',*,*,#9387,.F.);
#9987 = ORIENTED_EDGE('',*,*,#9409,.F.);
#9988 = FACE_BOUND('',#9989,.T.);
#9989 = EDGE_LOOP('',(#9990,#9991));
#9990 = ORIENTED_EDGE('',*,*,#9929,.T.);
#9991 = ORIENTED_EDGE('',*,*,#9920,.T.);
#9992 = PLANE('',#9993);
#9993 = AXIS2_PLACEMENT_3D('',#9994,#9995,#9996);
#9994 = CARTESIAN_POINT('',(74.040346922418,194.,50.));
#9995 = DIRECTION('',(-0.,-1.,-0.));
#9996 = DIRECTION('',(0.,0.,-1.));
#9997 = ADVANCED_FACE('',(#9998,#10008),#10012,.T.);
#9998 = FACE_BOUND('',#9999,.T.);
#9999 = EDGE_LOOP('',(#10000,#10001,#10002,#10003,#10004,#10005,#10006,
    #10007));
#10000 = ORIENTED_EDGE('',*,*,#9761,.T.);
#10001 = ORIENTED_EDGE('',*,*,#9708,.F.);
#10002 = ORIENTED_EDGE('',*,*,#9614,.T.);
#10003 = ORIENTED_EDGE('',*,*,#9605,.T.);
#10004 = ORIENTED_EDGE('',*,*,#9596,.T.);
#10005 = ORIENTED_EDGE('',*,*,#9739,.T.);
#10006 = ORIENTED_EDGE('',*,*,#9802,.T.);
#10007 = ORIENTED_EDGE('',*,*,#9831,.F.);
#10008 = FACE_BOUND('',#10009,.T.);
#10009 = EDGE_LOOP('',(#10010,#10011));
#10010 = ORIENTED_EDGE('',*,*,#9964,.T.);
#10011 = ORIENTED_EDGE('',*,*,#9955,.T.);
#10012 = PLANE('',#10013);
#10013 = AXIS2_PLACEMENT_3D('',#10014,#10015,#10016);
#10014 = CARTESIAN_POINT('',(105.95965307758,194.,50.));
#10015 = DIRECTION('',(-0.,-1.,-0.));
#10016 = DIRECTION('',(0.,0.,-1.));
#10017 = MANIFOLD_SOLID_BREP('',#10018);
#10018 = CLOSED_SHELL('',(#10019,#10052,#10061));
#10019 = ADVANCED_FACE('',(#10020),#10047,.T.);
#10020 = FACE_BOUND('',#10021,.T.);
#10021 = EDGE_LOOP('',(#10022,#10031,#10039,#10046));
#10022 = ORIENTED_EDGE('',*,*,#10023,.F.);
#10023 = EDGE_CURVE('',#10024,#10024,#10026,.T.);
#10024 = VERTEX_POINT('',#10025);
#10025 = CARTESIAN_POINT('',(90.,205.,54.));
#10026 = CIRCLE('',#10027,4.);
#10027 = AXIS2_PLACEMENT_3D('',#10028,#10029,#10030);
#10028 = CARTESIAN_POINT('',(90.,205.,50.));
#10029 = DIRECTION('',(0.,1.,0.));
#10030 = DIRECTION('',(0.,0.,1.));
#10031 = ORIENTED_EDGE('',*,*,#10032,.F.);
#10032 = EDGE_CURVE('',#10033,#10024,#10035,.T.);
#10033 = VERTEX_POINT('',#10034);
#10034 = CARTESIAN_POINT('',(90.,80.,54.));
#10035 = LINE('',#10036,#10037);
#10036 = CARTESIAN_POINT('',(90.,80.,54.));
#10037 = VECTOR('',#10038,1.);
#10038 = DIRECTION('',(0.,1.,0.));
#10039 = ORIENTED_EDGE('',*,*,#10040,.T.);
#10040 = EDGE_CURVE('',#10033,#10033,#10041,.T.);
#10041 = CIRCLE('',#10042,4.);
#10042 = AXIS2_PLACEMENT_3D('',#10043,#10044,#10045);
#10043 = CARTESIAN_POINT('',(90.,80.,50.));
#10044 = DIRECTION('',(0.,1.,0.));
#10045 = DIRECTION('',(0.,0.,1.));
#10046 = ORIENTED_EDGE('',*,*,#10032,.T.);
#10047 = CYLINDRICAL_SURFACE('',#10048,4.);
#10048 = AXIS2_PLACEMENT_3D('',#10049,#10050,#10051);
#10049 = CARTESIAN_POINT('',(90.,80.,50.));
#10050 = DIRECTION('',(0.,1.,0.));
#10051 = DIRECTION('',(0.,0.,1.));
#10052 = ADVANCED_FACE('',(#10053),#10056,.T.);
#10053 = FACE_BOUND('',#10054,.T.);
#10054 = EDGE_LOOP('',(#10055));
#10055 = ORIENTED_EDGE('',*,*,#10023,.T.);
#10056 = PLANE('',#10057);
#10057 = AXIS2_PLACEMENT_3D('',#10058,#10059,#10060);
#10058 = CARTESIAN_POINT('',(90.,205.,50.));
#10059 = DIRECTION('',(0.,1.,0.));
#10060 = DIRECTION('',(0.,0.,1.));
#10061 = ADVANCED_FACE('',(#10062),#10065,.F.);
#10062 = FACE_BOUND('',#10063,.T.);
#10063 = EDGE_LOOP('',(#10064));
#10064 = ORIENTED_EDGE('',*,*,#10040,.F.);
#10065 = PLANE('',#10066);
#10066 = AXIS2_PLACEMENT_3D('',#10067,#10068,#10069);
#10067 = CARTESIAN_POINT('',(90.,80.,50.));
#10068 = DIRECTION('',(0.,1.,0.));
#10069 = DIRECTION('',(0.,0.,1.));
#10070 = MANIFOLD_SOLID_BREP('',#10071);
#10071 = CLOSED_SHELL('',(#10072,#10105,#10130,#10155,#10175,#10195,
    #10220,#10245,#10265,#10285));
#10072 = ADVANCED_FACE('',(#10073),#10100,.T.);
#10073 = FACE_BOUND('',#10074,.T.);
#10074 = EDGE_LOOP('',(#10075,#10084,#10092,#10099));
#10075 = ORIENTED_EDGE('',*,*,#10076,.F.);
#10076 = EDGE_CURVE('',#10077,#10077,#10079,.T.);
#10077 = VERTEX_POINT('',#10078);
#10078 = CARTESIAN_POINT('',(90.,170.,94.));
#10079 = CIRCLE('',#10080,44.);
#10080 = AXIS2_PLACEMENT_3D('',#10081,#10082,#10083);
#10081 = CARTESIAN_POINT('',(90.,170.,50.));
#10082 = DIRECTION('',(0.,1.,0.));
#10083 = DIRECTION('',(0.,0.,1.));
#10084 = ORIENTED_EDGE('',*,*,#10085,.F.);
#10085 = EDGE_CURVE('',#10086,#10077,#10088,.T.);
#10086 = VERTEX_POINT('',#10087);
#10087 = CARTESIAN_POINT('',(90.,167.,94.));
#10088 = LINE('',#10089,#10090);
#10089 = CARTESIAN_POINT('',(90.,167.,94.));
#10090 = VECTOR('',#10091,1.);
#10091 = DIRECTION('',(0.,1.,0.));
#10092 = ORIENTED_EDGE('',*,*,#10093,.T.);
#10093 = EDGE_CURVE('',#10086,#10086,#10094,.T.);
#10094 = CIRCLE('',#10095,44.);
#10095 = AXIS2_PLACEMENT_3D('',#10096,#10097,#10098);
#10096 = CARTESIAN_POINT('',(90.,167.,50.));
#10097 = DIRECTION('',(0.,1.,0.));
#10098 = DIRECTION('',(0.,0.,1.));
#10099 = ORIENTED_EDGE('',*,*,#10085,.T.);
#10100 = CYLINDRICAL_SURFACE('',#10101,44.);
#10101 = AXIS2_PLACEMENT_3D('',#10102,#10103,#10104);
#10102 = CARTESIAN_POINT('',(90.,167.,50.));
#10103 = DIRECTION('',(0.,1.,0.));
#10104 = DIRECTION('',(0.,0.,1.));
#10105 = ADVANCED_FACE('',(#10106),#10125,.T.);
#10106 = FACE_BOUND('',#10107,.T.);
#10107 = EDGE_LOOP('',(#10108,#10116,#10123,#10124));
#10108 = ORIENTED_EDGE('',*,*,#10109,.T.);
#10109 = EDGE_CURVE('',#10077,#10110,#10112,.T.);
#10110 = VERTEX_POINT('',#10111);
#10111 = CARTESIAN_POINT('',(90.,182.7,94.));
#10112 = LINE('',#10113,#10114);
#10113 = CARTESIAN_POINT('',(90.,157.3,94.));
#10114 = VECTOR('',#10115,1.);
#10115 = DIRECTION('',(0.,1.,0.));
#10116 = ORIENTED_EDGE('',*,*,#10117,.F.);
#10117 = EDGE_CURVE('',#10110,#10110,#10118,.T.);
#10118 = CIRCLE('',#10119,44.);
#10119 = AXIS2_PLACEMENT_3D('',#10120,#10121,#10122);
#10120 = CARTESIAN_POINT('',(90.,182.7,50.));
#10121 = DIRECTION('',(0.,1.,0.));
#10122 = DIRECTION('',(0.,0.,1.));
#10123 = ORIENTED_EDGE('',*,*,#10109,.F.);
#10124 = ORIENTED_EDGE('',*,*,#10076,.T.);
#10125 = CYLINDRICAL_SURFACE('',#10126,44.);
#10126 = AXIS2_PLACEMENT_3D('',#10127,#10128,#10129);
#10127 = CARTESIAN_POINT('',(90.,157.3,50.));
#10128 = DIRECTION('',(0.,1.,0.));
#10129 = DIRECTION('',(0.,0.,1.));
#10130 = ADVANCED_FACE('',(#10131),#10150,.T.);
#10131 = FACE_BOUND('',#10132,.T.);
#10132 = EDGE_LOOP('',(#10133,#10134,#10142,#10149));
#10133 = ORIENTED_EDGE('',*,*,#10093,.F.);
#10134 = ORIENTED_EDGE('',*,*,#10135,.F.);
#10135 = EDGE_CURVE('',#10136,#10086,#10138,.T.);
#10136 = VERTEX_POINT('',#10137);
#10137 = CARTESIAN_POINT('',(90.,157.3,94.));
#10138 = LINE('',#10139,#10140);
#10139 = CARTESIAN_POINT('',(90.,157.3,94.));
#10140 = VECTOR('',#10141,1.);
#10141 = DIRECTION('',(0.,1.,0.));
#10142 = ORIENTED_EDGE('',*,*,#10143,.T.);
#10143 = EDGE_CURVE('',#10136,#10136,#10144,.T.);
#10144 = CIRCLE('',#10145,44.);
#10145 = AXIS2_PLACEMENT_3D('',#10146,#10147,#10148);
#10146 = CARTESIAN_POINT('',(90.,157.3,50.));
#10147 = DIRECTION('',(0.,1.,0.));
#10148 = DIRECTION('',(0.,0.,1.));
#10149 = ORIENTED_EDGE('',*,*,#10135,.T.);
#10150 = CYLINDRICAL_SURFACE('',#10151,44.);
#10151 = AXIS2_PLACEMENT_3D('',#10152,#10153,#10154);
#10152 = CARTESIAN_POINT('',(90.,157.3,50.));
#10153 = DIRECTION('',(0.,1.,0.));
#10154 = DIRECTION('',(0.,0.,1.));
#10155 = ADVANCED_FACE('',(#10156,#10159),#10170,.T.);
#10156 = FACE_BOUND('',#10157,.T.);
#10157 = EDGE_LOOP('',(#10158));
#10158 = ORIENTED_EDGE('',*,*,#10117,.T.);
#10159 = FACE_BOUND('',#10160,.T.);
#10160 = EDGE_LOOP('',(#10161));
#10161 = ORIENTED_EDGE('',*,*,#10162,.F.);
#10162 = EDGE_CURVE('',#10163,#10163,#10165,.T.);
#10163 = VERTEX_POINT('',#10164);
#10164 = CARTESIAN_POINT('',(90.,182.7,91.));
#10165 = CIRCLE('',#10166,41.);
#10166 = AXIS2_PLACEMENT_3D('',#10167,#10168,#10169);
#10167 = CARTESIAN_POINT('',(90.,182.7,50.));
#10168 = DIRECTION('',(0.,1.,0.));
#10169 = DIRECTION('',(0.,0.,1.));
#10170 = PLANE('',#10171);
#10171 = AXIS2_PLACEMENT_3D('',#10172,#10173,#10174);
#10172 = CARTESIAN_POINT('',(90.,182.7,50.));
#10173 = DIRECTION('',(0.,1.,0.));
#10174 = DIRECTION('',(0.,0.,1.));
#10175 = ADVANCED_FACE('',(#10176,#10179),#10190,.F.);
#10176 = FACE_BOUND('',#10177,.F.);
#10177 = EDGE_LOOP('',(#10178));
#10178 = ORIENTED_EDGE('',*,*,#10143,.T.);
#10179 = FACE_BOUND('',#10180,.F.);
#10180 = EDGE_LOOP('',(#10181));
#10181 = ORIENTED_EDGE('',*,*,#10182,.F.);
#10182 = EDGE_CURVE('',#10183,#10183,#10185,.T.);
#10183 = VERTEX_POINT('',#10184);
#10184 = CARTESIAN_POINT('',(90.,157.3,91.));
#10185 = CIRCLE('',#10186,41.);
#10186 = AXIS2_PLACEMENT_3D('',#10187,#10188,#10189);
#10187 = CARTESIAN_POINT('',(90.,157.3,50.));
#10188 = DIRECTION('',(0.,1.,0.));
#10189 = DIRECTION('',(0.,0.,1.));
#10190 = PLANE('',#10191);
#10191 = AXIS2_PLACEMENT_3D('',#10192,#10193,#10194);
#10192 = CARTESIAN_POINT('',(90.,157.3,50.));
#10193 = DIRECTION('',(0.,1.,0.));
#10194 = DIRECTION('',(0.,0.,1.));
#10195 = ADVANCED_FACE('',(#10196),#10215,.F.);
#10196 = FACE_BOUND('',#10197,.F.);
#10197 = EDGE_LOOP('',(#10198,#10206,#10207,#10208));
#10198 = ORIENTED_EDGE('',*,*,#10199,.T.);
#10199 = EDGE_CURVE('',#10200,#10163,#10202,.T.);
#10200 = VERTEX_POINT('',#10201);
#10201 = CARTESIAN_POINT('',(90.,170.,91.));
#10202 = LINE('',#10203,#10204);
#10203 = CARTESIAN_POINT('',(90.,156.3,91.));
#10204 = VECTOR('',#10205,1.);
#10205 = DIRECTION('',(0.,1.,0.));
#10206 = ORIENTED_EDGE('',*,*,#10162,.F.);
#10207 = ORIENTED_EDGE('',*,*,#10199,.F.);
#10208 = ORIENTED_EDGE('',*,*,#10209,.T.);
#10209 = EDGE_CURVE('',#10200,#10200,#10210,.T.);
#10210 = CIRCLE('',#10211,41.);
#10211 = AXIS2_PLACEMENT_3D('',#10212,#10213,#10214);
#10212 = CARTESIAN_POINT('',(90.,170.,50.));
#10213 = DIRECTION('',(0.,1.,0.));
#10214 = DIRECTION('',(0.,0.,1.));
#10215 = CYLINDRICAL_SURFACE('',#10216,41.);
#10216 = AXIS2_PLACEMENT_3D('',#10217,#10218,#10219);
#10217 = CARTESIAN_POINT('',(90.,156.3,50.));
#10218 = DIRECTION('',(0.,1.,0.));
#10219 = DIRECTION('',(0.,0.,1.));
#10220 = ADVANCED_FACE('',(#10221),#10240,.F.);
#10221 = FACE_BOUND('',#10222,.F.);
#10222 = EDGE_LOOP('',(#10223,#10232,#10238,#10239));
#10223 = ORIENTED_EDGE('',*,*,#10224,.F.);
#10224 = EDGE_CURVE('',#10225,#10225,#10227,.T.);
#10225 = VERTEX_POINT('',#10226);
#10226 = CARTESIAN_POINT('',(90.,167.,91.));
#10227 = CIRCLE('',#10228,41.);
#10228 = AXIS2_PLACEMENT_3D('',#10229,#10230,#10231);
#10229 = CARTESIAN_POINT('',(90.,167.,50.));
#10230 = DIRECTION('',(0.,1.,0.));
#10231 = DIRECTION('',(0.,0.,1.));
#10232 = ORIENTED_EDGE('',*,*,#10233,.F.);
#10233 = EDGE_CURVE('',#10183,#10225,#10234,.T.);
#10234 = LINE('',#10235,#10236);
#10235 = CARTESIAN_POINT('',(90.,156.3,91.));
#10236 = VECTOR('',#10237,1.);
#10237 = DIRECTION('',(0.,1.,0.));
#10238 = ORIENTED_EDGE('',*,*,#10182,.T.);
#10239 = ORIENTED_EDGE('',*,*,#10233,.T.);
#10240 = CYLINDRICAL_SURFACE('',#10241,41.);
#10241 = AXIS2_PLACEMENT_3D('',#10242,#10243,#10244);
#10242 = CARTESIAN_POINT('',(90.,156.3,50.));
#10243 = DIRECTION('',(0.,1.,0.));
#10244 = DIRECTION('',(0.,0.,1.));
#10245 = ADVANCED_FACE('',(#10246,#10249),#10260,.T.);
#10246 = FACE_BOUND('',#10247,.T.);
#10247 = EDGE_LOOP('',(#10248));
#10248 = ORIENTED_EDGE('',*,*,#10209,.T.);
#10249 = FACE_BOUND('',#10250,.T.);
#10250 = EDGE_LOOP('',(#10251));
#10251 = ORIENTED_EDGE('',*,*,#10252,.F.);
#10252 = EDGE_CURVE('',#10253,#10253,#10255,.T.);
#10253 = VERTEX_POINT('',#10254);
#10254 = CARTESIAN_POINT('',(90.,170.,54.));
#10255 = CIRCLE('',#10256,4.);
#10256 = AXIS2_PLACEMENT_3D('',#10257,#10258,#10259);
#10257 = CARTESIAN_POINT('',(90.,170.,50.));
#10258 = DIRECTION('',(0.,1.,0.));
#10259 = DIRECTION('',(0.,0.,1.));
#10260 = PLANE('',#10261);
#10261 = AXIS2_PLACEMENT_3D('',#10262,#10263,#10264);
#10262 = CARTESIAN_POINT('',(90.,170.,50.));
#10263 = DIRECTION('',(0.,1.,0.));
#10264 = DIRECTION('',(0.,0.,1.));
#10265 = ADVANCED_FACE('',(#10266,#10269),#10280,.F.);
#10266 = FACE_BOUND('',#10267,.F.);
#10267 = EDGE_LOOP('',(#10268));
#10268 = ORIENTED_EDGE('',*,*,#10224,.T.);
#10269 = FACE_BOUND('',#10270,.F.);
#10270 = EDGE_LOOP('',(#10271));
#10271 = ORIENTED_EDGE('',*,*,#10272,.F.);
#10272 = EDGE_CURVE('',#10273,#10273,#10275,.T.);
#10273 = VERTEX_POINT('',#10274);
#10274 = CARTESIAN_POINT('',(90.,167.,54.));
#10275 = CIRCLE('',#10276,4.);
#10276 = AXIS2_PLACEMENT_3D('',#10277,#10278,#10279);
#10277 = CARTESIAN_POINT('',(90.,167.,50.));
#10278 = DIRECTION('',(0.,1.,0.));
#10279 = DIRECTION('',(0.,0.,1.));
#10280 = PLANE('',#10281);
#10281 = AXIS2_PLACEMENT_3D('',#10282,#10283,#10284);
#10282 = CARTESIAN_POINT('',(90.,167.,50.));
#10283 = DIRECTION('',(0.,1.,0.));
#10284 = DIRECTION('',(0.,0.,1.));
#10285 = ADVANCED_FACE('',(#10286),#10297,.F.);
#10286 = FACE_BOUND('',#10287,.F.);
#10287 = EDGE_LOOP('',(#10288,#10289,#10295,#10296));
#10288 = ORIENTED_EDGE('',*,*,#10252,.F.);
#10289 = ORIENTED_EDGE('',*,*,#10290,.F.);
#10290 = EDGE_CURVE('',#10273,#10253,#10291,.T.);
#10291 = LINE('',#10292,#10293);
#10292 = CARTESIAN_POINT('',(90.,166.,54.));
#10293 = VECTOR('',#10294,1.);
#10294 = DIRECTION('',(0.,1.,0.));
#10295 = ORIENTED_EDGE('',*,*,#10272,.T.);
#10296 = ORIENTED_EDGE('',*,*,#10290,.T.);
#10297 = CYLINDRICAL_SURFACE('',#10298,4.);
#10298 = AXIS2_PLACEMENT_3D('',#10299,#10300,#10301);
#10299 = CARTESIAN_POINT('',(90.,166.,50.));
#10300 = DIRECTION('',(0.,1.,0.));
#10301 = DIRECTION('',(0.,0.,1.));
#10302 = MANIFOLD_SOLID_BREP('',#10303);
#10303 = CLOSED_SHELL('',(#10304,#10337,#10357,#10377));
#10304 = ADVANCED_FACE('',(#10305),#10332,.T.);
#10305 = FACE_BOUND('',#10306,.T.);
#10306 = EDGE_LOOP('',(#10307,#10316,#10324,#10331));
#10307 = ORIENTED_EDGE('',*,*,#10308,.F.);
#10308 = EDGE_CURVE('',#10309,#10309,#10311,.T.);
#10309 = VERTEX_POINT('',#10310);
#10310 = CARTESIAN_POINT('',(90.,182.7,100.));
#10311 = CIRCLE('',#10312,50.);
#10312 = AXIS2_PLACEMENT_3D('',#10313,#10314,#10315);
#10313 = CARTESIAN_POINT('',(90.,182.7,50.));
#10314 = DIRECTION('',(0.,1.,0.));
#10315 = DIRECTION('',(0.,0.,1.));
#10316 = ORIENTED_EDGE('',*,*,#10317,.F.);
#10317 = EDGE_CURVE('',#10318,#10309,#10320,.T.);
#10318 = VERTEX_POINT('',#10319);
#10319 = CARTESIAN_POINT('',(90.,157.3,100.));
#10320 = LINE('',#10321,#10322);
#10321 = CARTESIAN_POINT('',(90.,157.3,100.));
#10322 = VECTOR('',#10323,1.);
#10323 = DIRECTION('',(0.,1.,0.));
#10324 = ORIENTED_EDGE('',*,*,#10325,.T.);
#10325 = EDGE_CURVE('',#10318,#10318,#10326,.T.);
#10326 = CIRCLE('',#10327,50.);
#10327 = AXIS2_PLACEMENT_3D('',#10328,#10329,#10330);
#10328 = CARTESIAN_POINT('',(90.,157.3,50.));
#10329 = DIRECTION('',(0.,1.,0.));
#10330 = DIRECTION('',(0.,0.,1.));
#10331 = ORIENTED_EDGE('',*,*,#10317,.T.);
#10332 = CYLINDRICAL_SURFACE('',#10333,50.);
#10333 = AXIS2_PLACEMENT_3D('',#10334,#10335,#10336);
#10334 = CARTESIAN_POINT('',(90.,157.3,50.));
#10335 = DIRECTION('',(0.,1.,0.));
#10336 = DIRECTION('',(0.,0.,1.));
#10337 = ADVANCED_FACE('',(#10338,#10341),#10352,.T.);
#10338 = FACE_BOUND('',#10339,.T.);
#10339 = EDGE_LOOP('',(#10340));
#10340 = ORIENTED_EDGE('',*,*,#10308,.T.);
#10341 = FACE_BOUND('',#10342,.T.);
#10342 = EDGE_LOOP('',(#10343));
#10343 = ORIENTED_EDGE('',*,*,#10344,.F.);
#10344 = EDGE_CURVE('',#10345,#10345,#10347,.T.);
#10345 = VERTEX_POINT('',#10346);
#10346 = CARTESIAN_POINT('',(90.,182.7,94.));
#10347 = CIRCLE('',#10348,44.);
#10348 = AXIS2_PLACEMENT_3D('',#10349,#10350,#10351);
#10349 = CARTESIAN_POINT('',(90.,182.7,50.));
#10350 = DIRECTION('',(0.,1.,0.));
#10351 = DIRECTION('',(0.,0.,1.));
#10352 = PLANE('',#10353);
#10353 = AXIS2_PLACEMENT_3D('',#10354,#10355,#10356);
#10354 = CARTESIAN_POINT('',(90.,182.7,50.));
#10355 = DIRECTION('',(0.,1.,0.));
#10356 = DIRECTION('',(0.,0.,1.));
#10357 = ADVANCED_FACE('',(#10358,#10361),#10372,.F.);
#10358 = FACE_BOUND('',#10359,.F.);
#10359 = EDGE_LOOP('',(#10360));
#10360 = ORIENTED_EDGE('',*,*,#10325,.T.);
#10361 = FACE_BOUND('',#10362,.F.);
#10362 = EDGE_LOOP('',(#10363));
#10363 = ORIENTED_EDGE('',*,*,#10364,.F.);
#10364 = EDGE_CURVE('',#10365,#10365,#10367,.T.);
#10365 = VERTEX_POINT('',#10366);
#10366 = CARTESIAN_POINT('',(90.,157.3,94.));
#10367 = CIRCLE('',#10368,44.);
#10368 = AXIS2_PLACEMENT_3D('',#10369,#10370,#10371);
#10369 = CARTESIAN_POINT('',(90.,157.3,50.));
#10370 = DIRECTION('',(0.,1.,0.));
#10371 = DIRECTION('',(0.,0.,1.));
#10372 = PLANE('',#10373);
#10373 = AXIS2_PLACEMENT_3D('',#10374,#10375,#10376);
#10374 = CARTESIAN_POINT('',(90.,157.3,50.));
#10375 = DIRECTION('',(0.,1.,0.));
#10376 = DIRECTION('',(0.,0.,1.));
#10377 = ADVANCED_FACE('',(#10378),#10389,.F.);
#10378 = FACE_BOUND('',#10379,.F.);
#10379 = EDGE_LOOP('',(#10380,#10381,#10387,#10388));
#10380 = ORIENTED_EDGE('',*,*,#10344,.F.);
#10381 = ORIENTED_EDGE('',*,*,#10382,.F.);
#10382 = EDGE_CURVE('',#10365,#10345,#10383,.T.);
#10383 = LINE('',#10384,#10385);
#10384 = CARTESIAN_POINT('',(90.,156.3,94.));
#10385 = VECTOR('',#10386,1.);
#10386 = DIRECTION('',(0.,1.,0.));
#10387 = ORIENTED_EDGE('',*,*,#10364,.T.);
#10388 = ORIENTED_EDGE('',*,*,#10382,.T.);
#10389 = CYLINDRICAL_SURFACE('',#10390,44.);
#10390 = AXIS2_PLACEMENT_3D('',#10391,#10392,#10393);
#10391 = CARTESIAN_POINT('',(90.,156.3,50.));
#10392 = DIRECTION('',(0.,1.,0.));
#10393 = DIRECTION('',(0.,0.,1.));
#10394 = MANIFOLD_SOLID_BREP('',#10395);
#10395 = CLOSED_SHELL('',(#10396,#10429,#10449,#10469));
#10396 = ADVANCED_FACE('',(#10397),#10424,.T.);
#10397 = FACE_BOUND('',#10398,.T.);
#10398 = EDGE_LOOP('',(#10399,#10408,#10416,#10423));
#10399 = ORIENTED_EDGE('',*,*,#10400,.F.);
#10400 = EDGE_CURVE('',#10401,#10401,#10403,.T.);
#10401 = VERTEX_POINT('',#10402);
#10402 = CARTESIAN_POINT('',(90.,183.,62.));
#10403 = CIRCLE('',#10404,12.);
#10404 = AXIS2_PLACEMENT_3D('',#10405,#10406,#10407);
#10405 = CARTESIAN_POINT('',(90.,183.,50.));
#10406 = DIRECTION('',(0.,1.,0.));
#10407 = DIRECTION('',(0.,0.,1.));
#10408 = ORIENTED_EDGE('',*,*,#10409,.F.);
#10409 = EDGE_CURVE('',#10410,#10401,#10412,.T.);
#10410 = VERTEX_POINT('',#10411);
#10411 = CARTESIAN_POINT('',(90.,170.,62.));
#10412 = LINE('',#10413,#10414);
#10413 = CARTESIAN_POINT('',(90.,170.,62.));
#10414 = VECTOR('',#10415,1.);
#10415 = DIRECTION('',(0.,1.,0.));
#10416 = ORIENTED_EDGE('',*,*,#10417,.T.);
#10417 = EDGE_CURVE('',#10410,#10410,#10418,.T.);
#10418 = CIRCLE('',#10419,12.);
#10419 = AXIS2_PLACEMENT_3D('',#10420,#10421,#10422);
#10420 = CARTESIAN_POINT('',(90.,170.,50.));
#10421 = DIRECTION('',(0.,1.,0.));
#10422 = DIRECTION('',(0.,0.,1.));
#10423 = ORIENTED_EDGE('',*,*,#10409,.T.);
#10424 = CYLINDRICAL_SURFACE('',#10425,12.);
#10425 = AXIS2_PLACEMENT_3D('',#10426,#10427,#10428);
#10426 = CARTESIAN_POINT('',(90.,170.,50.));
#10427 = DIRECTION('',(0.,1.,0.));
#10428 = DIRECTION('',(0.,0.,1.));
#10429 = ADVANCED_FACE('',(#10430,#10433),#10444,.T.);
#10430 = FACE_BOUND('',#10431,.T.);
#10431 = EDGE_LOOP('',(#10432));
#10432 = ORIENTED_EDGE('',*,*,#10400,.T.);
#10433 = FACE_BOUND('',#10434,.T.);
#10434 = EDGE_LOOP('',(#10435));
#10435 = ORIENTED_EDGE('',*,*,#10436,.F.);
#10436 = EDGE_CURVE('',#10437,#10437,#10439,.T.);
#10437 = VERTEX_POINT('',#10438);
#10438 = CARTESIAN_POINT('',(90.,183.,54.));
#10439 = CIRCLE('',#10440,4.);
#10440 = AXIS2_PLACEMENT_3D('',#10441,#10442,#10443);
#10441 = CARTESIAN_POINT('',(90.,183.,50.));
#10442 = DIRECTION('',(0.,1.,0.));
#10443 = DIRECTION('',(0.,0.,1.));
#10444 = PLANE('',#10445);
#10445 = AXIS2_PLACEMENT_3D('',#10446,#10447,#10448);
#10446 = CARTESIAN_POINT('',(90.,183.,50.));
#10447 = DIRECTION('',(0.,1.,0.));
#10448 = DIRECTION('',(0.,0.,1.));
#10449 = ADVANCED_FACE('',(#10450,#10453),#10464,.F.);
#10450 = FACE_BOUND('',#10451,.F.);
#10451 = EDGE_LOOP('',(#10452));
#10452 = ORIENTED_EDGE('',*,*,#10417,.T.);
#10453 = FACE_BOUND('',#10454,.F.);
#10454 = EDGE_LOOP('',(#10455));
#10455 = ORIENTED_EDGE('',*,*,#10456,.F.);
#10456 = EDGE_CURVE('',#10457,#10457,#10459,.T.);
#10457 = VERTEX_POINT('',#10458);
#10458 = CARTESIAN_POINT('',(90.,170.,54.));
#10459 = CIRCLE('',#10460,4.);
#10460 = AXIS2_PLACEMENT_3D('',#10461,#10462,#10463);
#10461 = CARTESIAN_POINT('',(90.,170.,50.));
#10462 = DIRECTION('',(0.,1.,0.));
#10463 = DIRECTION('',(0.,0.,1.));
#10464 = PLANE('',#10465);
#10465 = AXIS2_PLACEMENT_3D('',#10466,#10467,#10468);
#10466 = CARTESIAN_POINT('',(90.,170.,50.));
#10467 = DIRECTION('',(0.,1.,0.));
#10468 = DIRECTION('',(0.,0.,1.));
#10469 = ADVANCED_FACE('',(#10470),#10481,.F.);
#10470 = FACE_BOUND('',#10471,.F.);
#10471 = EDGE_LOOP('',(#10472,#10473,#10479,#10480));
#10472 = ORIENTED_EDGE('',*,*,#10436,.F.);
#10473 = ORIENTED_EDGE('',*,*,#10474,.F.);
#10474 = EDGE_CURVE('',#10457,#10437,#10475,.T.);
#10475 = LINE('',#10476,#10477);
#10476 = CARTESIAN_POINT('',(90.,169.,54.));
#10477 = VECTOR('',#10478,1.);
#10478 = DIRECTION('',(0.,1.,0.));
#10479 = ORIENTED_EDGE('',*,*,#10456,.T.);
#10480 = ORIENTED_EDGE('',*,*,#10474,.T.);
#10481 = CYLINDRICAL_SURFACE('',#10482,4.);
#10482 = AXIS2_PLACEMENT_3D('',#10483,#10484,#10485);
#10483 = CARTESIAN_POINT('',(90.,169.,50.));
#10484 = DIRECTION('',(0.,1.,0.));
#10485 = DIRECTION('',(0.,0.,1.));
#10486 = MANIFOLD_SOLID_BREP('',#10487);
#10487 = CLOSED_SHELL('',(#10488,#10528,#10561,#10612,#10666,#10720,
    #10732,#10754,#10771,#10788));
#10488 = ADVANCED_FACE('',(#10489),#10523,.F.);
#10489 = FACE_BOUND('',#10490,.F.);
#10490 = EDGE_LOOP('',(#10491,#10501,#10509,#10517));
#10491 = ORIENTED_EDGE('',*,*,#10492,.T.);
#10492 = EDGE_CURVE('',#10493,#10495,#10497,.T.);
#10493 = VERTEX_POINT('',#10494);
#10494 = CARTESIAN_POINT('',(76.945580800171,89.,57.536972439135));
#10495 = VERTEX_POINT('',#10496);
#10496 = CARTESIAN_POINT('',(76.945580800171,99.,57.536972439135));
#10497 = LINE('',#10498,#10499);
#10498 = CARTESIAN_POINT('',(76.945580800171,89.,57.536972439135));
#10499 = VECTOR('',#10500,1.);
#10500 = DIRECTION('',(0.,1.,0.));
#10501 = ORIENTED_EDGE('',*,*,#10502,.T.);
#10502 = EDGE_CURVE('',#10495,#10503,#10505,.T.);
#10503 = VERTEX_POINT('',#10504);
#10504 = CARTESIAN_POINT('',(121.94558080017,99.,135.47925877973));
#10505 = LINE('',#10506,#10507);
#10506 = CARTESIAN_POINT('',(76.945580800171,99.,57.536972439135));
#10507 = VECTOR('',#10508,1.);
#10508 = DIRECTION('',(0.5,0.,0.866025403784));
#10509 = ORIENTED_EDGE('',*,*,#10510,.F.);
#10510 = EDGE_CURVE('',#10511,#10503,#10513,.T.);
#10511 = VERTEX_POINT('',#10512);
#10512 = CARTESIAN_POINT('',(121.94558080017,89.,135.47925877973));
#10513 = LINE('',#10514,#10515);
#10514 = CARTESIAN_POINT('',(121.94558080017,89.,135.47925877973));
#10515 = VECTOR('',#10516,1.);
#10516 = DIRECTION('',(0.,1.,0.));
#10517 = ORIENTED_EDGE('',*,*,#10518,.F.);
#10518 = EDGE_CURVE('',#10493,#10511,#10519,.T.);
#10519 = LINE('',#10520,#10521);
#10520 = CARTESIAN_POINT('',(76.945580800171,89.,57.536972439135));
#10521 = VECTOR('',#10522,1.);
#10522 = DIRECTION('',(0.5,0.,0.866025403784));
#10523 = PLANE('',#10524);
#10524 = AXIS2_PLACEMENT_3D('',#10525,#10526,#10527);
#10525 = CARTESIAN_POINT('',(76.945580800171,89.,57.536972439135));
#10526 = DIRECTION('',(0.866025403784,0.,-0.5));
#10527 = DIRECTION('',(0.5,0.,0.866025403784));
#10528 = ADVANCED_FACE('',(#10529),#10556,.T.);
#10529 = FACE_BOUND('',#10530,.T.);
#10530 = EDGE_LOOP('',(#10531,#10540,#10548,#10555));
#10531 = ORIENTED_EDGE('',*,*,#10532,.F.);
#10532 = EDGE_CURVE('',#10533,#10495,#10535,.T.);
#10533 = VERTEX_POINT('',#10534);
#10534 = CARTESIAN_POINT('',(103.05441919982,99.,42.463027560865));
#10535 = CIRCLE('',#10536,15.073944878271);
#10536 = AXIS2_PLACEMENT_3D('',#10537,#10538,#10539);
#10537 = CARTESIAN_POINT('',(90.,99.,50.));
#10538 = DIRECTION('',(0.,1.,0.));
#10539 = DIRECTION('',(0.,0.,1.));
#10540 = ORIENTED_EDGE('',*,*,#10541,.F.);
#10541 = EDGE_CURVE('',#10542,#10533,#10544,.T.);
#10542 = VERTEX_POINT('',#10543);
#10543 = CARTESIAN_POINT('',(103.05441919982,89.,42.463027560865));
#10544 = LINE('',#10545,#10546);
#10545 = CARTESIAN_POINT('',(103.05441919982,89.,42.463027560865));
#10546 = VECTOR('',#10547,1.);
#10547 = DIRECTION('',(0.,1.,0.));
#10548 = ORIENTED_EDGE('',*,*,#10549,.T.);
#10549 = EDGE_CURVE('',#10542,#10493,#10550,.T.);
#10550 = CIRCLE('',#10551,15.073944878271);
#10551 = AXIS2_PLACEMENT_3D('',#10552,#10553,#10554);
#10552 = CARTESIAN_POINT('',(90.,89.,50.));
#10553 = DIRECTION('',(0.,1.,0.));
#10554 = DIRECTION('',(0.,0.,1.));
#10555 = ORIENTED_EDGE('',*,*,#10492,.T.);
#10556 = CYLINDRICAL_SURFACE('',#10557,15.073944878271);
#10557 = AXIS2_PLACEMENT_3D('',#10558,#10559,#10560);
#10558 = CARTESIAN_POINT('',(90.,89.,50.));
#10559 = DIRECTION('',(0.,1.,0.));
#10560 = DIRECTION('',(0.,0.,1.));
#10561 = ADVANCED_FACE('',(#10562),#10607,.T.);
#10562 = FACE_BOUND('',#10563,.T.);
#10563 = EDGE_LOOP('',(#10564,#10575,#10583,#10592,#10599,#10600));
#10564 = ORIENTED_EDGE('',*,*,#10565,.T.);
#10565 = EDGE_CURVE('',#10566,#10568,#10570,.T.);
#10566 = VERTEX_POINT('',#10567);
#10567 = CARTESIAN_POINT('',(135.,89.,143.01623121887));
#10568 = VERTEX_POINT('',#10569);
#10569 = CARTESIAN_POINT('',(148.05441919982,89.,120.40531390146));
#10570 = CIRCLE('',#10571,15.073944878271);
#10571 = AXIS2_PLACEMENT_3D('',#10572,#10573,#10574);
#10572 = CARTESIAN_POINT('',(135.,89.,127.94228634059));
#10573 = DIRECTION('',(0.,1.,0.));
#10574 = DIRECTION('',(0.,0.,1.));
#10575 = ORIENTED_EDGE('',*,*,#10576,.T.);
#10576 = EDGE_CURVE('',#10568,#10577,#10579,.T.);
#10577 = VERTEX_POINT('',#10578);
#10578 = CARTESIAN_POINT('',(148.05441919982,99.,120.40531390146));
#10579 = LINE('',#10580,#10581);
#10580 = CARTESIAN_POINT('',(148.05441919982,89.,120.40531390146));
#10581 = VECTOR('',#10582,1.);
#10582 = DIRECTION('',(0.,1.,0.));
#10583 = ORIENTED_EDGE('',*,*,#10584,.F.);
#10584 = EDGE_CURVE('',#10585,#10577,#10587,.T.);
#10585 = VERTEX_POINT('',#10586);
#10586 = CARTESIAN_POINT('',(135.,99.,143.01623121887));
#10587 = CIRCLE('',#10588,15.073944878271);
#10588 = AXIS2_PLACEMENT_3D('',#10589,#10590,#10591);
#10589 = CARTESIAN_POINT('',(135.,99.,127.94228634059));
#10590 = DIRECTION('',(0.,1.,0.));
#10591 = DIRECTION('',(0.,0.,1.));
#10592 = ORIENTED_EDGE('',*,*,#10593,.F.);
#10593 = EDGE_CURVE('',#10503,#10585,#10594,.T.);
#10594 = CIRCLE('',#10595,15.073944878271);
#10595 = AXIS2_PLACEMENT_3D('',#10596,#10597,#10598);
#10596 = CARTESIAN_POINT('',(135.,99.,127.94228634059));
#10597 = DIRECTION('',(0.,1.,0.));
#10598 = DIRECTION('',(0.,0.,1.));
#10599 = ORIENTED_EDGE('',*,*,#10510,.F.);
#10600 = ORIENTED_EDGE('',*,*,#10601,.T.);
#10601 = EDGE_CURVE('',#10511,#10566,#10602,.T.);
#10602 = CIRCLE('',#10603,15.073944878271);
#10603 = AXIS2_PLACEMENT_3D('',#10604,#10605,#10606);
#10604 = CARTESIAN_POINT('',(135.,89.,127.94228634059));
#10605 = DIRECTION('',(0.,1.,0.));
#10606 = DIRECTION('',(0.,0.,1.));
#10607 = CYLINDRICAL_SURFACE('',#10608,15.073944878271);
#10608 = AXIS2_PLACEMENT_3D('',#10609,#10610,#10611);
#10609 = CARTESIAN_POINT('',(135.,89.,127.94228634059));
#10610 = DIRECTION('',(0.,1.,0.));
#10611 = DIRECTION('',(0.,0.,1.));
#10612 = ADVANCED_FACE('',(#10613,#10625),#10661,.T.);
#10613 = FACE_BOUND('',#10614,.T.);
#10614 = EDGE_LOOP('',(#10615,#10621,#10622,#10623,#10624));
#10615 = ORIENTED_EDGE('',*,*,#10616,.F.);
#10616 = EDGE_CURVE('',#10568,#10542,#10617,.T.);
#10617 = LINE('',#10618,#10619);
#10618 = CARTESIAN_POINT('',(148.05441919982,89.,120.40531390146));
#10619 = VECTOR('',#10620,1.);
#10620 = DIRECTION('',(-0.5,0.,-0.866025403784));
#10621 = ORIENTED_EDGE('',*,*,#10565,.F.);
#10622 = ORIENTED_EDGE('',*,*,#10601,.F.);
#10623 = ORIENTED_EDGE('',*,*,#10518,.F.);
#10624 = ORIENTED_EDGE('',*,*,#10549,.F.);
#10625 = FACE_BOUND('',#10626,.T.);
#10626 = EDGE_LOOP('',(#10627,#10638,#10646,#10655));
#10627 = ORIENTED_EDGE('',*,*,#10628,.T.);
#10628 = EDGE_CURVE('',#10629,#10631,#10633,.T.);
#10629 = VERTEX_POINT('',#10630);
#10630 = CARTESIAN_POINT('',(101.75538109415,89.,43.213027560865));
#10631 = VERTEX_POINT('',#10632);
#10632 = CARTESIAN_POINT('',(78.244618905848,89.,56.786972439135));
#10633 = CIRCLE('',#10634,13.573944878271);
#10634 = AXIS2_PLACEMENT_3D('',#10635,#10636,#10637);
#10635 = CARTESIAN_POINT('',(90.,89.,50.));
#10636 = DIRECTION('',(0.,1.,0.));
#10637 = DIRECTION('',(0.,0.,1.));
#10638 = ORIENTED_EDGE('',*,*,#10639,.T.);
#10639 = EDGE_CURVE('',#10631,#10640,#10642,.T.);
#10640 = VERTEX_POINT('',#10641);
#10641 = CARTESIAN_POINT('',(123.24461890584,89.,134.72925877973));
#10642 = LINE('',#10643,#10644);
#10643 = CARTESIAN_POINT('',(89.588759951152,89.,76.435601097829));
#10644 = VECTOR('',#10645,1.);
#10645 = DIRECTION('',(0.5,0.,0.866025403784));
#10646 = ORIENTED_EDGE('',*,*,#10647,.T.);
#10647 = EDGE_CURVE('',#10640,#10648,#10650,.T.);
#10648 = VERTEX_POINT('',#10649);
#10649 = CARTESIAN_POINT('',(146.75538109415,89.,121.15531390146));
#10650 = CIRCLE('',#10651,13.573944878271);
#10651 = AXIS2_PLACEMENT_3D('',#10652,#10653,#10654);
#10652 = CARTESIAN_POINT('',(135.,89.,127.94228634059));
#10653 = DIRECTION('',(0.,1.,0.));
#10654 = DIRECTION('',(0.,0.,1.));
#10655 = ORIENTED_EDGE('',*,*,#10656,.T.);
#10656 = EDGE_CURVE('',#10648,#10629,#10657,.T.);
#10657 = LINE('',#10658,#10659);
#10658 = CARTESIAN_POINT('',(135.59952213945,89.,101.83279938985));
#10659 = VECTOR('',#10660,1.);
#10660 = DIRECTION('',(-0.5,0.,-0.866025403784));
#10661 = PLANE('',#10662);
#10662 = AXIS2_PLACEMENT_3D('',#10663,#10664,#10665);
#10663 = CARTESIAN_POINT('',(112.6600013485,89.,89.313585211456));
#10664 = DIRECTION('',(-0.,-1.,-0.));
#10665 = DIRECTION('',(0.,0.,-1.));
#10666 = ADVANCED_FACE('',(#10667,#10679),#10715,.T.);
#10667 = FACE_BOUND('',#10668,.T.);
#10668 = EDGE_LOOP('',(#10669,#10675,#10676,#10677,#10678));
#10669 = ORIENTED_EDGE('',*,*,#10670,.T.);
#10670 = EDGE_CURVE('',#10577,#10533,#10671,.T.);
#10671 = LINE('',#10672,#10673);
#10672 = CARTESIAN_POINT('',(148.05441919982,99.,120.40531390146));
#10673 = VECTOR('',#10674,1.);
#10674 = DIRECTION('',(-0.5,0.,-0.866025403784));
#10675 = ORIENTED_EDGE('',*,*,#10532,.T.);
#10676 = ORIENTED_EDGE('',*,*,#10502,.T.);
#10677 = ORIENTED_EDGE('',*,*,#10593,.T.);
#10678 = ORIENTED_EDGE('',*,*,#10584,.T.);
#10679 = FACE_BOUND('',#10680,.T.);
#10680 = EDGE_LOOP('',(#10681,#10692,#10700,#10709));
#10681 = ORIENTED_EDGE('',*,*,#10682,.F.);
#10682 = EDGE_CURVE('',#10683,#10685,#10687,.T.);
#10683 = VERTEX_POINT('',#10684);
#10684 = CARTESIAN_POINT('',(123.24461890584,99.,134.72925877973));
#10685 = VERTEX_POINT('',#10686);
#10686 = CARTESIAN_POINT('',(146.75538109415,99.,121.15531390146));
#10687 = CIRCLE('',#10688,13.573944878271);
#10688 = AXIS2_PLACEMENT_3D('',#10689,#10690,#10691);
#10689 = CARTESIAN_POINT('',(135.,99.,127.94228634059));
#10690 = DIRECTION('',(0.,1.,0.));
#10691 = DIRECTION('',(0.,0.,1.));
#10692 = ORIENTED_EDGE('',*,*,#10693,.T.);
#10693 = EDGE_CURVE('',#10683,#10694,#10696,.T.);
#10694 = VERTEX_POINT('',#10695);
#10695 = CARTESIAN_POINT('',(78.244618905848,99.,56.786972439135));
#10696 = LINE('',#10697,#10698);
#10697 = CARTESIAN_POINT('',(89.588759951152,99.,76.435601097829));
#10698 = VECTOR('',#10699,1.);
#10699 = DIRECTION('',(-0.5,0.,-0.866025403784));
#10700 = ORIENTED_EDGE('',*,*,#10701,.F.);
#10701 = EDGE_CURVE('',#10702,#10694,#10704,.T.);
#10702 = VERTEX_POINT('',#10703);
#10703 = CARTESIAN_POINT('',(101.75538109415,99.,43.213027560865));
#10704 = CIRCLE('',#10705,13.573944878271);
#10705 = AXIS2_PLACEMENT_3D('',#10706,#10707,#10708);
#10706 = CARTESIAN_POINT('',(90.,99.,50.));
#10707 = DIRECTION('',(0.,1.,0.));
#10708 = DIRECTION('',(0.,0.,1.));
#10709 = ORIENTED_EDGE('',*,*,#10710,.T.);
#10710 = EDGE_CURVE('',#10702,#10685,#10711,.T.);
#10711 = LINE('',#10712,#10713);
#10712 = CARTESIAN_POINT('',(135.59952213945,99.,101.83279938985));
#10713 = VECTOR('',#10714,1.);
#10714 = DIRECTION('',(0.5,0.,0.866025403784));
#10715 = PLANE('',#10716);
#10716 = AXIS2_PLACEMENT_3D('',#10717,#10718,#10719);
#10717 = CARTESIAN_POINT('',(112.6600013485,99.,89.313585211456));
#10718 = DIRECTION('',(0.,1.,0.));
#10719 = DIRECTION('',(0.,0.,1.));
#10720 = ADVANCED_FACE('',(#10721),#10727,.F.);
#10721 = FACE_BOUND('',#10722,.F.);
#10722 = EDGE_LOOP('',(#10723,#10724,#10725,#10726));
#10723 = ORIENTED_EDGE('',*,*,#10576,.T.);
#10724 = ORIENTED_EDGE('',*,*,#10670,.T.);
#10725 = ORIENTED_EDGE('',*,*,#10541,.F.);
#10726 = ORIENTED_EDGE('',*,*,#10616,.F.);
#10727 = PLANE('',#10728);
#10728 = AXIS2_PLACEMENT_3D('',#10729,#10730,#10731);
#10729 = CARTESIAN_POINT('',(148.05441919982,89.,120.40531390146));
#10730 = DIRECTION('',(-0.866025403784,0.,0.5));
#10731 = DIRECTION('',(-0.5,0.,-0.866025403784));
#10732 = ADVANCED_FACE('',(#10733),#10749,.F.);
#10733 = FACE_BOUND('',#10734,.F.);
#10734 = EDGE_LOOP('',(#10735,#10736,#10742,#10743));
#10735 = ORIENTED_EDGE('',*,*,#10701,.F.);
#10736 = ORIENTED_EDGE('',*,*,#10737,.F.);
#10737 = EDGE_CURVE('',#10629,#10702,#10738,.T.);
#10738 = LINE('',#10739,#10740);
#10739 = CARTESIAN_POINT('',(101.75538109415,88.,43.213027560865));
#10740 = VECTOR('',#10741,1.);
#10741 = DIRECTION('',(0.,1.,0.));
#10742 = ORIENTED_EDGE('',*,*,#10628,.T.);
#10743 = ORIENTED_EDGE('',*,*,#10744,.T.);
#10744 = EDGE_CURVE('',#10631,#10694,#10745,.T.);
#10745 = LINE('',#10746,#10747);
#10746 = CARTESIAN_POINT('',(78.244618905848,88.,56.786972439135));
#10747 = VECTOR('',#10748,1.);
#10748 = DIRECTION('',(0.,1.,0.));
#10749 = CYLINDRICAL_SURFACE('',#10750,13.573944878271);
#10750 = AXIS2_PLACEMENT_3D('',#10751,#10752,#10753);
#10751 = CARTESIAN_POINT('',(90.,88.,50.));
#10752 = DIRECTION('',(0.,1.,0.));
#10753 = DIRECTION('',(0.,0.,1.));
#10754 = ADVANCED_FACE('',(#10755),#10766,.T.);
#10755 = FACE_BOUND('',#10756,.T.);
#10756 = EDGE_LOOP('',(#10757,#10758,#10764,#10765));
#10757 = ORIENTED_EDGE('',*,*,#10656,.F.);
#10758 = ORIENTED_EDGE('',*,*,#10759,.T.);
#10759 = EDGE_CURVE('',#10648,#10685,#10760,.T.);
#10760 = LINE('',#10761,#10762);
#10761 = CARTESIAN_POINT('',(146.75538109415,88.,121.15531390146));
#10762 = VECTOR('',#10763,1.);
#10763 = DIRECTION('',(0.,1.,0.));
#10764 = ORIENTED_EDGE('',*,*,#10710,.F.);
#10765 = ORIENTED_EDGE('',*,*,#10737,.F.);
#10766 = PLANE('',#10767);
#10767 = AXIS2_PLACEMENT_3D('',#10768,#10769,#10770);
#10768 = CARTESIAN_POINT('',(146.75538109415,88.,121.15531390146));
#10769 = DIRECTION('',(-0.866025403784,0.,0.5));
#10770 = DIRECTION('',(-0.5,0.,-0.866025403784));
#10771 = ADVANCED_FACE('',(#10772),#10783,.F.);
#10772 = FACE_BOUND('',#10773,.F.);
#10773 = EDGE_LOOP('',(#10774,#10775,#10776,#10777));
#10774 = ORIENTED_EDGE('',*,*,#10647,.T.);
#10775 = ORIENTED_EDGE('',*,*,#10759,.T.);
#10776 = ORIENTED_EDGE('',*,*,#10682,.F.);
#10777 = ORIENTED_EDGE('',*,*,#10778,.F.);
#10778 = EDGE_CURVE('',#10640,#10683,#10779,.T.);
#10779 = LINE('',#10780,#10781);
#10780 = CARTESIAN_POINT('',(123.24461890584,88.,134.72925877973));
#10781 = VECTOR('',#10782,1.);
#10782 = DIRECTION('',(0.,1.,0.));
#10783 = CYLINDRICAL_SURFACE('',#10784,13.573944878271);
#10784 = AXIS2_PLACEMENT_3D('',#10785,#10786,#10787);
#10785 = CARTESIAN_POINT('',(135.,88.,127.94228634059));
#10786 = DIRECTION('',(0.,1.,0.));
#10787 = DIRECTION('',(0.,0.,1.));
#10788 = ADVANCED_FACE('',(#10789),#10795,.T.);
#10789 = FACE_BOUND('',#10790,.T.);
#10790 = EDGE_LOOP('',(#10791,#10792,#10793,#10794));
#10791 = ORIENTED_EDGE('',*,*,#10639,.F.);
#10792 = ORIENTED_EDGE('',*,*,#10744,.T.);
#10793 = ORIENTED_EDGE('',*,*,#10693,.F.);
#10794 = ORIENTED_EDGE('',*,*,#10778,.F.);
#10795 = PLANE('',#10796);
#10796 = AXIS2_PLACEMENT_3D('',#10797,#10798,#10799);
#10797 = CARTESIAN_POINT('',(78.244618905848,88.,56.786972439135));
#10798 = DIRECTION('',(0.866025403784,0.,-0.5));
#10799 = DIRECTION('',(0.5,0.,0.866025403784));
#10800 = MANIFOLD_SOLID_BREP('',#10801);
#10801 = CLOSED_SHELL('',(#10802,#10835,#10855,#10875,#10900,#10925,
    #10945,#10965,#10990,#11015,#11035,#11055));
#10802 = ADVANCED_FACE('',(#10803),#10830,.T.);
#10803 = FACE_BOUND('',#10804,.T.);
#10804 = EDGE_LOOP('',(#10805,#10814,#10822,#10829));
#10805 = ORIENTED_EDGE('',*,*,#10806,.F.);
#10806 = EDGE_CURVE('',#10807,#10807,#10809,.T.);
#10807 = VERTEX_POINT('',#10808);
#10808 = CARTESIAN_POINT('',(90.,99.5,63.473944878271));
#10809 = CIRCLE('',#10810,13.473944878271);
#10810 = AXIS2_PLACEMENT_3D('',#10811,#10812,#10813);
#10811 = CARTESIAN_POINT('',(90.,99.5,50.));
#10812 = DIRECTION('',(0.,1.,0.));
#10813 = DIRECTION('',(0.,0.,1.));
#10814 = ORIENTED_EDGE('',*,*,#10815,.F.);
#10815 = EDGE_CURVE('',#10816,#10807,#10818,.T.);
#10816 = VERTEX_POINT('',#10817);
#10817 = CARTESIAN_POINT('',(90.,88.5,63.473944878271));
#10818 = LINE('',#10819,#10820);
#10819 = CARTESIAN_POINT('',(90.,88.5,63.473944878271));
#10820 = VECTOR('',#10821,1.);
#10821 = DIRECTION('',(0.,1.,0.));
#10822 = ORIENTED_EDGE('',*,*,#10823,.T.);
#10823 = EDGE_CURVE('',#10816,#10816,#10824,.T.);
#10824 = CIRCLE('',#10825,13.473944878271);
#10825 = AXIS2_PLACEMENT_3D('',#10826,#10827,#10828);
#10826 = CARTESIAN_POINT('',(90.,88.5,50.));
#10827 = DIRECTION('',(0.,1.,0.));
#10828 = DIRECTION('',(0.,0.,1.));
#10829 = ORIENTED_EDGE('',*,*,#10815,.T.);
#10830 = CYLINDRICAL_SURFACE('',#10831,13.473944878271);
#10831 = AXIS2_PLACEMENT_3D('',#10832,#10833,#10834);
#10832 = CARTESIAN_POINT('',(90.,88.5,50.));
#10833 = DIRECTION('',(0.,1.,0.));
#10834 = DIRECTION('',(0.,0.,1.));
#10835 = ADVANCED_FACE('',(#10836,#10847),#10850,.F.);
#10836 = FACE_BOUND('',#10837,.F.);
#10837 = EDGE_LOOP('',(#10838));
#10838 = ORIENTED_EDGE('',*,*,#10839,.T.);
#10839 = EDGE_CURVE('',#10840,#10840,#10842,.T.);
#10840 = VERTEX_POINT('',#10841);
#10841 = CARTESIAN_POINT('',(90.,99.5,66.));
#10842 = CIRCLE('',#10843,16.);
#10843 = AXIS2_PLACEMENT_3D('',#10844,#10845,#10846);
#10844 = CARTESIAN_POINT('',(90.,99.5,50.));
#10845 = DIRECTION('',(0.,1.,0.));
#10846 = DIRECTION('',(0.,0.,1.));
#10847 = FACE_BOUND('',#10848,.F.);
#10848 = EDGE_LOOP('',(#10849));
#10849 = ORIENTED_EDGE('',*,*,#10806,.F.);
#10850 = PLANE('',#10851);
#10851 = AXIS2_PLACEMENT_3D('',#10852,#10853,#10854);
#10852 = CARTESIAN_POINT('',(90.,99.5,50.));
#10853 = DIRECTION('',(0.,1.,0.));
#10854 = DIRECTION('',(0.,0.,1.));
#10855 = ADVANCED_FACE('',(#10856,#10867),#10870,.T.);
#10856 = FACE_BOUND('',#10857,.T.);
#10857 = EDGE_LOOP('',(#10858));
#10858 = ORIENTED_EDGE('',*,*,#10859,.T.);
#10859 = EDGE_CURVE('',#10860,#10860,#10862,.T.);
#10860 = VERTEX_POINT('',#10861);
#10861 = CARTESIAN_POINT('',(90.,88.5,66.));
#10862 = CIRCLE('',#10863,16.);
#10863 = AXIS2_PLACEMENT_3D('',#10864,#10865,#10866);
#10864 = CARTESIAN_POINT('',(90.,88.5,50.));
#10865 = DIRECTION('',(0.,1.,0.));
#10866 = DIRECTION('',(0.,0.,1.));
#10867 = FACE_BOUND('',#10868,.T.);
#10868 = EDGE_LOOP('',(#10869));
#10869 = ORIENTED_EDGE('',*,*,#10823,.F.);
#10870 = PLANE('',#10871);
#10871 = AXIS2_PLACEMENT_3D('',#10872,#10873,#10874);
#10872 = CARTESIAN_POINT('',(90.,88.5,50.));
#10873 = DIRECTION('',(0.,1.,0.));
#10874 = DIRECTION('',(0.,0.,1.));
#10875 = ADVANCED_FACE('',(#10876),#10895,.T.);
#10876 = FACE_BOUND('',#10877,.T.);
#10877 = EDGE_LOOP('',(#10878,#10887,#10893,#10894));
#10878 = ORIENTED_EDGE('',*,*,#10879,.F.);
#10879 = EDGE_CURVE('',#10880,#10880,#10882,.T.);
#10880 = VERTEX_POINT('',#10881);
#10881 = CARTESIAN_POINT('',(90.,100.5,66.));
#10882 = CIRCLE('',#10883,16.);
#10883 = AXIS2_PLACEMENT_3D('',#10884,#10885,#10886);
#10884 = CARTESIAN_POINT('',(90.,100.5,50.));
#10885 = DIRECTION('',(0.,1.,0.));
#10886 = DIRECTION('',(0.,0.,1.));
#10887 = ORIENTED_EDGE('',*,*,#10888,.F.);
#10888 = EDGE_CURVE('',#10840,#10880,#10889,.T.);
#10889 = LINE('',#10890,#10891);
#10890 = CARTESIAN_POINT('',(90.,99.5,66.));
#10891 = VECTOR('',#10892,1.);
#10892 = DIRECTION('',(0.,1.,0.));
#10893 = ORIENTED_EDGE('',*,*,#10839,.T.);
#10894 = ORIENTED_EDGE('',*,*,#10888,.T.);
#10895 = CYLINDRICAL_SURFACE('',#10896,16.);
#10896 = AXIS2_PLACEMENT_3D('',#10897,#10898,#10899);
#10897 = CARTESIAN_POINT('',(90.,99.5,50.));
#10898 = DIRECTION('',(0.,1.,0.));
#10899 = DIRECTION('',(0.,0.,1.));
#10900 = ADVANCED_FACE('',(#10901),#10920,.T.);
#10901 = FACE_BOUND('',#10902,.T.);
#10902 = EDGE_LOOP('',(#10903,#10904,#10912,#10919));
#10903 = ORIENTED_EDGE('',*,*,#10859,.F.);
#10904 = ORIENTED_EDGE('',*,*,#10905,.F.);
#10905 = EDGE_CURVE('',#10906,#10860,#10908,.T.);
#10906 = VERTEX_POINT('',#10907);
#10907 = CARTESIAN_POINT('',(90.,87.5,66.));
#10908 = LINE('',#10909,#10910);
#10909 = CARTESIAN_POINT('',(90.,87.5,66.));
#10910 = VECTOR('',#10911,1.);
#10911 = DIRECTION('',(0.,1.,0.));
#10912 = ORIENTED_EDGE('',*,*,#10913,.T.);
#10913 = EDGE_CURVE('',#10906,#10906,#10914,.T.);
#10914 = CIRCLE('',#10915,16.);
#10915 = AXIS2_PLACEMENT_3D('',#10916,#10917,#10918);
#10916 = CARTESIAN_POINT('',(90.,87.5,50.));
#10917 = DIRECTION('',(0.,1.,0.));
#10918 = DIRECTION('',(0.,0.,1.));
#10919 = ORIENTED_EDGE('',*,*,#10905,.T.);
#10920 = CYLINDRICAL_SURFACE('',#10921,16.);
#10921 = AXIS2_PLACEMENT_3D('',#10922,#10923,#10924);
#10922 = CARTESIAN_POINT('',(90.,87.5,50.));
#10923 = DIRECTION('',(0.,1.,0.));
#10924 = DIRECTION('',(0.,0.,1.));
#10925 = ADVANCED_FACE('',(#10926,#10929),#10940,.T.);
#10926 = FACE_BOUND('',#10927,.T.);
#10927 = EDGE_LOOP('',(#10928));
#10928 = ORIENTED_EDGE('',*,*,#10879,.T.);
#10929 = FACE_BOUND('',#10930,.T.);
#10930 = EDGE_LOOP('',(#10931));
#10931 = ORIENTED_EDGE('',*,*,#10932,.F.);
#10932 = EDGE_CURVE('',#10933,#10933,#10935,.T.);
#10933 = VERTEX_POINT('',#10934);
#10934 = CARTESIAN_POINT('',(90.,100.5,59.));
#10935 = CIRCLE('',#10936,9.);
#10936 = AXIS2_PLACEMENT_3D('',#10937,#10938,#10939);
#10937 = CARTESIAN_POINT('',(90.,100.5,50.));
#10938 = DIRECTION('',(0.,1.,0.));
#10939 = DIRECTION('',(0.,0.,1.));
#10940 = PLANE('',#10941);
#10941 = AXIS2_PLACEMENT_3D('',#10942,#10943,#10944);
#10942 = CARTESIAN_POINT('',(90.,100.5,50.));
#10943 = DIRECTION('',(0.,1.,0.));
#10944 = DIRECTION('',(0.,0.,1.));
#10945 = ADVANCED_FACE('',(#10946,#10949),#10960,.F.);
#10946 = FACE_BOUND('',#10947,.F.);
#10947 = EDGE_LOOP('',(#10948));
#10948 = ORIENTED_EDGE('',*,*,#10913,.T.);
#10949 = FACE_BOUND('',#10950,.F.);
#10950 = EDGE_LOOP('',(#10951));
#10951 = ORIENTED_EDGE('',*,*,#10952,.F.);
#10952 = EDGE_CURVE('',#10953,#10953,#10955,.T.);
#10953 = VERTEX_POINT('',#10954);
#10954 = CARTESIAN_POINT('',(90.,87.5,59.));
#10955 = CIRCLE('',#10956,9.);
#10956 = AXIS2_PLACEMENT_3D('',#10957,#10958,#10959);
#10957 = CARTESIAN_POINT('',(90.,87.5,50.));
#10958 = DIRECTION('',(0.,1.,0.));
#10959 = DIRECTION('',(0.,0.,1.));
#10960 = PLANE('',#10961);
#10961 = AXIS2_PLACEMENT_3D('',#10962,#10963,#10964);
#10962 = CARTESIAN_POINT('',(90.,87.5,50.));
#10963 = DIRECTION('',(0.,1.,0.));
#10964 = DIRECTION('',(0.,0.,1.));
#10965 = ADVANCED_FACE('',(#10966),#10985,.T.);
#10966 = FACE_BOUND('',#10967,.T.);
#10967 = EDGE_LOOP('',(#10968,#10976,#10983,#10984));
#10968 = ORIENTED_EDGE('',*,*,#10969,.T.);
#10969 = EDGE_CURVE('',#10933,#10970,#10972,.T.);
#10970 = VERTEX_POINT('',#10971);
#10971 = CARTESIAN_POINT('',(90.,103.,59.));
#10972 = LINE('',#10973,#10974);
#10973 = CARTESIAN_POINT('',(90.,85.,59.));
#10974 = VECTOR('',#10975,1.);
#10975 = DIRECTION('',(0.,1.,0.));
#10976 = ORIENTED_EDGE('',*,*,#10977,.F.);
#10977 = EDGE_CURVE('',#10970,#10970,#10978,.T.);
#10978 = CIRCLE('',#10979,9.);
#10979 = AXIS2_PLACEMENT_3D('',#10980,#10981,#10982);
#10980 = CARTESIAN_POINT('',(90.,103.,50.));
#10981 = DIRECTION('',(0.,1.,0.));
#10982 = DIRECTION('',(0.,0.,1.));
#10983 = ORIENTED_EDGE('',*,*,#10969,.F.);
#10984 = ORIENTED_EDGE('',*,*,#10932,.T.);
#10985 = CYLINDRICAL_SURFACE('',#10986,9.);
#10986 = AXIS2_PLACEMENT_3D('',#10987,#10988,#10989);
#10987 = CARTESIAN_POINT('',(90.,85.,50.));
#10988 = DIRECTION('',(0.,1.,0.));
#10989 = DIRECTION('',(0.,0.,1.));
#10990 = ADVANCED_FACE('',(#10991),#11010,.T.);
#10991 = FACE_BOUND('',#10992,.T.);
#10992 = EDGE_LOOP('',(#10993,#10994,#11002,#11009));
#10993 = ORIENTED_EDGE('',*,*,#10952,.F.);
#10994 = ORIENTED_EDGE('',*,*,#10995,.F.);
#10995 = EDGE_CURVE('',#10996,#10953,#10998,.T.);
#10996 = VERTEX_POINT('',#10997);
#10997 = CARTESIAN_POINT('',(90.,85.,59.));
#10998 = LINE('',#10999,#11000);
#10999 = CARTESIAN_POINT('',(90.,85.,59.));
#11000 = VECTOR('',#11001,1.);
#11001 = DIRECTION('',(0.,1.,0.));
#11002 = ORIENTED_EDGE('',*,*,#11003,.T.);
#11003 = EDGE_CURVE('',#10996,#10996,#11004,.T.);
#11004 = CIRCLE('',#11005,9.);
#11005 = AXIS2_PLACEMENT_3D('',#11006,#11007,#11008);
#11006 = CARTESIAN_POINT('',(90.,85.,50.));
#11007 = DIRECTION('',(0.,1.,0.));
#11008 = DIRECTION('',(0.,0.,1.));
#11009 = ORIENTED_EDGE('',*,*,#10995,.T.);
#11010 = CYLINDRICAL_SURFACE('',#11011,9.);
#11011 = AXIS2_PLACEMENT_3D('',#11012,#11013,#11014);
#11012 = CARTESIAN_POINT('',(90.,85.,50.));
#11013 = DIRECTION('',(0.,1.,0.));
#11014 = DIRECTION('',(0.,0.,1.));
#11015 = ADVANCED_FACE('',(#11016,#11019),#11030,.T.);
#11016 = FACE_BOUND('',#11017,.T.);
#11017 = EDGE_LOOP('',(#11018));
#11018 = ORIENTED_EDGE('',*,*,#10977,.T.);
#11019 = FACE_BOUND('',#11020,.T.);
#11020 = EDGE_LOOP('',(#11021));
#11021 = ORIENTED_EDGE('',*,*,#11022,.F.);
#11022 = EDGE_CURVE('',#11023,#11023,#11025,.T.);
#11023 = VERTEX_POINT('',#11024);
#11024 = CARTESIAN_POINT('',(90.,103.,54.));
#11025 = CIRCLE('',#11026,4.);
#11026 = AXIS2_PLACEMENT_3D('',#11027,#11028,#11029);
#11027 = CARTESIAN_POINT('',(90.,103.,50.));
#11028 = DIRECTION('',(0.,1.,0.));
#11029 = DIRECTION('',(0.,0.,1.));
#11030 = PLANE('',#11031);
#11031 = AXIS2_PLACEMENT_3D('',#11032,#11033,#11034);
#11032 = CARTESIAN_POINT('',(90.,103.,50.));
#11033 = DIRECTION('',(0.,1.,0.));
#11034 = DIRECTION('',(0.,0.,1.));
#11035 = ADVANCED_FACE('',(#11036,#11039),#11050,.F.);
#11036 = FACE_BOUND('',#11037,.F.);
#11037 = EDGE_LOOP('',(#11038));
#11038 = ORIENTED_EDGE('',*,*,#11003,.T.);
#11039 = FACE_BOUND('',#11040,.F.);
#11040 = EDGE_LOOP('',(#11041));
#11041 = ORIENTED_EDGE('',*,*,#11042,.F.);
#11042 = EDGE_CURVE('',#11043,#11043,#11045,.T.);
#11043 = VERTEX_POINT('',#11044);
#11044 = CARTESIAN_POINT('',(90.,85.,54.));
#11045 = CIRCLE('',#11046,4.);
#11046 = AXIS2_PLACEMENT_3D('',#11047,#11048,#11049);
#11047 = CARTESIAN_POINT('',(90.,85.,50.));
#11048 = DIRECTION('',(0.,1.,0.));
#11049 = DIRECTION('',(0.,0.,1.));
#11050 = PLANE('',#11051);
#11051 = AXIS2_PLACEMENT_3D('',#11052,#11053,#11054);
#11052 = CARTESIAN_POINT('',(90.,85.,50.));
#11053 = DIRECTION('',(0.,1.,0.));
#11054 = DIRECTION('',(0.,0.,1.));
#11055 = ADVANCED_FACE('',(#11056),#11067,.F.);
#11056 = FACE_BOUND('',#11057,.F.);
#11057 = EDGE_LOOP('',(#11058,#11059,#11065,#11066));
#11058 = ORIENTED_EDGE('',*,*,#11022,.F.);
#11059 = ORIENTED_EDGE('',*,*,#11060,.F.);
#11060 = EDGE_CURVE('',#11043,#11023,#11061,.T.);
#11061 = LINE('',#11062,#11063);
#11062 = CARTESIAN_POINT('',(90.,84.,54.));
#11063 = VECTOR('',#11064,1.);
#11064 = DIRECTION('',(0.,1.,0.));
#11065 = ORIENTED_EDGE('',*,*,#11042,.T.);
#11066 = ORIENTED_EDGE('',*,*,#11060,.T.);
#11067 = CYLINDRICAL_SURFACE('',#11068,4.);
#11068 = AXIS2_PLACEMENT_3D('',#11069,#11070,#11071);
#11069 = CARTESIAN_POINT('',(90.,84.,50.));
#11070 = DIRECTION('',(0.,1.,0.));
#11071 = DIRECTION('',(0.,0.,1.));
#11072 = MANIFOLD_SOLID_BREP('',#11073);
#11073 = CLOSED_SHELL('',(#11074,#11107,#11127,#11147,#11172,#11197,
    #11217,#11237,#11262,#11287,#11307,#11327));
#11074 = ADVANCED_FACE('',(#11075),#11102,.T.);
#11075 = FACE_BOUND('',#11076,.T.);
#11076 = EDGE_LOOP('',(#11077,#11086,#11094,#11101));
#11077 = ORIENTED_EDGE('',*,*,#11078,.F.);
#11078 = EDGE_CURVE('',#11079,#11079,#11081,.T.);
#11079 = VERTEX_POINT('',#11080);
#11080 = CARTESIAN_POINT('',(135.,99.5,141.41623121887));
#11081 = CIRCLE('',#11082,13.473944878271);
#11082 = AXIS2_PLACEMENT_3D('',#11083,#11084,#11085);
#11083 = CARTESIAN_POINT('',(135.,99.5,127.94228634059));
#11084 = DIRECTION('',(0.,1.,0.));
#11085 = DIRECTION('',(0.,0.,1.));
#11086 = ORIENTED_EDGE('',*,*,#11087,.F.);
#11087 = EDGE_CURVE('',#11088,#11079,#11090,.T.);
#11088 = VERTEX_POINT('',#11089);
#11089 = CARTESIAN_POINT('',(135.,88.5,141.41623121887));
#11090 = LINE('',#11091,#11092);
#11091 = CARTESIAN_POINT('',(135.,88.5,141.41623121887));
#11092 = VECTOR('',#11093,1.);
#11093 = DIRECTION('',(0.,1.,0.));
#11094 = ORIENTED_EDGE('',*,*,#11095,.T.);
#11095 = EDGE_CURVE('',#11088,#11088,#11096,.T.);
#11096 = CIRCLE('',#11097,13.473944878271);
#11097 = AXIS2_PLACEMENT_3D('',#11098,#11099,#11100);
#11098 = CARTESIAN_POINT('',(135.,88.5,127.94228634059));
#11099 = DIRECTION('',(0.,1.,0.));
#11100 = DIRECTION('',(0.,0.,1.));
#11101 = ORIENTED_EDGE('',*,*,#11087,.T.);
#11102 = CYLINDRICAL_SURFACE('',#11103,13.473944878271);
#11103 = AXIS2_PLACEMENT_3D('',#11104,#11105,#11106);
#11104 = CARTESIAN_POINT('',(135.,88.5,127.94228634059));
#11105 = DIRECTION('',(0.,1.,0.));
#11106 = DIRECTION('',(0.,0.,1.));
#11107 = ADVANCED_FACE('',(#11108,#11119),#11122,.F.);
#11108 = FACE_BOUND('',#11109,.F.);
#11109 = EDGE_LOOP('',(#11110));
#11110 = ORIENTED_EDGE('',*,*,#11111,.T.);
#11111 = EDGE_CURVE('',#11112,#11112,#11114,.T.);
#11112 = VERTEX_POINT('',#11113);
#11113 = CARTESIAN_POINT('',(135.,99.5,143.94228634059));
#11114 = CIRCLE('',#11115,16.);
#11115 = AXIS2_PLACEMENT_3D('',#11116,#11117,#11118);
#11116 = CARTESIAN_POINT('',(135.,99.5,127.94228634059));
#11117 = DIRECTION('',(0.,1.,0.));
#11118 = DIRECTION('',(0.,0.,1.));
#11119 = FACE_BOUND('',#11120,.F.);
#11120 = EDGE_LOOP('',(#11121));
#11121 = ORIENTED_EDGE('',*,*,#11078,.F.);
#11122 = PLANE('',#11123);
#11123 = AXIS2_PLACEMENT_3D('',#11124,#11125,#11126);
#11124 = CARTESIAN_POINT('',(135.,99.5,127.94228634059));
#11125 = DIRECTION('',(0.,1.,0.));
#11126 = DIRECTION('',(0.,0.,1.));
#11127 = ADVANCED_FACE('',(#11128,#11139),#11142,.T.);
#11128 = FACE_BOUND('',#11129,.T.);
#11129 = EDGE_LOOP('',(#11130));
#11130 = ORIENTED_EDGE('',*,*,#11131,.T.);
#11131 = EDGE_CURVE('',#11132,#11132,#11134,.T.);
#11132 = VERTEX_POINT('',#11133);
#11133 = CARTESIAN_POINT('',(135.,88.5,143.94228634059));
#11134 = CIRCLE('',#11135,16.);
#11135 = AXIS2_PLACEMENT_3D('',#11136,#11137,#11138);
#11136 = CARTESIAN_POINT('',(135.,88.5,127.94228634059));
#11137 = DIRECTION('',(0.,1.,0.));
#11138 = DIRECTION('',(0.,0.,1.));
#11139 = FACE_BOUND('',#11140,.T.);
#11140 = EDGE_LOOP('',(#11141));
#11141 = ORIENTED_EDGE('',*,*,#11095,.F.);
#11142 = PLANE('',#11143);
#11143 = AXIS2_PLACEMENT_3D('',#11144,#11145,#11146);
#11144 = CARTESIAN_POINT('',(135.,88.5,127.94228634059));
#11145 = DIRECTION('',(0.,1.,0.));
#11146 = DIRECTION('',(0.,0.,1.));
#11147 = ADVANCED_FACE('',(#11148),#11167,.T.);
#11148 = FACE_BOUND('',#11149,.T.);
#11149 = EDGE_LOOP('',(#11150,#11159,#11165,#11166));
#11150 = ORIENTED_EDGE('',*,*,#11151,.F.);
#11151 = EDGE_CURVE('',#11152,#11152,#11154,.T.);
#11152 = VERTEX_POINT('',#11153);
#11153 = CARTESIAN_POINT('',(135.,100.5,143.94228634059));
#11154 = CIRCLE('',#11155,16.);
#11155 = AXIS2_PLACEMENT_3D('',#11156,#11157,#11158);
#11156 = CARTESIAN_POINT('',(135.,100.5,127.94228634059));
#11157 = DIRECTION('',(0.,1.,0.));
#11158 = DIRECTION('',(0.,0.,1.));
#11159 = ORIENTED_EDGE('',*,*,#11160,.F.);
#11160 = EDGE_CURVE('',#11112,#11152,#11161,.T.);
#11161 = LINE('',#11162,#11163);
#11162 = CARTESIAN_POINT('',(135.,99.5,143.94228634059));
#11163 = VECTOR('',#11164,1.);
#11164 = DIRECTION('',(0.,1.,0.));
#11165 = ORIENTED_EDGE('',*,*,#11111,.T.);
#11166 = ORIENTED_EDGE('',*,*,#11160,.T.);
#11167 = CYLINDRICAL_SURFACE('',#11168,16.);
#11168 = AXIS2_PLACEMENT_3D('',#11169,#11170,#11171);
#11169 = CARTESIAN_POINT('',(135.,99.5,127.94228634059));
#11170 = DIRECTION('',(0.,1.,0.));
#11171 = DIRECTION('',(0.,0.,1.));
#11172 = ADVANCED_FACE('',(#11173),#11192,.T.);
#11173 = FACE_BOUND('',#11174,.T.);
#11174 = EDGE_LOOP('',(#11175,#11176,#11184,#11191));
#11175 = ORIENTED_EDGE('',*,*,#11131,.F.);
#11176 = ORIENTED_EDGE('',*,*,#11177,.F.);
#11177 = EDGE_CURVE('',#11178,#11132,#11180,.T.);
#11178 = VERTEX_POINT('',#11179);
#11179 = CARTESIAN_POINT('',(135.,87.5,143.94228634059));
#11180 = LINE('',#11181,#11182);
#11181 = CARTESIAN_POINT('',(135.,87.5,143.94228634059));
#11182 = VECTOR('',#11183,1.);
#11183 = DIRECTION('',(0.,1.,0.));
#11184 = ORIENTED_EDGE('',*,*,#11185,.T.);
#11185 = EDGE_CURVE('',#11178,#11178,#11186,.T.);
#11186 = CIRCLE('',#11187,16.);
#11187 = AXIS2_PLACEMENT_3D('',#11188,#11189,#11190);
#11188 = CARTESIAN_POINT('',(135.,87.5,127.94228634059));
#11189 = DIRECTION('',(0.,1.,0.));
#11190 = DIRECTION('',(0.,0.,1.));
#11191 = ORIENTED_EDGE('',*,*,#11177,.T.);
#11192 = CYLINDRICAL_SURFACE('',#11193,16.);
#11193 = AXIS2_PLACEMENT_3D('',#11194,#11195,#11196);
#11194 = CARTESIAN_POINT('',(135.,87.5,127.94228634059));
#11195 = DIRECTION('',(0.,1.,0.));
#11196 = DIRECTION('',(0.,0.,1.));
#11197 = ADVANCED_FACE('',(#11198,#11201),#11212,.T.);
#11198 = FACE_BOUND('',#11199,.T.);
#11199 = EDGE_LOOP('',(#11200));
#11200 = ORIENTED_EDGE('',*,*,#11151,.T.);
#11201 = FACE_BOUND('',#11202,.T.);
#11202 = EDGE_LOOP('',(#11203));
#11203 = ORIENTED_EDGE('',*,*,#11204,.F.);
#11204 = EDGE_CURVE('',#11205,#11205,#11207,.T.);
#11205 = VERTEX_POINT('',#11206);
#11206 = CARTESIAN_POINT('',(135.,100.5,136.94228634059));
#11207 = CIRCLE('',#11208,9.);
#11208 = AXIS2_PLACEMENT_3D('',#11209,#11210,#11211);
#11209 = CARTESIAN_POINT('',(135.,100.5,127.94228634059));
#11210 = DIRECTION('',(0.,1.,0.));
#11211 = DIRECTION('',(0.,0.,1.));
#11212 = PLANE('',#11213);
#11213 = AXIS2_PLACEMENT_3D('',#11214,#11215,#11216);
#11214 = CARTESIAN_POINT('',(135.,100.5,127.94228634059));
#11215 = DIRECTION('',(0.,1.,0.));
#11216 = DIRECTION('',(0.,0.,1.));
#11217 = ADVANCED_FACE('',(#11218,#11221),#11232,.F.);
#11218 = FACE_BOUND('',#11219,.F.);
#11219 = EDGE_LOOP('',(#11220));
#11220 = ORIENTED_EDGE('',*,*,#11185,.T.);
#11221 = FACE_BOUND('',#11222,.F.);
#11222 = EDGE_LOOP('',(#11223));
#11223 = ORIENTED_EDGE('',*,*,#11224,.F.);
#11224 = EDGE_CURVE('',#11225,#11225,#11227,.T.);
#11225 = VERTEX_POINT('',#11226);
#11226 = CARTESIAN_POINT('',(135.,87.5,136.94228634059));
#11227 = CIRCLE('',#11228,9.);
#11228 = AXIS2_PLACEMENT_3D('',#11229,#11230,#11231);
#11229 = CARTESIAN_POINT('',(135.,87.5,127.94228634059));
#11230 = DIRECTION('',(0.,1.,0.));
#11231 = DIRECTION('',(0.,0.,1.));
#11232 = PLANE('',#11233);
#11233 = AXIS2_PLACEMENT_3D('',#11234,#11235,#11236);
#11234 = CARTESIAN_POINT('',(135.,87.5,127.94228634059));
#11235 = DIRECTION('',(0.,1.,0.));
#11236 = DIRECTION('',(0.,0.,1.));
#11237 = ADVANCED_FACE('',(#11238),#11257,.T.);
#11238 = FACE_BOUND('',#11239,.T.);
#11239 = EDGE_LOOP('',(#11240,#11248,#11255,#11256));
#11240 = ORIENTED_EDGE('',*,*,#11241,.T.);
#11241 = EDGE_CURVE('',#11205,#11242,#11244,.T.);
#11242 = VERTEX_POINT('',#11243);
#11243 = CARTESIAN_POINT('',(135.,103.,136.94228634059));
#11244 = LINE('',#11245,#11246);
#11245 = CARTESIAN_POINT('',(135.,85.,136.94228634059));
#11246 = VECTOR('',#11247,1.);
#11247 = DIRECTION('',(0.,1.,0.));
#11248 = ORIENTED_EDGE('',*,*,#11249,.F.);
#11249 = EDGE_CURVE('',#11242,#11242,#11250,.T.);
#11250 = CIRCLE('',#11251,9.);
#11251 = AXIS2_PLACEMENT_3D('',#11252,#11253,#11254);
#11252 = CARTESIAN_POINT('',(135.,103.,127.94228634059));
#11253 = DIRECTION('',(0.,1.,0.));
#11254 = DIRECTION('',(0.,0.,1.));
#11255 = ORIENTED_EDGE('',*,*,#11241,.F.);
#11256 = ORIENTED_EDGE('',*,*,#11204,.T.);
#11257 = CYLINDRICAL_SURFACE('',#11258,9.);
#11258 = AXIS2_PLACEMENT_3D('',#11259,#11260,#11261);
#11259 = CARTESIAN_POINT('',(135.,85.,127.94228634059));
#11260 = DIRECTION('',(0.,1.,0.));
#11261 = DIRECTION('',(0.,0.,1.));
#11262 = ADVANCED_FACE('',(#11263),#11282,.T.);
#11263 = FACE_BOUND('',#11264,.T.);
#11264 = EDGE_LOOP('',(#11265,#11266,#11274,#11281));
#11265 = ORIENTED_EDGE('',*,*,#11224,.F.);
#11266 = ORIENTED_EDGE('',*,*,#11267,.F.);
#11267 = EDGE_CURVE('',#11268,#11225,#11270,.T.);
#11268 = VERTEX_POINT('',#11269);
#11269 = CARTESIAN_POINT('',(135.,85.,136.94228634059));
#11270 = LINE('',#11271,#11272);
#11271 = CARTESIAN_POINT('',(135.,85.,136.94228634059));
#11272 = VECTOR('',#11273,1.);
#11273 = DIRECTION('',(0.,1.,0.));
#11274 = ORIENTED_EDGE('',*,*,#11275,.T.);
#11275 = EDGE_CURVE('',#11268,#11268,#11276,.T.);
#11276 = CIRCLE('',#11277,9.);
#11277 = AXIS2_PLACEMENT_3D('',#11278,#11279,#11280);
#11278 = CARTESIAN_POINT('',(135.,85.,127.94228634059));
#11279 = DIRECTION('',(0.,1.,0.));
#11280 = DIRECTION('',(0.,0.,1.));
#11281 = ORIENTED_EDGE('',*,*,#11267,.T.);
#11282 = CYLINDRICAL_SURFACE('',#11283,9.);
#11283 = AXIS2_PLACEMENT_3D('',#11284,#11285,#11286);
#11284 = CARTESIAN_POINT('',(135.,85.,127.94228634059));
#11285 = DIRECTION('',(0.,1.,0.));
#11286 = DIRECTION('',(0.,0.,1.));
#11287 = ADVANCED_FACE('',(#11288,#11291),#11302,.T.);
#11288 = FACE_BOUND('',#11289,.T.);
#11289 = EDGE_LOOP('',(#11290));
#11290 = ORIENTED_EDGE('',*,*,#11249,.T.);
#11291 = FACE_BOUND('',#11292,.T.);
#11292 = EDGE_LOOP('',(#11293));
#11293 = ORIENTED_EDGE('',*,*,#11294,.F.);
#11294 = EDGE_CURVE('',#11295,#11295,#11297,.T.);
#11295 = VERTEX_POINT('',#11296);
#11296 = CARTESIAN_POINT('',(135.,103.,131.94228634059));
#11297 = CIRCLE('',#11298,4.);
#11298 = AXIS2_PLACEMENT_3D('',#11299,#11300,#11301);
#11299 = CARTESIAN_POINT('',(135.,103.,127.94228634059));
#11300 = DIRECTION('',(0.,1.,0.));
#11301 = DIRECTION('',(0.,0.,1.));
#11302 = PLANE('',#11303);
#11303 = AXIS2_PLACEMENT_3D('',#11304,#11305,#11306);
#11304 = CARTESIAN_POINT('',(135.,103.,127.94228634059));
#11305 = DIRECTION('',(0.,1.,0.));
#11306 = DIRECTION('',(0.,0.,1.));
#11307 = ADVANCED_FACE('',(#11308,#11311),#11322,.F.);
#11308 = FACE_BOUND('',#11309,.F.);
#11309 = EDGE_LOOP('',(#11310));
#11310 = ORIENTED_EDGE('',*,*,#11275,.T.);
#11311 = FACE_BOUND('',#11312,.F.);
#11312 = EDGE_LOOP('',(#11313));
#11313 = ORIENTED_EDGE('',*,*,#11314,.F.);
#11314 = EDGE_CURVE('',#11315,#11315,#11317,.T.);
#11315 = VERTEX_POINT('',#11316);
#11316 = CARTESIAN_POINT('',(135.,85.,131.94228634059));
#11317 = CIRCLE('',#11318,4.);
#11318 = AXIS2_PLACEMENT_3D('',#11319,#11320,#11321);
#11319 = CARTESIAN_POINT('',(135.,85.,127.94228634059));
#11320 = DIRECTION('',(0.,1.,0.));
#11321 = DIRECTION('',(0.,0.,1.));
#11322 = PLANE('',#11323);
#11323 = AXIS2_PLACEMENT_3D('',#11324,#11325,#11326);
#11324 = CARTESIAN_POINT('',(135.,85.,127.94228634059));
#11325 = DIRECTION('',(0.,1.,0.));
#11326 = DIRECTION('',(0.,0.,1.));
#11327 = ADVANCED_FACE('',(#11328),#11339,.F.);
#11328 = FACE_BOUND('',#11329,.F.);
#11329 = EDGE_LOOP('',(#11330,#11331,#11337,#11338));
#11330 = ORIENTED_EDGE('',*,*,#11294,.F.);
#11331 = ORIENTED_EDGE('',*,*,#11332,.F.);
#11332 = EDGE_CURVE('',#11315,#11295,#11333,.T.);
#11333 = LINE('',#11334,#11335);
#11334 = CARTESIAN_POINT('',(135.,84.,131.94228634059));
#11335 = VECTOR('',#11336,1.);
#11336 = DIRECTION('',(0.,1.,0.));
#11337 = ORIENTED_EDGE('',*,*,#11314,.T.);
#11338 = ORIENTED_EDGE('',*,*,#11332,.T.);
#11339 = CYLINDRICAL_SURFACE('',#11340,4.);
#11340 = AXIS2_PLACEMENT_3D('',#11341,#11342,#11343);
#11341 = CARTESIAN_POINT('',(135.,84.,127.94228634059));
#11342 = DIRECTION('',(0.,1.,0.));
#11343 = DIRECTION('',(0.,0.,1.));
#11344 = MANIFOLD_SOLID_BREP('',#11345);
#11345 = CLOSED_SHELL('',(#11346,#11379,#11388));
#11346 = ADVANCED_FACE('',(#11347),#11374,.T.);
#11347 = FACE_BOUND('',#11348,.T.);
#11348 = EDGE_LOOP('',(#11349,#11358,#11366,#11373));
#11349 = ORIENTED_EDGE('',*,*,#11350,.F.);
#11350 = EDGE_CURVE('',#11351,#11351,#11353,.T.);
#11351 = VERTEX_POINT('',#11352);
#11352 = CARTESIAN_POINT('',(135.,133.,131.94228634059));
#11353 = CIRCLE('',#11354,4.);
#11354 = AXIS2_PLACEMENT_3D('',#11355,#11356,#11357);
#11355 = CARTESIAN_POINT('',(135.,133.,127.94228634059));
#11356 = DIRECTION('',(0.,1.,0.));
#11357 = DIRECTION('',(0.,0.,1.));
#11358 = ORIENTED_EDGE('',*,*,#11359,.F.);
#11359 = EDGE_CURVE('',#11360,#11351,#11362,.T.);
#11360 = VERTEX_POINT('',#11361);
#11361 = CARTESIAN_POINT('',(135.,55.,131.94228634059));
#11362 = LINE('',#11363,#11364);
#11363 = CARTESIAN_POINT('',(135.,55.,131.94228634059));
#11364 = VECTOR('',#11365,1.);
#11365 = DIRECTION('',(0.,1.,0.));
#11366 = ORIENTED_EDGE('',*,*,#11367,.T.);
#11367 = EDGE_CURVE('',#11360,#11360,#11368,.T.);
#11368 = CIRCLE('',#11369,4.);
#11369 = AXIS2_PLACEMENT_3D('',#11370,#11371,#11372);
#11370 = CARTESIAN_POINT('',(135.,55.,127.94228634059));
#11371 = DIRECTION('',(0.,1.,0.));
#11372 = DIRECTION('',(0.,0.,1.));
#11373 = ORIENTED_EDGE('',*,*,#11359,.T.);
#11374 = CYLINDRICAL_SURFACE('',#11375,4.);
#11375 = AXIS2_PLACEMENT_3D('',#11376,#11377,#11378);
#11376 = CARTESIAN_POINT('',(135.,55.,127.94228634059));
#11377 = DIRECTION('',(0.,1.,0.));
#11378 = DIRECTION('',(0.,0.,1.));
#11379 = ADVANCED_FACE('',(#11380),#11383,.T.);
#11380 = FACE_BOUND('',#11381,.T.);
#11381 = EDGE_LOOP('',(#11382));
#11382 = ORIENTED_EDGE('',*,*,#11350,.T.);
#11383 = PLANE('',#11384);
#11384 = AXIS2_PLACEMENT_3D('',#11385,#11386,#11387);
#11385 = CARTESIAN_POINT('',(135.,133.,127.94228634059));
#11386 = DIRECTION('',(0.,1.,0.));
#11387 = DIRECTION('',(0.,0.,1.));
#11388 = ADVANCED_FACE('',(#11389),#11392,.F.);
#11389 = FACE_BOUND('',#11390,.T.);
#11390 = EDGE_LOOP('',(#11391));
#11391 = ORIENTED_EDGE('',*,*,#11367,.F.);
#11392 = PLANE('',#11393);
#11393 = AXIS2_PLACEMENT_3D('',#11394,#11395,#11396);
#11394 = CARTESIAN_POINT('',(135.,55.,127.94228634059));
#11395 = DIRECTION('',(0.,1.,0.));
#11396 = DIRECTION('',(0.,0.,1.));
#11397 = MANIFOLD_SOLID_BREP('',#11398);
#11398 = CLOSED_SHELL('',(#11399,#11439,#11481,#11534,#11565,#11607,
    #11624,#11641,#11681,#11714,#11734,#11759,#11784,#11796,#11828));
#11399 = ADVANCED_FACE('',(#11400),#11434,.F.);
#11400 = FACE_BOUND('',#11401,.F.);
#11401 = EDGE_LOOP('',(#11402,#11412,#11420,#11428));
#11402 = ORIENTED_EDGE('',*,*,#11403,.F.);
#11403 = EDGE_CURVE('',#11404,#11406,#11408,.T.);
#11404 = VERTEX_POINT('',#11405);
#11405 = CARTESIAN_POINT('',(107.5,69.5,112.94228634059));
#11406 = VERTEX_POINT('',#11407);
#11407 = CARTESIAN_POINT('',(107.5,69.5,117.94228634059));
#11408 = LINE('',#11409,#11410);
#11409 = CARTESIAN_POINT('',(107.5,69.5,112.94228634059));
#11410 = VECTOR('',#11411,1.);
#11411 = DIRECTION('',(0.,0.,1.));
#11412 = ORIENTED_EDGE('',*,*,#11413,.T.);
#11413 = EDGE_CURVE('',#11404,#11414,#11416,.T.);
#11414 = VERTEX_POINT('',#11415);
#11415 = CARTESIAN_POINT('',(107.5,82.5,112.94228634059));
#11416 = LINE('',#11417,#11418);
#11417 = CARTESIAN_POINT('',(107.5,69.5,112.94228634059));
#11418 = VECTOR('',#11419,1.);
#11419 = DIRECTION('',(0.,1.,0.));
#11420 = ORIENTED_EDGE('',*,*,#11421,.T.);
#11421 = EDGE_CURVE('',#11414,#11422,#11424,.T.);
#11422 = VERTEX_POINT('',#11423);
#11423 = CARTESIAN_POINT('',(107.5,82.5,117.94228634059));
#11424 = LINE('',#11425,#11426);
#11425 = CARTESIAN_POINT('',(107.5,82.5,112.94228634059));
#11426 = VECTOR('',#11427,1.);
#11427 = DIRECTION('',(0.,0.,1.));
#11428 = ORIENTED_EDGE('',*,*,#11429,.F.);
#11429 = EDGE_CURVE('',#11406,#11422,#11430,.T.);
#11430 = LINE('',#11431,#11432);
#11431 = CARTESIAN_POINT('',(107.5,69.5,117.94228634059));
#11432 = VECTOR('',#11433,1.);
#11433 = DIRECTION('',(0.,1.,0.));
#11434 = PLANE('',#11435);
#11435 = AXIS2_PLACEMENT_3D('',#11436,#11437,#11438);
#11436 = CARTESIAN_POINT('',(107.5,69.5,112.94228634059));
#11437 = DIRECTION('',(1.,0.,0.));
#11438 = DIRECTION('',(0.,0.,1.));
#11439 = ADVANCED_FACE('',(#11440,#11465),#11476,.T.);
#11440 = FACE_BOUND('',#11441,.T.);
#11441 = EDGE_LOOP('',(#11442,#11450,#11451,#11459));
#11442 = ORIENTED_EDGE('',*,*,#11443,.F.);
#11443 = EDGE_CURVE('',#11422,#11444,#11446,.T.);
#11444 = VERTEX_POINT('',#11445);
#11445 = CARTESIAN_POINT('',(125.20204102886,82.5,117.9422863406));
#11446 = LINE('',#11447,#11448);
#11447 = CARTESIAN_POINT('',(107.5,82.5,117.94228634059));
#11448 = VECTOR('',#11449,1.);
#11449 = DIRECTION('',(1.,0.,0.));
#11450 = ORIENTED_EDGE('',*,*,#11429,.F.);
#11451 = ORIENTED_EDGE('',*,*,#11452,.T.);
#11452 = EDGE_CURVE('',#11406,#11453,#11455,.T.);
#11453 = VERTEX_POINT('',#11454);
#11454 = CARTESIAN_POINT('',(125.20204102886,69.5,117.9422863406));
#11455 = LINE('',#11456,#11457);
#11456 = CARTESIAN_POINT('',(107.5,69.5,117.94228634059));
#11457 = VECTOR('',#11458,1.);
#11458 = DIRECTION('',(1.,0.,0.));
#11459 = ORIENTED_EDGE('',*,*,#11460,.T.);
#11460 = EDGE_CURVE('',#11453,#11444,#11461,.T.);
#11461 = LINE('',#11462,#11463);
#11462 = CARTESIAN_POINT('',(125.20204102886,69.5,117.94228634059));
#11463 = VECTOR('',#11464,1.);
#11464 = DIRECTION('',(0.,1.,0.));
#11465 = FACE_BOUND('',#11466,.T.);
#11466 = EDGE_LOOP('',(#11467));
#11467 = ORIENTED_EDGE('',*,*,#11468,.F.);
#11468 = EDGE_CURVE('',#11469,#11469,#11471,.T.);
#11469 = VERTEX_POINT('',#11470);
#11470 = CARTESIAN_POINT('',(116.25,76.,117.94228634059));
#11471 = CIRCLE('',#11472,2.25);
#11472 = AXIS2_PLACEMENT_3D('',#11473,#11474,#11475);
#11473 = CARTESIAN_POINT('',(114.,76.,117.94228634059));
#11474 = DIRECTION('',(0.,0.,1.));
#11475 = DIRECTION('',(1.,0.,0.));
#11476 = PLANE('',#11477);
#11477 = AXIS2_PLACEMENT_3D('',#11478,#11479,#11480);
#11478 = CARTESIAN_POINT('',(107.5,69.5,117.94228634059));
#11479 = DIRECTION('',(0.,0.,1.));
#11480 = DIRECTION('',(1.,0.,0.));
#11481 = ADVANCED_FACE('',(#11482,#11507,#11518),#11529,.F.);
#11482 = FACE_BOUND('',#11483,.F.);
#11483 = EDGE_LOOP('',(#11484,#11485,#11493,#11501));
#11484 = ORIENTED_EDGE('',*,*,#11413,.F.);
#11485 = ORIENTED_EDGE('',*,*,#11486,.T.);
#11486 = EDGE_CURVE('',#11404,#11487,#11489,.T.);
#11487 = VERTEX_POINT('',#11488);
#11488 = CARTESIAN_POINT('',(162.5,69.5,112.94228634059));
#11489 = LINE('',#11490,#11491);
#11490 = CARTESIAN_POINT('',(107.5,69.5,112.94228634059));
#11491 = VECTOR('',#11492,1.);
#11492 = DIRECTION('',(1.,0.,0.));
#11493 = ORIENTED_EDGE('',*,*,#11494,.T.);
#11494 = EDGE_CURVE('',#11487,#11495,#11497,.T.);
#11495 = VERTEX_POINT('',#11496);
#11496 = CARTESIAN_POINT('',(162.5,82.5,112.94228634059));
#11497 = LINE('',#11498,#11499);
#11498 = CARTESIAN_POINT('',(162.5,69.5,112.94228634059));
#11499 = VECTOR('',#11500,1.);
#11500 = DIRECTION('',(0.,1.,0.));
#11501 = ORIENTED_EDGE('',*,*,#11502,.F.);
#11502 = EDGE_CURVE('',#11414,#11495,#11503,.T.);
#11503 = LINE('',#11504,#11505);
#11504 = CARTESIAN_POINT('',(107.5,82.5,112.94228634059));
#11505 = VECTOR('',#11506,1.);
#11506 = DIRECTION('',(1.,0.,0.));
#11507 = FACE_BOUND('',#11508,.F.);
#11508 = EDGE_LOOP('',(#11509));
#11509 = ORIENTED_EDGE('',*,*,#11510,.F.);
#11510 = EDGE_CURVE('',#11511,#11511,#11513,.T.);
#11511 = VERTEX_POINT('',#11512);
#11512 = CARTESIAN_POINT('',(116.25,76.,112.94228634059));
#11513 = CIRCLE('',#11514,2.25);
#11514 = AXIS2_PLACEMENT_3D('',#11515,#11516,#11517);
#11515 = CARTESIAN_POINT('',(114.,76.,112.94228634059));
#11516 = DIRECTION('',(0.,0.,1.));
#11517 = DIRECTION('',(1.,0.,0.));
#11518 = FACE_BOUND('',#11519,.F.);
#11519 = EDGE_LOOP('',(#11520));
#11520 = ORIENTED_EDGE('',*,*,#11521,.F.);
#11521 = EDGE_CURVE('',#11522,#11522,#11524,.T.);
#11522 = VERTEX_POINT('',#11523);
#11523 = CARTESIAN_POINT('',(158.25,76.,112.94228634059));
#11524 = CIRCLE('',#11525,2.25);
#11525 = AXIS2_PLACEMENT_3D('',#11526,#11527,#11528);
#11526 = CARTESIAN_POINT('',(156.,76.,112.94228634059));
#11527 = DIRECTION('',(0.,0.,1.));
#11528 = DIRECTION('',(1.,0.,0.));
#11529 = PLANE('',#11530);
#11530 = AXIS2_PLACEMENT_3D('',#11531,#11532,#11533);
#11531 = CARTESIAN_POINT('',(107.5,69.5,112.94228634059));
#11532 = DIRECTION('',(0.,0.,1.));
#11533 = DIRECTION('',(1.,0.,0.));
#11534 = ADVANCED_FACE('',(#11535),#11560,.T.);
#11535 = FACE_BOUND('',#11536,.T.);
#11536 = EDGE_LOOP('',(#11537,#11545,#11546,#11554));
#11537 = ORIENTED_EDGE('',*,*,#11538,.F.);
#11538 = EDGE_CURVE('',#11487,#11539,#11541,.T.);
#11539 = VERTEX_POINT('',#11540);
#11540 = CARTESIAN_POINT('',(162.5,69.5,117.94228634059));
#11541 = LINE('',#11542,#11543);
#11542 = CARTESIAN_POINT('',(162.5,69.5,112.94228634059));
#11543 = VECTOR('',#11544,1.);
#11544 = DIRECTION('',(0.,0.,1.));
#11545 = ORIENTED_EDGE('',*,*,#11494,.T.);
#11546 = ORIENTED_EDGE('',*,*,#11547,.T.);
#11547 = EDGE_CURVE('',#11495,#11548,#11550,.T.);
#11548 = VERTEX_POINT('',#11549);
#11549 = CARTESIAN_POINT('',(162.5,82.5,117.94228634059));
#11550 = LINE('',#11551,#11552);
#11551 = CARTESIAN_POINT('',(162.5,82.5,112.94228634059));
#11552 = VECTOR('',#11553,1.);
#11553 = DIRECTION('',(0.,0.,1.));
#11554 = ORIENTED_EDGE('',*,*,#11555,.F.);
#11555 = EDGE_CURVE('',#11539,#11548,#11556,.T.);
#11556 = LINE('',#11557,#11558);
#11557 = CARTESIAN_POINT('',(162.5,69.5,117.94228634059));
#11558 = VECTOR('',#11559,1.);
#11559 = DIRECTION('',(0.,1.,0.));
#11560 = PLANE('',#11561);
#11561 = AXIS2_PLACEMENT_3D('',#11562,#11563,#11564);
#11562 = CARTESIAN_POINT('',(162.5,69.5,112.94228634059));
#11563 = DIRECTION('',(1.,0.,0.));
#11564 = DIRECTION('',(0.,0.,1.));
#11565 = ADVANCED_FACE('',(#11566,#11591),#11602,.T.);
#11566 = FACE_BOUND('',#11567,.T.);
#11567 = EDGE_LOOP('',(#11568,#11576,#11584,#11590));
#11568 = ORIENTED_EDGE('',*,*,#11569,.F.);
#11569 = EDGE_CURVE('',#11570,#11548,#11572,.T.);
#11570 = VERTEX_POINT('',#11571);
#11571 = CARTESIAN_POINT('',(144.79795897113,82.5,117.9422863406));
#11572 = LINE('',#11573,#11574);
#11573 = CARTESIAN_POINT('',(107.5,82.5,117.94228634059));
#11574 = VECTOR('',#11575,1.);
#11575 = DIRECTION('',(1.,0.,0.));
#11576 = ORIENTED_EDGE('',*,*,#11577,.F.);
#11577 = EDGE_CURVE('',#11578,#11570,#11580,.T.);
#11578 = VERTEX_POINT('',#11579);
#11579 = CARTESIAN_POINT('',(144.79795897113,69.5,117.9422863406));
#11580 = LINE('',#11581,#11582);
#11581 = CARTESIAN_POINT('',(144.79795897113,69.5,117.94228634059));
#11582 = VECTOR('',#11583,1.);
#11583 = DIRECTION('',(0.,1.,0.));
#11584 = ORIENTED_EDGE('',*,*,#11585,.T.);
#11585 = EDGE_CURVE('',#11578,#11539,#11586,.T.);
#11586 = LINE('',#11587,#11588);
#11587 = CARTESIAN_POINT('',(107.5,69.5,117.94228634059));
#11588 = VECTOR('',#11589,1.);
#11589 = DIRECTION('',(1.,0.,0.));
#11590 = ORIENTED_EDGE('',*,*,#11555,.T.);
#11591 = FACE_BOUND('',#11592,.T.);
#11592 = EDGE_LOOP('',(#11593));
#11593 = ORIENTED_EDGE('',*,*,#11594,.F.);
#11594 = EDGE_CURVE('',#11595,#11595,#11597,.T.);
#11595 = VERTEX_POINT('',#11596);
#11596 = CARTESIAN_POINT('',(158.25,76.,117.94228634059));
#11597 = CIRCLE('',#11598,2.25);
#11598 = AXIS2_PLACEMENT_3D('',#11599,#11600,#11601);
#11599 = CARTESIAN_POINT('',(156.,76.,117.94228634059));
#11600 = DIRECTION('',(0.,0.,1.));
#11601 = DIRECTION('',(1.,0.,0.));
#11602 = PLANE('',#11603);
#11603 = AXIS2_PLACEMENT_3D('',#11604,#11605,#11606);
#11604 = CARTESIAN_POINT('',(107.5,69.5,117.94228634059));
#11605 = DIRECTION('',(0.,0.,1.));
#11606 = DIRECTION('',(1.,0.,0.));
#11607 = ADVANCED_FACE('',(#11608),#11619,.F.);
#11608 = FACE_BOUND('',#11609,.F.);
#11609 = EDGE_LOOP('',(#11610,#11611,#11617,#11618));
#11610 = ORIENTED_EDGE('',*,*,#11468,.F.);
#11611 = ORIENTED_EDGE('',*,*,#11612,.F.);
#11612 = EDGE_CURVE('',#11511,#11469,#11613,.T.);
#11613 = LINE('',#11614,#11615);
#11614 = CARTESIAN_POINT('',(116.25,76.,111.94228634059));
#11615 = VECTOR('',#11616,1.);
#11616 = DIRECTION('',(0.,0.,1.));
#11617 = ORIENTED_EDGE('',*,*,#11510,.T.);
#11618 = ORIENTED_EDGE('',*,*,#11612,.T.);
#11619 = CYLINDRICAL_SURFACE('',#11620,2.25);
#11620 = AXIS2_PLACEMENT_3D('',#11621,#11622,#11623);
#11621 = CARTESIAN_POINT('',(114.,76.,111.94228634059));
#11622 = DIRECTION('',(0.,0.,1.));
#11623 = DIRECTION('',(1.,0.,0.));
#11624 = ADVANCED_FACE('',(#11625),#11636,.F.);
#11625 = FACE_BOUND('',#11626,.F.);
#11626 = EDGE_LOOP('',(#11627,#11628,#11634,#11635));
#11627 = ORIENTED_EDGE('',*,*,#11594,.F.);
#11628 = ORIENTED_EDGE('',*,*,#11629,.F.);
#11629 = EDGE_CURVE('',#11522,#11595,#11630,.T.);
#11630 = LINE('',#11631,#11632);
#11631 = CARTESIAN_POINT('',(158.25,76.,111.94228634059));
#11632 = VECTOR('',#11633,1.);
#11633 = DIRECTION('',(0.,0.,1.));
#11634 = ORIENTED_EDGE('',*,*,#11521,.T.);
#11635 = ORIENTED_EDGE('',*,*,#11629,.T.);
#11636 = CYLINDRICAL_SURFACE('',#11637,2.25);
#11637 = AXIS2_PLACEMENT_3D('',#11638,#11639,#11640);
#11638 = CARTESIAN_POINT('',(156.,76.,111.94228634059));
#11639 = DIRECTION('',(0.,0.,1.));
#11640 = DIRECTION('',(1.,0.,0.));
#11641 = ADVANCED_FACE('',(#11642,#11665),#11676,.T.);
#11642 = FACE_BOUND('',#11643,.T.);
#11643 = EDGE_LOOP('',(#11644,#11645,#11646,#11655,#11662,#11663,#11664)
  );
#11644 = ORIENTED_EDGE('',*,*,#11538,.T.);
#11645 = ORIENTED_EDGE('',*,*,#11585,.F.);
#11646 = ORIENTED_EDGE('',*,*,#11647,.F.);
#11647 = EDGE_CURVE('',#11648,#11578,#11650,.T.);
#11648 = VERTEX_POINT('',#11649);
#11649 = CARTESIAN_POINT('',(135.,69.5,141.94228634059));
#11650 = CIRCLE('',#11651,14.);
#11651 = AXIS2_PLACEMENT_3D('',#11652,#11653,#11654);
#11652 = CARTESIAN_POINT('',(135.,69.5,127.94228634059));
#11653 = DIRECTION('',(0.,1.,0.));
#11654 = DIRECTION('',(0.,0.,1.));
#11655 = ORIENTED_EDGE('',*,*,#11656,.F.);
#11656 = EDGE_CURVE('',#11453,#11648,#11657,.T.);
#11657 = CIRCLE('',#11658,14.);
#11658 = AXIS2_PLACEMENT_3D('',#11659,#11660,#11661);
#11659 = CARTESIAN_POINT('',(135.,69.5,127.94228634059));
#11660 = DIRECTION('',(0.,1.,0.));
#11661 = DIRECTION('',(0.,0.,1.));
#11662 = ORIENTED_EDGE('',*,*,#11452,.F.);
#11663 = ORIENTED_EDGE('',*,*,#11403,.F.);
#11664 = ORIENTED_EDGE('',*,*,#11486,.T.);
#11665 = FACE_BOUND('',#11666,.T.);
#11666 = EDGE_LOOP('',(#11667));
#11667 = ORIENTED_EDGE('',*,*,#11668,.T.);
#11668 = EDGE_CURVE('',#11669,#11669,#11671,.T.);
#11669 = VERTEX_POINT('',#11670);
#11670 = CARTESIAN_POINT('',(135.,69.5,135.94228634059));
#11671 = CIRCLE('',#11672,8.);
#11672 = AXIS2_PLACEMENT_3D('',#11673,#11674,#11675);
#11673 = CARTESIAN_POINT('',(135.,69.5,127.94228634059));
#11674 = DIRECTION('',(0.,1.,0.));
#11675 = DIRECTION('',(0.,0.,1.));
#11676 = PLANE('',#11677);
#11677 = AXIS2_PLACEMENT_3D('',#11678,#11679,#11680);
#11678 = CARTESIAN_POINT('',(135.,69.5,121.57245296557));
#11679 = DIRECTION('',(-0.,-1.,-0.));
#11680 = DIRECTION('',(0.,0.,-1.));
#11681 = ADVANCED_FACE('',(#11682),#11709,.T.);
#11682 = FACE_BOUND('',#11683,.T.);
#11683 = EDGE_LOOP('',(#11684,#11694,#11701,#11702));
#11684 = ORIENTED_EDGE('',*,*,#11685,.T.);
#11685 = EDGE_CURVE('',#11686,#11688,#11690,.T.);
#11686 = VERTEX_POINT('',#11687);
#11687 = CARTESIAN_POINT('',(135.,82.5,135.94228634059));
#11688 = VERTEX_POINT('',#11689);
#11689 = CARTESIAN_POINT('',(135.,83.5,135.94228634059));
#11690 = LINE('',#11691,#11692);
#11691 = CARTESIAN_POINT('',(135.,68.5,135.94228634059));
#11692 = VECTOR('',#11693,1.);
#11693 = DIRECTION('',(0.,1.,0.));
#11694 = ORIENTED_EDGE('',*,*,#11695,.F.);
#11695 = EDGE_CURVE('',#11688,#11688,#11696,.T.);
#11696 = CIRCLE('',#11697,8.);
#11697 = AXIS2_PLACEMENT_3D('',#11698,#11699,#11700);
#11698 = CARTESIAN_POINT('',(135.,83.5,127.94228634059));
#11699 = DIRECTION('',(0.,1.,0.));
#11700 = DIRECTION('',(0.,0.,1.));
#11701 = ORIENTED_EDGE('',*,*,#11685,.F.);
#11702 = ORIENTED_EDGE('',*,*,#11703,.T.);
#11703 = EDGE_CURVE('',#11686,#11686,#11704,.T.);
#11704 = CIRCLE('',#11705,8.);
#11705 = AXIS2_PLACEMENT_3D('',#11706,#11707,#11708);
#11706 = CARTESIAN_POINT('',(135.,82.5,127.94228634059));
#11707 = DIRECTION('',(0.,1.,0.));
#11708 = DIRECTION('',(0.,0.,1.));
#11709 = CYLINDRICAL_SURFACE('',#11710,8.);
#11710 = AXIS2_PLACEMENT_3D('',#11711,#11712,#11713);
#11711 = CARTESIAN_POINT('',(135.,68.5,127.94228634059));
#11712 = DIRECTION('',(0.,1.,0.));
#11713 = DIRECTION('',(0.,0.,1.));
#11714 = ADVANCED_FACE('',(#11715,#11718),#11729,.T.);
#11715 = FACE_BOUND('',#11716,.T.);
#11716 = EDGE_LOOP('',(#11717));
#11717 = ORIENTED_EDGE('',*,*,#11695,.T.);
#11718 = FACE_BOUND('',#11719,.T.);
#11719 = EDGE_LOOP('',(#11720));
#11720 = ORIENTED_EDGE('',*,*,#11721,.F.);
#11721 = EDGE_CURVE('',#11722,#11722,#11724,.T.);
#11722 = VERTEX_POINT('',#11723);
#11723 = CARTESIAN_POINT('',(135.,83.5,131.94228634059));
#11724 = CIRCLE('',#11725,4.);
#11725 = AXIS2_PLACEMENT_3D('',#11726,#11727,#11728);
#11726 = CARTESIAN_POINT('',(135.,83.5,127.94228634059));
#11727 = DIRECTION('',(0.,1.,0.));
#11728 = DIRECTION('',(0.,0.,1.));
#11729 = PLANE('',#11730);
#11730 = AXIS2_PLACEMENT_3D('',#11731,#11732,#11733);
#11731 = CARTESIAN_POINT('',(135.,83.5,127.94228634059));
#11732 = DIRECTION('',(0.,1.,0.));
#11733 = DIRECTION('',(0.,0.,1.));
#11734 = ADVANCED_FACE('',(#11735),#11754,.F.);
#11735 = FACE_BOUND('',#11736,.F.);
#11736 = EDGE_LOOP('',(#11737,#11738,#11746,#11753));
#11737 = ORIENTED_EDGE('',*,*,#11721,.F.);
#11738 = ORIENTED_EDGE('',*,*,#11739,.F.);
#11739 = EDGE_CURVE('',#11740,#11722,#11742,.T.);
#11740 = VERTEX_POINT('',#11741);
#11741 = CARTESIAN_POINT('',(135.,68.5,131.94228634059));
#11742 = LINE('',#11743,#11744);
#11743 = CARTESIAN_POINT('',(135.,67.5,131.94228634059));
#11744 = VECTOR('',#11745,1.);
#11745 = DIRECTION('',(0.,1.,0.));
#11746 = ORIENTED_EDGE('',*,*,#11747,.T.);
#11747 = EDGE_CURVE('',#11740,#11740,#11748,.T.);
#11748 = CIRCLE('',#11749,4.);
#11749 = AXIS2_PLACEMENT_3D('',#11750,#11751,#11752);
#11750 = CARTESIAN_POINT('',(135.,68.5,127.94228634059));
#11751 = DIRECTION('',(0.,1.,0.));
#11752 = DIRECTION('',(0.,0.,1.));
#11753 = ORIENTED_EDGE('',*,*,#11739,.T.);
#11754 = CYLINDRICAL_SURFACE('',#11755,4.);
#11755 = AXIS2_PLACEMENT_3D('',#11756,#11757,#11758);
#11756 = CARTESIAN_POINT('',(135.,67.5,127.94228634059));
#11757 = DIRECTION('',(0.,1.,0.));
#11758 = DIRECTION('',(0.,0.,1.));
#11759 = ADVANCED_FACE('',(#11760),#11779,.T.);
#11760 = FACE_BOUND('',#11761,.T.);
#11761 = EDGE_LOOP('',(#11762,#11763,#11771,#11778));
#11762 = ORIENTED_EDGE('',*,*,#11668,.F.);
#11763 = ORIENTED_EDGE('',*,*,#11764,.F.);
#11764 = EDGE_CURVE('',#11765,#11669,#11767,.T.);
#11765 = VERTEX_POINT('',#11766);
#11766 = CARTESIAN_POINT('',(135.,68.5,135.94228634059));
#11767 = LINE('',#11768,#11769);
#11768 = CARTESIAN_POINT('',(135.,68.5,135.94228634059));
#11769 = VECTOR('',#11770,1.);
#11770 = DIRECTION('',(0.,1.,0.));
#11771 = ORIENTED_EDGE('',*,*,#11772,.T.);
#11772 = EDGE_CURVE('',#11765,#11765,#11773,.T.);
#11773 = CIRCLE('',#11774,8.);
#11774 = AXIS2_PLACEMENT_3D('',#11775,#11776,#11777);
#11775 = CARTESIAN_POINT('',(135.,68.5,127.94228634059));
#11776 = DIRECTION('',(0.,1.,0.));
#11777 = DIRECTION('',(0.,0.,1.));
#11778 = ORIENTED_EDGE('',*,*,#11764,.T.);
#11779 = CYLINDRICAL_SURFACE('',#11780,8.);
#11780 = AXIS2_PLACEMENT_3D('',#11781,#11782,#11783);
#11781 = CARTESIAN_POINT('',(135.,68.5,127.94228634059));
#11782 = DIRECTION('',(0.,1.,0.));
#11783 = DIRECTION('',(0.,0.,1.));
#11784 = ADVANCED_FACE('',(#11785,#11788),#11791,.F.);
#11785 = FACE_BOUND('',#11786,.F.);
#11786 = EDGE_LOOP('',(#11787));
#11787 = ORIENTED_EDGE('',*,*,#11772,.T.);
#11788 = FACE_BOUND('',#11789,.F.);
#11789 = EDGE_LOOP('',(#11790));
#11790 = ORIENTED_EDGE('',*,*,#11747,.F.);
#11791 = PLANE('',#11792);
#11792 = AXIS2_PLACEMENT_3D('',#11793,#11794,#11795);
#11793 = CARTESIAN_POINT('',(135.,68.5,127.94228634059));
#11794 = DIRECTION('',(0.,1.,0.));
#11795 = DIRECTION('',(0.,0.,1.));
#11796 = ADVANCED_FACE('',(#11797,#11820),#11823,.T.);
#11797 = FACE_BOUND('',#11798,.T.);
#11798 = EDGE_LOOP('',(#11799,#11800,#11801,#11802,#11803,#11812,#11819)
  );
#11799 = ORIENTED_EDGE('',*,*,#11547,.F.);
#11800 = ORIENTED_EDGE('',*,*,#11502,.F.);
#11801 = ORIENTED_EDGE('',*,*,#11421,.T.);
#11802 = ORIENTED_EDGE('',*,*,#11443,.T.);
#11803 = ORIENTED_EDGE('',*,*,#11804,.T.);
#11804 = EDGE_CURVE('',#11444,#11805,#11807,.T.);
#11805 = VERTEX_POINT('',#11806);
#11806 = CARTESIAN_POINT('',(135.,82.5,141.94228634059));
#11807 = CIRCLE('',#11808,14.);
#11808 = AXIS2_PLACEMENT_3D('',#11809,#11810,#11811);
#11809 = CARTESIAN_POINT('',(135.,82.5,127.94228634059));
#11810 = DIRECTION('',(0.,1.,0.));
#11811 = DIRECTION('',(0.,0.,1.));
#11812 = ORIENTED_EDGE('',*,*,#11813,.T.);
#11813 = EDGE_CURVE('',#11805,#11570,#11814,.T.);
#11814 = CIRCLE('',#11815,14.);
#11815 = AXIS2_PLACEMENT_3D('',#11816,#11817,#11818);
#11816 = CARTESIAN_POINT('',(135.,82.5,127.94228634059));
#11817 = DIRECTION('',(0.,1.,0.));
#11818 = DIRECTION('',(0.,0.,1.));
#11819 = ORIENTED_EDGE('',*,*,#11569,.T.);
#11820 = FACE_BOUND('',#11821,.T.);
#11821 = EDGE_LOOP('',(#11822));
#11822 = ORIENTED_EDGE('',*,*,#11703,.F.);
#11823 = PLANE('',#11824);
#11824 = AXIS2_PLACEMENT_3D('',#11825,#11826,#11827);
#11825 = CARTESIAN_POINT('',(135.,82.5,121.57245296557));
#11826 = DIRECTION('',(0.,1.,0.));
#11827 = DIRECTION('',(0.,0.,1.));
#11828 = ADVANCED_FACE('',(#11829),#11837,.T.);
#11829 = FACE_BOUND('',#11830,.T.);
#11830 = EDGE_LOOP('',(#11831,#11832,#11833,#11834,#11835,#11836));
#11831 = ORIENTED_EDGE('',*,*,#11647,.T.);
#11832 = ORIENTED_EDGE('',*,*,#11577,.T.);
#11833 = ORIENTED_EDGE('',*,*,#11813,.F.);
#11834 = ORIENTED_EDGE('',*,*,#11804,.F.);
#11835 = ORIENTED_EDGE('',*,*,#11460,.F.);
#11836 = ORIENTED_EDGE('',*,*,#11656,.T.);
#11837 = CYLINDRICAL_SURFACE('',#11838,14.);
#11838 = AXIS2_PLACEMENT_3D('',#11839,#11840,#11841);
#11839 = CARTESIAN_POINT('',(135.,69.5,127.94228634059));
#11840 = DIRECTION('',(0.,1.,0.));
#11841 = DIRECTION('',(0.,0.,1.));
#11842 = MANIFOLD_SOLID_BREP('',#11843);
#11843 = CLOSED_SHELL('',(#11844,#11884,#11926,#11979,#12010,#12052,
    #12069,#12086,#12126,#12159,#12179,#12204,#12229,#12241,#12273));
#11844 = ADVANCED_FACE('',(#11845),#11879,.F.);
#11845 = FACE_BOUND('',#11846,.F.);
#11846 = EDGE_LOOP('',(#11847,#11857,#11865,#11873));
#11847 = ORIENTED_EDGE('',*,*,#11848,.F.);
#11848 = EDGE_CURVE('',#11849,#11851,#11853,.T.);
#11849 = VERTEX_POINT('',#11850);
#11850 = CARTESIAN_POINT('',(107.5,107.5,112.94228634059));
#11851 = VERTEX_POINT('',#11852);
#11852 = CARTESIAN_POINT('',(107.5,107.5,117.94228634059));
#11853 = LINE('',#11854,#11855);
#11854 = CARTESIAN_POINT('',(107.5,107.5,112.94228634059));
#11855 = VECTOR('',#11856,1.);
#11856 = DIRECTION('',(0.,0.,1.));
#11857 = ORIENTED_EDGE('',*,*,#11858,.T.);
#11858 = EDGE_CURVE('',#11849,#11859,#11861,.T.);
#11859 = VERTEX_POINT('',#11860);
#11860 = CARTESIAN_POINT('',(107.5,120.5,112.94228634059));
#11861 = LINE('',#11862,#11863);
#11862 = CARTESIAN_POINT('',(107.5,107.5,112.94228634059));
#11863 = VECTOR('',#11864,1.);
#11864 = DIRECTION('',(0.,1.,0.));
#11865 = ORIENTED_EDGE('',*,*,#11866,.T.);
#11866 = EDGE_CURVE('',#11859,#11867,#11869,.T.);
#11867 = VERTEX_POINT('',#11868);
#11868 = CARTESIAN_POINT('',(107.5,120.5,117.94228634059));
#11869 = LINE('',#11870,#11871);
#11870 = CARTESIAN_POINT('',(107.5,120.5,112.94228634059));
#11871 = VECTOR('',#11872,1.);
#11872 = DIRECTION('',(0.,0.,1.));
#11873 = ORIENTED_EDGE('',*,*,#11874,.F.);
#11874 = EDGE_CURVE('',#11851,#11867,#11875,.T.);
#11875 = LINE('',#11876,#11877);
#11876 = CARTESIAN_POINT('',(107.5,107.5,117.94228634059));
#11877 = VECTOR('',#11878,1.);
#11878 = DIRECTION('',(0.,1.,0.));
#11879 = PLANE('',#11880);
#11880 = AXIS2_PLACEMENT_3D('',#11881,#11882,#11883);
#11881 = CARTESIAN_POINT('',(107.5,107.5,112.94228634059));
#11882 = DIRECTION('',(1.,0.,0.));
#11883 = DIRECTION('',(0.,0.,1.));
#11884 = ADVANCED_FACE('',(#11885,#11910),#11921,.T.);
#11885 = FACE_BOUND('',#11886,.T.);
#11886 = EDGE_LOOP('',(#11887,#11895,#11896,#11904));
#11887 = ORIENTED_EDGE('',*,*,#11888,.F.);
#11888 = EDGE_CURVE('',#11867,#11889,#11891,.T.);
#11889 = VERTEX_POINT('',#11890);
#11890 = CARTESIAN_POINT('',(125.20204102886,120.5,117.9422863406));
#11891 = LINE('',#11892,#11893);
#11892 = CARTESIAN_POINT('',(107.5,120.5,117.94228634059));
#11893 = VECTOR('',#11894,1.);
#11894 = DIRECTION('',(1.,0.,0.));
#11895 = ORIENTED_EDGE('',*,*,#11874,.F.);
#11896 = ORIENTED_EDGE('',*,*,#11897,.T.);
#11897 = EDGE_CURVE('',#11851,#11898,#11900,.T.);
#11898 = VERTEX_POINT('',#11899);
#11899 = CARTESIAN_POINT('',(125.20204102886,107.5,117.9422863406));
#11900 = LINE('',#11901,#11902);
#11901 = CARTESIAN_POINT('',(107.5,107.5,117.94228634059));
#11902 = VECTOR('',#11903,1.);
#11903 = DIRECTION('',(1.,0.,0.));
#11904 = ORIENTED_EDGE('',*,*,#11905,.T.);
#11905 = EDGE_CURVE('',#11898,#11889,#11906,.T.);
#11906 = LINE('',#11907,#11908);
#11907 = CARTESIAN_POINT('',(125.20204102886,107.5,117.94228634059));
#11908 = VECTOR('',#11909,1.);
#11909 = DIRECTION('',(0.,1.,0.));
#11910 = FACE_BOUND('',#11911,.T.);
#11911 = EDGE_LOOP('',(#11912));
#11912 = ORIENTED_EDGE('',*,*,#11913,.F.);
#11913 = EDGE_CURVE('',#11914,#11914,#11916,.T.);
#11914 = VERTEX_POINT('',#11915);
#11915 = CARTESIAN_POINT('',(116.25,114.,117.94228634059));
#11916 = CIRCLE('',#11917,2.25);
#11917 = AXIS2_PLACEMENT_3D('',#11918,#11919,#11920);
#11918 = CARTESIAN_POINT('',(114.,114.,117.94228634059));
#11919 = DIRECTION('',(0.,0.,1.));
#11920 = DIRECTION('',(1.,0.,0.));
#11921 = PLANE('',#11922);
#11922 = AXIS2_PLACEMENT_3D('',#11923,#11924,#11925);
#11923 = CARTESIAN_POINT('',(107.5,107.5,117.94228634059));
#11924 = DIRECTION('',(0.,0.,1.));
#11925 = DIRECTION('',(1.,0.,0.));
#11926 = ADVANCED_FACE('',(#11927,#11952,#11963),#11974,.F.);
#11927 = FACE_BOUND('',#11928,.F.);
#11928 = EDGE_LOOP('',(#11929,#11930,#11938,#11946));
#11929 = ORIENTED_EDGE('',*,*,#11858,.F.);
#11930 = ORIENTED_EDGE('',*,*,#11931,.T.);
#11931 = EDGE_CURVE('',#11849,#11932,#11934,.T.);
#11932 = VERTEX_POINT('',#11933);
#11933 = CARTESIAN_POINT('',(162.5,107.5,112.94228634059));
#11934 = LINE('',#11935,#11936);
#11935 = CARTESIAN_POINT('',(107.5,107.5,112.94228634059));
#11936 = VECTOR('',#11937,1.);
#11937 = DIRECTION('',(1.,0.,0.));
#11938 = ORIENTED_EDGE('',*,*,#11939,.T.);
#11939 = EDGE_CURVE('',#11932,#11940,#11942,.T.);
#11940 = VERTEX_POINT('',#11941);
#11941 = CARTESIAN_POINT('',(162.5,120.5,112.94228634059));
#11942 = LINE('',#11943,#11944);
#11943 = CARTESIAN_POINT('',(162.5,107.5,112.94228634059));
#11944 = VECTOR('',#11945,1.);
#11945 = DIRECTION('',(0.,1.,0.));
#11946 = ORIENTED_EDGE('',*,*,#11947,.F.);
#11947 = EDGE_CURVE('',#11859,#11940,#11948,.T.);
#11948 = LINE('',#11949,#11950);
#11949 = CARTESIAN_POINT('',(107.5,120.5,112.94228634059));
#11950 = VECTOR('',#11951,1.);
#11951 = DIRECTION('',(1.,0.,0.));
#11952 = FACE_BOUND('',#11953,.F.);
#11953 = EDGE_LOOP('',(#11954));
#11954 = ORIENTED_EDGE('',*,*,#11955,.F.);
#11955 = EDGE_CURVE('',#11956,#11956,#11958,.T.);
#11956 = VERTEX_POINT('',#11957);
#11957 = CARTESIAN_POINT('',(116.25,114.,112.94228634059));
#11958 = CIRCLE('',#11959,2.25);
#11959 = AXIS2_PLACEMENT_3D('',#11960,#11961,#11962);
#11960 = CARTESIAN_POINT('',(114.,114.,112.94228634059));
#11961 = DIRECTION('',(0.,0.,1.));
#11962 = DIRECTION('',(1.,0.,0.));
#11963 = FACE_BOUND('',#11964,.F.);
#11964 = EDGE_LOOP('',(#11965));
#11965 = ORIENTED_EDGE('',*,*,#11966,.F.);
#11966 = EDGE_CURVE('',#11967,#11967,#11969,.T.);
#11967 = VERTEX_POINT('',#11968);
#11968 = CARTESIAN_POINT('',(158.25,114.,112.94228634059));
#11969 = CIRCLE('',#11970,2.25);
#11970 = AXIS2_PLACEMENT_3D('',#11971,#11972,#11973);
#11971 = CARTESIAN_POINT('',(156.,114.,112.94228634059));
#11972 = DIRECTION('',(0.,0.,1.));
#11973 = DIRECTION('',(1.,0.,0.));
#11974 = PLANE('',#11975);
#11975 = AXIS2_PLACEMENT_3D('',#11976,#11977,#11978);
#11976 = CARTESIAN_POINT('',(107.5,107.5,112.94228634059));
#11977 = DIRECTION('',(0.,0.,1.));
#11978 = DIRECTION('',(1.,0.,0.));
#11979 = ADVANCED_FACE('',(#11980),#12005,.T.);
#11980 = FACE_BOUND('',#11981,.T.);
#11981 = EDGE_LOOP('',(#11982,#11990,#11991,#11999));
#11982 = ORIENTED_EDGE('',*,*,#11983,.F.);
#11983 = EDGE_CURVE('',#11932,#11984,#11986,.T.);
#11984 = VERTEX_POINT('',#11985);
#11985 = CARTESIAN_POINT('',(162.5,107.5,117.94228634059));
#11986 = LINE('',#11987,#11988);
#11987 = CARTESIAN_POINT('',(162.5,107.5,112.94228634059));
#11988 = VECTOR('',#11989,1.);
#11989 = DIRECTION('',(0.,0.,1.));
#11990 = ORIENTED_EDGE('',*,*,#11939,.T.);
#11991 = ORIENTED_EDGE('',*,*,#11992,.T.);
#11992 = EDGE_CURVE('',#11940,#11993,#11995,.T.);
#11993 = VERTEX_POINT('',#11994);
#11994 = CARTESIAN_POINT('',(162.5,120.5,117.94228634059));
#11995 = LINE('',#11996,#11997);
#11996 = CARTESIAN_POINT('',(162.5,120.5,112.94228634059));
#11997 = VECTOR('',#11998,1.);
#11998 = DIRECTION('',(0.,0.,1.));
#11999 = ORIENTED_EDGE('',*,*,#12000,.F.);
#12000 = EDGE_CURVE('',#11984,#11993,#12001,.T.);
#12001 = LINE('',#12002,#12003);
#12002 = CARTESIAN_POINT('',(162.5,107.5,117.94228634059));
#12003 = VECTOR('',#12004,1.);
#12004 = DIRECTION('',(0.,1.,0.));
#12005 = PLANE('',#12006);
#12006 = AXIS2_PLACEMENT_3D('',#12007,#12008,#12009);
#12007 = CARTESIAN_POINT('',(162.5,107.5,112.94228634059));
#12008 = DIRECTION('',(1.,0.,0.));
#12009 = DIRECTION('',(0.,0.,1.));
#12010 = ADVANCED_FACE('',(#12011,#12036),#12047,.T.);
#12011 = FACE_BOUND('',#12012,.T.);
#12012 = EDGE_LOOP('',(#12013,#12021,#12029,#12035));
#12013 = ORIENTED_EDGE('',*,*,#12014,.F.);
#12014 = EDGE_CURVE('',#12015,#11993,#12017,.T.);
#12015 = VERTEX_POINT('',#12016);
#12016 = CARTESIAN_POINT('',(144.79795897113,120.5,117.9422863406));
#12017 = LINE('',#12018,#12019);
#12018 = CARTESIAN_POINT('',(107.5,120.5,117.94228634059));
#12019 = VECTOR('',#12020,1.);
#12020 = DIRECTION('',(1.,0.,0.));
#12021 = ORIENTED_EDGE('',*,*,#12022,.F.);
#12022 = EDGE_CURVE('',#12023,#12015,#12025,.T.);
#12023 = VERTEX_POINT('',#12024);
#12024 = CARTESIAN_POINT('',(144.79795897113,107.5,117.9422863406));
#12025 = LINE('',#12026,#12027);
#12026 = CARTESIAN_POINT('',(144.79795897113,107.5,117.94228634059));
#12027 = VECTOR('',#12028,1.);
#12028 = DIRECTION('',(0.,1.,0.));
#12029 = ORIENTED_EDGE('',*,*,#12030,.T.);
#12030 = EDGE_CURVE('',#12023,#11984,#12031,.T.);
#12031 = LINE('',#12032,#12033);
#12032 = CARTESIAN_POINT('',(107.5,107.5,117.94228634059));
#12033 = VECTOR('',#12034,1.);
#12034 = DIRECTION('',(1.,0.,0.));
#12035 = ORIENTED_EDGE('',*,*,#12000,.T.);
#12036 = FACE_BOUND('',#12037,.T.);
#12037 = EDGE_LOOP('',(#12038));
#12038 = ORIENTED_EDGE('',*,*,#12039,.F.);
#12039 = EDGE_CURVE('',#12040,#12040,#12042,.T.);
#12040 = VERTEX_POINT('',#12041);
#12041 = CARTESIAN_POINT('',(158.25,114.,117.94228634059));
#12042 = CIRCLE('',#12043,2.25);
#12043 = AXIS2_PLACEMENT_3D('',#12044,#12045,#12046);
#12044 = CARTESIAN_POINT('',(156.,114.,117.94228634059));
#12045 = DIRECTION('',(0.,0.,1.));
#12046 = DIRECTION('',(1.,0.,0.));
#12047 = PLANE('',#12048);
#12048 = AXIS2_PLACEMENT_3D('',#12049,#12050,#12051);
#12049 = CARTESIAN_POINT('',(107.5,107.5,117.94228634059));
#12050 = DIRECTION('',(0.,0.,1.));
#12051 = DIRECTION('',(1.,0.,0.));
#12052 = ADVANCED_FACE('',(#12053),#12064,.F.);
#12053 = FACE_BOUND('',#12054,.F.);
#12054 = EDGE_LOOP('',(#12055,#12056,#12062,#12063));
#12055 = ORIENTED_EDGE('',*,*,#11913,.F.);
#12056 = ORIENTED_EDGE('',*,*,#12057,.F.);
#12057 = EDGE_CURVE('',#11956,#11914,#12058,.T.);
#12058 = LINE('',#12059,#12060);
#12059 = CARTESIAN_POINT('',(116.25,114.,111.94228634059));
#12060 = VECTOR('',#12061,1.);
#12061 = DIRECTION('',(0.,0.,1.));
#12062 = ORIENTED_EDGE('',*,*,#11955,.T.);
#12063 = ORIENTED_EDGE('',*,*,#12057,.T.);
#12064 = CYLINDRICAL_SURFACE('',#12065,2.25);
#12065 = AXIS2_PLACEMENT_3D('',#12066,#12067,#12068);
#12066 = CARTESIAN_POINT('',(114.,114.,111.94228634059));
#12067 = DIRECTION('',(0.,0.,1.));
#12068 = DIRECTION('',(1.,0.,0.));
#12069 = ADVANCED_FACE('',(#12070),#12081,.F.);
#12070 = FACE_BOUND('',#12071,.F.);
#12071 = EDGE_LOOP('',(#12072,#12073,#12079,#12080));
#12072 = ORIENTED_EDGE('',*,*,#12039,.F.);
#12073 = ORIENTED_EDGE('',*,*,#12074,.F.);
#12074 = EDGE_CURVE('',#11967,#12040,#12075,.T.);
#12075 = LINE('',#12076,#12077);
#12076 = CARTESIAN_POINT('',(158.25,114.,111.94228634059));
#12077 = VECTOR('',#12078,1.);
#12078 = DIRECTION('',(0.,0.,1.));
#12079 = ORIENTED_EDGE('',*,*,#11966,.T.);
#12080 = ORIENTED_EDGE('',*,*,#12074,.T.);
#12081 = CYLINDRICAL_SURFACE('',#12082,2.25);
#12082 = AXIS2_PLACEMENT_3D('',#12083,#12084,#12085);
#12083 = CARTESIAN_POINT('',(156.,114.,111.94228634059));
#12084 = DIRECTION('',(0.,0.,1.));
#12085 = DIRECTION('',(1.,0.,0.));
#12086 = ADVANCED_FACE('',(#12087,#12110),#12121,.T.);
#12087 = FACE_BOUND('',#12088,.T.);
#12088 = EDGE_LOOP('',(#12089,#12090,#12091,#12100,#12107,#12108,#12109)
  );
#12089 = ORIENTED_EDGE('',*,*,#11983,.T.);
#12090 = ORIENTED_EDGE('',*,*,#12030,.F.);
#12091 = ORIENTED_EDGE('',*,*,#12092,.F.);
#12092 = EDGE_CURVE('',#12093,#12023,#12095,.T.);
#12093 = VERTEX_POINT('',#12094);
#12094 = CARTESIAN_POINT('',(135.,107.5,141.94228634059));
#12095 = CIRCLE('',#12096,14.);
#12096 = AXIS2_PLACEMENT_3D('',#12097,#12098,#12099);
#12097 = CARTESIAN_POINT('',(135.,107.5,127.94228634059));
#12098 = DIRECTION('',(0.,1.,0.));
#12099 = DIRECTION('',(0.,0.,1.));
#12100 = ORIENTED_EDGE('',*,*,#12101,.F.);
#12101 = EDGE_CURVE('',#11898,#12093,#12102,.T.);
#12102 = CIRCLE('',#12103,14.);
#12103 = AXIS2_PLACEMENT_3D('',#12104,#12105,#12106);
#12104 = CARTESIAN_POINT('',(135.,107.5,127.94228634059));
#12105 = DIRECTION('',(0.,1.,0.));
#12106 = DIRECTION('',(0.,0.,1.));
#12107 = ORIENTED_EDGE('',*,*,#11897,.F.);
#12108 = ORIENTED_EDGE('',*,*,#11848,.F.);
#12109 = ORIENTED_EDGE('',*,*,#11931,.T.);
#12110 = FACE_BOUND('',#12111,.T.);
#12111 = EDGE_LOOP('',(#12112));
#12112 = ORIENTED_EDGE('',*,*,#12113,.T.);
#12113 = EDGE_CURVE('',#12114,#12114,#12116,.T.);
#12114 = VERTEX_POINT('',#12115);
#12115 = CARTESIAN_POINT('',(135.,107.5,135.94228634059));
#12116 = CIRCLE('',#12117,8.);
#12117 = AXIS2_PLACEMENT_3D('',#12118,#12119,#12120);
#12118 = CARTESIAN_POINT('',(135.,107.5,127.94228634059));
#12119 = DIRECTION('',(0.,1.,0.));
#12120 = DIRECTION('',(0.,0.,1.));
#12121 = PLANE('',#12122);
#12122 = AXIS2_PLACEMENT_3D('',#12123,#12124,#12125);
#12123 = CARTESIAN_POINT('',(135.,107.5,121.57245296557));
#12124 = DIRECTION('',(-0.,-1.,-0.));
#12125 = DIRECTION('',(0.,0.,-1.));
#12126 = ADVANCED_FACE('',(#12127),#12154,.T.);
#12127 = FACE_BOUND('',#12128,.T.);
#12128 = EDGE_LOOP('',(#12129,#12139,#12146,#12147));
#12129 = ORIENTED_EDGE('',*,*,#12130,.T.);
#12130 = EDGE_CURVE('',#12131,#12133,#12135,.T.);
#12131 = VERTEX_POINT('',#12132);
#12132 = CARTESIAN_POINT('',(135.,120.5,135.94228634059));
#12133 = VERTEX_POINT('',#12134);
#12134 = CARTESIAN_POINT('',(135.,121.5,135.94228634059));
#12135 = LINE('',#12136,#12137);
#12136 = CARTESIAN_POINT('',(135.,106.5,135.94228634059));
#12137 = VECTOR('',#12138,1.);
#12138 = DIRECTION('',(0.,1.,0.));
#12139 = ORIENTED_EDGE('',*,*,#12140,.F.);
#12140 = EDGE_CURVE('',#12133,#12133,#12141,.T.);
#12141 = CIRCLE('',#12142,8.);
#12142 = AXIS2_PLACEMENT_3D('',#12143,#12144,#12145);
#12143 = CARTESIAN_POINT('',(135.,121.5,127.94228634059));
#12144 = DIRECTION('',(0.,1.,0.));
#12145 = DIRECTION('',(0.,0.,1.));
#12146 = ORIENTED_EDGE('',*,*,#12130,.F.);
#12147 = ORIENTED_EDGE('',*,*,#12148,.T.);
#12148 = EDGE_CURVE('',#12131,#12131,#12149,.T.);
#12149 = CIRCLE('',#12150,8.);
#12150 = AXIS2_PLACEMENT_3D('',#12151,#12152,#12153);
#12151 = CARTESIAN_POINT('',(135.,120.5,127.94228634059));
#12152 = DIRECTION('',(0.,1.,0.));
#12153 = DIRECTION('',(0.,0.,1.));
#12154 = CYLINDRICAL_SURFACE('',#12155,8.);
#12155 = AXIS2_PLACEMENT_3D('',#12156,#12157,#12158);
#12156 = CARTESIAN_POINT('',(135.,106.5,127.94228634059));
#12157 = DIRECTION('',(0.,1.,0.));
#12158 = DIRECTION('',(0.,0.,1.));
#12159 = ADVANCED_FACE('',(#12160,#12163),#12174,.T.);
#12160 = FACE_BOUND('',#12161,.T.);
#12161 = EDGE_LOOP('',(#12162));
#12162 = ORIENTED_EDGE('',*,*,#12140,.T.);
#12163 = FACE_BOUND('',#12164,.T.);
#12164 = EDGE_LOOP('',(#12165));
#12165 = ORIENTED_EDGE('',*,*,#12166,.F.);
#12166 = EDGE_CURVE('',#12167,#12167,#12169,.T.);
#12167 = VERTEX_POINT('',#12168);
#12168 = CARTESIAN_POINT('',(135.,121.5,131.94228634059));
#12169 = CIRCLE('',#12170,4.);
#12170 = AXIS2_PLACEMENT_3D('',#12171,#12172,#12173);
#12171 = CARTESIAN_POINT('',(135.,121.5,127.94228634059));
#12172 = DIRECTION('',(0.,1.,0.));
#12173 = DIRECTION('',(0.,0.,1.));
#12174 = PLANE('',#12175);
#12175 = AXIS2_PLACEMENT_3D('',#12176,#12177,#12178);
#12176 = CARTESIAN_POINT('',(135.,121.5,127.94228634059));
#12177 = DIRECTION('',(0.,1.,0.));
#12178 = DIRECTION('',(0.,0.,1.));
#12179 = ADVANCED_FACE('',(#12180),#12199,.F.);
#12180 = FACE_BOUND('',#12181,.F.);
#12181 = EDGE_LOOP('',(#12182,#12183,#12191,#12198));
#12182 = ORIENTED_EDGE('',*,*,#12166,.F.);
#12183 = ORIENTED_EDGE('',*,*,#12184,.F.);
#12184 = EDGE_CURVE('',#12185,#12167,#12187,.T.);
#12185 = VERTEX_POINT('',#12186);
#12186 = CARTESIAN_POINT('',(135.,106.5,131.94228634059));
#12187 = LINE('',#12188,#12189);
#12188 = CARTESIAN_POINT('',(135.,105.5,131.94228634059));
#12189 = VECTOR('',#12190,1.);
#12190 = DIRECTION('',(0.,1.,0.));
#12191 = ORIENTED_EDGE('',*,*,#12192,.T.);
#12192 = EDGE_CURVE('',#12185,#12185,#12193,.T.);
#12193 = CIRCLE('',#12194,4.);
#12194 = AXIS2_PLACEMENT_3D('',#12195,#12196,#12197);
#12195 = CARTESIAN_POINT('',(135.,106.5,127.94228634059));
#12196 = DIRECTION('',(0.,1.,0.));
#12197 = DIRECTION('',(0.,0.,1.));
#12198 = ORIENTED_EDGE('',*,*,#12184,.T.);
#12199 = CYLINDRICAL_SURFACE('',#12200,4.);
#12200 = AXIS2_PLACEMENT_3D('',#12201,#12202,#12203);
#12201 = CARTESIAN_POINT('',(135.,105.5,127.94228634059));
#12202 = DIRECTION('',(0.,1.,0.));
#12203 = DIRECTION('',(0.,0.,1.));
#12204 = ADVANCED_FACE('',(#12205),#12224,.T.);
#12205 = FACE_BOUND('',#12206,.T.);
#12206 = EDGE_LOOP('',(#12207,#12208,#12216,#12223));
#12207 = ORIENTED_EDGE('',*,*,#12113,.F.);
#12208 = ORIENTED_EDGE('',*,*,#12209,.F.);
#12209 = EDGE_CURVE('',#12210,#12114,#12212,.T.);
#12210 = VERTEX_POINT('',#12211);
#12211 = CARTESIAN_POINT('',(135.,106.5,135.94228634059));
#12212 = LINE('',#12213,#12214);
#12213 = CARTESIAN_POINT('',(135.,106.5,135.94228634059));
#12214 = VECTOR('',#12215,1.);
#12215 = DIRECTION('',(0.,1.,0.));
#12216 = ORIENTED_EDGE('',*,*,#12217,.T.);
#12217 = EDGE_CURVE('',#12210,#12210,#12218,.T.);
#12218 = CIRCLE('',#12219,8.);
#12219 = AXIS2_PLACEMENT_3D('',#12220,#12221,#12222);
#12220 = CARTESIAN_POINT('',(135.,106.5,127.94228634059));
#12221 = DIRECTION('',(0.,1.,0.));
#12222 = DIRECTION('',(0.,0.,1.));
#12223 = ORIENTED_EDGE('',*,*,#12209,.T.);
#12224 = CYLINDRICAL_SURFACE('',#12225,8.);
#12225 = AXIS2_PLACEMENT_3D('',#12226,#12227,#12228);
#12226 = CARTESIAN_POINT('',(135.,106.5,127.94228634059));
#12227 = DIRECTION('',(0.,1.,0.));
#12228 = DIRECTION('',(0.,0.,1.));
#12229 = ADVANCED_FACE('',(#12230,#12233),#12236,.F.);
#12230 = FACE_BOUND('',#12231,.F.);
#12231 = EDGE_LOOP('',(#12232));
#12232 = ORIENTED_EDGE('',*,*,#12217,.T.);
#12233 = FACE_BOUND('',#12234,.F.);
#12234 = EDGE_LOOP('',(#12235));
#12235 = ORIENTED_EDGE('',*,*,#12192,.F.);
#12236 = PLANE('',#12237);
#12237 = AXIS2_PLACEMENT_3D('',#12238,#12239,#12240);
#12238 = CARTESIAN_POINT('',(135.,106.5,127.94228634059));
#12239 = DIRECTION('',(0.,1.,0.));
#12240 = DIRECTION('',(0.,0.,1.));
#12241 = ADVANCED_FACE('',(#12242,#12265),#12268,.T.);
#12242 = FACE_BOUND('',#12243,.T.);
#12243 = EDGE_LOOP('',(#12244,#12245,#12246,#12247,#12248,#12257,#12264)
  );
#12244 = ORIENTED_EDGE('',*,*,#11992,.F.);
#12245 = ORIENTED_EDGE('',*,*,#11947,.F.);
#12246 = ORIENTED_EDGE('',*,*,#11866,.T.);
#12247 = ORIENTED_EDGE('',*,*,#11888,.T.);
#12248 = ORIENTED_EDGE('',*,*,#12249,.T.);
#12249 = EDGE_CURVE('',#11889,#12250,#12252,.T.);
#12250 = VERTEX_POINT('',#12251);
#12251 = CARTESIAN_POINT('',(135.,120.5,141.94228634059));
#12252 = CIRCLE('',#12253,14.);
#12253 = AXIS2_PLACEMENT_3D('',#12254,#12255,#12256);
#12254 = CARTESIAN_POINT('',(135.,120.5,127.94228634059));
#12255 = DIRECTION('',(0.,1.,0.));
#12256 = DIRECTION('',(0.,0.,1.));
#12257 = ORIENTED_EDGE('',*,*,#12258,.T.);
#12258 = EDGE_CURVE('',#12250,#12015,#12259,.T.);
#12259 = CIRCLE('',#12260,14.);
#12260 = AXIS2_PLACEMENT_3D('',#12261,#12262,#12263);
#12261 = CARTESIAN_POINT('',(135.,120.5,127.94228634059));
#12262 = DIRECTION('',(0.,1.,0.));
#12263 = DIRECTION('',(0.,0.,1.));
#12264 = ORIENTED_EDGE('',*,*,#12014,.T.);
#12265 = FACE_BOUND('',#12266,.T.);
#12266 = EDGE_LOOP('',(#12267));
#12267 = ORIENTED_EDGE('',*,*,#12148,.F.);
#12268 = PLANE('',#12269);
#12269 = AXIS2_PLACEMENT_3D('',#12270,#12271,#12272);
#12270 = CARTESIAN_POINT('',(135.,120.5,121.57245296557));
#12271 = DIRECTION('',(0.,1.,0.));
#12272 = DIRECTION('',(0.,0.,1.));
#12273 = ADVANCED_FACE('',(#12274),#12282,.T.);
#12274 = FACE_BOUND('',#12275,.T.);
#12275 = EDGE_LOOP('',(#12276,#12277,#12278,#12279,#12280,#12281));
#12276 = ORIENTED_EDGE('',*,*,#12092,.T.);
#12277 = ORIENTED_EDGE('',*,*,#12022,.T.);
#12278 = ORIENTED_EDGE('',*,*,#12258,.F.);
#12279 = ORIENTED_EDGE('',*,*,#12249,.F.);
#12280 = ORIENTED_EDGE('',*,*,#11905,.F.);
#12281 = ORIENTED_EDGE('',*,*,#12101,.T.);
#12282 = CYLINDRICAL_SURFACE('',#12283,14.);
#12283 = AXIS2_PLACEMENT_3D('',#12284,#12285,#12286);
#12284 = CARTESIAN_POINT('',(135.,107.5,127.94228634059));
#12285 = DIRECTION('',(0.,1.,0.));
#12286 = DIRECTION('',(0.,0.,1.));
#12287 = MANIFOLD_SOLID_BREP('',#12288);
#12288 = CLOSED_SHELL('',(#12289,#12329,#12360,#12484,#12508,#12625,
    #12642,#12659,#12676,#12693,#12710,#12727,#12744,#12761,#12773,
    #12795,#12812,#12829));
#12289 = ADVANCED_FACE('',(#12290),#12324,.F.);
#12290 = FACE_BOUND('',#12291,.F.);
#12291 = EDGE_LOOP('',(#12292,#12302,#12310,#12318));
#12292 = ORIENTED_EDGE('',*,*,#12293,.F.);
#12293 = EDGE_CURVE('',#12294,#12296,#12298,.T.);
#12294 = VERTEX_POINT('',#12295);
#12295 = CARTESIAN_POINT('',(99.,-40.,109.94228634059));
#12296 = VERTEX_POINT('',#12297);
#12297 = CARTESIAN_POINT('',(99.,-40.,112.94228634059));
#12298 = LINE('',#12299,#12300);
#12299 = CARTESIAN_POINT('',(99.,-40.,109.94228634059));
#12300 = VECTOR('',#12301,1.);
#12301 = DIRECTION('',(0.,0.,1.));
#12302 = ORIENTED_EDGE('',*,*,#12303,.T.);
#12303 = EDGE_CURVE('',#12294,#12304,#12306,.T.);
#12304 = VERTEX_POINT('',#12305);
#12305 = CARTESIAN_POINT('',(99.,137.,109.94228634059));
#12306 = LINE('',#12307,#12308);
#12307 = CARTESIAN_POINT('',(99.,-40.,109.94228634059));
#12308 = VECTOR('',#12309,1.);
#12309 = DIRECTION('',(0.,1.,0.));
#12310 = ORIENTED_EDGE('',*,*,#12311,.T.);
#12311 = EDGE_CURVE('',#12304,#12312,#12314,.T.);
#12312 = VERTEX_POINT('',#12313);
#12313 = CARTESIAN_POINT('',(99.,137.,112.94228634059));
#12314 = LINE('',#12315,#12316);
#12315 = CARTESIAN_POINT('',(99.,137.,109.94228634059));
#12316 = VECTOR('',#12317,1.);
#12317 = DIRECTION('',(0.,0.,1.));
#12318 = ORIENTED_EDGE('',*,*,#12319,.F.);
#12319 = EDGE_CURVE('',#12296,#12312,#12320,.T.);
#12320 = LINE('',#12321,#12322);
#12321 = CARTESIAN_POINT('',(99.,-40.,112.94228634059));
#12322 = VECTOR('',#12323,1.);
#12323 = DIRECTION('',(0.,1.,0.));
#12324 = PLANE('',#12325);
#12325 = AXIS2_PLACEMENT_3D('',#12326,#12327,#12328);
#12326 = CARTESIAN_POINT('',(99.,-40.,109.94228634059));
#12327 = DIRECTION('',(1.,0.,0.));
#12328 = DIRECTION('',(0.,0.,1.));
#12329 = ADVANCED_FACE('',(#12330),#12355,.F.);
#12330 = FACE_BOUND('',#12331,.F.);
#12331 = EDGE_LOOP('',(#12332,#12340,#12341,#12349));
#12332 = ORIENTED_EDGE('',*,*,#12333,.F.);
#12333 = EDGE_CURVE('',#12294,#12334,#12336,.T.);
#12334 = VERTEX_POINT('',#12335);
#12335 = CARTESIAN_POINT('',(182.,-40.,109.94228634059));
#12336 = LINE('',#12337,#12338);
#12337 = CARTESIAN_POINT('',(99.,-40.,109.94228634059));
#12338 = VECTOR('',#12339,1.);
#12339 = DIRECTION('',(1.,0.,0.));
#12340 = ORIENTED_EDGE('',*,*,#12293,.T.);
#12341 = ORIENTED_EDGE('',*,*,#12342,.T.);
#12342 = EDGE_CURVE('',#12296,#12343,#12345,.T.);
#12343 = VERTEX_POINT('',#12344);
#12344 = CARTESIAN_POINT('',(182.,-40.,112.94228634059));
#12345 = LINE('',#12346,#12347);
#12346 = CARTESIAN_POINT('',(99.,-40.,112.94228634059));
#12347 = VECTOR('',#12348,1.);
#12348 = DIRECTION('',(1.,0.,0.));
#12349 = ORIENTED_EDGE('',*,*,#12350,.F.);
#12350 = EDGE_CURVE('',#12334,#12343,#12351,.T.);
#12351 = LINE('',#12352,#12353);
#12352 = CARTESIAN_POINT('',(182.,-40.,109.94228634059));
#12353 = VECTOR('',#12354,1.);
#12354 = DIRECTION('',(0.,0.,1.));
#12355 = PLANE('',#12356);
#12356 = AXIS2_PLACEMENT_3D('',#12357,#12358,#12359);
#12357 = CARTESIAN_POINT('',(99.,-40.,109.94228634059));
#12358 = DIRECTION('',(0.,1.,0.));
#12359 = DIRECTION('',(0.,0.,1.));
#12360 = ADVANCED_FACE('',(#12361,#12445),#12479,.T.);
#12361 = FACE_BOUND('',#12362,.T.);
#12362 = EDGE_LOOP('',(#12363,#12373,#12379,#12380,#12381,#12389,#12397,
    #12406,#12414,#12422,#12430,#12439));
#12363 = ORIENTED_EDGE('',*,*,#12364,.T.);
#12364 = EDGE_CURVE('',#12365,#12367,#12369,.T.);
#12365 = VERTEX_POINT('',#12366);
#12366 = CARTESIAN_POINT('',(182.,128.3,112.94228634059));
#12367 = VERTEX_POINT('',#12368);
#12368 = CARTESIAN_POINT('',(182.,137.,112.94228634059));
#12369 = LINE('',#12370,#12371);
#12370 = CARTESIAN_POINT('',(182.,-40.,112.94228634059));
#12371 = VECTOR('',#12372,1.);
#12372 = DIRECTION('',(0.,1.,0.));
#12373 = ORIENTED_EDGE('',*,*,#12374,.F.);
#12374 = EDGE_CURVE('',#12312,#12367,#12375,.T.);
#12375 = LINE('',#12376,#12377);
#12376 = CARTESIAN_POINT('',(99.,137.,112.94228634059));
#12377 = VECTOR('',#12378,1.);
#12378 = DIRECTION('',(1.,0.,0.));
#12379 = ORIENTED_EDGE('',*,*,#12319,.F.);
#12380 = ORIENTED_EDGE('',*,*,#12342,.T.);
#12381 = ORIENTED_EDGE('',*,*,#12382,.T.);
#12382 = EDGE_CURVE('',#12343,#12383,#12385,.T.);
#12383 = VERTEX_POINT('',#12384);
#12384 = CARTESIAN_POINT('',(182.,61.7,112.94228634059));
#12385 = LINE('',#12386,#12387);
#12386 = CARTESIAN_POINT('',(182.,-40.,112.94228634059));
#12387 = VECTOR('',#12388,1.);
#12388 = DIRECTION('',(0.,1.,0.));
#12389 = ORIENTED_EDGE('',*,*,#12390,.T.);
#12390 = EDGE_CURVE('',#12383,#12391,#12393,.T.);
#12391 = VERTEX_POINT('',#12392);
#12392 = CARTESIAN_POINT('',(164.,61.7,112.94228634059));
#12393 = LINE('',#12394,#12395);
#12394 = CARTESIAN_POINT('',(131.5,61.7,112.94228634059));
#12395 = VECTOR('',#12396,1.);
#12396 = DIRECTION('',(-1.,0.,0.));
#12397 = ORIENTED_EDGE('',*,*,#12398,.F.);
#12398 = EDGE_CURVE('',#12399,#12391,#12401,.T.);
#12399 = VERTEX_POINT('',#12400);
#12400 = CARTESIAN_POINT('',(164.,68.3,112.94228634059));
#12401 = CIRCLE('',#12402,3.3);
#12402 = AXIS2_PLACEMENT_3D('',#12403,#12404,#12405);
#12403 = CARTESIAN_POINT('',(164.,65.,112.94228634059));
#12404 = DIRECTION('',(0.,0.,1.));
#12405 = DIRECTION('',(1.,0.,0.));
#12406 = ORIENTED_EDGE('',*,*,#12407,.F.);
#12407 = EDGE_CURVE('',#12408,#12399,#12410,.T.);
#12408 = VERTEX_POINT('',#12409);
#12409 = CARTESIAN_POINT('',(182.,68.3,112.94228634059));
#12410 = LINE('',#12411,#12412);
#12411 = CARTESIAN_POINT('',(131.5,68.3,112.94228634059));
#12412 = VECTOR('',#12413,1.);
#12413 = DIRECTION('',(-1.,0.,0.));
#12414 = ORIENTED_EDGE('',*,*,#12415,.T.);
#12415 = EDGE_CURVE('',#12408,#12416,#12418,.T.);
#12416 = VERTEX_POINT('',#12417);
#12417 = CARTESIAN_POINT('',(182.,121.7,112.94228634059));
#12418 = LINE('',#12419,#12420);
#12419 = CARTESIAN_POINT('',(182.,-40.,112.94228634059));
#12420 = VECTOR('',#12421,1.);
#12421 = DIRECTION('',(0.,1.,0.));
#12422 = ORIENTED_EDGE('',*,*,#12423,.T.);
#12423 = EDGE_CURVE('',#12416,#12424,#12426,.T.);
#12424 = VERTEX_POINT('',#12425);
#12425 = CARTESIAN_POINT('',(164.,121.7,112.94228634059));
#12426 = LINE('',#12427,#12428);
#12427 = CARTESIAN_POINT('',(131.5,121.7,112.94228634059));
#12428 = VECTOR('',#12429,1.);
#12429 = DIRECTION('',(-1.,0.,0.));
#12430 = ORIENTED_EDGE('',*,*,#12431,.F.);
#12431 = EDGE_CURVE('',#12432,#12424,#12434,.T.);
#12432 = VERTEX_POINT('',#12433);
#12433 = CARTESIAN_POINT('',(164.,128.3,112.94228634059));
#12434 = CIRCLE('',#12435,3.3);
#12435 = AXIS2_PLACEMENT_3D('',#12436,#12437,#12438);
#12436 = CARTESIAN_POINT('',(164.,125.,112.94228634059));
#12437 = DIRECTION('',(0.,0.,1.));
#12438 = DIRECTION('',(1.,0.,0.));
#12439 = ORIENTED_EDGE('',*,*,#12440,.F.);
#12440 = EDGE_CURVE('',#12365,#12432,#12441,.T.);
#12441 = LINE('',#12442,#12443);
#12442 = CARTESIAN_POINT('',(131.5,128.3,112.94228634059));
#12443 = VECTOR('',#12444,1.);
#12444 = DIRECTION('',(-1.,0.,0.));
#12445 = FACE_BOUND('',#12446,.T.);
#12446 = EDGE_LOOP('',(#12447,#12457,#12465,#12473));
#12447 = ORIENTED_EDGE('',*,*,#12448,.T.);
#12448 = EDGE_CURVE('',#12449,#12451,#12453,.T.);
#12449 = VERTEX_POINT('',#12450);
#12450 = CARTESIAN_POINT('',(146.80337325551,83.5,112.94228634059));
#12451 = VERTEX_POINT('',#12452);
#12452 = CARTESIAN_POINT('',(104.14406786123,83.5,112.94228634059));
#12453 = LINE('',#12454,#12455);
#12454 = CARTESIAN_POINT('',(101.57203393061,83.5,112.94228634059));
#12455 = VECTOR('',#12456,1.);
#12456 = DIRECTION('',(-1.,0.,0.));
#12457 = ORIENTED_EDGE('',*,*,#12458,.T.);
#12458 = EDGE_CURVE('',#12451,#12459,#12461,.T.);
#12459 = VERTEX_POINT('',#12460);
#12460 = CARTESIAN_POINT('',(104.14406786123,104.5,112.94228634059));
#12461 = LINE('',#12462,#12463);
#12462 = CARTESIAN_POINT('',(104.14406786123,21.75,112.94228634059));
#12463 = VECTOR('',#12464,1.);
#12464 = DIRECTION('',(0.,1.,0.));
#12465 = ORIENTED_EDGE('',*,*,#12466,.F.);
#12466 = EDGE_CURVE('',#12467,#12459,#12469,.T.);
#12467 = VERTEX_POINT('',#12468);
#12468 = CARTESIAN_POINT('',(146.80337325551,104.5,112.94228634059));
#12469 = LINE('',#12470,#12471);
#12470 = CARTESIAN_POINT('',(101.57203393061,104.5,112.94228634059));
#12471 = VECTOR('',#12472,1.);
#12472 = DIRECTION('',(-1.,0.,0.));
#12473 = ORIENTED_EDGE('',*,*,#12474,.F.);
#12474 = EDGE_CURVE('',#12449,#12467,#12475,.T.);
#12475 = LINE('',#12476,#12477);
#12476 = CARTESIAN_POINT('',(146.80337325551,21.75,112.94228634059));
#12477 = VECTOR('',#12478,1.);
#12478 = DIRECTION('',(0.,1.,0.));
#12479 = PLANE('',#12480);
#12480 = AXIS2_PLACEMENT_3D('',#12481,#12482,#12483);
#12481 = CARTESIAN_POINT('',(99.,-40.,112.94228634059));
#12482 = DIRECTION('',(0.,0.,1.));
#12483 = DIRECTION('',(1.,0.,0.));
#12484 = ADVANCED_FACE('',(#12485),#12503,.T.);
#12485 = FACE_BOUND('',#12486,.T.);
#12486 = EDGE_LOOP('',(#12487,#12495,#12496,#12497));
#12487 = ORIENTED_EDGE('',*,*,#12488,.F.);
#12488 = EDGE_CURVE('',#12304,#12489,#12491,.T.);
#12489 = VERTEX_POINT('',#12490);
#12490 = CARTESIAN_POINT('',(182.,137.,109.94228634059));
#12491 = LINE('',#12492,#12493);
#12492 = CARTESIAN_POINT('',(99.,137.,109.94228634059));
#12493 = VECTOR('',#12494,1.);
#12494 = DIRECTION('',(1.,0.,0.));
#12495 = ORIENTED_EDGE('',*,*,#12311,.T.);
#12496 = ORIENTED_EDGE('',*,*,#12374,.T.);
#12497 = ORIENTED_EDGE('',*,*,#12498,.F.);
#12498 = EDGE_CURVE('',#12489,#12367,#12499,.T.);
#12499 = LINE('',#12500,#12501);
#12500 = CARTESIAN_POINT('',(182.,137.,109.94228634059));
#12501 = VECTOR('',#12502,1.);
#12502 = DIRECTION('',(0.,0.,1.));
#12503 = PLANE('',#12504);
#12504 = AXIS2_PLACEMENT_3D('',#12505,#12506,#12507);
#12505 = CARTESIAN_POINT('',(99.,137.,109.94228634059));
#12506 = DIRECTION('',(0.,1.,0.));
#12507 = DIRECTION('',(0.,0.,1.));
#12508 = ADVANCED_FACE('',(#12509,#12586),#12620,.F.);
#12509 = FACE_BOUND('',#12510,.F.);
#12510 = EDGE_LOOP('',(#12511,#12519,#12520,#12521,#12522,#12530,#12538,
    #12547,#12555,#12563,#12571,#12580));
#12511 = ORIENTED_EDGE('',*,*,#12512,.T.);
#12512 = EDGE_CURVE('',#12513,#12489,#12515,.T.);
#12513 = VERTEX_POINT('',#12514);
#12514 = CARTESIAN_POINT('',(182.,128.3,109.94228634059));
#12515 = LINE('',#12516,#12517);
#12516 = CARTESIAN_POINT('',(182.,-40.,109.94228634059));
#12517 = VECTOR('',#12518,1.);
#12518 = DIRECTION('',(0.,1.,0.));
#12519 = ORIENTED_EDGE('',*,*,#12488,.F.);
#12520 = ORIENTED_EDGE('',*,*,#12303,.F.);
#12521 = ORIENTED_EDGE('',*,*,#12333,.T.);
#12522 = ORIENTED_EDGE('',*,*,#12523,.T.);
#12523 = EDGE_CURVE('',#12334,#12524,#12526,.T.);
#12524 = VERTEX_POINT('',#12525);
#12525 = CARTESIAN_POINT('',(182.,61.7,109.94228634059));
#12526 = LINE('',#12527,#12528);
#12527 = CARTESIAN_POINT('',(182.,-40.,109.94228634059));
#12528 = VECTOR('',#12529,1.);
#12529 = DIRECTION('',(0.,1.,0.));
#12530 = ORIENTED_EDGE('',*,*,#12531,.T.);
#12531 = EDGE_CURVE('',#12524,#12532,#12534,.T.);
#12532 = VERTEX_POINT('',#12533);
#12533 = CARTESIAN_POINT('',(164.,61.7,109.94228634059));
#12534 = LINE('',#12535,#12536);
#12535 = CARTESIAN_POINT('',(131.5,61.7,109.94228634059));
#12536 = VECTOR('',#12537,1.);
#12537 = DIRECTION('',(-1.,0.,0.));
#12538 = ORIENTED_EDGE('',*,*,#12539,.F.);
#12539 = EDGE_CURVE('',#12540,#12532,#12542,.T.);
#12540 = VERTEX_POINT('',#12541);
#12541 = CARTESIAN_POINT('',(164.,68.3,109.94228634059));
#12542 = CIRCLE('',#12543,3.3);
#12543 = AXIS2_PLACEMENT_3D('',#12544,#12545,#12546);
#12544 = CARTESIAN_POINT('',(164.,65.,109.94228634059));
#12545 = DIRECTION('',(0.,0.,1.));
#12546 = DIRECTION('',(1.,0.,0.));
#12547 = ORIENTED_EDGE('',*,*,#12548,.F.);
#12548 = EDGE_CURVE('',#12549,#12540,#12551,.T.);
#12549 = VERTEX_POINT('',#12550);
#12550 = CARTESIAN_POINT('',(182.,68.3,109.94228634059));
#12551 = LINE('',#12552,#12553);
#12552 = CARTESIAN_POINT('',(131.5,68.3,109.94228634059));
#12553 = VECTOR('',#12554,1.);
#12554 = DIRECTION('',(-1.,0.,0.));
#12555 = ORIENTED_EDGE('',*,*,#12556,.T.);
#12556 = EDGE_CURVE('',#12549,#12557,#12559,.T.);
#12557 = VERTEX_POINT('',#12558);
#12558 = CARTESIAN_POINT('',(182.,121.7,109.94228634059));
#12559 = LINE('',#12560,#12561);
#12560 = CARTESIAN_POINT('',(182.,-40.,109.94228634059));
#12561 = VECTOR('',#12562,1.);
#12562 = DIRECTION('',(0.,1.,0.));
#12563 = ORIENTED_EDGE('',*,*,#12564,.T.);
#12564 = EDGE_CURVE('',#12557,#12565,#12567,.T.);
#12565 = VERTEX_POINT('',#12566);
#12566 = CARTESIAN_POINT('',(164.,121.7,109.94228634059));
#12567 = LINE('',#12568,#12569);
#12568 = CARTESIAN_POINT('',(131.5,121.7,109.94228634059));
#12569 = VECTOR('',#12570,1.);
#12570 = DIRECTION('',(-1.,0.,0.));
#12571 = ORIENTED_EDGE('',*,*,#12572,.F.);
#12572 = EDGE_CURVE('',#12573,#12565,#12575,.T.);
#12573 = VERTEX_POINT('',#12574);
#12574 = CARTESIAN_POINT('',(164.,128.3,109.94228634059));
#12575 = CIRCLE('',#12576,3.3);
#12576 = AXIS2_PLACEMENT_3D('',#12577,#12578,#12579);
#12577 = CARTESIAN_POINT('',(164.,125.,109.94228634059));
#12578 = DIRECTION('',(0.,0.,1.));
#12579 = DIRECTION('',(1.,0.,0.));
#12580 = ORIENTED_EDGE('',*,*,#12581,.F.);
#12581 = EDGE_CURVE('',#12513,#12573,#12582,.T.);
#12582 = LINE('',#12583,#12584);
#12583 = CARTESIAN_POINT('',(131.5,128.3,109.94228634059));
#12584 = VECTOR('',#12585,1.);
#12585 = DIRECTION('',(-1.,0.,0.));
#12586 = FACE_BOUND('',#12587,.F.);
#12587 = EDGE_LOOP('',(#12588,#12598,#12606,#12614));
#12588 = ORIENTED_EDGE('',*,*,#12589,.T.);
#12589 = EDGE_CURVE('',#12590,#12592,#12594,.T.);
#12590 = VERTEX_POINT('',#12591);
#12591 = CARTESIAN_POINT('',(146.80337325551,83.5,109.94228634059));
#12592 = VERTEX_POINT('',#12593);
#12593 = CARTESIAN_POINT('',(104.14406786123,83.5,109.94228634059));
#12594 = LINE('',#12595,#12596);
#12595 = CARTESIAN_POINT('',(101.57203393061,83.5,109.94228634059));
#12596 = VECTOR('',#12597,1.);
#12597 = DIRECTION('',(-1.,0.,0.));
#12598 = ORIENTED_EDGE('',*,*,#12599,.T.);
#12599 = EDGE_CURVE('',#12592,#12600,#12602,.T.);
#12600 = VERTEX_POINT('',#12601);
#12601 = CARTESIAN_POINT('',(104.14406786123,104.5,109.94228634059));
#12602 = LINE('',#12603,#12604);
#12603 = CARTESIAN_POINT('',(104.14406786123,21.75,109.94228634059));
#12604 = VECTOR('',#12605,1.);
#12605 = DIRECTION('',(0.,1.,0.));
#12606 = ORIENTED_EDGE('',*,*,#12607,.F.);
#12607 = EDGE_CURVE('',#12608,#12600,#12610,.T.);
#12608 = VERTEX_POINT('',#12609);
#12609 = CARTESIAN_POINT('',(146.80337325551,104.5,109.94228634059));
#12610 = LINE('',#12611,#12612);
#12611 = CARTESIAN_POINT('',(101.57203393061,104.5,109.94228634059));
#12612 = VECTOR('',#12613,1.);
#12613 = DIRECTION('',(-1.,0.,0.));
#12614 = ORIENTED_EDGE('',*,*,#12615,.F.);
#12615 = EDGE_CURVE('',#12590,#12608,#12616,.T.);
#12616 = LINE('',#12617,#12618);
#12617 = CARTESIAN_POINT('',(146.80337325551,21.75,109.94228634059));
#12618 = VECTOR('',#12619,1.);
#12619 = DIRECTION('',(0.,1.,0.));
#12620 = PLANE('',#12621);
#12621 = AXIS2_PLACEMENT_3D('',#12622,#12623,#12624);
#12622 = CARTESIAN_POINT('',(99.,-40.,109.94228634059));
#12623 = DIRECTION('',(0.,0.,1.));
#12624 = DIRECTION('',(1.,0.,0.));
#12625 = ADVANCED_FACE('',(#12626),#12637,.T.);
#12626 = FACE_BOUND('',#12627,.T.);
#12627 = EDGE_LOOP('',(#12628,#12629,#12630,#12631));
#12628 = ORIENTED_EDGE('',*,*,#12382,.F.);
#12629 = ORIENTED_EDGE('',*,*,#12350,.F.);
#12630 = ORIENTED_EDGE('',*,*,#12523,.T.);
#12631 = ORIENTED_EDGE('',*,*,#12632,.T.);
#12632 = EDGE_CURVE('',#12524,#12383,#12633,.T.);
#12633 = LINE('',#12634,#12635);
#12634 = CARTESIAN_POINT('',(182.,61.7,109.44228634059));
#12635 = VECTOR('',#12636,1.);
#12636 = DIRECTION('',(0.,0.,1.));
#12637 = PLANE('',#12638);
#12638 = AXIS2_PLACEMENT_3D('',#12639,#12640,#12641);
#12639 = CARTESIAN_POINT('',(182.,-40.,109.94228634059));
#12640 = DIRECTION('',(1.,0.,0.));
#12641 = DIRECTION('',(0.,0.,1.));
#12642 = ADVANCED_FACE('',(#12643),#12654,.T.);
#12643 = FACE_BOUND('',#12644,.T.);
#12644 = EDGE_LOOP('',(#12645,#12646,#12652,#12653));
#12645 = ORIENTED_EDGE('',*,*,#12364,.F.);
#12646 = ORIENTED_EDGE('',*,*,#12647,.F.);
#12647 = EDGE_CURVE('',#12513,#12365,#12648,.T.);
#12648 = LINE('',#12649,#12650);
#12649 = CARTESIAN_POINT('',(182.,128.3,109.44228634059));
#12650 = VECTOR('',#12651,1.);
#12651 = DIRECTION('',(0.,0.,1.));
#12652 = ORIENTED_EDGE('',*,*,#12512,.T.);
#12653 = ORIENTED_EDGE('',*,*,#12498,.T.);
#12654 = PLANE('',#12655);
#12655 = AXIS2_PLACEMENT_3D('',#12656,#12657,#12658);
#12656 = CARTESIAN_POINT('',(182.,-40.,109.94228634059));
#12657 = DIRECTION('',(1.,0.,0.));
#12658 = DIRECTION('',(0.,0.,1.));
#12659 = ADVANCED_FACE('',(#12660),#12671,.F.);
#12660 = FACE_BOUND('',#12661,.F.);
#12661 = EDGE_LOOP('',(#12662,#12663,#12669,#12670));
#12662 = ORIENTED_EDGE('',*,*,#12581,.T.);
#12663 = ORIENTED_EDGE('',*,*,#12664,.T.);
#12664 = EDGE_CURVE('',#12573,#12432,#12665,.T.);
#12665 = LINE('',#12666,#12667);
#12666 = CARTESIAN_POINT('',(164.,128.3,108.94228634059));
#12667 = VECTOR('',#12668,1.);
#12668 = DIRECTION('',(0.,0.,1.));
#12669 = ORIENTED_EDGE('',*,*,#12440,.F.);
#12670 = ORIENTED_EDGE('',*,*,#12647,.F.);
#12671 = PLANE('',#12672);
#12672 = AXIS2_PLACEMENT_3D('',#12673,#12674,#12675);
#12673 = CARTESIAN_POINT('',(164.,128.3,108.94228634059));
#12674 = DIRECTION('',(0.,1.,0.));
#12675 = DIRECTION('',(0.,0.,1.));
#12676 = ADVANCED_FACE('',(#12677),#12688,.F.);
#12677 = FACE_BOUND('',#12678,.F.);
#12678 = EDGE_LOOP('',(#12679,#12680,#12681,#12682));
#12679 = ORIENTED_EDGE('',*,*,#12431,.F.);
#12680 = ORIENTED_EDGE('',*,*,#12664,.F.);
#12681 = ORIENTED_EDGE('',*,*,#12572,.T.);
#12682 = ORIENTED_EDGE('',*,*,#12683,.T.);
#12683 = EDGE_CURVE('',#12565,#12424,#12684,.T.);
#12684 = LINE('',#12685,#12686);
#12685 = CARTESIAN_POINT('',(164.,121.7,108.94228634059));
#12686 = VECTOR('',#12687,1.);
#12687 = DIRECTION('',(0.,0.,1.));
#12688 = CYLINDRICAL_SURFACE('',#12689,3.3);
#12689 = AXIS2_PLACEMENT_3D('',#12690,#12691,#12692);
#12690 = CARTESIAN_POINT('',(164.,125.,108.94228634059));
#12691 = DIRECTION('',(0.,0.,1.));
#12692 = DIRECTION('',(1.,0.,0.));
#12693 = ADVANCED_FACE('',(#12694),#12705,.T.);
#12694 = FACE_BOUND('',#12695,.T.);
#12695 = EDGE_LOOP('',(#12696,#12697,#12698,#12699));
#12696 = ORIENTED_EDGE('',*,*,#12564,.T.);
#12697 = ORIENTED_EDGE('',*,*,#12683,.T.);
#12698 = ORIENTED_EDGE('',*,*,#12423,.F.);
#12699 = ORIENTED_EDGE('',*,*,#12700,.F.);
#12700 = EDGE_CURVE('',#12557,#12416,#12701,.T.);
#12701 = LINE('',#12702,#12703);
#12702 = CARTESIAN_POINT('',(182.,121.7,109.44228634059));
#12703 = VECTOR('',#12704,1.);
#12704 = DIRECTION('',(0.,0.,1.));
#12705 = PLANE('',#12706);
#12706 = AXIS2_PLACEMENT_3D('',#12707,#12708,#12709);
#12707 = CARTESIAN_POINT('',(164.,121.7,108.94228634059));
#12708 = DIRECTION('',(0.,1.,0.));
#12709 = DIRECTION('',(0.,0.,1.));
#12710 = ADVANCED_FACE('',(#12711),#12722,.T.);
#12711 = FACE_BOUND('',#12712,.T.);
#12712 = EDGE_LOOP('',(#12713,#12714,#12720,#12721));
#12713 = ORIENTED_EDGE('',*,*,#12415,.F.);
#12714 = ORIENTED_EDGE('',*,*,#12715,.F.);
#12715 = EDGE_CURVE('',#12549,#12408,#12716,.T.);
#12716 = LINE('',#12717,#12718);
#12717 = CARTESIAN_POINT('',(182.,68.3,109.44228634059));
#12718 = VECTOR('',#12719,1.);
#12719 = DIRECTION('',(0.,0.,1.));
#12720 = ORIENTED_EDGE('',*,*,#12556,.T.);
#12721 = ORIENTED_EDGE('',*,*,#12700,.T.);
#12722 = PLANE('',#12723);
#12723 = AXIS2_PLACEMENT_3D('',#12724,#12725,#12726);
#12724 = CARTESIAN_POINT('',(182.,-40.,109.94228634059));
#12725 = DIRECTION('',(1.,0.,0.));
#12726 = DIRECTION('',(0.,0.,1.));
#12727 = ADVANCED_FACE('',(#12728),#12739,.F.);
#12728 = FACE_BOUND('',#12729,.F.);
#12729 = EDGE_LOOP('',(#12730,#12731,#12737,#12738));
#12730 = ORIENTED_EDGE('',*,*,#12548,.T.);
#12731 = ORIENTED_EDGE('',*,*,#12732,.T.);
#12732 = EDGE_CURVE('',#12540,#12399,#12733,.T.);
#12733 = LINE('',#12734,#12735);
#12734 = CARTESIAN_POINT('',(164.,68.3,108.94228634059));
#12735 = VECTOR('',#12736,1.);
#12736 = DIRECTION('',(0.,0.,1.));
#12737 = ORIENTED_EDGE('',*,*,#12407,.F.);
#12738 = ORIENTED_EDGE('',*,*,#12715,.F.);
#12739 = PLANE('',#12740);
#12740 = AXIS2_PLACEMENT_3D('',#12741,#12742,#12743);
#12741 = CARTESIAN_POINT('',(164.,68.3,108.94228634059));
#12742 = DIRECTION('',(0.,1.,0.));
#12743 = DIRECTION('',(0.,0.,1.));
#12744 = ADVANCED_FACE('',(#12745),#12756,.F.);
#12745 = FACE_BOUND('',#12746,.F.);
#12746 = EDGE_LOOP('',(#12747,#12748,#12749,#12750));
#12747 = ORIENTED_EDGE('',*,*,#12398,.F.);
#12748 = ORIENTED_EDGE('',*,*,#12732,.F.);
#12749 = ORIENTED_EDGE('',*,*,#12539,.T.);
#12750 = ORIENTED_EDGE('',*,*,#12751,.T.);
#12751 = EDGE_CURVE('',#12532,#12391,#12752,.T.);
#12752 = LINE('',#12753,#12754);
#12753 = CARTESIAN_POINT('',(164.,61.7,108.94228634059));
#12754 = VECTOR('',#12755,1.);
#12755 = DIRECTION('',(0.,0.,1.));
#12756 = CYLINDRICAL_SURFACE('',#12757,3.3);
#12757 = AXIS2_PLACEMENT_3D('',#12758,#12759,#12760);
#12758 = CARTESIAN_POINT('',(164.,65.,108.94228634059));
#12759 = DIRECTION('',(0.,0.,1.));
#12760 = DIRECTION('',(1.,0.,0.));
#12761 = ADVANCED_FACE('',(#12762),#12768,.T.);
#12762 = FACE_BOUND('',#12763,.T.);
#12763 = EDGE_LOOP('',(#12764,#12765,#12766,#12767));
#12764 = ORIENTED_EDGE('',*,*,#12531,.T.);
#12765 = ORIENTED_EDGE('',*,*,#12751,.T.);
#12766 = ORIENTED_EDGE('',*,*,#12390,.F.);
#12767 = ORIENTED_EDGE('',*,*,#12632,.F.);
#12768 = PLANE('',#12769);
#12769 = AXIS2_PLACEMENT_3D('',#12770,#12771,#12772);
#12770 = CARTESIAN_POINT('',(164.,61.7,108.94228634059));
#12771 = DIRECTION('',(0.,1.,0.));
#12772 = DIRECTION('',(0.,0.,1.));
#12773 = ADVANCED_FACE('',(#12774),#12790,.T.);
#12774 = FACE_BOUND('',#12775,.T.);
#12775 = EDGE_LOOP('',(#12776,#12782,#12783,#12789));
#12776 = ORIENTED_EDGE('',*,*,#12777,.F.);
#12777 = EDGE_CURVE('',#12590,#12449,#12778,.T.);
#12778 = LINE('',#12779,#12780);
#12779 = CARTESIAN_POINT('',(146.80337325551,83.5,108.94228634059));
#12780 = VECTOR('',#12781,1.);
#12781 = DIRECTION('',(0.,0.,1.));
#12782 = ORIENTED_EDGE('',*,*,#12589,.T.);
#12783 = ORIENTED_EDGE('',*,*,#12784,.T.);
#12784 = EDGE_CURVE('',#12592,#12451,#12785,.T.);
#12785 = LINE('',#12786,#12787);
#12786 = CARTESIAN_POINT('',(104.14406786123,83.5,108.94228634059));
#12787 = VECTOR('',#12788,1.);
#12788 = DIRECTION('',(0.,0.,1.));
#12789 = ORIENTED_EDGE('',*,*,#12448,.F.);
#12790 = PLANE('',#12791);
#12791 = AXIS2_PLACEMENT_3D('',#12792,#12793,#12794);
#12792 = CARTESIAN_POINT('',(104.14406786123,83.5,108.94228634059));
#12793 = DIRECTION('',(0.,1.,0.));
#12794 = DIRECTION('',(0.,0.,1.));
#12795 = ADVANCED_FACE('',(#12796),#12807,.F.);
#12796 = FACE_BOUND('',#12797,.F.);
#12797 = EDGE_LOOP('',(#12798,#12799,#12800,#12806));
#12798 = ORIENTED_EDGE('',*,*,#12777,.F.);
#12799 = ORIENTED_EDGE('',*,*,#12615,.T.);
#12800 = ORIENTED_EDGE('',*,*,#12801,.T.);
#12801 = EDGE_CURVE('',#12608,#12467,#12802,.T.);
#12802 = LINE('',#12803,#12804);
#12803 = CARTESIAN_POINT('',(146.80337325551,104.5,108.94228634059));
#12804 = VECTOR('',#12805,1.);
#12805 = DIRECTION('',(0.,0.,1.));
#12806 = ORIENTED_EDGE('',*,*,#12474,.F.);
#12807 = PLANE('',#12808);
#12808 = AXIS2_PLACEMENT_3D('',#12809,#12810,#12811);
#12809 = CARTESIAN_POINT('',(146.80337325551,83.5,108.94228634059));
#12810 = DIRECTION('',(1.,0.,0.));
#12811 = DIRECTION('',(0.,0.,1.));
#12812 = ADVANCED_FACE('',(#12813),#12824,.T.);
#12813 = FACE_BOUND('',#12814,.T.);
#12814 = EDGE_LOOP('',(#12815,#12816,#12817,#12823));
#12815 = ORIENTED_EDGE('',*,*,#12784,.F.);
#12816 = ORIENTED_EDGE('',*,*,#12599,.T.);
#12817 = ORIENTED_EDGE('',*,*,#12818,.T.);
#12818 = EDGE_CURVE('',#12600,#12459,#12819,.T.);
#12819 = LINE('',#12820,#12821);
#12820 = CARTESIAN_POINT('',(104.14406786123,104.5,108.94228634059));
#12821 = VECTOR('',#12822,1.);
#12822 = DIRECTION('',(0.,0.,1.));
#12823 = ORIENTED_EDGE('',*,*,#12458,.F.);
#12824 = PLANE('',#12825);
#12825 = AXIS2_PLACEMENT_3D('',#12826,#12827,#12828);
#12826 = CARTESIAN_POINT('',(104.14406786123,83.5,108.94228634059));
#12827 = DIRECTION('',(1.,0.,0.));
#12828 = DIRECTION('',(0.,0.,1.));
#12829 = ADVANCED_FACE('',(#12830),#12836,.F.);
#12830 = FACE_BOUND('',#12831,.F.);
#12831 = EDGE_LOOP('',(#12832,#12833,#12834,#12835));
#12832 = ORIENTED_EDGE('',*,*,#12801,.F.);
#12833 = ORIENTED_EDGE('',*,*,#12607,.T.);
#12834 = ORIENTED_EDGE('',*,*,#12818,.T.);
#12835 = ORIENTED_EDGE('',*,*,#12466,.F.);
#12836 = PLANE('',#12837);
#12837 = AXIS2_PLACEMENT_3D('',#12838,#12839,#12840);
#12838 = CARTESIAN_POINT('',(104.14406786123,104.5,108.94228634059));
#12839 = DIRECTION('',(0.,1.,0.));
#12840 = DIRECTION('',(0.,0.,1.));
#12841 = MANIFOLD_SOLID_BREP('',#12842);
#12842 = CLOSED_SHELL('',(#12843,#12883,#12914,#12949,#12973,#13001,
    #13013));
#12843 = ADVANCED_FACE('',(#12844),#12878,.F.);
#12844 = FACE_BOUND('',#12845,.F.);
#12845 = EDGE_LOOP('',(#12846,#12856,#12864,#12872));
#12846 = ORIENTED_EDGE('',*,*,#12847,.F.);
#12847 = EDGE_CURVE('',#12848,#12850,#12852,.T.);
#12848 = VERTEX_POINT('',#12849);
#12849 = CARTESIAN_POINT('',(160.,55.,105.));
#12850 = VERTEX_POINT('',#12851);
#12851 = CARTESIAN_POINT('',(160.,55.,109.94228634059));
#12852 = LINE('',#12853,#12854);
#12853 = CARTESIAN_POINT('',(160.,55.,105.));
#12854 = VECTOR('',#12855,1.);
#12855 = DIRECTION('',(0.,0.,1.));
#12856 = ORIENTED_EDGE('',*,*,#12857,.T.);
#12857 = EDGE_CURVE('',#12848,#12858,#12860,.T.);
#12858 = VERTEX_POINT('',#12859);
#12859 = CARTESIAN_POINT('',(160.,75.,105.));
#12860 = LINE('',#12861,#12862);
#12861 = CARTESIAN_POINT('',(160.,55.,105.));
#12862 = VECTOR('',#12863,1.);
#12863 = DIRECTION('',(0.,1.,0.));
#12864 = ORIENTED_EDGE('',*,*,#12865,.T.);
#12865 = EDGE_CURVE('',#12858,#12866,#12868,.T.);
#12866 = VERTEX_POINT('',#12867);
#12867 = CARTESIAN_POINT('',(160.,75.,109.94228634059));
#12868 = LINE('',#12869,#12870);
#12869 = CARTESIAN_POINT('',(160.,75.,105.));
#12870 = VECTOR('',#12871,1.);
#12871 = DIRECTION('',(0.,0.,1.));
#12872 = ORIENTED_EDGE('',*,*,#12873,.F.);
#12873 = EDGE_CURVE('',#12850,#12866,#12874,.T.);
#12874 = LINE('',#12875,#12876);
#12875 = CARTESIAN_POINT('',(160.,55.,109.94228634059));
#12876 = VECTOR('',#12877,1.);
#12877 = DIRECTION('',(0.,1.,0.));
#12878 = PLANE('',#12879);
#12879 = AXIS2_PLACEMENT_3D('',#12880,#12881,#12882);
#12880 = CARTESIAN_POINT('',(160.,55.,105.));
#12881 = DIRECTION('',(1.,0.,0.));
#12882 = DIRECTION('',(0.,0.,1.));
#12883 = ADVANCED_FACE('',(#12884),#12909,.F.);
#12884 = FACE_BOUND('',#12885,.F.);
#12885 = EDGE_LOOP('',(#12886,#12894,#12895,#12903));
#12886 = ORIENTED_EDGE('',*,*,#12887,.F.);
#12887 = EDGE_CURVE('',#12848,#12888,#12890,.T.);
#12888 = VERTEX_POINT('',#12889);
#12889 = CARTESIAN_POINT('',(188.,55.,105.));
#12890 = LINE('',#12891,#12892);
#12891 = CARTESIAN_POINT('',(160.,55.,105.));
#12892 = VECTOR('',#12893,1.);
#12893 = DIRECTION('',(1.,0.,0.));
#12894 = ORIENTED_EDGE('',*,*,#12847,.T.);
#12895 = ORIENTED_EDGE('',*,*,#12896,.T.);
#12896 = EDGE_CURVE('',#12850,#12897,#12899,.T.);
#12897 = VERTEX_POINT('',#12898);
#12898 = CARTESIAN_POINT('',(188.,55.,109.94228634059));
#12899 = LINE('',#12900,#12901);
#12900 = CARTESIAN_POINT('',(160.,55.,109.94228634059));
#12901 = VECTOR('',#12902,1.);
#12902 = DIRECTION('',(1.,0.,0.));
#12903 = ORIENTED_EDGE('',*,*,#12904,.F.);
#12904 = EDGE_CURVE('',#12888,#12897,#12905,.T.);
#12905 = LINE('',#12906,#12907);
#12906 = CARTESIAN_POINT('',(188.,55.,105.));
#12907 = VECTOR('',#12908,1.);
#12908 = DIRECTION('',(0.,0.,1.));
#12909 = PLANE('',#12910);
#12910 = AXIS2_PLACEMENT_3D('',#12911,#12912,#12913);
#12911 = CARTESIAN_POINT('',(160.,55.,105.));
#12912 = DIRECTION('',(0.,1.,0.));
#12913 = DIRECTION('',(0.,0.,1.));
#12914 = ADVANCED_FACE('',(#12915,#12933),#12944,.T.);
#12915 = FACE_BOUND('',#12916,.T.);
#12916 = EDGE_LOOP('',(#12917,#12918,#12919,#12927));
#12917 = ORIENTED_EDGE('',*,*,#12873,.F.);
#12918 = ORIENTED_EDGE('',*,*,#12896,.T.);
#12919 = ORIENTED_EDGE('',*,*,#12920,.T.);
#12920 = EDGE_CURVE('',#12897,#12921,#12923,.T.);
#12921 = VERTEX_POINT('',#12922);
#12922 = CARTESIAN_POINT('',(188.,75.,109.94228634059));
#12923 = LINE('',#12924,#12925);
#12924 = CARTESIAN_POINT('',(188.,55.,109.94228634059));
#12925 = VECTOR('',#12926,1.);
#12926 = DIRECTION('',(0.,1.,0.));
#12927 = ORIENTED_EDGE('',*,*,#12928,.F.);
#12928 = EDGE_CURVE('',#12866,#12921,#12929,.T.);
#12929 = LINE('',#12930,#12931);
#12930 = CARTESIAN_POINT('',(160.,75.,109.94228634059));
#12931 = VECTOR('',#12932,1.);
#12932 = DIRECTION('',(1.,0.,0.));
#12933 = FACE_BOUND('',#12934,.T.);
#12934 = EDGE_LOOP('',(#12935));
#12935 = ORIENTED_EDGE('',*,*,#12936,.F.);
#12936 = EDGE_CURVE('',#12937,#12937,#12939,.T.);
#12937 = VERTEX_POINT('',#12938);
#12938 = CARTESIAN_POINT('',(177.3,65.,109.94228634059));
#12939 = CIRCLE('',#12940,3.3);
#12940 = AXIS2_PLACEMENT_3D('',#12941,#12942,#12943);
#12941 = CARTESIAN_POINT('',(174.,65.,109.94228634059));
#12942 = DIRECTION('',(0.,0.,1.));
#12943 = DIRECTION('',(1.,0.,0.));
#12944 = PLANE('',#12945);
#12945 = AXIS2_PLACEMENT_3D('',#12946,#12947,#12948);
#12946 = CARTESIAN_POINT('',(160.,55.,109.94228634059));
#12947 = DIRECTION('',(0.,0.,1.));
#12948 = DIRECTION('',(1.,0.,0.));
#12949 = ADVANCED_FACE('',(#12950),#12968,.T.);
#12950 = FACE_BOUND('',#12951,.T.);
#12951 = EDGE_LOOP('',(#12952,#12960,#12961,#12962));
#12952 = ORIENTED_EDGE('',*,*,#12953,.F.);
#12953 = EDGE_CURVE('',#12858,#12954,#12956,.T.);
#12954 = VERTEX_POINT('',#12955);
#12955 = CARTESIAN_POINT('',(188.,75.,105.));
#12956 = LINE('',#12957,#12958);
#12957 = CARTESIAN_POINT('',(160.,75.,105.));
#12958 = VECTOR('',#12959,1.);
#12959 = DIRECTION('',(1.,0.,0.));
#12960 = ORIENTED_EDGE('',*,*,#12865,.T.);
#12961 = ORIENTED_EDGE('',*,*,#12928,.T.);
#12962 = ORIENTED_EDGE('',*,*,#12963,.F.);
#12963 = EDGE_CURVE('',#12954,#12921,#12964,.T.);
#12964 = LINE('',#12965,#12966);
#12965 = CARTESIAN_POINT('',(188.,75.,105.));
#12966 = VECTOR('',#12967,1.);
#12967 = DIRECTION('',(0.,0.,1.));
#12968 = PLANE('',#12969);
#12969 = AXIS2_PLACEMENT_3D('',#12970,#12971,#12972);
#12970 = CARTESIAN_POINT('',(160.,75.,105.));
#12971 = DIRECTION('',(0.,1.,0.));
#12972 = DIRECTION('',(0.,0.,1.));
#12973 = ADVANCED_FACE('',(#12974,#12985),#12996,.F.);
#12974 = FACE_BOUND('',#12975,.F.);
#12975 = EDGE_LOOP('',(#12976,#12977,#12978,#12984));
#12976 = ORIENTED_EDGE('',*,*,#12857,.F.);
#12977 = ORIENTED_EDGE('',*,*,#12887,.T.);
#12978 = ORIENTED_EDGE('',*,*,#12979,.T.);
#12979 = EDGE_CURVE('',#12888,#12954,#12980,.T.);
#12980 = LINE('',#12981,#12982);
#12981 = CARTESIAN_POINT('',(188.,55.,105.));
#12982 = VECTOR('',#12983,1.);
#12983 = DIRECTION('',(0.,1.,0.));
#12984 = ORIENTED_EDGE('',*,*,#12953,.F.);
#12985 = FACE_BOUND('',#12986,.F.);
#12986 = EDGE_LOOP('',(#12987));
#12987 = ORIENTED_EDGE('',*,*,#12988,.F.);
#12988 = EDGE_CURVE('',#12989,#12989,#12991,.T.);
#12989 = VERTEX_POINT('',#12990);
#12990 = CARTESIAN_POINT('',(177.3,65.,105.));
#12991 = CIRCLE('',#12992,3.3);
#12992 = AXIS2_PLACEMENT_3D('',#12993,#12994,#12995);
#12993 = CARTESIAN_POINT('',(174.,65.,105.));
#12994 = DIRECTION('',(0.,0.,1.));
#12995 = DIRECTION('',(1.,0.,0.));
#12996 = PLANE('',#12997);
#12997 = AXIS2_PLACEMENT_3D('',#12998,#12999,#13000);
#12998 = CARTESIAN_POINT('',(160.,55.,105.));
#12999 = DIRECTION('',(0.,0.,1.));
#13000 = DIRECTION('',(1.,0.,0.));
#13001 = ADVANCED_FACE('',(#13002),#13008,.T.);
#13002 = FACE_BOUND('',#13003,.T.);
#13003 = EDGE_LOOP('',(#13004,#13005,#13006,#13007));
#13004 = ORIENTED_EDGE('',*,*,#12904,.F.);
#13005 = ORIENTED_EDGE('',*,*,#12979,.T.);
#13006 = ORIENTED_EDGE('',*,*,#12963,.T.);
#13007 = ORIENTED_EDGE('',*,*,#12920,.F.);
#13008 = PLANE('',#13009);
#13009 = AXIS2_PLACEMENT_3D('',#13010,#13011,#13012);
#13010 = CARTESIAN_POINT('',(188.,55.,105.));
#13011 = DIRECTION('',(1.,0.,0.));
#13012 = DIRECTION('',(0.,0.,1.));
#13013 = ADVANCED_FACE('',(#13014),#13025,.F.);
#13014 = FACE_BOUND('',#13015,.F.);
#13015 = EDGE_LOOP('',(#13016,#13017,#13023,#13024));
#13016 = ORIENTED_EDGE('',*,*,#12936,.F.);
#13017 = ORIENTED_EDGE('',*,*,#13018,.F.);
#13018 = EDGE_CURVE('',#12989,#12937,#13019,.T.);
#13019 = LINE('',#13020,#13021);
#13020 = CARTESIAN_POINT('',(177.3,65.,104.));
#13021 = VECTOR('',#13022,1.);
#13022 = DIRECTION('',(0.,0.,1.));
#13023 = ORIENTED_EDGE('',*,*,#12988,.T.);
#13024 = ORIENTED_EDGE('',*,*,#13018,.T.);
#13025 = CYLINDRICAL_SURFACE('',#13026,3.3);
#13026 = AXIS2_PLACEMENT_3D('',#13027,#13028,#13029);
#13027 = CARTESIAN_POINT('',(174.,65.,104.));
#13028 = DIRECTION('',(0.,0.,1.));
#13029 = DIRECTION('',(1.,0.,0.));
#13030 = MANIFOLD_SOLID_BREP('',#13031);
#13031 = CLOSED_SHELL('',(#13032,#13072,#13103,#13138,#13162,#13190,
    #13202));
#13032 = ADVANCED_FACE('',(#13033),#13067,.F.);
#13033 = FACE_BOUND('',#13034,.F.);
#13034 = EDGE_LOOP('',(#13035,#13045,#13053,#13061));
#13035 = ORIENTED_EDGE('',*,*,#13036,.F.);
#13036 = EDGE_CURVE('',#13037,#13039,#13041,.T.);
#13037 = VERTEX_POINT('',#13038);
#13038 = CARTESIAN_POINT('',(160.,115.,105.));
#13039 = VERTEX_POINT('',#13040);
#13040 = CARTESIAN_POINT('',(160.,115.,109.94228634059));
#13041 = LINE('',#13042,#13043);
#13042 = CARTESIAN_POINT('',(160.,115.,105.));
#13043 = VECTOR('',#13044,1.);
#13044 = DIRECTION('',(0.,0.,1.));
#13045 = ORIENTED_EDGE('',*,*,#13046,.T.);
#13046 = EDGE_CURVE('',#13037,#13047,#13049,.T.);
#13047 = VERTEX_POINT('',#13048);
#13048 = CARTESIAN_POINT('',(160.,135.,105.));
#13049 = LINE('',#13050,#13051);
#13050 = CARTESIAN_POINT('',(160.,115.,105.));
#13051 = VECTOR('',#13052,1.);
#13052 = DIRECTION('',(0.,1.,0.));
#13053 = ORIENTED_EDGE('',*,*,#13054,.T.);
#13054 = EDGE_CURVE('',#13047,#13055,#13057,.T.);
#13055 = VERTEX_POINT('',#13056);
#13056 = CARTESIAN_POINT('',(160.,135.,109.94228634059));
#13057 = LINE('',#13058,#13059);
#13058 = CARTESIAN_POINT('',(160.,135.,105.));
#13059 = VECTOR('',#13060,1.);
#13060 = DIRECTION('',(0.,0.,1.));
#13061 = ORIENTED_EDGE('',*,*,#13062,.F.);
#13062 = EDGE_CURVE('',#13039,#13055,#13063,.T.);
#13063 = LINE('',#13064,#13065);
#13064 = CARTESIAN_POINT('',(160.,115.,109.94228634059));
#13065 = VECTOR('',#13066,1.);
#13066 = DIRECTION('',(0.,1.,0.));
#13067 = PLANE('',#13068);
#13068 = AXIS2_PLACEMENT_3D('',#13069,#13070,#13071);
#13069 = CARTESIAN_POINT('',(160.,115.,105.));
#13070 = DIRECTION('',(1.,0.,0.));
#13071 = DIRECTION('',(0.,0.,1.));
#13072 = ADVANCED_FACE('',(#13073),#13098,.F.);
#13073 = FACE_BOUND('',#13074,.F.);
#13074 = EDGE_LOOP('',(#13075,#13083,#13084,#13092));
#13075 = ORIENTED_EDGE('',*,*,#13076,.F.);
#13076 = EDGE_CURVE('',#13037,#13077,#13079,.T.);
#13077 = VERTEX_POINT('',#13078);
#13078 = CARTESIAN_POINT('',(188.,115.,105.));
#13079 = LINE('',#13080,#13081);
#13080 = CARTESIAN_POINT('',(160.,115.,105.));
#13081 = VECTOR('',#13082,1.);
#13082 = DIRECTION('',(1.,0.,0.));
#13083 = ORIENTED_EDGE('',*,*,#13036,.T.);
#13084 = ORIENTED_EDGE('',*,*,#13085,.T.);
#13085 = EDGE_CURVE('',#13039,#13086,#13088,.T.);
#13086 = VERTEX_POINT('',#13087);
#13087 = CARTESIAN_POINT('',(188.,115.,109.94228634059));
#13088 = LINE('',#13089,#13090);
#13089 = CARTESIAN_POINT('',(160.,115.,109.94228634059));
#13090 = VECTOR('',#13091,1.);
#13091 = DIRECTION('',(1.,0.,0.));
#13092 = ORIENTED_EDGE('',*,*,#13093,.F.);
#13093 = EDGE_CURVE('',#13077,#13086,#13094,.T.);
#13094 = LINE('',#13095,#13096);
#13095 = CARTESIAN_POINT('',(188.,115.,105.));
#13096 = VECTOR('',#13097,1.);
#13097 = DIRECTION('',(0.,0.,1.));
#13098 = PLANE('',#13099);
#13099 = AXIS2_PLACEMENT_3D('',#13100,#13101,#13102);
#13100 = CARTESIAN_POINT('',(160.,115.,105.));
#13101 = DIRECTION('',(0.,1.,0.));
#13102 = DIRECTION('',(0.,0.,1.));
#13103 = ADVANCED_FACE('',(#13104,#13122),#13133,.T.);
#13104 = FACE_BOUND('',#13105,.T.);
#13105 = EDGE_LOOP('',(#13106,#13107,#13108,#13116));
#13106 = ORIENTED_EDGE('',*,*,#13062,.F.);
#13107 = ORIENTED_EDGE('',*,*,#13085,.T.);
#13108 = ORIENTED_EDGE('',*,*,#13109,.T.);
#13109 = EDGE_CURVE('',#13086,#13110,#13112,.T.);
#13110 = VERTEX_POINT('',#13111);
#13111 = CARTESIAN_POINT('',(188.,135.,109.94228634059));
#13112 = LINE('',#13113,#13114);
#13113 = CARTESIAN_POINT('',(188.,115.,109.94228634059));
#13114 = VECTOR('',#13115,1.);
#13115 = DIRECTION('',(0.,1.,0.));
#13116 = ORIENTED_EDGE('',*,*,#13117,.F.);
#13117 = EDGE_CURVE('',#13055,#13110,#13118,.T.);
#13118 = LINE('',#13119,#13120);
#13119 = CARTESIAN_POINT('',(160.,135.,109.94228634059));
#13120 = VECTOR('',#13121,1.);
#13121 = DIRECTION('',(1.,0.,0.));
#13122 = FACE_BOUND('',#13123,.T.);
#13123 = EDGE_LOOP('',(#13124));
#13124 = ORIENTED_EDGE('',*,*,#13125,.F.);
#13125 = EDGE_CURVE('',#13126,#13126,#13128,.T.);
#13126 = VERTEX_POINT('',#13127);
#13127 = CARTESIAN_POINT('',(177.3,125.,109.94228634059));
#13128 = CIRCLE('',#13129,3.3);
#13129 = AXIS2_PLACEMENT_3D('',#13130,#13131,#13132);
#13130 = CARTESIAN_POINT('',(174.,125.,109.94228634059));
#13131 = DIRECTION('',(0.,0.,1.));
#13132 = DIRECTION('',(1.,0.,0.));
#13133 = PLANE('',#13134);
#13134 = AXIS2_PLACEMENT_3D('',#13135,#13136,#13137);
#13135 = CARTESIAN_POINT('',(160.,115.,109.94228634059));
#13136 = DIRECTION('',(0.,0.,1.));
#13137 = DIRECTION('',(1.,0.,0.));
#13138 = ADVANCED_FACE('',(#13139),#13157,.T.);
#13139 = FACE_BOUND('',#13140,.T.);
#13140 = EDGE_LOOP('',(#13141,#13149,#13150,#13151));
#13141 = ORIENTED_EDGE('',*,*,#13142,.F.);
#13142 = EDGE_CURVE('',#13047,#13143,#13145,.T.);
#13143 = VERTEX_POINT('',#13144);
#13144 = CARTESIAN_POINT('',(188.,135.,105.));
#13145 = LINE('',#13146,#13147);
#13146 = CARTESIAN_POINT('',(160.,135.,105.));
#13147 = VECTOR('',#13148,1.);
#13148 = DIRECTION('',(1.,0.,0.));
#13149 = ORIENTED_EDGE('',*,*,#13054,.T.);
#13150 = ORIENTED_EDGE('',*,*,#13117,.T.);
#13151 = ORIENTED_EDGE('',*,*,#13152,.F.);
#13152 = EDGE_CURVE('',#13143,#13110,#13153,.T.);
#13153 = LINE('',#13154,#13155);
#13154 = CARTESIAN_POINT('',(188.,135.,105.));
#13155 = VECTOR('',#13156,1.);
#13156 = DIRECTION('',(0.,0.,1.));
#13157 = PLANE('',#13158);
#13158 = AXIS2_PLACEMENT_3D('',#13159,#13160,#13161);
#13159 = CARTESIAN_POINT('',(160.,135.,105.));
#13160 = DIRECTION('',(0.,1.,0.));
#13161 = DIRECTION('',(0.,0.,1.));
#13162 = ADVANCED_FACE('',(#13163,#13174),#13185,.F.);
#13163 = FACE_BOUND('',#13164,.F.);
#13164 = EDGE_LOOP('',(#13165,#13166,#13167,#13173));
#13165 = ORIENTED_EDGE('',*,*,#13046,.F.);
#13166 = ORIENTED_EDGE('',*,*,#13076,.T.);
#13167 = ORIENTED_EDGE('',*,*,#13168,.T.);
#13168 = EDGE_CURVE('',#13077,#13143,#13169,.T.);
#13169 = LINE('',#13170,#13171);
#13170 = CARTESIAN_POINT('',(188.,115.,105.));
#13171 = VECTOR('',#13172,1.);
#13172 = DIRECTION('',(0.,1.,0.));
#13173 = ORIENTED_EDGE('',*,*,#13142,.F.);
#13174 = FACE_BOUND('',#13175,.F.);
#13175 = EDGE_LOOP('',(#13176));
#13176 = ORIENTED_EDGE('',*,*,#13177,.F.);
#13177 = EDGE_CURVE('',#13178,#13178,#13180,.T.);
#13178 = VERTEX_POINT('',#13179);
#13179 = CARTESIAN_POINT('',(177.3,125.,105.));
#13180 = CIRCLE('',#13181,3.3);
#13181 = AXIS2_PLACEMENT_3D('',#13182,#13183,#13184);
#13182 = CARTESIAN_POINT('',(174.,125.,105.));
#13183 = DIRECTION('',(0.,0.,1.));
#13184 = DIRECTION('',(1.,0.,0.));
#13185 = PLANE('',#13186);
#13186 = AXIS2_PLACEMENT_3D('',#13187,#13188,#13189);
#13187 = CARTESIAN_POINT('',(160.,115.,105.));
#13188 = DIRECTION('',(0.,0.,1.));
#13189 = DIRECTION('',(1.,0.,0.));
#13190 = ADVANCED_FACE('',(#13191),#13197,.T.);
#13191 = FACE_BOUND('',#13192,.T.);
#13192 = EDGE_LOOP('',(#13193,#13194,#13195,#13196));
#13193 = ORIENTED_EDGE('',*,*,#13093,.F.);
#13194 = ORIENTED_EDGE('',*,*,#13168,.T.);
#13195 = ORIENTED_EDGE('',*,*,#13152,.T.);
#13196 = ORIENTED_EDGE('',*,*,#13109,.F.);
#13197 = PLANE('',#13198);
#13198 = AXIS2_PLACEMENT_3D('',#13199,#13200,#13201);
#13199 = CARTESIAN_POINT('',(188.,115.,105.));
#13200 = DIRECTION('',(1.,0.,0.));
#13201 = DIRECTION('',(0.,0.,1.));
#13202 = ADVANCED_FACE('',(#13203),#13214,.F.);
#13203 = FACE_BOUND('',#13204,.F.);
#13204 = EDGE_LOOP('',(#13205,#13206,#13212,#13213));
#13205 = ORIENTED_EDGE('',*,*,#13125,.F.);
#13206 = ORIENTED_EDGE('',*,*,#13207,.F.);
#13207 = EDGE_CURVE('',#13178,#13126,#13208,.T.);
#13208 = LINE('',#13209,#13210);
#13209 = CARTESIAN_POINT('',(177.3,125.,104.));
#13210 = VECTOR('',#13211,1.);
#13211 = DIRECTION('',(0.,0.,1.));
#13212 = ORIENTED_EDGE('',*,*,#13177,.T.);
#13213 = ORIENTED_EDGE('',*,*,#13207,.T.);
#13214 = CYLINDRICAL_SURFACE('',#13215,3.3);
#13215 = AXIS2_PLACEMENT_3D('',#13216,#13217,#13218);
#13216 = CARTESIAN_POINT('',(174.,125.,104.));
#13217 = DIRECTION('',(0.,0.,1.));
#13218 = DIRECTION('',(1.,0.,0.));
#13219 = MANIFOLD_SOLID_BREP('',#13220);
#13220 = CLOSED_SHELL('',(#13221,#13261,#13292,#13367,#13398,#13423,
    #13448,#13473,#13498,#13524,#13560,#13577));
#13221 = ADVANCED_FACE('',(#13222),#13256,.T.);
#13222 = FACE_BOUND('',#13223,.T.);
#13223 = EDGE_LOOP('',(#13224,#13234,#13242,#13250));
#13224 = ORIENTED_EDGE('',*,*,#13225,.F.);
#13225 = EDGE_CURVE('',#13226,#13228,#13230,.T.);
#13226 = VERTEX_POINT('',#13227);
#13227 = CARTESIAN_POINT('',(104.,24.,115.94228634059));
#13228 = VERTEX_POINT('',#13229);
#13229 = CARTESIAN_POINT('',(104.,32.,115.94228634059));
#13230 = LINE('',#13231,#13232);
#13231 = CARTESIAN_POINT('',(104.,24.,115.94228634059));
#13232 = VECTOR('',#13233,1.);
#13233 = DIRECTION('',(0.,1.,0.));
#13234 = ORIENTED_EDGE('',*,*,#13235,.T.);
#13235 = EDGE_CURVE('',#13226,#13236,#13238,.T.);
#13236 = VERTEX_POINT('',#13237);
#13237 = CARTESIAN_POINT('',(152.,24.,115.94228634059));
#13238 = LINE('',#13239,#13240);
#13239 = CARTESIAN_POINT('',(104.,24.,115.94228634059));
#13240 = VECTOR('',#13241,1.);
#13241 = DIRECTION('',(1.,0.,0.));
#13242 = ORIENTED_EDGE('',*,*,#13243,.T.);
#13243 = EDGE_CURVE('',#13236,#13244,#13246,.T.);
#13244 = VERTEX_POINT('',#13245);
#13245 = CARTESIAN_POINT('',(152.,32.,115.94228634059));
#13246 = LINE('',#13247,#13248);
#13247 = CARTESIAN_POINT('',(152.,24.,115.94228634059));
#13248 = VECTOR('',#13249,1.);
#13249 = DIRECTION('',(0.,1.,0.));
#13250 = ORIENTED_EDGE('',*,*,#13251,.F.);
#13251 = EDGE_CURVE('',#13228,#13244,#13252,.T.);
#13252 = LINE('',#13253,#13254);
#13253 = CARTESIAN_POINT('',(104.,32.,115.94228634059));
#13254 = VECTOR('',#13255,1.);
#13255 = DIRECTION('',(1.,0.,0.));
#13256 = PLANE('',#13257);
#13257 = AXIS2_PLACEMENT_3D('',#13258,#13259,#13260);
#13258 = CARTESIAN_POINT('',(104.,24.,115.94228634059));
#13259 = DIRECTION('',(0.,0.,1.));
#13260 = DIRECTION('',(1.,0.,0.));
#13261 = ADVANCED_FACE('',(#13262),#13287,.F.);
#13262 = FACE_BOUND('',#13263,.F.);
#13263 = EDGE_LOOP('',(#13264,#13274,#13280,#13281));
#13264 = ORIENTED_EDGE('',*,*,#13265,.F.);
#13265 = EDGE_CURVE('',#13266,#13268,#13270,.T.);
#13266 = VERTEX_POINT('',#13267);
#13267 = CARTESIAN_POINT('',(104.,24.,112.94228634059));
#13268 = VERTEX_POINT('',#13269);
#13269 = CARTESIAN_POINT('',(152.,24.,112.94228634059));
#13270 = LINE('',#13271,#13272);
#13271 = CARTESIAN_POINT('',(104.,24.,112.94228634059));
#13272 = VECTOR('',#13273,1.);
#13273 = DIRECTION('',(1.,0.,0.));
#13274 = ORIENTED_EDGE('',*,*,#13275,.T.);
#13275 = EDGE_CURVE('',#13266,#13226,#13276,.T.);
#13276 = LINE('',#13277,#13278);
#13277 = CARTESIAN_POINT('',(104.,24.,112.94228634059));
#13278 = VECTOR('',#13279,1.);
#13279 = DIRECTION('',(0.,0.,1.));
#13280 = ORIENTED_EDGE('',*,*,#13235,.T.);
#13281 = ORIENTED_EDGE('',*,*,#13282,.F.);
#13282 = EDGE_CURVE('',#13268,#13236,#13283,.T.);
#13283 = LINE('',#13284,#13285);
#13284 = CARTESIAN_POINT('',(152.,24.,112.94228634059));
#13285 = VECTOR('',#13286,1.);
#13286 = DIRECTION('',(0.,0.,1.));
#13287 = PLANE('',#13288);
#13288 = AXIS2_PLACEMENT_3D('',#13289,#13290,#13291);
#13289 = CARTESIAN_POINT('',(104.,24.,112.94228634059));
#13290 = DIRECTION('',(0.,1.,0.));
#13291 = DIRECTION('',(0.,0.,1.));
#13292 = ADVANCED_FACE('',(#13293,#13318,#13329,#13340,#13351),#13362,
  .F.);
#13293 = FACE_BOUND('',#13294,.F.);
#13294 = EDGE_LOOP('',(#13295,#13296,#13304,#13312));
#13295 = ORIENTED_EDGE('',*,*,#13251,.F.);
#13296 = ORIENTED_EDGE('',*,*,#13297,.T.);
#13297 = EDGE_CURVE('',#13228,#13298,#13300,.T.);
#13298 = VERTEX_POINT('',#13299);
#13299 = CARTESIAN_POINT('',(104.,32.,148.94228634059));
#13300 = LINE('',#13301,#13302);
#13301 = CARTESIAN_POINT('',(104.,32.,112.94228634059));
#13302 = VECTOR('',#13303,1.);
#13303 = DIRECTION('',(0.,0.,1.));
#13304 = ORIENTED_EDGE('',*,*,#13305,.T.);
#13305 = EDGE_CURVE('',#13298,#13306,#13308,.T.);
#13306 = VERTEX_POINT('',#13307);
#13307 = CARTESIAN_POINT('',(152.,32.,148.94228634059));
#13308 = LINE('',#13309,#13310);
#13309 = CARTESIAN_POINT('',(104.,32.,148.94228634059));
#13310 = VECTOR('',#13311,1.);
#13311 = DIRECTION('',(1.,0.,0.));
#13312 = ORIENTED_EDGE('',*,*,#13313,.F.);
#13313 = EDGE_CURVE('',#13244,#13306,#13314,.T.);
#13314 = LINE('',#13315,#13316);
#13315 = CARTESIAN_POINT('',(152.,32.,112.94228634059));
#13316 = VECTOR('',#13317,1.);
#13317 = DIRECTION('',(0.,0.,1.));
#13318 = FACE_BOUND('',#13319,.F.);
#13319 = EDGE_LOOP('',(#13320));
#13320 = ORIENTED_EDGE('',*,*,#13321,.F.);
#13321 = EDGE_CURVE('',#13322,#13322,#13324,.T.);
#13322 = VERTEX_POINT('',#13323);
#13323 = CARTESIAN_POINT('',(114.57660624134,32.,121.84228634059));
#13324 = CIRCLE('',#13325,1.65);
#13325 = AXIS2_PLACEMENT_3D('',#13326,#13327,#13328);
#13326 = CARTESIAN_POINT('',(114.57660624134,32.,120.19228634059));
#13327 = DIRECTION('',(0.,1.,0.));
#13328 = DIRECTION('',(0.,0.,1.));
#13329 = FACE_BOUND('',#13330,.F.);
#13330 = EDGE_LOOP('',(#13331));
#13331 = ORIENTED_EDGE('',*,*,#13332,.F.);
#13332 = EDGE_CURVE('',#13333,#13333,#13335,.T.);
#13333 = VERTEX_POINT('',#13334);
#13334 = CARTESIAN_POINT('',(135.,32.,134.24228634059));
#13335 = CIRCLE('',#13336,6.3);
#13336 = AXIS2_PLACEMENT_3D('',#13337,#13338,#13339);
#13337 = CARTESIAN_POINT('',(135.,32.,127.94228634059));
#13338 = DIRECTION('',(0.,1.,0.));
#13339 = DIRECTION('',(0.,0.,1.));
#13340 = FACE_BOUND('',#13341,.F.);
#13341 = EDGE_LOOP('',(#13342));
#13342 = ORIENTED_EDGE('',*,*,#13343,.F.);
#13343 = EDGE_CURVE('',#13344,#13344,#13346,.T.);
#13344 = VERTEX_POINT('',#13345);
#13345 = CARTESIAN_POINT('',(141.42339375865,32.,121.84228634059));
#13346 = CIRCLE('',#13347,1.65);
#13347 = AXIS2_PLACEMENT_3D('',#13348,#13349,#13350);
#13348 = CARTESIAN_POINT('',(141.42339375865,32.,120.19228634059));
#13349 = DIRECTION('',(0.,1.,0.));
#13350 = DIRECTION('',(0.,0.,1.));
#13351 = FACE_BOUND('',#13352,.F.);
#13352 = EDGE_LOOP('',(#13353));
#13353 = ORIENTED_EDGE('',*,*,#13354,.F.);
#13354 = EDGE_CURVE('',#13355,#13355,#13357,.T.);
#13355 = VERTEX_POINT('',#13356);
#13356 = CARTESIAN_POINT('',(128.,32.,145.09228634059));
#13357 = CIRCLE('',#13358,1.65);
#13358 = AXIS2_PLACEMENT_3D('',#13359,#13360,#13361);
#13359 = CARTESIAN_POINT('',(128.,32.,143.44228634059));
#13360 = DIRECTION('',(0.,1.,0.));
#13361 = DIRECTION('',(0.,0.,1.));
#13362 = PLANE('',#13363);
#13363 = AXIS2_PLACEMENT_3D('',#13364,#13365,#13366);
#13364 = CARTESIAN_POINT('',(104.,32.,112.94228634059));
#13365 = DIRECTION('',(0.,1.,0.));
#13366 = DIRECTION('',(0.,0.,1.));
#13367 = ADVANCED_FACE('',(#13368),#13393,.T.);
#13368 = FACE_BOUND('',#13369,.T.);
#13369 = EDGE_LOOP('',(#13370,#13378,#13379,#13387));
#13370 = ORIENTED_EDGE('',*,*,#13371,.F.);
#13371 = EDGE_CURVE('',#13298,#13372,#13374,.T.);
#13372 = VERTEX_POINT('',#13373);
#13373 = CARTESIAN_POINT('',(104.,35.,148.94228634059));
#13374 = LINE('',#13375,#13376);
#13375 = CARTESIAN_POINT('',(104.,32.,148.94228634059));
#13376 = VECTOR('',#13377,1.);
#13377 = DIRECTION('',(0.,1.,0.));
#13378 = ORIENTED_EDGE('',*,*,#13305,.T.);
#13379 = ORIENTED_EDGE('',*,*,#13380,.T.);
#13380 = EDGE_CURVE('',#13306,#13381,#13383,.T.);
#13381 = VERTEX_POINT('',#13382);
#13382 = CARTESIAN_POINT('',(152.,35.,148.94228634059));
#13383 = LINE('',#13384,#13385);
#13384 = CARTESIAN_POINT('',(152.,32.,148.94228634059));
#13385 = VECTOR('',#13386,1.);
#13386 = DIRECTION('',(0.,1.,0.));
#13387 = ORIENTED_EDGE('',*,*,#13388,.F.);
#13388 = EDGE_CURVE('',#13372,#13381,#13389,.T.);
#13389 = LINE('',#13390,#13391);
#13390 = CARTESIAN_POINT('',(104.,35.,148.94228634059));
#13391 = VECTOR('',#13392,1.);
#13392 = DIRECTION('',(1.,0.,0.));
#13393 = PLANE('',#13394);
#13394 = AXIS2_PLACEMENT_3D('',#13395,#13396,#13397);
#13395 = CARTESIAN_POINT('',(104.,32.,148.94228634059));
#13396 = DIRECTION('',(0.,0.,1.));
#13397 = DIRECTION('',(1.,0.,0.));
#13398 = ADVANCED_FACE('',(#13399),#13418,.F.);
#13399 = FACE_BOUND('',#13400,.F.);
#13400 = EDGE_LOOP('',(#13401,#13410,#13416,#13417));
#13401 = ORIENTED_EDGE('',*,*,#13402,.F.);
#13402 = EDGE_CURVE('',#13403,#13403,#13405,.T.);
#13403 = VERTEX_POINT('',#13404);
#13404 = CARTESIAN_POINT('',(114.57660624134,35.,121.84228634059));
#13405 = CIRCLE('',#13406,1.65);
#13406 = AXIS2_PLACEMENT_3D('',#13407,#13408,#13409);
#13407 = CARTESIAN_POINT('',(114.57660624134,35.,120.19228634059));
#13408 = DIRECTION('',(0.,1.,0.));
#13409 = DIRECTION('',(0.,0.,1.));
#13410 = ORIENTED_EDGE('',*,*,#13411,.F.);
#13411 = EDGE_CURVE('',#13322,#13403,#13412,.T.);
#13412 = LINE('',#13413,#13414);
#13413 = CARTESIAN_POINT('',(114.57660624134,31.,121.84228634059));
#13414 = VECTOR('',#13415,1.);
#13415 = DIRECTION('',(0.,1.,0.));
#13416 = ORIENTED_EDGE('',*,*,#13321,.T.);
#13417 = ORIENTED_EDGE('',*,*,#13411,.T.);
#13418 = CYLINDRICAL_SURFACE('',#13419,1.65);
#13419 = AXIS2_PLACEMENT_3D('',#13420,#13421,#13422);
#13420 = CARTESIAN_POINT('',(114.57660624134,31.,120.19228634059));
#13421 = DIRECTION('',(0.,1.,0.));
#13422 = DIRECTION('',(0.,0.,1.));
#13423 = ADVANCED_FACE('',(#13424),#13443,.F.);
#13424 = FACE_BOUND('',#13425,.F.);
#13425 = EDGE_LOOP('',(#13426,#13435,#13441,#13442));
#13426 = ORIENTED_EDGE('',*,*,#13427,.F.);
#13427 = EDGE_CURVE('',#13428,#13428,#13430,.T.);
#13428 = VERTEX_POINT('',#13429);
#13429 = CARTESIAN_POINT('',(135.,35.,134.24228634059));
#13430 = CIRCLE('',#13431,6.3);
#13431 = AXIS2_PLACEMENT_3D('',#13432,#13433,#13434);
#13432 = CARTESIAN_POINT('',(135.,35.,127.94228634059));
#13433 = DIRECTION('',(0.,1.,0.));
#13434 = DIRECTION('',(0.,0.,1.));
#13435 = ORIENTED_EDGE('',*,*,#13436,.F.);
#13436 = EDGE_CURVE('',#13333,#13428,#13437,.T.);
#13437 = LINE('',#13438,#13439);
#13438 = CARTESIAN_POINT('',(135.,31.,134.24228634059));
#13439 = VECTOR('',#13440,1.);
#13440 = DIRECTION('',(0.,1.,0.));
#13441 = ORIENTED_EDGE('',*,*,#13332,.T.);
#13442 = ORIENTED_EDGE('',*,*,#13436,.T.);
#13443 = CYLINDRICAL_SURFACE('',#13444,6.3);
#13444 = AXIS2_PLACEMENT_3D('',#13445,#13446,#13447);
#13445 = CARTESIAN_POINT('',(135.,31.,127.94228634059));
#13446 = DIRECTION('',(0.,1.,0.));
#13447 = DIRECTION('',(0.,0.,1.));
#13448 = ADVANCED_FACE('',(#13449),#13468,.F.);
#13449 = FACE_BOUND('',#13450,.F.);
#13450 = EDGE_LOOP('',(#13451,#13460,#13466,#13467));
#13451 = ORIENTED_EDGE('',*,*,#13452,.F.);
#13452 = EDGE_CURVE('',#13453,#13453,#13455,.T.);
#13453 = VERTEX_POINT('',#13454);
#13454 = CARTESIAN_POINT('',(141.42339375865,35.,121.84228634059));
#13455 = CIRCLE('',#13456,1.65);
#13456 = AXIS2_PLACEMENT_3D('',#13457,#13458,#13459);
#13457 = CARTESIAN_POINT('',(141.42339375865,35.,120.19228634059));
#13458 = DIRECTION('',(0.,1.,0.));
#13459 = DIRECTION('',(0.,0.,1.));
#13460 = ORIENTED_EDGE('',*,*,#13461,.F.);
#13461 = EDGE_CURVE('',#13344,#13453,#13462,.T.);
#13462 = LINE('',#13463,#13464);
#13463 = CARTESIAN_POINT('',(141.42339375865,31.,121.84228634059));
#13464 = VECTOR('',#13465,1.);
#13465 = DIRECTION('',(0.,1.,0.));
#13466 = ORIENTED_EDGE('',*,*,#13343,.T.);
#13467 = ORIENTED_EDGE('',*,*,#13461,.T.);
#13468 = CYLINDRICAL_SURFACE('',#13469,1.65);
#13469 = AXIS2_PLACEMENT_3D('',#13470,#13471,#13472);
#13470 = CARTESIAN_POINT('',(141.42339375865,31.,120.19228634059));
#13471 = DIRECTION('',(0.,1.,0.));
#13472 = DIRECTION('',(0.,0.,1.));
#13473 = ADVANCED_FACE('',(#13474),#13493,.F.);
#13474 = FACE_BOUND('',#13475,.F.);
#13475 = EDGE_LOOP('',(#13476,#13485,#13491,#13492));
#13476 = ORIENTED_EDGE('',*,*,#13477,.F.);
#13477 = EDGE_CURVE('',#13478,#13478,#13480,.T.);
#13478 = VERTEX_POINT('',#13479);
#13479 = CARTESIAN_POINT('',(128.,35.,145.09228634059));
#13480 = CIRCLE('',#13481,1.65);
#13481 = AXIS2_PLACEMENT_3D('',#13482,#13483,#13484);
#13482 = CARTESIAN_POINT('',(128.,35.,143.44228634059));
#13483 = DIRECTION('',(0.,1.,0.));
#13484 = DIRECTION('',(0.,0.,1.));
#13485 = ORIENTED_EDGE('',*,*,#13486,.F.);
#13486 = EDGE_CURVE('',#13355,#13478,#13487,.T.);
#13487 = LINE('',#13488,#13489);
#13488 = CARTESIAN_POINT('',(128.,31.,145.09228634059));
#13489 = VECTOR('',#13490,1.);
#13490 = DIRECTION('',(0.,1.,0.));
#13491 = ORIENTED_EDGE('',*,*,#13354,.T.);
#13492 = ORIENTED_EDGE('',*,*,#13486,.T.);
#13493 = CYLINDRICAL_SURFACE('',#13494,1.65);
#13494 = AXIS2_PLACEMENT_3D('',#13495,#13496,#13497);
#13495 = CARTESIAN_POINT('',(128.,31.,143.44228634059));
#13496 = DIRECTION('',(0.,1.,0.));
#13497 = DIRECTION('',(0.,0.,1.));
#13498 = ADVANCED_FACE('',(#13499),#13519,.T.);
#13499 = FACE_BOUND('',#13500,.T.);
#13500 = EDGE_LOOP('',(#13501,#13509,#13510,#13511,#13512,#13513));
#13501 = ORIENTED_EDGE('',*,*,#13502,.F.);
#13502 = EDGE_CURVE('',#13266,#13503,#13505,.T.);
#13503 = VERTEX_POINT('',#13504);
#13504 = CARTESIAN_POINT('',(104.,35.,112.94228634059));
#13505 = LINE('',#13506,#13507);
#13506 = CARTESIAN_POINT('',(104.,32.,112.94228634059));
#13507 = VECTOR('',#13508,1.);
#13508 = DIRECTION('',(0.,1.,0.));
#13509 = ORIENTED_EDGE('',*,*,#13275,.T.);
#13510 = ORIENTED_EDGE('',*,*,#13225,.T.);
#13511 = ORIENTED_EDGE('',*,*,#13297,.T.);
#13512 = ORIENTED_EDGE('',*,*,#13371,.T.);
#13513 = ORIENTED_EDGE('',*,*,#13514,.F.);
#13514 = EDGE_CURVE('',#13503,#13372,#13515,.T.);
#13515 = LINE('',#13516,#13517);
#13516 = CARTESIAN_POINT('',(104.,35.,112.94228634059));
#13517 = VECTOR('',#13518,1.);
#13518 = DIRECTION('',(0.,0.,1.));
#13519 = PLANE('',#13520);
#13520 = AXIS2_PLACEMENT_3D('',#13521,#13522,#13523);
#13521 = CARTESIAN_POINT('',(104.,32.308510638298,128.1337757023));
#13522 = DIRECTION('',(-1.,-0.,-0.));
#13523 = DIRECTION('',(0.,0.,-1.));
#13524 = ADVANCED_FACE('',(#13525,#13543,#13546,#13549,#13552),#13555,
  .T.);
#13525 = FACE_BOUND('',#13526,.T.);
#13526 = EDGE_LOOP('',(#13527,#13535,#13536,#13537));
#13527 = ORIENTED_EDGE('',*,*,#13528,.F.);
#13528 = EDGE_CURVE('',#13503,#13529,#13531,.T.);
#13529 = VERTEX_POINT('',#13530);
#13530 = CARTESIAN_POINT('',(152.,35.,112.94228634059));
#13531 = LINE('',#13532,#13533);
#13532 = CARTESIAN_POINT('',(104.,35.,112.94228634059));
#13533 = VECTOR('',#13534,1.);
#13534 = DIRECTION('',(1.,0.,0.));
#13535 = ORIENTED_EDGE('',*,*,#13514,.T.);
#13536 = ORIENTED_EDGE('',*,*,#13388,.T.);
#13537 = ORIENTED_EDGE('',*,*,#13538,.F.);
#13538 = EDGE_CURVE('',#13529,#13381,#13539,.T.);
#13539 = LINE('',#13540,#13541);
#13540 = CARTESIAN_POINT('',(152.,35.,112.94228634059));
#13541 = VECTOR('',#13542,1.);
#13542 = DIRECTION('',(0.,0.,1.));
#13543 = FACE_BOUND('',#13544,.T.);
#13544 = EDGE_LOOP('',(#13545));
#13545 = ORIENTED_EDGE('',*,*,#13427,.F.);
#13546 = FACE_BOUND('',#13547,.T.);
#13547 = EDGE_LOOP('',(#13548));
#13548 = ORIENTED_EDGE('',*,*,#13402,.F.);
#13549 = FACE_BOUND('',#13550,.T.);
#13550 = EDGE_LOOP('',(#13551));
#13551 = ORIENTED_EDGE('',*,*,#13452,.F.);
#13552 = FACE_BOUND('',#13553,.T.);
#13553 = EDGE_LOOP('',(#13554));
#13554 = ORIENTED_EDGE('',*,*,#13477,.F.);
#13555 = PLANE('',#13556);
#13556 = AXIS2_PLACEMENT_3D('',#13557,#13558,#13559);
#13557 = CARTESIAN_POINT('',(104.,35.,112.94228634059));
#13558 = DIRECTION('',(0.,1.,0.));
#13559 = DIRECTION('',(0.,0.,1.));
#13560 = ADVANCED_FACE('',(#13561),#13572,.T.);
#13561 = FACE_BOUND('',#13562,.T.);
#13562 = EDGE_LOOP('',(#13563,#13564,#13565,#13571));
#13563 = ORIENTED_EDGE('',*,*,#13502,.T.);
#13564 = ORIENTED_EDGE('',*,*,#13528,.T.);
#13565 = ORIENTED_EDGE('',*,*,#13566,.F.);
#13566 = EDGE_CURVE('',#13268,#13529,#13567,.T.);
#13567 = LINE('',#13568,#13569);
#13568 = CARTESIAN_POINT('',(152.,32.,112.94228634059));
#13569 = VECTOR('',#13570,1.);
#13570 = DIRECTION('',(0.,1.,0.));
#13571 = ORIENTED_EDGE('',*,*,#13265,.F.);
#13572 = PLANE('',#13573);
#13573 = AXIS2_PLACEMENT_3D('',#13574,#13575,#13576);
#13574 = CARTESIAN_POINT('',(128.,29.5,112.94228634059));
#13575 = DIRECTION('',(-0.,-0.,-1.));
#13576 = DIRECTION('',(-1.,0.,0.));
#13577 = ADVANCED_FACE('',(#13578),#13586,.T.);
#13578 = FACE_BOUND('',#13579,.T.);
#13579 = EDGE_LOOP('',(#13580,#13581,#13582,#13583,#13584,#13585));
#13580 = ORIENTED_EDGE('',*,*,#13538,.T.);
#13581 = ORIENTED_EDGE('',*,*,#13380,.F.);
#13582 = ORIENTED_EDGE('',*,*,#13313,.F.);
#13583 = ORIENTED_EDGE('',*,*,#13243,.F.);
#13584 = ORIENTED_EDGE('',*,*,#13282,.F.);
#13585 = ORIENTED_EDGE('',*,*,#13566,.T.);
#13586 = PLANE('',#13587);
#13587 = AXIS2_PLACEMENT_3D('',#13588,#13589,#13590);
#13588 = CARTESIAN_POINT('',(152.,32.308510638298,128.1337757023));
#13589 = DIRECTION('',(1.,0.,0.));
#13590 = DIRECTION('',(0.,0.,1.));
#13591 = MANIFOLD_SOLID_BREP('',#13592);
#13592 = CLOSED_SHELL('',(#13593,#13626,#13635));
#13593 = ADVANCED_FACE('',(#13594),#13621,.T.);
#13594 = FACE_BOUND('',#13595,.T.);
#13595 = EDGE_LOOP('',(#13596,#13605,#13613,#13620));
#13596 = ORIENTED_EDGE('',*,*,#13597,.F.);
#13597 = EDGE_CURVE('',#13598,#13598,#13600,.T.);
#13598 = VERTEX_POINT('',#13599);
#13599 = CARTESIAN_POINT('',(128.,32.,146.44228634059));
#13600 = CIRCLE('',#13601,18.5);
#13601 = AXIS2_PLACEMENT_3D('',#13602,#13603,#13604);
#13602 = CARTESIAN_POINT('',(128.,32.,127.94228634059));
#13603 = DIRECTION('',(0.,1.,0.));
#13604 = DIRECTION('',(0.,0.,1.));
#13605 = ORIENTED_EDGE('',*,*,#13606,.F.);
#13606 = EDGE_CURVE('',#13607,#13598,#13609,.T.);
#13607 = VERTEX_POINT('',#13608);
#13608 = CARTESIAN_POINT('',(128.,8.,146.44228634059));
#13609 = LINE('',#13610,#13611);
#13610 = CARTESIAN_POINT('',(128.,8.,146.44228634059));
#13611 = VECTOR('',#13612,1.);
#13612 = DIRECTION('',(0.,1.,0.));
#13613 = ORIENTED_EDGE('',*,*,#13614,.T.);
#13614 = EDGE_CURVE('',#13607,#13607,#13615,.T.);
#13615 = CIRCLE('',#13616,18.5);
#13616 = AXIS2_PLACEMENT_3D('',#13617,#13618,#13619);
#13617 = CARTESIAN_POINT('',(128.,8.,127.94228634059));
#13618 = DIRECTION('',(0.,1.,0.));
#13619 = DIRECTION('',(0.,0.,1.));
#13620 = ORIENTED_EDGE('',*,*,#13606,.T.);
#13621 = CYLINDRICAL_SURFACE('',#13622,18.5);
#13622 = AXIS2_PLACEMENT_3D('',#13623,#13624,#13625);
#13623 = CARTESIAN_POINT('',(128.,8.,127.94228634059));
#13624 = DIRECTION('',(0.,1.,0.));
#13625 = DIRECTION('',(0.,0.,1.));
#13626 = ADVANCED_FACE('',(#13627),#13630,.T.);
#13627 = FACE_BOUND('',#13628,.T.);
#13628 = EDGE_LOOP('',(#13629));
#13629 = ORIENTED_EDGE('',*,*,#13597,.T.);
#13630 = PLANE('',#13631);
#13631 = AXIS2_PLACEMENT_3D('',#13632,#13633,#13634);
#13632 = CARTESIAN_POINT('',(128.,32.,127.94228634059));
#13633 = DIRECTION('',(0.,1.,0.));
#13634 = DIRECTION('',(0.,0.,1.));
#13635 = ADVANCED_FACE('',(#13636),#13639,.F.);
#13636 = FACE_BOUND('',#13637,.T.);
#13637 = EDGE_LOOP('',(#13638));
#13638 = ORIENTED_EDGE('',*,*,#13614,.F.);
#13639 = PLANE('',#13640);
#13640 = AXIS2_PLACEMENT_3D('',#13641,#13642,#13643);
#13641 = CARTESIAN_POINT('',(128.,8.,127.94228634059));
#13642 = DIRECTION('',(0.,1.,0.));
#13643 = DIRECTION('',(0.,0.,1.));
#13644 = MANIFOLD_SOLID_BREP('',#13645);
#13645 = CLOSED_SHELL('',(#13646,#13679,#13688));
#13646 = ADVANCED_FACE('',(#13647),#13674,.T.);
#13647 = FACE_BOUND('',#13648,.T.);
#13648 = EDGE_LOOP('',(#13649,#13658,#13666,#13673));
#13649 = ORIENTED_EDGE('',*,*,#13650,.F.);
#13650 = EDGE_CURVE('',#13651,#13651,#13653,.T.);
#13651 = VERTEX_POINT('',#13652);
#13652 = CARTESIAN_POINT('',(128.,8.,144.44228634059));
#13653 = CIRCLE('',#13654,16.5);
#13654 = AXIS2_PLACEMENT_3D('',#13655,#13656,#13657);
#13655 = CARTESIAN_POINT('',(128.,8.,127.94228634059));
#13656 = DIRECTION('',(0.,1.,0.));
#13657 = DIRECTION('',(0.,0.,1.));
#13658 = ORIENTED_EDGE('',*,*,#13659,.F.);
#13659 = EDGE_CURVE('',#13660,#13651,#13662,.T.);
#13660 = VERTEX_POINT('',#13661);
#13661 = CARTESIAN_POINT('',(128.,-21.,144.44228634059));
#13662 = LINE('',#13663,#13664);
#13663 = CARTESIAN_POINT('',(128.,-21.,144.44228634059));
#13664 = VECTOR('',#13665,1.);
#13665 = DIRECTION('',(0.,1.,0.));
#13666 = ORIENTED_EDGE('',*,*,#13667,.T.);
#13667 = EDGE_CURVE('',#13660,#13660,#13668,.T.);
#13668 = CIRCLE('',#13669,16.5);
#13669 = AXIS2_PLACEMENT_3D('',#13670,#13671,#13672);
#13670 = CARTESIAN_POINT('',(128.,-21.,127.94228634059));
#13671 = DIRECTION('',(0.,1.,0.));
#13672 = DIRECTION('',(0.,0.,1.));
#13673 = ORIENTED_EDGE('',*,*,#13659,.T.);
#13674 = CYLINDRICAL_SURFACE('',#13675,16.5);
#13675 = AXIS2_PLACEMENT_3D('',#13676,#13677,#13678);
#13676 = CARTESIAN_POINT('',(128.,-21.,127.94228634059));
#13677 = DIRECTION('',(0.,1.,0.));
#13678 = DIRECTION('',(0.,0.,1.));
#13679 = ADVANCED_FACE('',(#13680),#13683,.T.);
#13680 = FACE_BOUND('',#13681,.T.);
#13681 = EDGE_LOOP('',(#13682));
#13682 = ORIENTED_EDGE('',*,*,#13650,.T.);
#13683 = PLANE('',#13684);
#13684 = AXIS2_PLACEMENT_3D('',#13685,#13686,#13687);
#13685 = CARTESIAN_POINT('',(128.,8.,127.94228634059));
#13686 = DIRECTION('',(0.,1.,0.));
#13687 = DIRECTION('',(0.,0.,1.));
#13688 = ADVANCED_FACE('',(#13689),#13692,.F.);
#13689 = FACE_BOUND('',#13690,.T.);
#13690 = EDGE_LOOP('',(#13691));
#13691 = ORIENTED_EDGE('',*,*,#13667,.F.);
#13692 = PLANE('',#13693);
#13693 = AXIS2_PLACEMENT_3D('',#13694,#13695,#13696);
#13694 = CARTESIAN_POINT('',(128.,-21.,127.94228634059));
#13695 = DIRECTION('',(0.,1.,0.));
#13696 = DIRECTION('',(0.,0.,1.));
#13697 = MANIFOLD_SOLID_BREP('',#13698);
#13698 = CLOSED_SHELL('',(#13699,#13732,#13741));
#13699 = ADVANCED_FACE('',(#13700),#13727,.T.);
#13700 = FACE_BOUND('',#13701,.T.);
#13701 = EDGE_LOOP('',(#13702,#13711,#13719,#13726));
#13702 = ORIENTED_EDGE('',*,*,#13703,.F.);
#13703 = EDGE_CURVE('',#13704,#13704,#13706,.T.);
#13704 = VERTEX_POINT('',#13705);
#13705 = CARTESIAN_POINT('',(128.,-21.,144.44228634059));
#13706 = CIRCLE('',#13707,16.5);
#13707 = AXIS2_PLACEMENT_3D('',#13708,#13709,#13710);
#13708 = CARTESIAN_POINT('',(128.,-21.,127.94228634059));
#13709 = DIRECTION('',(0.,1.,0.));
#13710 = DIRECTION('',(0.,0.,1.));
#13711 = ORIENTED_EDGE('',*,*,#13712,.F.);
#13712 = EDGE_CURVE('',#13713,#13704,#13715,.T.);
#13713 = VERTEX_POINT('',#13714);
#13714 = CARTESIAN_POINT('',(128.,-33.,144.44228634059));
#13715 = LINE('',#13716,#13717);
#13716 = CARTESIAN_POINT('',(128.,-33.,144.44228634059));
#13717 = VECTOR('',#13718,1.);
#13718 = DIRECTION('',(0.,1.,0.));
#13719 = ORIENTED_EDGE('',*,*,#13720,.T.);
#13720 = EDGE_CURVE('',#13713,#13713,#13721,.T.);
#13721 = CIRCLE('',#13722,16.5);
#13722 = AXIS2_PLACEMENT_3D('',#13723,#13724,#13725);
#13723 = CARTESIAN_POINT('',(128.,-33.,127.94228634059));
#13724 = DIRECTION('',(0.,1.,0.));
#13725 = DIRECTION('',(0.,0.,1.));
#13726 = ORIENTED_EDGE('',*,*,#13712,.T.);
#13727 = CYLINDRICAL_SURFACE('',#13728,16.5);
#13728 = AXIS2_PLACEMENT_3D('',#13729,#13730,#13731);
#13729 = CARTESIAN_POINT('',(128.,-33.,127.94228634059));
#13730 = DIRECTION('',(0.,1.,0.));
#13731 = DIRECTION('',(0.,0.,1.));
#13732 = ADVANCED_FACE('',(#13733),#13736,.T.);
#13733 = FACE_BOUND('',#13734,.T.);
#13734 = EDGE_LOOP('',(#13735));
#13735 = ORIENTED_EDGE('',*,*,#13703,.T.);
#13736 = PLANE('',#13737);
#13737 = AXIS2_PLACEMENT_3D('',#13738,#13739,#13740);
#13738 = CARTESIAN_POINT('',(128.,-21.,127.94228634059));
#13739 = DIRECTION('',(0.,1.,0.));
#13740 = DIRECTION('',(0.,0.,1.));
#13741 = ADVANCED_FACE('',(#13742),#13745,.F.);
#13742 = FACE_BOUND('',#13743,.T.);
#13743 = EDGE_LOOP('',(#13744));
#13744 = ORIENTED_EDGE('',*,*,#13720,.F.);
#13745 = PLANE('',#13746);
#13746 = AXIS2_PLACEMENT_3D('',#13747,#13748,#13749);
#13747 = CARTESIAN_POINT('',(128.,-33.,127.94228634059));
#13748 = DIRECTION('',(0.,1.,0.));
#13749 = DIRECTION('',(0.,0.,1.));
#13750 = MANIFOLD_SOLID_BREP('',#13751);
#13751 = CLOSED_SHELL('',(#13752,#13785,#13794,#13814,#13839));
#13752 = ADVANCED_FACE('',(#13753),#13780,.T.);
#13753 = FACE_BOUND('',#13754,.T.);
#13754 = EDGE_LOOP('',(#13755,#13764,#13772,#13779));
#13755 = ORIENTED_EDGE('',*,*,#13756,.F.);
#13756 = EDGE_CURVE('',#13757,#13757,#13759,.T.);
#13757 = VERTEX_POINT('',#13758);
#13758 = CARTESIAN_POINT('',(135.,53.,130.94228634059));
#13759 = CIRCLE('',#13760,3.);
#13760 = AXIS2_PLACEMENT_3D('',#13761,#13762,#13763);
#13761 = CARTESIAN_POINT('',(135.,53.,127.94228634059));
#13762 = DIRECTION('',(0.,1.,0.));
#13763 = DIRECTION('',(0.,0.,1.));
#13764 = ORIENTED_EDGE('',*,*,#13765,.F.);
#13765 = EDGE_CURVE('',#13766,#13757,#13768,.T.);
#13766 = VERTEX_POINT('',#13767);
#13767 = CARTESIAN_POINT('',(135.,38.,130.94228634059));
#13768 = LINE('',#13769,#13770);
#13769 = CARTESIAN_POINT('',(135.,38.,130.94228634059));
#13770 = VECTOR('',#13771,1.);
#13771 = DIRECTION('',(0.,1.,0.));
#13772 = ORIENTED_EDGE('',*,*,#13773,.T.);
#13773 = EDGE_CURVE('',#13766,#13766,#13774,.T.);
#13774 = CIRCLE('',#13775,3.);
#13775 = AXIS2_PLACEMENT_3D('',#13776,#13777,#13778);
#13776 = CARTESIAN_POINT('',(135.,38.,127.94228634059));
#13777 = DIRECTION('',(0.,1.,0.));
#13778 = DIRECTION('',(0.,0.,1.));
#13779 = ORIENTED_EDGE('',*,*,#13765,.T.);
#13780 = CYLINDRICAL_SURFACE('',#13781,3.);
#13781 = AXIS2_PLACEMENT_3D('',#13782,#13783,#13784);
#13782 = CARTESIAN_POINT('',(135.,38.,127.94228634059));
#13783 = DIRECTION('',(0.,1.,0.));
#13784 = DIRECTION('',(0.,0.,1.));
#13785 = ADVANCED_FACE('',(#13786),#13789,.T.);
#13786 = FACE_BOUND('',#13787,.T.);
#13787 = EDGE_LOOP('',(#13788));
#13788 = ORIENTED_EDGE('',*,*,#13756,.T.);
#13789 = PLANE('',#13790);
#13790 = AXIS2_PLACEMENT_3D('',#13791,#13792,#13793);
#13791 = CARTESIAN_POINT('',(135.,53.,127.94228634059));
#13792 = DIRECTION('',(0.,1.,0.));
#13793 = DIRECTION('',(0.,0.,1.));
#13794 = ADVANCED_FACE('',(#13795,#13806),#13809,.T.);
#13795 = FACE_BOUND('',#13796,.T.);
#13796 = EDGE_LOOP('',(#13797));
#13797 = ORIENTED_EDGE('',*,*,#13798,.T.);
#13798 = EDGE_CURVE('',#13799,#13799,#13801,.T.);
#13799 = VERTEX_POINT('',#13800);
#13800 = CARTESIAN_POINT('',(135.,38.,133.94228634059));
#13801 = CIRCLE('',#13802,6.);
#13802 = AXIS2_PLACEMENT_3D('',#13803,#13804,#13805);
#13803 = CARTESIAN_POINT('',(135.,38.,127.94228634059));
#13804 = DIRECTION('',(0.,1.,0.));
#13805 = DIRECTION('',(0.,0.,1.));
#13806 = FACE_BOUND('',#13807,.T.);
#13807 = EDGE_LOOP('',(#13808));
#13808 = ORIENTED_EDGE('',*,*,#13773,.F.);
#13809 = PLANE('',#13810);
#13810 = AXIS2_PLACEMENT_3D('',#13811,#13812,#13813);
#13811 = CARTESIAN_POINT('',(135.,38.,127.94228634059));
#13812 = DIRECTION('',(0.,1.,0.));
#13813 = DIRECTION('',(0.,0.,1.));
#13814 = ADVANCED_FACE('',(#13815),#13834,.T.);
#13815 = FACE_BOUND('',#13816,.T.);
#13816 = EDGE_LOOP('',(#13817,#13818,#13826,#13833));
#13817 = ORIENTED_EDGE('',*,*,#13798,.F.);
#13818 = ORIENTED_EDGE('',*,*,#13819,.F.);
#13819 = EDGE_CURVE('',#13820,#13799,#13822,.T.);
#13820 = VERTEX_POINT('',#13821);
#13821 = CARTESIAN_POINT('',(135.,32.,133.94228634059));
#13822 = LINE('',#13823,#13824);
#13823 = CARTESIAN_POINT('',(135.,32.,133.94228634059));
#13824 = VECTOR('',#13825,1.);
#13825 = DIRECTION('',(0.,1.,0.));
#13826 = ORIENTED_EDGE('',*,*,#13827,.T.);
#13827 = EDGE_CURVE('',#13820,#13820,#13828,.T.);
#13828 = CIRCLE('',#13829,6.);
#13829 = AXIS2_PLACEMENT_3D('',#13830,#13831,#13832);
#13830 = CARTESIAN_POINT('',(135.,32.,127.94228634059));
#13831 = DIRECTION('',(0.,1.,0.));
#13832 = DIRECTION('',(0.,0.,1.));
#13833 = ORIENTED_EDGE('',*,*,#13819,.T.);
#13834 = CYLINDRICAL_SURFACE('',#13835,6.);
#13835 = AXIS2_PLACEMENT_3D('',#13836,#13837,#13838);
#13836 = CARTESIAN_POINT('',(135.,32.,127.94228634059));
#13837 = DIRECTION('',(0.,1.,0.));
#13838 = DIRECTION('',(0.,0.,1.));
#13839 = ADVANCED_FACE('',(#13840),#13843,.F.);
#13840 = FACE_BOUND('',#13841,.T.);
#13841 = EDGE_LOOP('',(#13842));
#13842 = ORIENTED_EDGE('',*,*,#13827,.F.);
#13843 = PLANE('',#13844);
#13844 = AXIS2_PLACEMENT_3D('',#13845,#13846,#13847);
#13845 = CARTESIAN_POINT('',(135.,32.,127.94228634059));
#13846 = DIRECTION('',(0.,1.,0.));
#13847 = DIRECTION('',(0.,0.,1.));
#13848 = MANIFOLD_SOLID_BREP('',#13849);
#13849 = CLOSED_SHELL('',(#13850,#13883,#13903,#13923,#13948,#13973));
#13850 = ADVANCED_FACE('',(#13851),#13878,.T.);
#13851 = FACE_BOUND('',#13852,.T.);
#13852 = EDGE_LOOP('',(#13853,#13862,#13870,#13877));
#13853 = ORIENTED_EDGE('',*,*,#13854,.F.);
#13854 = EDGE_CURVE('',#13855,#13855,#13857,.T.);
#13855 = VERTEX_POINT('',#13856);
#13856 = CARTESIAN_POINT('',(135.,67.,137.94228634059));
#13857 = CIRCLE('',#13858,10.);
#13858 = AXIS2_PLACEMENT_3D('',#13859,#13860,#13861);
#13859 = CARTESIAN_POINT('',(135.,67.,127.94228634059));
#13860 = DIRECTION('',(0.,1.,0.));
#13861 = DIRECTION('',(0.,0.,1.));
#13862 = ORIENTED_EDGE('',*,*,#13863,.F.);
#13863 = EDGE_CURVE('',#13864,#13855,#13866,.T.);
#13864 = VERTEX_POINT('',#13865);
#13865 = CARTESIAN_POINT('',(135.,42.,137.94228634059));
#13866 = LINE('',#13867,#13868);
#13867 = CARTESIAN_POINT('',(135.,42.,137.94228634059));
#13868 = VECTOR('',#13869,1.);
#13869 = DIRECTION('',(0.,1.,0.));
#13870 = ORIENTED_EDGE('',*,*,#13871,.T.);
#13871 = EDGE_CURVE('',#13864,#13864,#13872,.T.);
#13872 = CIRCLE('',#13873,10.);
#13873 = AXIS2_PLACEMENT_3D('',#13874,#13875,#13876);
#13874 = CARTESIAN_POINT('',(135.,42.,127.94228634059));
#13875 = DIRECTION('',(0.,1.,0.));
#13876 = DIRECTION('',(0.,0.,1.));
#13877 = ORIENTED_EDGE('',*,*,#13863,.T.);
#13878 = CYLINDRICAL_SURFACE('',#13879,10.);
#13879 = AXIS2_PLACEMENT_3D('',#13880,#13881,#13882);
#13880 = CARTESIAN_POINT('',(135.,42.,127.94228634059));
#13881 = DIRECTION('',(0.,1.,0.));
#13882 = DIRECTION('',(0.,0.,1.));
#13883 = ADVANCED_FACE('',(#13884,#13887),#13898,.T.);
#13884 = FACE_BOUND('',#13885,.T.);
#13885 = EDGE_LOOP('',(#13886));
#13886 = ORIENTED_EDGE('',*,*,#13854,.T.);
#13887 = FACE_BOUND('',#13888,.T.);
#13888 = EDGE_LOOP('',(#13889));
#13889 = ORIENTED_EDGE('',*,*,#13890,.F.);
#13890 = EDGE_CURVE('',#13891,#13891,#13893,.T.);
#13891 = VERTEX_POINT('',#13892);
#13892 = CARTESIAN_POINT('',(135.,67.,131.94228634059));
#13893 = CIRCLE('',#13894,4.);
#13894 = AXIS2_PLACEMENT_3D('',#13895,#13896,#13897);
#13895 = CARTESIAN_POINT('',(135.,67.,127.94228634059));
#13896 = DIRECTION('',(0.,1.,0.));
#13897 = DIRECTION('',(0.,0.,1.));
#13898 = PLANE('',#13899);
#13899 = AXIS2_PLACEMENT_3D('',#13900,#13901,#13902);
#13900 = CARTESIAN_POINT('',(135.,67.,127.94228634059));
#13901 = DIRECTION('',(0.,1.,0.));
#13902 = DIRECTION('',(0.,0.,1.));
#13903 = ADVANCED_FACE('',(#13904,#13907),#13918,.F.);
#13904 = FACE_BOUND('',#13905,.F.);
#13905 = EDGE_LOOP('',(#13906));
#13906 = ORIENTED_EDGE('',*,*,#13871,.T.);
#13907 = FACE_BOUND('',#13908,.F.);
#13908 = EDGE_LOOP('',(#13909));
#13909 = ORIENTED_EDGE('',*,*,#13910,.F.);
#13910 = EDGE_CURVE('',#13911,#13911,#13913,.T.);
#13911 = VERTEX_POINT('',#13912);
#13912 = CARTESIAN_POINT('',(135.,42.,130.94228634059));
#13913 = CIRCLE('',#13914,3.);
#13914 = AXIS2_PLACEMENT_3D('',#13915,#13916,#13917);
#13915 = CARTESIAN_POINT('',(135.,42.,127.94228634059));
#13916 = DIRECTION('',(0.,1.,0.));
#13917 = DIRECTION('',(0.,0.,1.));
#13918 = PLANE('',#13919);
#13919 = AXIS2_PLACEMENT_3D('',#13920,#13921,#13922);
#13920 = CARTESIAN_POINT('',(135.,42.,127.94228634059));
#13921 = DIRECTION('',(0.,1.,0.));
#13922 = DIRECTION('',(0.,0.,1.));
#13923 = ADVANCED_FACE('',(#13924),#13943,.F.);
#13924 = FACE_BOUND('',#13925,.F.);
#13925 = EDGE_LOOP('',(#13926,#13927,#13935,#13942));
#13926 = ORIENTED_EDGE('',*,*,#13890,.F.);
#13927 = ORIENTED_EDGE('',*,*,#13928,.F.);
#13928 = EDGE_CURVE('',#13929,#13891,#13931,.T.);
#13929 = VERTEX_POINT('',#13930);
#13930 = CARTESIAN_POINT('',(135.,54.5,131.94228634059));
#13931 = LINE('',#13932,#13933);
#13932 = CARTESIAN_POINT('',(135.,54.5,131.94228634059));
#13933 = VECTOR('',#13934,1.);
#13934 = DIRECTION('',(0.,1.,0.));
#13935 = ORIENTED_EDGE('',*,*,#13936,.T.);
#13936 = EDGE_CURVE('',#13929,#13929,#13937,.T.);
#13937 = CIRCLE('',#13938,4.);
#13938 = AXIS2_PLACEMENT_3D('',#13939,#13940,#13941);
#13939 = CARTESIAN_POINT('',(135.,54.5,127.94228634059));
#13940 = DIRECTION('',(0.,1.,0.));
#13941 = DIRECTION('',(0.,0.,1.));
#13942 = ORIENTED_EDGE('',*,*,#13928,.T.);
#13943 = CYLINDRICAL_SURFACE('',#13944,4.);
#13944 = AXIS2_PLACEMENT_3D('',#13945,#13946,#13947);
#13945 = CARTESIAN_POINT('',(135.,54.5,127.94228634059));
#13946 = DIRECTION('',(0.,1.,0.));
#13947 = DIRECTION('',(0.,0.,1.));
#13948 = ADVANCED_FACE('',(#13949),#13968,.F.);
#13949 = FACE_BOUND('',#13950,.F.);
#13950 = EDGE_LOOP('',(#13951,#13960,#13966,#13967));
#13951 = ORIENTED_EDGE('',*,*,#13952,.F.);
#13952 = EDGE_CURVE('',#13953,#13953,#13955,.T.);
#13953 = VERTEX_POINT('',#13954);
#13954 = CARTESIAN_POINT('',(135.,54.5,130.94228634059));
#13955 = CIRCLE('',#13956,3.);
#13956 = AXIS2_PLACEMENT_3D('',#13957,#13958,#13959);
#13957 = CARTESIAN_POINT('',(135.,54.5,127.94228634059));
#13958 = DIRECTION('',(0.,1.,0.));
#13959 = DIRECTION('',(0.,0.,1.));
#13960 = ORIENTED_EDGE('',*,*,#13961,.F.);
#13961 = EDGE_CURVE('',#13911,#13953,#13962,.T.);
#13962 = LINE('',#13963,#13964);
#13963 = CARTESIAN_POINT('',(135.,42.,130.94228634059));
#13964 = VECTOR('',#13965,1.);
#13965 = DIRECTION('',(0.,1.,0.));
#13966 = ORIENTED_EDGE('',*,*,#13910,.T.);
#13967 = ORIENTED_EDGE('',*,*,#13961,.T.);
#13968 = CYLINDRICAL_SURFACE('',#13969,3.);
#13969 = AXIS2_PLACEMENT_3D('',#13970,#13971,#13972);
#13970 = CARTESIAN_POINT('',(135.,42.,127.94228634059));
#13971 = DIRECTION('',(0.,1.,0.));
#13972 = DIRECTION('',(0.,0.,1.));
#13973 = ADVANCED_FACE('',(#13974,#13977),#13980,.T.);
#13974 = FACE_BOUND('',#13975,.T.);
#13975 = EDGE_LOOP('',(#13976));
#13976 = ORIENTED_EDGE('',*,*,#13936,.T.);
#13977 = FACE_BOUND('',#13978,.T.);
#13978 = EDGE_LOOP('',(#13979));
#13979 = ORIENTED_EDGE('',*,*,#13952,.F.);
#13980 = PLANE('',#13981);
#13981 = AXIS2_PLACEMENT_3D('',#13982,#13983,#13984);
#13982 = CARTESIAN_POINT('',(135.,54.5,127.94228634059));
#13983 = DIRECTION('',(0.,1.,0.));
#13984 = DIRECTION('',(0.,0.,1.));
#13985 = MANIFOLD_SOLID_BREP('',#13986);
#13986 = CLOSED_SHELL('',(#13987,#14027,#14141,#14165,#14272,#14289,
    #14301,#14323,#14340,#14357,#14369,#14386,#14408,#14425,#14442));
#13987 = ADVANCED_FACE('',(#13988),#14022,.F.);
#13988 = FACE_BOUND('',#13989,.T.);
#13989 = EDGE_LOOP('',(#13990,#14000,#14008,#14016));
#13990 = ORIENTED_EDGE('',*,*,#13991,.F.);
#13991 = EDGE_CURVE('',#13992,#13994,#13996,.T.);
#13992 = VERTEX_POINT('',#13993);
#13993 = CARTESIAN_POINT('',(34.,-105.,25.));
#13994 = VERTEX_POINT('',#13995);
#13995 = CARTESIAN_POINT('',(34.,-105.,105.));
#13996 = LINE('',#13997,#13998);
#13997 = CARTESIAN_POINT('',(34.,-105.,25.));
#13998 = VECTOR('',#13999,1.);
#13999 = DIRECTION('',(0.,0.,1.));
#14000 = ORIENTED_EDGE('',*,*,#14001,.T.);
#14001 = EDGE_CURVE('',#13992,#14002,#14004,.T.);
#14002 = VERTEX_POINT('',#14003);
#14003 = CARTESIAN_POINT('',(34.,-109.,25.));
#14004 = LINE('',#14005,#14006);
#14005 = CARTESIAN_POINT('',(34.,-105.,25.));
#14006 = VECTOR('',#14007,1.);
#14007 = DIRECTION('',(-0.,-1.,-0.));
#14008 = ORIENTED_EDGE('',*,*,#14009,.T.);
#14009 = EDGE_CURVE('',#14002,#14010,#14012,.T.);
#14010 = VERTEX_POINT('',#14011);
#14011 = CARTESIAN_POINT('',(34.,-109.,105.));
#14012 = LINE('',#14013,#14014);
#14013 = CARTESIAN_POINT('',(34.,-109.,25.));
#14014 = VECTOR('',#14015,1.);
#14015 = DIRECTION('',(0.,0.,1.));
#14016 = ORIENTED_EDGE('',*,*,#14017,.F.);
#14017 = EDGE_CURVE('',#13994,#14010,#14018,.T.);
#14018 = LINE('',#14019,#14020);
#14019 = CARTESIAN_POINT('',(34.,-105.,105.));
#14020 = VECTOR('',#14021,1.);
#14021 = DIRECTION('',(-0.,-1.,-0.));
#14022 = PLANE('',#14023);
#14023 = AXIS2_PLACEMENT_3D('',#14024,#14025,#14026);
#14024 = CARTESIAN_POINT('',(34.,-105.,25.));
#14025 = DIRECTION('',(1.,0.,0.));
#14026 = DIRECTION('',(0.,0.,-1.));
#14027 = ADVANCED_FACE('',(#14028,#14053,#14089,#14100),#14136,.F.);
#14028 = FACE_BOUND('',#14029,.T.);
#14029 = EDGE_LOOP('',(#14030,#14038,#14039,#14047));
#14030 = ORIENTED_EDGE('',*,*,#14031,.F.);
#14031 = EDGE_CURVE('',#13992,#14032,#14034,.T.);
#14032 = VERTEX_POINT('',#14033);
#14033 = CARTESIAN_POINT('',(146.,-105.,25.));
#14034 = LINE('',#14035,#14036);
#14035 = CARTESIAN_POINT('',(34.,-105.,25.));
#14036 = VECTOR('',#14037,1.);
#14037 = DIRECTION('',(1.,0.,0.));
#14038 = ORIENTED_EDGE('',*,*,#13991,.T.);
#14039 = ORIENTED_EDGE('',*,*,#14040,.T.);
#14040 = EDGE_CURVE('',#13994,#14041,#14043,.T.);
#14041 = VERTEX_POINT('',#14042);
#14042 = CARTESIAN_POINT('',(146.,-105.,105.));
#14043 = LINE('',#14044,#14045);
#14044 = CARTESIAN_POINT('',(34.,-105.,105.));
#14045 = VECTOR('',#14046,1.);
#14046 = DIRECTION('',(1.,0.,0.));
#14047 = ORIENTED_EDGE('',*,*,#14048,.F.);
#14048 = EDGE_CURVE('',#14032,#14041,#14049,.T.);
#14049 = LINE('',#14050,#14051);
#14050 = CARTESIAN_POINT('',(146.,-105.,25.));
#14051 = VECTOR('',#14052,1.);
#14052 = DIRECTION('',(0.,0.,1.));
#14053 = FACE_BOUND('',#14054,.T.);
#14054 = EDGE_LOOP('',(#14055,#14066,#14074,#14083));
#14055 = ORIENTED_EDGE('',*,*,#14056,.F.);
#14056 = EDGE_CURVE('',#14057,#14059,#14061,.T.);
#14057 = VERTEX_POINT('',#14058);
#14058 = CARTESIAN_POINT('',(72.5,-105.,52.25));
#14059 = VERTEX_POINT('',#14060);
#14060 = CARTESIAN_POINT('',(72.5,-105.,47.75));
#14061 = CIRCLE('',#14062,2.25);
#14062 = AXIS2_PLACEMENT_3D('',#14063,#14064,#14065);
#14063 = CARTESIAN_POINT('',(72.5,-105.,50.));
#14064 = DIRECTION('',(0.,1.,0.));
#14065 = DIRECTION('',(0.,0.,1.));
#14066 = ORIENTED_EDGE('',*,*,#14067,.F.);
#14067 = EDGE_CURVE('',#14068,#14057,#14070,.T.);
#14068 = VERTEX_POINT('',#14069);
#14069 = CARTESIAN_POINT('',(70.5,-105.,52.25));
#14070 = LINE('',#14071,#14072);
#14071 = CARTESIAN_POINT('',(52.25,-105.,52.25));
#14072 = VECTOR('',#14073,1.);
#14073 = DIRECTION('',(1.,0.,0.));
#14074 = ORIENTED_EDGE('',*,*,#14075,.F.);
#14075 = EDGE_CURVE('',#14076,#14068,#14078,.T.);
#14076 = VERTEX_POINT('',#14077);
#14077 = CARTESIAN_POINT('',(70.5,-105.,47.75));
#14078 = CIRCLE('',#14079,2.25);
#14079 = AXIS2_PLACEMENT_3D('',#14080,#14081,#14082);
#14080 = CARTESIAN_POINT('',(70.5,-105.,50.));
#14081 = DIRECTION('',(0.,1.,0.));
#14082 = DIRECTION('',(0.,0.,1.));
#14083 = ORIENTED_EDGE('',*,*,#14084,.T.);
#14084 = EDGE_CURVE('',#14076,#14059,#14085,.T.);
#14085 = LINE('',#14086,#14087);
#14086 = CARTESIAN_POINT('',(52.25,-105.,47.75));
#14087 = VECTOR('',#14088,1.);
#14088 = DIRECTION('',(1.,0.,0.));
#14089 = FACE_BOUND('',#14090,.T.);
#14090 = EDGE_LOOP('',(#14091));
#14091 = ORIENTED_EDGE('',*,*,#14092,.F.);
#14092 = EDGE_CURVE('',#14093,#14093,#14095,.T.);
#14093 = VERTEX_POINT('',#14094);
#14094 = CARTESIAN_POINT('',(90.,-105.,57.));
#14095 = CIRCLE('',#14096,7.);
#14096 = AXIS2_PLACEMENT_3D('',#14097,#14098,#14099);
#14097 = CARTESIAN_POINT('',(90.,-105.,50.));
#14098 = DIRECTION('',(0.,1.,0.));
#14099 = DIRECTION('',(0.,0.,1.));
#14100 = FACE_BOUND('',#14101,.T.);
#14101 = EDGE_LOOP('',(#14102,#14113,#14121,#14130));
#14102 = ORIENTED_EDGE('',*,*,#14103,.F.);
#14103 = EDGE_CURVE('',#14104,#14106,#14108,.T.);
#14104 = VERTEX_POINT('',#14105);
#14105 = CARTESIAN_POINT('',(109.5,-105.,52.25));
#14106 = VERTEX_POINT('',#14107);
#14107 = CARTESIAN_POINT('',(109.5,-105.,47.75));
#14108 = CIRCLE('',#14109,2.25);
#14109 = AXIS2_PLACEMENT_3D('',#14110,#14111,#14112);
#14110 = CARTESIAN_POINT('',(109.5,-105.,50.));
#14111 = DIRECTION('',(0.,1.,0.));
#14112 = DIRECTION('',(0.,0.,1.));
#14113 = ORIENTED_EDGE('',*,*,#14114,.F.);
#14114 = EDGE_CURVE('',#14115,#14104,#14117,.T.);
#14115 = VERTEX_POINT('',#14116);
#14116 = CARTESIAN_POINT('',(107.5,-105.,52.25));
#14117 = LINE('',#14118,#14119);
#14118 = CARTESIAN_POINT('',(70.75,-105.,52.25));
#14119 = VECTOR('',#14120,1.);
#14120 = DIRECTION('',(1.,0.,0.));
#14121 = ORIENTED_EDGE('',*,*,#14122,.F.);
#14122 = EDGE_CURVE('',#14123,#14115,#14125,.T.);
#14123 = VERTEX_POINT('',#14124);
#14124 = CARTESIAN_POINT('',(107.5,-105.,47.75));
#14125 = CIRCLE('',#14126,2.25);
#14126 = AXIS2_PLACEMENT_3D('',#14127,#14128,#14129);
#14127 = CARTESIAN_POINT('',(107.5,-105.,50.));
#14128 = DIRECTION('',(0.,1.,0.));
#14129 = DIRECTION('',(0.,0.,1.));
#14130 = ORIENTED_EDGE('',*,*,#14131,.T.);
#14131 = EDGE_CURVE('',#14123,#14106,#14132,.T.);
#14132 = LINE('',#14133,#14134);
#14133 = CARTESIAN_POINT('',(70.75,-105.,47.75));
#14134 = VECTOR('',#14135,1.);
#14135 = DIRECTION('',(1.,0.,0.));
#14136 = PLANE('',#14137);
#14137 = AXIS2_PLACEMENT_3D('',#14138,#14139,#14140);
#14138 = CARTESIAN_POINT('',(34.,-105.,25.));
#14139 = DIRECTION('',(-0.,-1.,-0.));
#14140 = DIRECTION('',(0.,0.,-1.));
#14141 = ADVANCED_FACE('',(#14142),#14160,.T.);
#14142 = FACE_BOUND('',#14143,.F.);
#14143 = EDGE_LOOP('',(#14144,#14145,#14146,#14154));
#14144 = ORIENTED_EDGE('',*,*,#14017,.F.);
#14145 = ORIENTED_EDGE('',*,*,#14040,.T.);
#14146 = ORIENTED_EDGE('',*,*,#14147,.T.);
#14147 = EDGE_CURVE('',#14041,#14148,#14150,.T.);
#14148 = VERTEX_POINT('',#14149);
#14149 = CARTESIAN_POINT('',(146.,-109.,105.));
#14150 = LINE('',#14151,#14152);
#14151 = CARTESIAN_POINT('',(146.,-105.,105.));
#14152 = VECTOR('',#14153,1.);
#14153 = DIRECTION('',(-0.,-1.,-0.));
#14154 = ORIENTED_EDGE('',*,*,#14155,.F.);
#14155 = EDGE_CURVE('',#14010,#14148,#14156,.T.);
#14156 = LINE('',#14157,#14158);
#14157 = CARTESIAN_POINT('',(34.,-109.,105.));
#14158 = VECTOR('',#14159,1.);
#14159 = DIRECTION('',(1.,0.,0.));
#14160 = PLANE('',#14161);
#14161 = AXIS2_PLACEMENT_3D('',#14162,#14163,#14164);
#14162 = CARTESIAN_POINT('',(34.,-105.,105.));
#14163 = DIRECTION('',(0.,0.,1.));
#14164 = DIRECTION('',(-1.,0.,0.));
#14165 = ADVANCED_FACE('',(#14166,#14184,#14220,#14231),#14267,.T.);
#14166 = FACE_BOUND('',#14167,.F.);
#14167 = EDGE_LOOP('',(#14168,#14176,#14177,#14178));
#14168 = ORIENTED_EDGE('',*,*,#14169,.F.);
#14169 = EDGE_CURVE('',#14002,#14170,#14172,.T.);
#14170 = VERTEX_POINT('',#14171);
#14171 = CARTESIAN_POINT('',(146.,-109.,25.));
#14172 = LINE('',#14173,#14174);
#14173 = CARTESIAN_POINT('',(34.,-109.,25.));
#14174 = VECTOR('',#14175,1.);
#14175 = DIRECTION('',(1.,0.,0.));
#14176 = ORIENTED_EDGE('',*,*,#14009,.T.);
#14177 = ORIENTED_EDGE('',*,*,#14155,.T.);
#14178 = ORIENTED_EDGE('',*,*,#14179,.F.);
#14179 = EDGE_CURVE('',#14170,#14148,#14180,.T.);
#14180 = LINE('',#14181,#14182);
#14181 = CARTESIAN_POINT('',(146.,-109.,25.));
#14182 = VECTOR('',#14183,1.);
#14183 = DIRECTION('',(0.,0.,1.));
#14184 = FACE_BOUND('',#14185,.F.);
#14185 = EDGE_LOOP('',(#14186,#14197,#14205,#14214));
#14186 = ORIENTED_EDGE('',*,*,#14187,.F.);
#14187 = EDGE_CURVE('',#14188,#14190,#14192,.T.);
#14188 = VERTEX_POINT('',#14189);
#14189 = CARTESIAN_POINT('',(72.5,-109.,52.25));
#14190 = VERTEX_POINT('',#14191);
#14191 = CARTESIAN_POINT('',(72.5,-109.,47.75));
#14192 = CIRCLE('',#14193,2.25);
#14193 = AXIS2_PLACEMENT_3D('',#14194,#14195,#14196);
#14194 = CARTESIAN_POINT('',(72.5,-109.,50.));
#14195 = DIRECTION('',(0.,1.,0.));
#14196 = DIRECTION('',(0.,0.,1.));
#14197 = ORIENTED_EDGE('',*,*,#14198,.F.);
#14198 = EDGE_CURVE('',#14199,#14188,#14201,.T.);
#14199 = VERTEX_POINT('',#14200);
#14200 = CARTESIAN_POINT('',(70.5,-109.,52.25));
#14201 = LINE('',#14202,#14203);
#14202 = CARTESIAN_POINT('',(52.25,-109.,52.25));
#14203 = VECTOR('',#14204,1.);
#14204 = DIRECTION('',(1.,0.,0.));
#14205 = ORIENTED_EDGE('',*,*,#14206,.F.);
#14206 = EDGE_CURVE('',#14207,#14199,#14209,.T.);
#14207 = VERTEX_POINT('',#14208);
#14208 = CARTESIAN_POINT('',(70.5,-109.,47.75));
#14209 = CIRCLE('',#14210,2.25);
#14210 = AXIS2_PLACEMENT_3D('',#14211,#14212,#14213);
#14211 = CARTESIAN_POINT('',(70.5,-109.,50.));
#14212 = DIRECTION('',(0.,1.,0.));
#14213 = DIRECTION('',(0.,0.,1.));
#14214 = ORIENTED_EDGE('',*,*,#14215,.T.);
#14215 = EDGE_CURVE('',#14207,#14190,#14216,.T.);
#14216 = LINE('',#14217,#14218);
#14217 = CARTESIAN_POINT('',(52.25,-109.,47.75));
#14218 = VECTOR('',#14219,1.);
#14219 = DIRECTION('',(1.,0.,0.));
#14220 = FACE_BOUND('',#14221,.F.);
#14221 = EDGE_LOOP('',(#14222));
#14222 = ORIENTED_EDGE('',*,*,#14223,.F.);
#14223 = EDGE_CURVE('',#14224,#14224,#14226,.T.);
#14224 = VERTEX_POINT('',#14225);
#14225 = CARTESIAN_POINT('',(90.,-109.,57.));
#14226 = CIRCLE('',#14227,7.);
#14227 = AXIS2_PLACEMENT_3D('',#14228,#14229,#14230);
#14228 = CARTESIAN_POINT('',(90.,-109.,50.));
#14229 = DIRECTION('',(0.,1.,0.));
#14230 = DIRECTION('',(0.,0.,1.));
#14231 = FACE_BOUND('',#14232,.F.);
#14232 = EDGE_LOOP('',(#14233,#14244,#14252,#14261));
#14233 = ORIENTED_EDGE('',*,*,#14234,.F.);
#14234 = EDGE_CURVE('',#14235,#14237,#14239,.T.);
#14235 = VERTEX_POINT('',#14236);
#14236 = CARTESIAN_POINT('',(109.5,-109.,52.25));
#14237 = VERTEX_POINT('',#14238);
#14238 = CARTESIAN_POINT('',(109.5,-109.,47.75));
#14239 = CIRCLE('',#14240,2.25);
#14240 = AXIS2_PLACEMENT_3D('',#14241,#14242,#14243);
#14241 = CARTESIAN_POINT('',(109.5,-109.,50.));
#14242 = DIRECTION('',(0.,1.,0.));
#14243 = DIRECTION('',(0.,0.,1.));
#14244 = ORIENTED_EDGE('',*,*,#14245,.F.);
#14245 = EDGE_CURVE('',#14246,#14235,#14248,.T.);
#14246 = VERTEX_POINT('',#14247);
#14247 = CARTESIAN_POINT('',(107.5,-109.,52.25));
#14248 = LINE('',#14249,#14250);
#14249 = CARTESIAN_POINT('',(70.75,-109.,52.25));
#14250 = VECTOR('',#14251,1.);
#14251 = DIRECTION('',(1.,0.,0.));
#14252 = ORIENTED_EDGE('',*,*,#14253,.F.);
#14253 = EDGE_CURVE('',#14254,#14246,#14256,.T.);
#14254 = VERTEX_POINT('',#14255);
#14255 = CARTESIAN_POINT('',(107.5,-109.,47.75));
#14256 = CIRCLE('',#14257,2.25);
#14257 = AXIS2_PLACEMENT_3D('',#14258,#14259,#14260);
#14258 = CARTESIAN_POINT('',(107.5,-109.,50.));
#14259 = DIRECTION('',(0.,1.,0.));
#14260 = DIRECTION('',(0.,0.,1.));
#14261 = ORIENTED_EDGE('',*,*,#14262,.T.);
#14262 = EDGE_CURVE('',#14254,#14237,#14263,.T.);
#14263 = LINE('',#14264,#14265);
#14264 = CARTESIAN_POINT('',(70.75,-109.,47.75));
#14265 = VECTOR('',#14266,1.);
#14266 = DIRECTION('',(1.,0.,0.));
#14267 = PLANE('',#14268);
#14268 = AXIS2_PLACEMENT_3D('',#14269,#14270,#14271);
#14269 = CARTESIAN_POINT('',(34.,-109.,25.));
#14270 = DIRECTION('',(-0.,-1.,-0.));
#14271 = DIRECTION('',(0.,0.,-1.));
#14272 = ADVANCED_FACE('',(#14273),#14284,.F.);
#14273 = FACE_BOUND('',#14274,.T.);
#14274 = EDGE_LOOP('',(#14275,#14276,#14277,#14283));
#14275 = ORIENTED_EDGE('',*,*,#14001,.F.);
#14276 = ORIENTED_EDGE('',*,*,#14031,.T.);
#14277 = ORIENTED_EDGE('',*,*,#14278,.T.);
#14278 = EDGE_CURVE('',#14032,#14170,#14279,.T.);
#14279 = LINE('',#14280,#14281);
#14280 = CARTESIAN_POINT('',(146.,-105.,25.));
#14281 = VECTOR('',#14282,1.);
#14282 = DIRECTION('',(-0.,-1.,-0.));
#14283 = ORIENTED_EDGE('',*,*,#14169,.F.);
#14284 = PLANE('',#14285);
#14285 = AXIS2_PLACEMENT_3D('',#14286,#14287,#14288);
#14286 = CARTESIAN_POINT('',(34.,-105.,25.));
#14287 = DIRECTION('',(0.,0.,1.));
#14288 = DIRECTION('',(-1.,0.,0.));
#14289 = ADVANCED_FACE('',(#14290),#14296,.T.);
#14290 = FACE_BOUND('',#14291,.F.);
#14291 = EDGE_LOOP('',(#14292,#14293,#14294,#14295));
#14292 = ORIENTED_EDGE('',*,*,#14048,.F.);
#14293 = ORIENTED_EDGE('',*,*,#14278,.T.);
#14294 = ORIENTED_EDGE('',*,*,#14179,.T.);
#14295 = ORIENTED_EDGE('',*,*,#14147,.F.);
#14296 = PLANE('',#14297);
#14297 = AXIS2_PLACEMENT_3D('',#14298,#14299,#14300);
#14298 = CARTESIAN_POINT('',(146.,-105.,25.));
#14299 = DIRECTION('',(1.,0.,0.));
#14300 = DIRECTION('',(0.,0.,-1.));
#14301 = ADVANCED_FACE('',(#14302),#14318,.F.);
#14302 = FACE_BOUND('',#14303,.T.);
#14303 = EDGE_LOOP('',(#14304,#14305,#14311,#14312));
#14304 = ORIENTED_EDGE('',*,*,#14187,.F.);
#14305 = ORIENTED_EDGE('',*,*,#14306,.F.);
#14306 = EDGE_CURVE('',#14057,#14188,#14307,.T.);
#14307 = LINE('',#14308,#14309);
#14308 = CARTESIAN_POINT('',(72.5,-104.,52.25));
#14309 = VECTOR('',#14310,1.);
#14310 = DIRECTION('',(-0.,-1.,-0.));
#14311 = ORIENTED_EDGE('',*,*,#14056,.T.);
#14312 = ORIENTED_EDGE('',*,*,#14313,.T.);
#14313 = EDGE_CURVE('',#14059,#14190,#14314,.T.);
#14314 = LINE('',#14315,#14316);
#14315 = CARTESIAN_POINT('',(72.5,-104.,47.75));
#14316 = VECTOR('',#14317,1.);
#14317 = DIRECTION('',(-0.,-1.,-0.));
#14318 = CYLINDRICAL_SURFACE('',#14319,2.25);
#14319 = AXIS2_PLACEMENT_3D('',#14320,#14321,#14322);
#14320 = CARTESIAN_POINT('',(72.5,-104.,50.));
#14321 = DIRECTION('',(-0.,-1.,-0.));
#14322 = DIRECTION('',(0.,0.,1.));
#14323 = ADVANCED_FACE('',(#14324),#14335,.F.);
#14324 = FACE_BOUND('',#14325,.T.);
#14325 = EDGE_LOOP('',(#14326,#14332,#14333,#14334));
#14326 = ORIENTED_EDGE('',*,*,#14327,.F.);
#14327 = EDGE_CURVE('',#14068,#14199,#14328,.T.);
#14328 = LINE('',#14329,#14330);
#14329 = CARTESIAN_POINT('',(70.5,-104.,52.25));
#14330 = VECTOR('',#14331,1.);
#14331 = DIRECTION('',(-0.,-1.,-0.));
#14332 = ORIENTED_EDGE('',*,*,#14067,.T.);
#14333 = ORIENTED_EDGE('',*,*,#14306,.T.);
#14334 = ORIENTED_EDGE('',*,*,#14198,.F.);
#14335 = PLANE('',#14336);
#14336 = AXIS2_PLACEMENT_3D('',#14337,#14338,#14339);
#14337 = CARTESIAN_POINT('',(70.5,-104.,52.25));
#14338 = DIRECTION('',(0.,0.,1.));
#14339 = DIRECTION('',(-1.,0.,0.));
#14340 = ADVANCED_FACE('',(#14341),#14352,.T.);
#14341 = FACE_BOUND('',#14342,.F.);
#14342 = EDGE_LOOP('',(#14343,#14349,#14350,#14351));
#14343 = ORIENTED_EDGE('',*,*,#14344,.F.);
#14344 = EDGE_CURVE('',#14076,#14207,#14345,.T.);
#14345 = LINE('',#14346,#14347);
#14346 = CARTESIAN_POINT('',(70.5,-104.,47.75));
#14347 = VECTOR('',#14348,1.);
#14348 = DIRECTION('',(-0.,-1.,-0.));
#14349 = ORIENTED_EDGE('',*,*,#14084,.T.);
#14350 = ORIENTED_EDGE('',*,*,#14313,.T.);
#14351 = ORIENTED_EDGE('',*,*,#14215,.F.);
#14352 = PLANE('',#14353);
#14353 = AXIS2_PLACEMENT_3D('',#14354,#14355,#14356);
#14354 = CARTESIAN_POINT('',(70.5,-104.,47.75));
#14355 = DIRECTION('',(0.,0.,1.));
#14356 = DIRECTION('',(-1.,0.,0.));
#14357 = ADVANCED_FACE('',(#14358),#14364,.F.);
#14358 = FACE_BOUND('',#14359,.T.);
#14359 = EDGE_LOOP('',(#14360,#14361,#14362,#14363));
#14360 = ORIENTED_EDGE('',*,*,#14206,.F.);
#14361 = ORIENTED_EDGE('',*,*,#14344,.F.);
#14362 = ORIENTED_EDGE('',*,*,#14075,.T.);
#14363 = ORIENTED_EDGE('',*,*,#14327,.T.);
#14364 = CYLINDRICAL_SURFACE('',#14365,2.25);
#14365 = AXIS2_PLACEMENT_3D('',#14366,#14367,#14368);
#14366 = CARTESIAN_POINT('',(70.5,-104.,50.));
#14367 = DIRECTION('',(-0.,-1.,-0.));
#14368 = DIRECTION('',(0.,0.,1.));
#14369 = ADVANCED_FACE('',(#14370),#14381,.F.);
#14370 = FACE_BOUND('',#14371,.T.);
#14371 = EDGE_LOOP('',(#14372,#14373,#14379,#14380));
#14372 = ORIENTED_EDGE('',*,*,#14223,.F.);
#14373 = ORIENTED_EDGE('',*,*,#14374,.F.);
#14374 = EDGE_CURVE('',#14093,#14224,#14375,.T.);
#14375 = LINE('',#14376,#14377);
#14376 = CARTESIAN_POINT('',(90.,-104.,57.));
#14377 = VECTOR('',#14378,1.);
#14378 = DIRECTION('',(-0.,-1.,-0.));
#14379 = ORIENTED_EDGE('',*,*,#14092,.T.);
#14380 = ORIENTED_EDGE('',*,*,#14374,.T.);
#14381 = CYLINDRICAL_SURFACE('',#14382,7.);
#14382 = AXIS2_PLACEMENT_3D('',#14383,#14384,#14385);
#14383 = CARTESIAN_POINT('',(90.,-104.,50.));
#14384 = DIRECTION('',(-0.,-1.,-0.));
#14385 = DIRECTION('',(0.,0.,1.));
#14386 = ADVANCED_FACE('',(#14387),#14403,.F.);
#14387 = FACE_BOUND('',#14388,.T.);
#14388 = EDGE_LOOP('',(#14389,#14390,#14396,#14397));
#14389 = ORIENTED_EDGE('',*,*,#14234,.F.);
#14390 = ORIENTED_EDGE('',*,*,#14391,.F.);
#14391 = EDGE_CURVE('',#14104,#14235,#14392,.T.);
#14392 = LINE('',#14393,#14394);
#14393 = CARTESIAN_POINT('',(109.5,-104.,52.25));
#14394 = VECTOR('',#14395,1.);
#14395 = DIRECTION('',(-0.,-1.,-0.));
#14396 = ORIENTED_EDGE('',*,*,#14103,.T.);
#14397 = ORIENTED_EDGE('',*,*,#14398,.T.);
#14398 = EDGE_CURVE('',#14106,#14237,#14399,.T.);
#14399 = LINE('',#14400,#14401);
#14400 = CARTESIAN_POINT('',(109.5,-104.,47.75));
#14401 = VECTOR('',#14402,1.);
#14402 = DIRECTION('',(-0.,-1.,-0.));
#14403 = CYLINDRICAL_SURFACE('',#14404,2.25);
#14404 = AXIS2_PLACEMENT_3D('',#14405,#14406,#14407);
#14405 = CARTESIAN_POINT('',(109.5,-104.,50.));
#14406 = DIRECTION('',(-0.,-1.,-0.));
#14407 = DIRECTION('',(0.,0.,1.));
#14408 = ADVANCED_FACE('',(#14409),#14420,.T.);
#14409 = FACE_BOUND('',#14410,.F.);
#14410 = EDGE_LOOP('',(#14411,#14417,#14418,#14419));
#14411 = ORIENTED_EDGE('',*,*,#14412,.F.);
#14412 = EDGE_CURVE('',#14123,#14254,#14413,.T.);
#14413 = LINE('',#14414,#14415);
#14414 = CARTESIAN_POINT('',(107.5,-104.,47.75));
#14415 = VECTOR('',#14416,1.);
#14416 = DIRECTION('',(-0.,-1.,-0.));
#14417 = ORIENTED_EDGE('',*,*,#14131,.T.);
#14418 = ORIENTED_EDGE('',*,*,#14398,.T.);
#14419 = ORIENTED_EDGE('',*,*,#14262,.F.);
#14420 = PLANE('',#14421);
#14421 = AXIS2_PLACEMENT_3D('',#14422,#14423,#14424);
#14422 = CARTESIAN_POINT('',(107.5,-104.,47.75));
#14423 = DIRECTION('',(0.,0.,1.));
#14424 = DIRECTION('',(-1.,0.,0.));
#14425 = ADVANCED_FACE('',(#14426),#14437,.F.);
#14426 = FACE_BOUND('',#14427,.T.);
#14427 = EDGE_LOOP('',(#14428,#14429,#14430,#14431));
#14428 = ORIENTED_EDGE('',*,*,#14253,.F.);
#14429 = ORIENTED_EDGE('',*,*,#14412,.F.);
#14430 = ORIENTED_EDGE('',*,*,#14122,.T.);
#14431 = ORIENTED_EDGE('',*,*,#14432,.T.);
#14432 = EDGE_CURVE('',#14115,#14246,#14433,.T.);
#14433 = LINE('',#14434,#14435);
#14434 = CARTESIAN_POINT('',(107.5,-104.,52.25));
#14435 = VECTOR('',#14436,1.);
#14436 = DIRECTION('',(-0.,-1.,-0.));
#14437 = CYLINDRICAL_SURFACE('',#14438,2.25);
#14438 = AXIS2_PLACEMENT_3D('',#14439,#14440,#14441);
#14439 = CARTESIAN_POINT('',(107.5,-104.,50.));
#14440 = DIRECTION('',(-0.,-1.,-0.));
#14441 = DIRECTION('',(0.,0.,1.));
#14442 = ADVANCED_FACE('',(#14443),#14449,.F.);
#14443 = FACE_BOUND('',#14444,.T.);
#14444 = EDGE_LOOP('',(#14445,#14446,#14447,#14448));
#14445 = ORIENTED_EDGE('',*,*,#14432,.F.);
#14446 = ORIENTED_EDGE('',*,*,#14114,.T.);
#14447 = ORIENTED_EDGE('',*,*,#14391,.T.);
#14448 = ORIENTED_EDGE('',*,*,#14245,.F.);
#14449 = PLANE('',#14450);
#14450 = AXIS2_PLACEMENT_3D('',#14451,#14452,#14453);
#14451 = CARTESIAN_POINT('',(107.5,-104.,52.25));
#14452 = DIRECTION('',(0.,0.,1.));
#14453 = DIRECTION('',(-1.,0.,0.));
#14454 = MANIFOLD_SOLID_BREP('',#14455);
#14455 = CLOSED_SHELL('',(#14456,#14496,#14610,#14634,#14741,#14758,
    #14770,#14792,#14809,#14826,#14838,#14855,#14877,#14894,#14911));
#14456 = ADVANCED_FACE('',(#14457),#14491,.F.);
#14457 = FACE_BOUND('',#14458,.T.);
#14458 = EDGE_LOOP('',(#14459,#14469,#14477,#14485));
#14459 = ORIENTED_EDGE('',*,*,#14460,.F.);
#14460 = EDGE_CURVE('',#14461,#14463,#14465,.T.);
#14461 = VERTEX_POINT('',#14462);
#14462 = CARTESIAN_POINT('',(34.,-198.,25.));
#14463 = VERTEX_POINT('',#14464);
#14464 = CARTESIAN_POINT('',(34.,-198.,105.));
#14465 = LINE('',#14466,#14467);
#14466 = CARTESIAN_POINT('',(34.,-198.,25.));
#14467 = VECTOR('',#14468,1.);
#14468 = DIRECTION('',(0.,0.,1.));
#14469 = ORIENTED_EDGE('',*,*,#14470,.T.);
#14470 = EDGE_CURVE('',#14461,#14471,#14473,.T.);
#14471 = VERTEX_POINT('',#14472);
#14472 = CARTESIAN_POINT('',(34.,-202.,25.));
#14473 = LINE('',#14474,#14475);
#14474 = CARTESIAN_POINT('',(34.,-198.,25.));
#14475 = VECTOR('',#14476,1.);
#14476 = DIRECTION('',(-0.,-1.,-0.));
#14477 = ORIENTED_EDGE('',*,*,#14478,.T.);
#14478 = EDGE_CURVE('',#14471,#14479,#14481,.T.);
#14479 = VERTEX_POINT('',#14480);
#14480 = CARTESIAN_POINT('',(34.,-202.,105.));
#14481 = LINE('',#14482,#14483);
#14482 = CARTESIAN_POINT('',(34.,-202.,25.));
#14483 = VECTOR('',#14484,1.);
#14484 = DIRECTION('',(0.,0.,1.));
#14485 = ORIENTED_EDGE('',*,*,#14486,.F.);
#14486 = EDGE_CURVE('',#14463,#14479,#14487,.T.);
#14487 = LINE('',#14488,#14489);
#14488 = CARTESIAN_POINT('',(34.,-198.,105.));
#14489 = VECTOR('',#14490,1.);
#14490 = DIRECTION('',(-0.,-1.,-0.));
#14491 = PLANE('',#14492);
#14492 = AXIS2_PLACEMENT_3D('',#14493,#14494,#14495);
#14493 = CARTESIAN_POINT('',(34.,-198.,25.));
#14494 = DIRECTION('',(1.,0.,0.));
#14495 = DIRECTION('',(0.,0.,-1.));
#14496 = ADVANCED_FACE('',(#14497,#14522,#14558,#14569),#14605,.F.);
#14497 = FACE_BOUND('',#14498,.T.);
#14498 = EDGE_LOOP('',(#14499,#14507,#14508,#14516));
#14499 = ORIENTED_EDGE('',*,*,#14500,.F.);
#14500 = EDGE_CURVE('',#14461,#14501,#14503,.T.);
#14501 = VERTEX_POINT('',#14502);
#14502 = CARTESIAN_POINT('',(146.,-198.,25.));
#14503 = LINE('',#14504,#14505);
#14504 = CARTESIAN_POINT('',(34.,-198.,25.));
#14505 = VECTOR('',#14506,1.);
#14506 = DIRECTION('',(1.,0.,0.));
#14507 = ORIENTED_EDGE('',*,*,#14460,.T.);
#14508 = ORIENTED_EDGE('',*,*,#14509,.T.);
#14509 = EDGE_CURVE('',#14463,#14510,#14512,.T.);
#14510 = VERTEX_POINT('',#14511);
#14511 = CARTESIAN_POINT('',(146.,-198.,105.));
#14512 = LINE('',#14513,#14514);
#14513 = CARTESIAN_POINT('',(34.,-198.,105.));
#14514 = VECTOR('',#14515,1.);
#14515 = DIRECTION('',(1.,0.,0.));
#14516 = ORIENTED_EDGE('',*,*,#14517,.F.);
#14517 = EDGE_CURVE('',#14501,#14510,#14518,.T.);
#14518 = LINE('',#14519,#14520);
#14519 = CARTESIAN_POINT('',(146.,-198.,25.));
#14520 = VECTOR('',#14521,1.);
#14521 = DIRECTION('',(0.,0.,1.));
#14522 = FACE_BOUND('',#14523,.T.);
#14523 = EDGE_LOOP('',(#14524,#14535,#14543,#14552));
#14524 = ORIENTED_EDGE('',*,*,#14525,.F.);
#14525 = EDGE_CURVE('',#14526,#14528,#14530,.T.);
#14526 = VERTEX_POINT('',#14527);
#14527 = CARTESIAN_POINT('',(72.5,-198.,52.25));
#14528 = VERTEX_POINT('',#14529);
#14529 = CARTESIAN_POINT('',(72.5,-198.,47.75));
#14530 = CIRCLE('',#14531,2.25);
#14531 = AXIS2_PLACEMENT_3D('',#14532,#14533,#14534);
#14532 = CARTESIAN_POINT('',(72.5,-198.,50.));
#14533 = DIRECTION('',(0.,1.,0.));
#14534 = DIRECTION('',(0.,0.,1.));
#14535 = ORIENTED_EDGE('',*,*,#14536,.F.);
#14536 = EDGE_CURVE('',#14537,#14526,#14539,.T.);
#14537 = VERTEX_POINT('',#14538);
#14538 = CARTESIAN_POINT('',(70.5,-198.,52.25));
#14539 = LINE('',#14540,#14541);
#14540 = CARTESIAN_POINT('',(52.25,-198.,52.25));
#14541 = VECTOR('',#14542,1.);
#14542 = DIRECTION('',(1.,0.,0.));
#14543 = ORIENTED_EDGE('',*,*,#14544,.F.);
#14544 = EDGE_CURVE('',#14545,#14537,#14547,.T.);
#14545 = VERTEX_POINT('',#14546);
#14546 = CARTESIAN_POINT('',(70.5,-198.,47.75));
#14547 = CIRCLE('',#14548,2.25);
#14548 = AXIS2_PLACEMENT_3D('',#14549,#14550,#14551);
#14549 = CARTESIAN_POINT('',(70.5,-198.,50.));
#14550 = DIRECTION('',(0.,1.,0.));
#14551 = DIRECTION('',(0.,0.,1.));
#14552 = ORIENTED_EDGE('',*,*,#14553,.T.);
#14553 = EDGE_CURVE('',#14545,#14528,#14554,.T.);
#14554 = LINE('',#14555,#14556);
#14555 = CARTESIAN_POINT('',(52.25,-198.,47.75));
#14556 = VECTOR('',#14557,1.);
#14557 = DIRECTION('',(1.,0.,0.));
#14558 = FACE_BOUND('',#14559,.T.);
#14559 = EDGE_LOOP('',(#14560));
#14560 = ORIENTED_EDGE('',*,*,#14561,.F.);
#14561 = EDGE_CURVE('',#14562,#14562,#14564,.T.);
#14562 = VERTEX_POINT('',#14563);
#14563 = CARTESIAN_POINT('',(90.,-198.,57.));
#14564 = CIRCLE('',#14565,7.);
#14565 = AXIS2_PLACEMENT_3D('',#14566,#14567,#14568);
#14566 = CARTESIAN_POINT('',(90.,-198.,50.));
#14567 = DIRECTION('',(0.,1.,0.));
#14568 = DIRECTION('',(0.,0.,1.));
#14569 = FACE_BOUND('',#14570,.T.);
#14570 = EDGE_LOOP('',(#14571,#14582,#14590,#14599));
#14571 = ORIENTED_EDGE('',*,*,#14572,.F.);
#14572 = EDGE_CURVE('',#14573,#14575,#14577,.T.);
#14573 = VERTEX_POINT('',#14574);
#14574 = CARTESIAN_POINT('',(109.5,-198.,52.25));
#14575 = VERTEX_POINT('',#14576);
#14576 = CARTESIAN_POINT('',(109.5,-198.,47.75));
#14577 = CIRCLE('',#14578,2.25);
#14578 = AXIS2_PLACEMENT_3D('',#14579,#14580,#14581);
#14579 = CARTESIAN_POINT('',(109.5,-198.,50.));
#14580 = DIRECTION('',(0.,1.,0.));
#14581 = DIRECTION('',(0.,0.,1.));
#14582 = ORIENTED_EDGE('',*,*,#14583,.F.);
#14583 = EDGE_CURVE('',#14584,#14573,#14586,.T.);
#14584 = VERTEX_POINT('',#14585);
#14585 = CARTESIAN_POINT('',(107.5,-198.,52.25));
#14586 = LINE('',#14587,#14588);
#14587 = CARTESIAN_POINT('',(70.75,-198.,52.25));
#14588 = VECTOR('',#14589,1.);
#14589 = DIRECTION('',(1.,0.,0.));
#14590 = ORIENTED_EDGE('',*,*,#14591,.F.);
#14591 = EDGE_CURVE('',#14592,#14584,#14594,.T.);
#14592 = VERTEX_POINT('',#14593);
#14593 = CARTESIAN_POINT('',(107.5,-198.,47.75));
#14594 = CIRCLE('',#14595,2.25);
#14595 = AXIS2_PLACEMENT_3D('',#14596,#14597,#14598);
#14596 = CARTESIAN_POINT('',(107.5,-198.,50.));
#14597 = DIRECTION('',(0.,1.,0.));
#14598 = DIRECTION('',(0.,0.,1.));
#14599 = ORIENTED_EDGE('',*,*,#14600,.T.);
#14600 = EDGE_CURVE('',#14592,#14575,#14601,.T.);
#14601 = LINE('',#14602,#14603);
#14602 = CARTESIAN_POINT('',(70.75,-198.,47.75));
#14603 = VECTOR('',#14604,1.);
#14604 = DIRECTION('',(1.,0.,0.));
#14605 = PLANE('',#14606);
#14606 = AXIS2_PLACEMENT_3D('',#14607,#14608,#14609);
#14607 = CARTESIAN_POINT('',(34.,-198.,25.));
#14608 = DIRECTION('',(-0.,-1.,-0.));
#14609 = DIRECTION('',(0.,0.,-1.));
#14610 = ADVANCED_FACE('',(#14611),#14629,.T.);
#14611 = FACE_BOUND('',#14612,.F.);
#14612 = EDGE_LOOP('',(#14613,#14614,#14615,#14623));
#14613 = ORIENTED_EDGE('',*,*,#14486,.F.);
#14614 = ORIENTED_EDGE('',*,*,#14509,.T.);
#14615 = ORIENTED_EDGE('',*,*,#14616,.T.);
#14616 = EDGE_CURVE('',#14510,#14617,#14619,.T.);
#14617 = VERTEX_POINT('',#14618);
#14618 = CARTESIAN_POINT('',(146.,-202.,105.));
#14619 = LINE('',#14620,#14621);
#14620 = CARTESIAN_POINT('',(146.,-198.,105.));
#14621 = VECTOR('',#14622,1.);
#14622 = DIRECTION('',(-0.,-1.,-0.));
#14623 = ORIENTED_EDGE('',*,*,#14624,.F.);
#14624 = EDGE_CURVE('',#14479,#14617,#14625,.T.);
#14625 = LINE('',#14626,#14627);
#14626 = CARTESIAN_POINT('',(34.,-202.,105.));
#14627 = VECTOR('',#14628,1.);
#14628 = DIRECTION('',(1.,0.,0.));
#14629 = PLANE('',#14630);
#14630 = AXIS2_PLACEMENT_3D('',#14631,#14632,#14633);
#14631 = CARTESIAN_POINT('',(34.,-198.,105.));
#14632 = DIRECTION('',(0.,0.,1.));
#14633 = DIRECTION('',(-1.,0.,0.));
#14634 = ADVANCED_FACE('',(#14635,#14653,#14689,#14700),#14736,.T.);
#14635 = FACE_BOUND('',#14636,.F.);
#14636 = EDGE_LOOP('',(#14637,#14645,#14646,#14647));
#14637 = ORIENTED_EDGE('',*,*,#14638,.F.);
#14638 = EDGE_CURVE('',#14471,#14639,#14641,.T.);
#14639 = VERTEX_POINT('',#14640);
#14640 = CARTESIAN_POINT('',(146.,-202.,25.));
#14641 = LINE('',#14642,#14643);
#14642 = CARTESIAN_POINT('',(34.,-202.,25.));
#14643 = VECTOR('',#14644,1.);
#14644 = DIRECTION('',(1.,0.,0.));
#14645 = ORIENTED_EDGE('',*,*,#14478,.T.);
#14646 = ORIENTED_EDGE('',*,*,#14624,.T.);
#14647 = ORIENTED_EDGE('',*,*,#14648,.F.);
#14648 = EDGE_CURVE('',#14639,#14617,#14649,.T.);
#14649 = LINE('',#14650,#14651);
#14650 = CARTESIAN_POINT('',(146.,-202.,25.));
#14651 = VECTOR('',#14652,1.);
#14652 = DIRECTION('',(0.,0.,1.));
#14653 = FACE_BOUND('',#14654,.F.);
#14654 = EDGE_LOOP('',(#14655,#14666,#14674,#14683));
#14655 = ORIENTED_EDGE('',*,*,#14656,.F.);
#14656 = EDGE_CURVE('',#14657,#14659,#14661,.T.);
#14657 = VERTEX_POINT('',#14658);
#14658 = CARTESIAN_POINT('',(72.5,-202.,52.25));
#14659 = VERTEX_POINT('',#14660);
#14660 = CARTESIAN_POINT('',(72.5,-202.,47.75));
#14661 = CIRCLE('',#14662,2.25);
#14662 = AXIS2_PLACEMENT_3D('',#14663,#14664,#14665);
#14663 = CARTESIAN_POINT('',(72.5,-202.,50.));
#14664 = DIRECTION('',(0.,1.,0.));
#14665 = DIRECTION('',(0.,0.,1.));
#14666 = ORIENTED_EDGE('',*,*,#14667,.F.);
#14667 = EDGE_CURVE('',#14668,#14657,#14670,.T.);
#14668 = VERTEX_POINT('',#14669);
#14669 = CARTESIAN_POINT('',(70.5,-202.,52.25));
#14670 = LINE('',#14671,#14672);
#14671 = CARTESIAN_POINT('',(52.25,-202.,52.25));
#14672 = VECTOR('',#14673,1.);
#14673 = DIRECTION('',(1.,0.,0.));
#14674 = ORIENTED_EDGE('',*,*,#14675,.F.);
#14675 = EDGE_CURVE('',#14676,#14668,#14678,.T.);
#14676 = VERTEX_POINT('',#14677);
#14677 = CARTESIAN_POINT('',(70.5,-202.,47.75));
#14678 = CIRCLE('',#14679,2.25);
#14679 = AXIS2_PLACEMENT_3D('',#14680,#14681,#14682);
#14680 = CARTESIAN_POINT('',(70.5,-202.,50.));
#14681 = DIRECTION('',(0.,1.,0.));
#14682 = DIRECTION('',(0.,0.,1.));
#14683 = ORIENTED_EDGE('',*,*,#14684,.T.);
#14684 = EDGE_CURVE('',#14676,#14659,#14685,.T.);
#14685 = LINE('',#14686,#14687);
#14686 = CARTESIAN_POINT('',(52.25,-202.,47.75));
#14687 = VECTOR('',#14688,1.);
#14688 = DIRECTION('',(1.,0.,0.));
#14689 = FACE_BOUND('',#14690,.F.);
#14690 = EDGE_LOOP('',(#14691));
#14691 = ORIENTED_EDGE('',*,*,#14692,.F.);
#14692 = EDGE_CURVE('',#14693,#14693,#14695,.T.);
#14693 = VERTEX_POINT('',#14694);
#14694 = CARTESIAN_POINT('',(90.,-202.,57.));
#14695 = CIRCLE('',#14696,7.);
#14696 = AXIS2_PLACEMENT_3D('',#14697,#14698,#14699);
#14697 = CARTESIAN_POINT('',(90.,-202.,50.));
#14698 = DIRECTION('',(0.,1.,0.));
#14699 = DIRECTION('',(0.,0.,1.));
#14700 = FACE_BOUND('',#14701,.F.);
#14701 = EDGE_LOOP('',(#14702,#14713,#14721,#14730));
#14702 = ORIENTED_EDGE('',*,*,#14703,.F.);
#14703 = EDGE_CURVE('',#14704,#14706,#14708,.T.);
#14704 = VERTEX_POINT('',#14705);
#14705 = CARTESIAN_POINT('',(109.5,-202.,52.25));
#14706 = VERTEX_POINT('',#14707);
#14707 = CARTESIAN_POINT('',(109.5,-202.,47.75));
#14708 = CIRCLE('',#14709,2.25);
#14709 = AXIS2_PLACEMENT_3D('',#14710,#14711,#14712);
#14710 = CARTESIAN_POINT('',(109.5,-202.,50.));
#14711 = DIRECTION('',(0.,1.,0.));
#14712 = DIRECTION('',(0.,0.,1.));
#14713 = ORIENTED_EDGE('',*,*,#14714,.F.);
#14714 = EDGE_CURVE('',#14715,#14704,#14717,.T.);
#14715 = VERTEX_POINT('',#14716);
#14716 = CARTESIAN_POINT('',(107.5,-202.,52.25));
#14717 = LINE('',#14718,#14719);
#14718 = CARTESIAN_POINT('',(70.75,-202.,52.25));
#14719 = VECTOR('',#14720,1.);
#14720 = DIRECTION('',(1.,0.,0.));
#14721 = ORIENTED_EDGE('',*,*,#14722,.F.);
#14722 = EDGE_CURVE('',#14723,#14715,#14725,.T.);
#14723 = VERTEX_POINT('',#14724);
#14724 = CARTESIAN_POINT('',(107.5,-202.,47.75));
#14725 = CIRCLE('',#14726,2.25);
#14726 = AXIS2_PLACEMENT_3D('',#14727,#14728,#14729);
#14727 = CARTESIAN_POINT('',(107.5,-202.,50.));
#14728 = DIRECTION('',(0.,1.,0.));
#14729 = DIRECTION('',(0.,0.,1.));
#14730 = ORIENTED_EDGE('',*,*,#14731,.T.);
#14731 = EDGE_CURVE('',#14723,#14706,#14732,.T.);
#14732 = LINE('',#14733,#14734);
#14733 = CARTESIAN_POINT('',(70.75,-202.,47.75));
#14734 = VECTOR('',#14735,1.);
#14735 = DIRECTION('',(1.,0.,0.));
#14736 = PLANE('',#14737);
#14737 = AXIS2_PLACEMENT_3D('',#14738,#14739,#14740);
#14738 = CARTESIAN_POINT('',(34.,-202.,25.));
#14739 = DIRECTION('',(-0.,-1.,-0.));
#14740 = DIRECTION('',(0.,0.,-1.));
#14741 = ADVANCED_FACE('',(#14742),#14753,.F.);
#14742 = FACE_BOUND('',#14743,.T.);
#14743 = EDGE_LOOP('',(#14744,#14745,#14746,#14752));
#14744 = ORIENTED_EDGE('',*,*,#14470,.F.);
#14745 = ORIENTED_EDGE('',*,*,#14500,.T.);
#14746 = ORIENTED_EDGE('',*,*,#14747,.T.);
#14747 = EDGE_CURVE('',#14501,#14639,#14748,.T.);
#14748 = LINE('',#14749,#14750);
#14749 = CARTESIAN_POINT('',(146.,-198.,25.));
#14750 = VECTOR('',#14751,1.);
#14751 = DIRECTION('',(-0.,-1.,-0.));
#14752 = ORIENTED_EDGE('',*,*,#14638,.F.);
#14753 = PLANE('',#14754);
#14754 = AXIS2_PLACEMENT_3D('',#14755,#14756,#14757);
#14755 = CARTESIAN_POINT('',(34.,-198.,25.));
#14756 = DIRECTION('',(0.,0.,1.));
#14757 = DIRECTION('',(-1.,0.,0.));
#14758 = ADVANCED_FACE('',(#14759),#14765,.T.);
#14759 = FACE_BOUND('',#14760,.F.);
#14760 = EDGE_LOOP('',(#14761,#14762,#14763,#14764));
#14761 = ORIENTED_EDGE('',*,*,#14517,.F.);
#14762 = ORIENTED_EDGE('',*,*,#14747,.T.);
#14763 = ORIENTED_EDGE('',*,*,#14648,.T.);
#14764 = ORIENTED_EDGE('',*,*,#14616,.F.);
#14765 = PLANE('',#14766);
#14766 = AXIS2_PLACEMENT_3D('',#14767,#14768,#14769);
#14767 = CARTESIAN_POINT('',(146.,-198.,25.));
#14768 = DIRECTION('',(1.,0.,0.));
#14769 = DIRECTION('',(0.,0.,-1.));
#14770 = ADVANCED_FACE('',(#14771),#14787,.F.);
#14771 = FACE_BOUND('',#14772,.T.);
#14772 = EDGE_LOOP('',(#14773,#14774,#14780,#14781));
#14773 = ORIENTED_EDGE('',*,*,#14656,.F.);
#14774 = ORIENTED_EDGE('',*,*,#14775,.F.);
#14775 = EDGE_CURVE('',#14526,#14657,#14776,.T.);
#14776 = LINE('',#14777,#14778);
#14777 = CARTESIAN_POINT('',(72.5,-197.,52.25));
#14778 = VECTOR('',#14779,1.);
#14779 = DIRECTION('',(-0.,-1.,-0.));
#14780 = ORIENTED_EDGE('',*,*,#14525,.T.);
#14781 = ORIENTED_EDGE('',*,*,#14782,.T.);
#14782 = EDGE_CURVE('',#14528,#14659,#14783,.T.);
#14783 = LINE('',#14784,#14785);
#14784 = CARTESIAN_POINT('',(72.5,-197.,47.75));
#14785 = VECTOR('',#14786,1.);
#14786 = DIRECTION('',(-0.,-1.,-0.));
#14787 = CYLINDRICAL_SURFACE('',#14788,2.25);
#14788 = AXIS2_PLACEMENT_3D('',#14789,#14790,#14791);
#14789 = CARTESIAN_POINT('',(72.5,-197.,50.));
#14790 = DIRECTION('',(-0.,-1.,-0.));
#14791 = DIRECTION('',(0.,0.,1.));
#14792 = ADVANCED_FACE('',(#14793),#14804,.F.);
#14793 = FACE_BOUND('',#14794,.T.);
#14794 = EDGE_LOOP('',(#14795,#14801,#14802,#14803));
#14795 = ORIENTED_EDGE('',*,*,#14796,.F.);
#14796 = EDGE_CURVE('',#14537,#14668,#14797,.T.);
#14797 = LINE('',#14798,#14799);
#14798 = CARTESIAN_POINT('',(70.5,-197.,52.25));
#14799 = VECTOR('',#14800,1.);
#14800 = DIRECTION('',(-0.,-1.,-0.));
#14801 = ORIENTED_EDGE('',*,*,#14536,.T.);
#14802 = ORIENTED_EDGE('',*,*,#14775,.T.);
#14803 = ORIENTED_EDGE('',*,*,#14667,.F.);
#14804 = PLANE('',#14805);
#14805 = AXIS2_PLACEMENT_3D('',#14806,#14807,#14808);
#14806 = CARTESIAN_POINT('',(70.5,-197.,52.25));
#14807 = DIRECTION('',(0.,0.,1.));
#14808 = DIRECTION('',(-1.,0.,0.));
#14809 = ADVANCED_FACE('',(#14810),#14821,.T.);
#14810 = FACE_BOUND('',#14811,.F.);
#14811 = EDGE_LOOP('',(#14812,#14818,#14819,#14820));
#14812 = ORIENTED_EDGE('',*,*,#14813,.F.);
#14813 = EDGE_CURVE('',#14545,#14676,#14814,.T.);
#14814 = LINE('',#14815,#14816);
#14815 = CARTESIAN_POINT('',(70.5,-197.,47.75));
#14816 = VECTOR('',#14817,1.);
#14817 = DIRECTION('',(-0.,-1.,-0.));
#14818 = ORIENTED_EDGE('',*,*,#14553,.T.);
#14819 = ORIENTED_EDGE('',*,*,#14782,.T.);
#14820 = ORIENTED_EDGE('',*,*,#14684,.F.);
#14821 = PLANE('',#14822);
#14822 = AXIS2_PLACEMENT_3D('',#14823,#14824,#14825);
#14823 = CARTESIAN_POINT('',(70.5,-197.,47.75));
#14824 = DIRECTION('',(0.,0.,1.));
#14825 = DIRECTION('',(-1.,0.,0.));
#14826 = ADVANCED_FACE('',(#14827),#14833,.F.);
#14827 = FACE_BOUND('',#14828,.T.);
#14828 = EDGE_LOOP('',(#14829,#14830,#14831,#14832));
#14829 = ORIENTED_EDGE('',*,*,#14675,.F.);
#14830 = ORIENTED_EDGE('',*,*,#14813,.F.);
#14831 = ORIENTED_EDGE('',*,*,#14544,.T.);
#14832 = ORIENTED_EDGE('',*,*,#14796,.T.);
#14833 = CYLINDRICAL_SURFACE('',#14834,2.25);
#14834 = AXIS2_PLACEMENT_3D('',#14835,#14836,#14837);
#14835 = CARTESIAN_POINT('',(70.5,-197.,50.));
#14836 = DIRECTION('',(-0.,-1.,-0.));
#14837 = DIRECTION('',(0.,0.,1.));
#14838 = ADVANCED_FACE('',(#14839),#14850,.F.);
#14839 = FACE_BOUND('',#14840,.T.);
#14840 = EDGE_LOOP('',(#14841,#14842,#14848,#14849));
#14841 = ORIENTED_EDGE('',*,*,#14692,.F.);
#14842 = ORIENTED_EDGE('',*,*,#14843,.F.);
#14843 = EDGE_CURVE('',#14562,#14693,#14844,.T.);
#14844 = LINE('',#14845,#14846);
#14845 = CARTESIAN_POINT('',(90.,-197.,57.));
#14846 = VECTOR('',#14847,1.);
#14847 = DIRECTION('',(-0.,-1.,-0.));
#14848 = ORIENTED_EDGE('',*,*,#14561,.T.);
#14849 = ORIENTED_EDGE('',*,*,#14843,.T.);
#14850 = CYLINDRICAL_SURFACE('',#14851,7.);
#14851 = AXIS2_PLACEMENT_3D('',#14852,#14853,#14854);
#14852 = CARTESIAN_POINT('',(90.,-197.,50.));
#14853 = DIRECTION('',(-0.,-1.,-0.));
#14854 = DIRECTION('',(0.,0.,1.));
#14855 = ADVANCED_FACE('',(#14856),#14872,.F.);
#14856 = FACE_BOUND('',#14857,.T.);
#14857 = EDGE_LOOP('',(#14858,#14859,#14865,#14866));
#14858 = ORIENTED_EDGE('',*,*,#14703,.F.);
#14859 = ORIENTED_EDGE('',*,*,#14860,.F.);
#14860 = EDGE_CURVE('',#14573,#14704,#14861,.T.);
#14861 = LINE('',#14862,#14863);
#14862 = CARTESIAN_POINT('',(109.5,-197.,52.25));
#14863 = VECTOR('',#14864,1.);
#14864 = DIRECTION('',(-0.,-1.,-0.));
#14865 = ORIENTED_EDGE('',*,*,#14572,.T.);
#14866 = ORIENTED_EDGE('',*,*,#14867,.T.);
#14867 = EDGE_CURVE('',#14575,#14706,#14868,.T.);
#14868 = LINE('',#14869,#14870);
#14869 = CARTESIAN_POINT('',(109.5,-197.,47.75));
#14870 = VECTOR('',#14871,1.);
#14871 = DIRECTION('',(-0.,-1.,-0.));
#14872 = CYLINDRICAL_SURFACE('',#14873,2.25);
#14873 = AXIS2_PLACEMENT_3D('',#14874,#14875,#14876);
#14874 = CARTESIAN_POINT('',(109.5,-197.,50.));
#14875 = DIRECTION('',(-0.,-1.,-0.));
#14876 = DIRECTION('',(0.,0.,1.));
#14877 = ADVANCED_FACE('',(#14878),#14889,.T.);
#14878 = FACE_BOUND('',#14879,.F.);
#14879 = EDGE_LOOP('',(#14880,#14886,#14887,#14888));
#14880 = ORIENTED_EDGE('',*,*,#14881,.F.);
#14881 = EDGE_CURVE('',#14592,#14723,#14882,.T.);
#14882 = LINE('',#14883,#14884);
#14883 = CARTESIAN_POINT('',(107.5,-197.,47.75));
#14884 = VECTOR('',#14885,1.);
#14885 = DIRECTION('',(-0.,-1.,-0.));
#14886 = ORIENTED_EDGE('',*,*,#14600,.T.);
#14887 = ORIENTED_EDGE('',*,*,#14867,.T.);
#14888 = ORIENTED_EDGE('',*,*,#14731,.F.);
#14889 = PLANE('',#14890);
#14890 = AXIS2_PLACEMENT_3D('',#14891,#14892,#14893);
#14891 = CARTESIAN_POINT('',(107.5,-197.,47.75));
#14892 = DIRECTION('',(0.,0.,1.));
#14893 = DIRECTION('',(-1.,0.,0.));
#14894 = ADVANCED_FACE('',(#14895),#14906,.F.);
#14895 = FACE_BOUND('',#14896,.T.);
#14896 = EDGE_LOOP('',(#14897,#14898,#14899,#14900));
#14897 = ORIENTED_EDGE('',*,*,#14722,.F.);
#14898 = ORIENTED_EDGE('',*,*,#14881,.F.);
#14899 = ORIENTED_EDGE('',*,*,#14591,.T.);
#14900 = ORIENTED_EDGE('',*,*,#14901,.T.);
#14901 = EDGE_CURVE('',#14584,#14715,#14902,.T.);
#14902 = LINE('',#14903,#14904);
#14903 = CARTESIAN_POINT('',(107.5,-197.,52.25));
#14904 = VECTOR('',#14905,1.);
#14905 = DIRECTION('',(-0.,-1.,-0.));
#14906 = CYLINDRICAL_SURFACE('',#14907,2.25);
#14907 = AXIS2_PLACEMENT_3D('',#14908,#14909,#14910);
#14908 = CARTESIAN_POINT('',(107.5,-197.,50.));
#14909 = DIRECTION('',(-0.,-1.,-0.));
#14910 = DIRECTION('',(0.,0.,1.));
#14911 = ADVANCED_FACE('',(#14912),#14918,.F.);
#14912 = FACE_BOUND('',#14913,.T.);
#14913 = EDGE_LOOP('',(#14914,#14915,#14916,#14917));
#14914 = ORIENTED_EDGE('',*,*,#14901,.F.);
#14915 = ORIENTED_EDGE('',*,*,#14583,.T.);
#14916 = ORIENTED_EDGE('',*,*,#14860,.T.);
#14917 = ORIENTED_EDGE('',*,*,#14714,.F.);
#14918 = PLANE('',#14919);
#14919 = AXIS2_PLACEMENT_3D('',#14920,#14921,#14922);
#14920 = CARTESIAN_POINT('',(107.5,-197.,52.25));
#14921 = DIRECTION('',(0.,0.,1.));
#14922 = DIRECTION('',(-1.,0.,0.));
#14923 = MANIFOLD_SOLID_BREP('',#14924);
#14924 = CLOSED_SHELL('',(#14925,#14965,#14996,#15054,#15078,#15129,
    #15141,#15163,#15180,#15197));
#14925 = ADVANCED_FACE('',(#14926),#14960,.F.);
#14926 = FACE_BOUND('',#14927,.T.);
#14927 = EDGE_LOOP('',(#14928,#14938,#14946,#14954));
#14928 = ORIENTED_EDGE('',*,*,#14929,.F.);
#14929 = EDGE_CURVE('',#14930,#14932,#14934,.T.);
#14930 = VERTEX_POINT('',#14931);
#14931 = CARTESIAN_POINT('',(30.,-50.,105.));
#14932 = VERTEX_POINT('',#14933);
#14933 = CARTESIAN_POINT('',(30.,-50.,109.));
#14934 = LINE('',#14935,#14936);
#14935 = CARTESIAN_POINT('',(30.,-50.,105.));
#14936 = VECTOR('',#14937,1.);
#14937 = DIRECTION('',(0.,0.,1.));
#14938 = ORIENTED_EDGE('',*,*,#14939,.T.);
#14939 = EDGE_CURVE('',#14930,#14940,#14942,.T.);
#14940 = VERTEX_POINT('',#14941);
#14941 = CARTESIAN_POINT('',(30.,-202.,105.));
#14942 = LINE('',#14943,#14944);
#14943 = CARTESIAN_POINT('',(30.,-50.,105.));
#14944 = VECTOR('',#14945,1.);
#14945 = DIRECTION('',(-0.,-1.,-0.));
#14946 = ORIENTED_EDGE('',*,*,#14947,.T.);
#14947 = EDGE_CURVE('',#14940,#14948,#14950,.T.);
#14948 = VERTEX_POINT('',#14949);
#14949 = CARTESIAN_POINT('',(30.,-202.,109.));
#14950 = LINE('',#14951,#14952);
#14951 = CARTESIAN_POINT('',(30.,-202.,105.));
#14952 = VECTOR('',#14953,1.);
#14953 = DIRECTION('',(0.,0.,1.));
#14954 = ORIENTED_EDGE('',*,*,#14955,.F.);
#14955 = EDGE_CURVE('',#14932,#14948,#14956,.T.);
#14956 = LINE('',#14957,#14958);
#14957 = CARTESIAN_POINT('',(30.,-50.,109.));
#14958 = VECTOR('',#14959,1.);
#14959 = DIRECTION('',(-0.,-1.,-0.));
#14960 = PLANE('',#14961);
#14961 = AXIS2_PLACEMENT_3D('',#14962,#14963,#14964);
#14962 = CARTESIAN_POINT('',(30.,-50.,105.));
#14963 = DIRECTION('',(1.,0.,0.));
#14964 = DIRECTION('',(0.,0.,-1.));
#14965 = ADVANCED_FACE('',(#14966),#14991,.F.);
#14966 = FACE_BOUND('',#14967,.T.);
#14967 = EDGE_LOOP('',(#14968,#14976,#14977,#14985));
#14968 = ORIENTED_EDGE('',*,*,#14969,.F.);
#14969 = EDGE_CURVE('',#14930,#14970,#14972,.T.);
#14970 = VERTEX_POINT('',#14971);
#14971 = CARTESIAN_POINT('',(150.,-50.,105.));
#14972 = LINE('',#14973,#14974);
#14973 = CARTESIAN_POINT('',(30.,-50.,105.));
#14974 = VECTOR('',#14975,1.);
#14975 = DIRECTION('',(1.,0.,0.));
#14976 = ORIENTED_EDGE('',*,*,#14929,.T.);
#14977 = ORIENTED_EDGE('',*,*,#14978,.T.);
#14978 = EDGE_CURVE('',#14932,#14979,#14981,.T.);
#14979 = VERTEX_POINT('',#14980);
#14980 = CARTESIAN_POINT('',(150.,-50.,109.));
#14981 = LINE('',#14982,#14983);
#14982 = CARTESIAN_POINT('',(30.,-50.,109.));
#14983 = VECTOR('',#14984,1.);
#14984 = DIRECTION('',(1.,0.,0.));
#14985 = ORIENTED_EDGE('',*,*,#14986,.F.);
#14986 = EDGE_CURVE('',#14970,#14979,#14987,.T.);
#14987 = LINE('',#14988,#14989);
#14988 = CARTESIAN_POINT('',(150.,-50.,105.));
#14989 = VECTOR('',#14990,1.);
#14990 = DIRECTION('',(0.,0.,1.));
#14991 = PLANE('',#14992);
#14992 = AXIS2_PLACEMENT_3D('',#14993,#14994,#14995);
#14993 = CARTESIAN_POINT('',(30.,-50.,105.));
#14994 = DIRECTION('',(-0.,-1.,-0.));
#14995 = DIRECTION('',(0.,0.,-1.));
#14996 = ADVANCED_FACE('',(#14997,#15015),#15049,.T.);
#14997 = FACE_BOUND('',#14998,.F.);
#14998 = EDGE_LOOP('',(#14999,#15000,#15001,#15009));
#14999 = ORIENTED_EDGE('',*,*,#14955,.F.);
#15000 = ORIENTED_EDGE('',*,*,#14978,.T.);
#15001 = ORIENTED_EDGE('',*,*,#15002,.T.);
#15002 = EDGE_CURVE('',#14979,#15003,#15005,.T.);
#15003 = VERTEX_POINT('',#15004);
#15004 = CARTESIAN_POINT('',(150.,-202.,109.));
#15005 = LINE('',#15006,#15007);
#15006 = CARTESIAN_POINT('',(150.,-50.,109.));
#15007 = VECTOR('',#15008,1.);
#15008 = DIRECTION('',(-0.,-1.,-0.));
#15009 = ORIENTED_EDGE('',*,*,#15010,.F.);
#15010 = EDGE_CURVE('',#14948,#15003,#15011,.T.);
#15011 = LINE('',#15012,#15013);
#15012 = CARTESIAN_POINT('',(30.,-202.,109.));
#15013 = VECTOR('',#15014,1.);
#15014 = DIRECTION('',(1.,0.,0.));
#15015 = FACE_BOUND('',#15016,.F.);
#15016 = EDGE_LOOP('',(#15017,#15027,#15035,#15043));
#15017 = ORIENTED_EDGE('',*,*,#15018,.T.);
#15018 = EDGE_CURVE('',#15019,#15021,#15023,.T.);
#15019 = VERTEX_POINT('',#15020);
#15020 = CARTESIAN_POINT('',(78.709362487928,-83.5,109.));
#15021 = VERTEX_POINT('',#15022);
#15022 = CARTESIAN_POINT('',(35.472706824455,-83.5,109.));
#15023 = LINE('',#15024,#15025);
#15024 = CARTESIAN_POINT('',(32.736353412227,-83.5,109.));
#15025 = VECTOR('',#15026,1.);
#15026 = DIRECTION('',(-1.,0.,0.));
#15027 = ORIENTED_EDGE('',*,*,#15028,.T.);
#15028 = EDGE_CURVE('',#15021,#15029,#15031,.T.);
#15029 = VERTEX_POINT('',#15030);
#15030 = CARTESIAN_POINT('',(35.472706824455,-104.5,109.));
#15031 = LINE('',#15032,#15033);
#15032 = CARTESIAN_POINT('',(35.472706824455,-66.75,109.));
#15033 = VECTOR('',#15034,1.);
#15034 = DIRECTION('',(-0.,-1.,-0.));
#15035 = ORIENTED_EDGE('',*,*,#15036,.F.);
#15036 = EDGE_CURVE('',#15037,#15029,#15039,.T.);
#15037 = VERTEX_POINT('',#15038);
#15038 = CARTESIAN_POINT('',(78.709362487928,-104.5,109.));
#15039 = LINE('',#15040,#15041);
#15040 = CARTESIAN_POINT('',(32.736353412227,-104.5,109.));
#15041 = VECTOR('',#15042,1.);
#15042 = DIRECTION('',(-1.,0.,0.));
#15043 = ORIENTED_EDGE('',*,*,#15044,.F.);
#15044 = EDGE_CURVE('',#15019,#15037,#15045,.T.);
#15045 = LINE('',#15046,#15047);
#15046 = CARTESIAN_POINT('',(78.709362487928,-66.75,109.));
#15047 = VECTOR('',#15048,1.);
#15048 = DIRECTION('',(-0.,-1.,-0.));
#15049 = PLANE('',#15050);
#15050 = AXIS2_PLACEMENT_3D('',#15051,#15052,#15053);
#15051 = CARTESIAN_POINT('',(30.,-50.,109.));
#15052 = DIRECTION('',(0.,0.,1.));
#15053 = DIRECTION('',(-1.,0.,0.));
#15054 = ADVANCED_FACE('',(#15055),#15073,.T.);
#15055 = FACE_BOUND('',#15056,.F.);
#15056 = EDGE_LOOP('',(#15057,#15065,#15066,#15067));
#15057 = ORIENTED_EDGE('',*,*,#15058,.F.);
#15058 = EDGE_CURVE('',#14940,#15059,#15061,.T.);
#15059 = VERTEX_POINT('',#15060);
#15060 = CARTESIAN_POINT('',(150.,-202.,105.));
#15061 = LINE('',#15062,#15063);
#15062 = CARTESIAN_POINT('',(30.,-202.,105.));
#15063 = VECTOR('',#15064,1.);
#15064 = DIRECTION('',(1.,0.,0.));
#15065 = ORIENTED_EDGE('',*,*,#14947,.T.);
#15066 = ORIENTED_EDGE('',*,*,#15010,.T.);
#15067 = ORIENTED_EDGE('',*,*,#15068,.F.);
#15068 = EDGE_CURVE('',#15059,#15003,#15069,.T.);
#15069 = LINE('',#15070,#15071);
#15070 = CARTESIAN_POINT('',(150.,-202.,105.));
#15071 = VECTOR('',#15072,1.);
#15072 = DIRECTION('',(0.,0.,1.));
#15073 = PLANE('',#15074);
#15074 = AXIS2_PLACEMENT_3D('',#15075,#15076,#15077);
#15075 = CARTESIAN_POINT('',(30.,-202.,105.));
#15076 = DIRECTION('',(-0.,-1.,-0.));
#15077 = DIRECTION('',(0.,0.,-1.));
#15078 = ADVANCED_FACE('',(#15079,#15090),#15124,.F.);
#15079 = FACE_BOUND('',#15080,.T.);
#15080 = EDGE_LOOP('',(#15081,#15082,#15083,#15089));
#15081 = ORIENTED_EDGE('',*,*,#14939,.F.);
#15082 = ORIENTED_EDGE('',*,*,#14969,.T.);
#15083 = ORIENTED_EDGE('',*,*,#15084,.T.);
#15084 = EDGE_CURVE('',#14970,#15059,#15085,.T.);
#15085 = LINE('',#15086,#15087);
#15086 = CARTESIAN_POINT('',(150.,-50.,105.));
#15087 = VECTOR('',#15088,1.);
#15088 = DIRECTION('',(-0.,-1.,-0.));
#15089 = ORIENTED_EDGE('',*,*,#15058,.F.);
#15090 = FACE_BOUND('',#15091,.T.);
#15091 = EDGE_LOOP('',(#15092,#15102,#15110,#15118));
#15092 = ORIENTED_EDGE('',*,*,#15093,.T.);
#15093 = EDGE_CURVE('',#15094,#15096,#15098,.T.);
#15094 = VERTEX_POINT('',#15095);
#15095 = CARTESIAN_POINT('',(78.709362487928,-83.5,105.));
#15096 = VERTEX_POINT('',#15097);
#15097 = CARTESIAN_POINT('',(35.472706824455,-83.5,105.));
#15098 = LINE('',#15099,#15100);
#15099 = CARTESIAN_POINT('',(32.736353412227,-83.5,105.));
#15100 = VECTOR('',#15101,1.);
#15101 = DIRECTION('',(-1.,0.,0.));
#15102 = ORIENTED_EDGE('',*,*,#15103,.T.);
#15103 = EDGE_CURVE('',#15096,#15104,#15106,.T.);
#15104 = VERTEX_POINT('',#15105);
#15105 = CARTESIAN_POINT('',(35.472706824455,-104.5,105.));
#15106 = LINE('',#15107,#15108);
#15107 = CARTESIAN_POINT('',(35.472706824455,-66.75,105.));
#15108 = VECTOR('',#15109,1.);
#15109 = DIRECTION('',(-0.,-1.,-0.));
#15110 = ORIENTED_EDGE('',*,*,#15111,.F.);
#15111 = EDGE_CURVE('',#15112,#15104,#15114,.T.);
#15112 = VERTEX_POINT('',#15113);
#15113 = CARTESIAN_POINT('',(78.709362487928,-104.5,105.));
#15114 = LINE('',#15115,#15116);
#15115 = CARTESIAN_POINT('',(32.736353412227,-104.5,105.));
#15116 = VECTOR('',#15117,1.);
#15117 = DIRECTION('',(-1.,0.,0.));
#15118 = ORIENTED_EDGE('',*,*,#15119,.F.);
#15119 = EDGE_CURVE('',#15094,#15112,#15120,.T.);
#15120 = LINE('',#15121,#15122);
#15121 = CARTESIAN_POINT('',(78.709362487928,-66.75,105.));
#15122 = VECTOR('',#15123,1.);
#15123 = DIRECTION('',(-0.,-1.,-0.));
#15124 = PLANE('',#15125);
#15125 = AXIS2_PLACEMENT_3D('',#15126,#15127,#15128);
#15126 = CARTESIAN_POINT('',(30.,-50.,105.));
#15127 = DIRECTION('',(0.,0.,1.));
#15128 = DIRECTION('',(-1.,0.,0.));
#15129 = ADVANCED_FACE('',(#15130),#15136,.T.);
#15130 = FACE_BOUND('',#15131,.F.);
#15131 = EDGE_LOOP('',(#15132,#15133,#15134,#15135));
#15132 = ORIENTED_EDGE('',*,*,#14986,.F.);
#15133 = ORIENTED_EDGE('',*,*,#15084,.T.);
#15134 = ORIENTED_EDGE('',*,*,#15068,.T.);
#15135 = ORIENTED_EDGE('',*,*,#15002,.F.);
#15136 = PLANE('',#15137);
#15137 = AXIS2_PLACEMENT_3D('',#15138,#15139,#15140);
#15138 = CARTESIAN_POINT('',(150.,-50.,105.));
#15139 = DIRECTION('',(1.,0.,0.));
#15140 = DIRECTION('',(0.,0.,-1.));
#15141 = ADVANCED_FACE('',(#15142),#15158,.T.);
#15142 = FACE_BOUND('',#15143,.F.);
#15143 = EDGE_LOOP('',(#15144,#15150,#15151,#15157));
#15144 = ORIENTED_EDGE('',*,*,#15145,.F.);
#15145 = EDGE_CURVE('',#15094,#15019,#15146,.T.);
#15146 = LINE('',#15147,#15148);
#15147 = CARTESIAN_POINT('',(78.709362487928,-83.5,104.));
#15148 = VECTOR('',#15149,1.);
#15149 = DIRECTION('',(0.,0.,1.));
#15150 = ORIENTED_EDGE('',*,*,#15093,.T.);
#15151 = ORIENTED_EDGE('',*,*,#15152,.T.);
#15152 = EDGE_CURVE('',#15096,#15021,#15153,.T.);
#15153 = LINE('',#15154,#15155);
#15154 = CARTESIAN_POINT('',(35.472706824455,-83.5,104.));
#15155 = VECTOR('',#15156,1.);
#15156 = DIRECTION('',(0.,0.,1.));
#15157 = ORIENTED_EDGE('',*,*,#15018,.F.);
#15158 = PLANE('',#15159);
#15159 = AXIS2_PLACEMENT_3D('',#15160,#15161,#15162);
#15160 = CARTESIAN_POINT('',(35.472706824455,-83.5,104.));
#15161 = DIRECTION('',(-0.,-1.,-0.));
#15162 = DIRECTION('',(0.,0.,-1.));
#15163 = ADVANCED_FACE('',(#15164),#15175,.F.);
#15164 = FACE_BOUND('',#15165,.T.);
#15165 = EDGE_LOOP('',(#15166,#15167,#15168,#15174));
#15166 = ORIENTED_EDGE('',*,*,#15145,.F.);
#15167 = ORIENTED_EDGE('',*,*,#15119,.T.);
#15168 = ORIENTED_EDGE('',*,*,#15169,.T.);
#15169 = EDGE_CURVE('',#15112,#15037,#15170,.T.);
#15170 = LINE('',#15171,#15172);
#15171 = CARTESIAN_POINT('',(78.709362487928,-104.5,104.));
#15172 = VECTOR('',#15173,1.);
#15173 = DIRECTION('',(0.,0.,1.));
#15174 = ORIENTED_EDGE('',*,*,#15044,.F.);
#15175 = PLANE('',#15176);
#15176 = AXIS2_PLACEMENT_3D('',#15177,#15178,#15179);
#15177 = CARTESIAN_POINT('',(78.709362487928,-83.5,104.));
#15178 = DIRECTION('',(1.,0.,0.));
#15179 = DIRECTION('',(0.,0.,-1.));
#15180 = ADVANCED_FACE('',(#15181),#15192,.F.);
#15181 = FACE_BOUND('',#15182,.T.);
#15182 = EDGE_LOOP('',(#15183,#15184,#15185,#15191));
#15183 = ORIENTED_EDGE('',*,*,#15169,.F.);
#15184 = ORIENTED_EDGE('',*,*,#15111,.T.);
#15185 = ORIENTED_EDGE('',*,*,#15186,.T.);
#15186 = EDGE_CURVE('',#15104,#15029,#15187,.T.);
#15187 = LINE('',#15188,#15189);
#15188 = CARTESIAN_POINT('',(35.472706824455,-104.5,104.));
#15189 = VECTOR('',#15190,1.);
#15190 = DIRECTION('',(0.,0.,1.));
#15191 = ORIENTED_EDGE('',*,*,#15036,.F.);
#15192 = PLANE('',#15193);
#15193 = AXIS2_PLACEMENT_3D('',#15194,#15195,#15196);
#15194 = CARTESIAN_POINT('',(35.472706824455,-104.5,104.));
#15195 = DIRECTION('',(-0.,-1.,-0.));
#15196 = DIRECTION('',(0.,0.,-1.));
#15197 = ADVANCED_FACE('',(#15198),#15204,.T.);
#15198 = FACE_BOUND('',#15199,.F.);
#15199 = EDGE_LOOP('',(#15200,#15201,#15202,#15203));
#15200 = ORIENTED_EDGE('',*,*,#15152,.F.);
#15201 = ORIENTED_EDGE('',*,*,#15103,.T.);
#15202 = ORIENTED_EDGE('',*,*,#15186,.T.);
#15203 = ORIENTED_EDGE('',*,*,#15028,.F.);
#15204 = PLANE('',#15205);
#15205 = AXIS2_PLACEMENT_3D('',#15206,#15207,#15208);
#15206 = CARTESIAN_POINT('',(35.472706824455,-83.5,104.));
#15207 = DIRECTION('',(1.,0.,0.));
#15208 = DIRECTION('',(0.,0.,-1.));
#15209 = MANIFOLD_SOLID_BREP('',#15210);
#15210 = CLOSED_SHELL('',(#15211,#15348,#15379,#15421,#15443,#15474,
    #15505,#15536,#15556,#15578,#15609,#15640,#15665,#15689,#15725,
    #15760,#15796,#15831));
#15211 = ADVANCED_FACE('',(#15212),#15343,.T.);
#15212 = FACE_BOUND('',#15213,.F.);
#15213 = EDGE_LOOP('',(#15214,#15224,#15231,#15232,#15241,#15249,#15258,
    #15267,#15276,#15284,#15293,#15301,#15310,#15319,#15328,#15336));
#15214 = ORIENTED_EDGE('',*,*,#15215,.T.);
#15215 = EDGE_CURVE('',#15216,#15218,#15220,.T.);
#15216 = VERTEX_POINT('',#15217);
#15217 = CARTESIAN_POINT('',(90.,-109.,63.5));
#15218 = VERTEX_POINT('',#15219);
#15219 = CARTESIAN_POINT('',(90.,-121.,63.5));
#15220 = LINE('',#15221,#15222);
#15221 = CARTESIAN_POINT('',(90.,-109.,63.5));
#15222 = VECTOR('',#15223,1.);
#15223 = DIRECTION('',(-0.,-1.,-0.));
#15224 = ORIENTED_EDGE('',*,*,#15225,.F.);
#15225 = EDGE_CURVE('',#15218,#15218,#15226,.T.);
#15226 = CIRCLE('',#15227,13.5);
#15227 = AXIS2_PLACEMENT_3D('',#15228,#15229,#15230);
#15228 = CARTESIAN_POINT('',(90.,-121.,50.));
#15229 = DIRECTION('',(0.,1.,0.));
#15230 = DIRECTION('',(0.,0.,1.));
#15231 = ORIENTED_EDGE('',*,*,#15215,.F.);
#15232 = ORIENTED_EDGE('',*,*,#15233,.T.);
#15233 = EDGE_CURVE('',#15216,#15234,#15236,.T.);
#15234 = VERTEX_POINT('',#15235);
#15235 = CARTESIAN_POINT('',(99.591663046625,-109.,59.5));
#15236 = CIRCLE('',#15237,13.5);
#15237 = AXIS2_PLACEMENT_3D('',#15238,#15239,#15240);
#15238 = CARTESIAN_POINT('',(90.,-109.,50.));
#15239 = DIRECTION('',(0.,1.,0.));
#15240 = DIRECTION('',(0.,0.,1.));
#15241 = ORIENTED_EDGE('',*,*,#15242,.T.);
#15242 = EDGE_CURVE('',#15234,#15243,#15245,.T.);
#15243 = VERTEX_POINT('',#15244);
#15244 = CARTESIAN_POINT('',(99.591663046625,-113.,59.5));
#15245 = LINE('',#15246,#15247);
#15246 = CARTESIAN_POINT('',(99.591663046625,-109.,59.5));
#15247 = VECTOR('',#15248,1.);
#15248 = DIRECTION('',(-0.,-1.,-0.));
#15249 = ORIENTED_EDGE('',*,*,#15250,.T.);
#15250 = EDGE_CURVE('',#15243,#15251,#15253,.T.);
#15251 = VERTEX_POINT('',#15252);
#15252 = CARTESIAN_POINT('',(103.3581081081,-113.,51.952164893675));
#15253 = CIRCLE('',#15254,13.5);
#15254 = AXIS2_PLACEMENT_3D('',#15255,#15256,#15257);
#15255 = CARTESIAN_POINT('',(90.,-113.,50.));
#15256 = DIRECTION('',(0.,1.,0.));
#15257 = DIRECTION('',(0.,0.,1.));
#15258 = ORIENTED_EDGE('',*,*,#15259,.T.);
#15259 = EDGE_CURVE('',#15251,#15260,#15262,.T.);
#15260 = VERTEX_POINT('',#15261);
#15261 = CARTESIAN_POINT('',(103.3581081081,-113.,48.047835106325));
#15262 = CIRCLE('',#15263,13.5);
#15263 = AXIS2_PLACEMENT_3D('',#15264,#15265,#15266);
#15264 = CARTESIAN_POINT('',(90.,-113.,50.));
#15265 = DIRECTION('',(0.,1.,0.));
#15266 = DIRECTION('',(0.,0.,1.));
#15267 = ORIENTED_EDGE('',*,*,#15268,.T.);
#15268 = EDGE_CURVE('',#15260,#15269,#15271,.T.);
#15269 = VERTEX_POINT('',#15270);
#15270 = CARTESIAN_POINT('',(99.591663046625,-113.,40.5));
#15271 = CIRCLE('',#15272,13.5);
#15272 = AXIS2_PLACEMENT_3D('',#15273,#15274,#15275);
#15273 = CARTESIAN_POINT('',(90.,-113.,50.));
#15274 = DIRECTION('',(0.,1.,0.));
#15275 = DIRECTION('',(0.,0.,1.));
#15276 = ORIENTED_EDGE('',*,*,#15277,.F.);
#15277 = EDGE_CURVE('',#15278,#15269,#15280,.T.);
#15278 = VERTEX_POINT('',#15279);
#15279 = CARTESIAN_POINT('',(99.591663046625,-109.,40.5));
#15280 = LINE('',#15281,#15282);
#15281 = CARTESIAN_POINT('',(99.591663046625,-109.,40.5));
#15282 = VECTOR('',#15283,1.);
#15283 = DIRECTION('',(-0.,-1.,-0.));
#15284 = ORIENTED_EDGE('',*,*,#15285,.T.);
#15285 = EDGE_CURVE('',#15278,#15286,#15288,.T.);
#15286 = VERTEX_POINT('',#15287);
#15287 = CARTESIAN_POINT('',(80.408336953375,-109.,40.5));
#15288 = CIRCLE('',#15289,13.5);
#15289 = AXIS2_PLACEMENT_3D('',#15290,#15291,#15292);
#15290 = CARTESIAN_POINT('',(90.,-109.,50.));
#15291 = DIRECTION('',(0.,1.,0.));
#15292 = DIRECTION('',(0.,0.,1.));
#15293 = ORIENTED_EDGE('',*,*,#15294,.T.);
#15294 = EDGE_CURVE('',#15286,#15295,#15297,.T.);
#15295 = VERTEX_POINT('',#15296);
#15296 = CARTESIAN_POINT('',(80.408336953375,-113.,40.5));
#15297 = LINE('',#15298,#15299);
#15298 = CARTESIAN_POINT('',(80.408336953375,-109.,40.5));
#15299 = VECTOR('',#15300,1.);
#15300 = DIRECTION('',(-0.,-1.,-0.));
#15301 = ORIENTED_EDGE('',*,*,#15302,.T.);
#15302 = EDGE_CURVE('',#15295,#15303,#15305,.T.);
#15303 = VERTEX_POINT('',#15304);
#15304 = CARTESIAN_POINT('',(76.641891891892,-113.,48.047835106325));
#15305 = CIRCLE('',#15306,13.5);
#15306 = AXIS2_PLACEMENT_3D('',#15307,#15308,#15309);
#15307 = CARTESIAN_POINT('',(90.,-113.,50.));
#15308 = DIRECTION('',(0.,1.,0.));
#15309 = DIRECTION('',(0.,0.,1.));
#15310 = ORIENTED_EDGE('',*,*,#15311,.T.);
#15311 = EDGE_CURVE('',#15303,#15312,#15314,.T.);
#15312 = VERTEX_POINT('',#15313);
#15313 = CARTESIAN_POINT('',(76.641891891892,-113.,51.952164893675));
#15314 = CIRCLE('',#15315,13.5);
#15315 = AXIS2_PLACEMENT_3D('',#15316,#15317,#15318);
#15316 = CARTESIAN_POINT('',(90.,-113.,50.));
#15317 = DIRECTION('',(0.,1.,0.));
#15318 = DIRECTION('',(0.,0.,1.));
#15319 = ORIENTED_EDGE('',*,*,#15320,.T.);
#15320 = EDGE_CURVE('',#15312,#15321,#15323,.T.);
#15321 = VERTEX_POINT('',#15322);
#15322 = CARTESIAN_POINT('',(80.408336953375,-113.,59.5));
#15323 = CIRCLE('',#15324,13.5);
#15324 = AXIS2_PLACEMENT_3D('',#15325,#15326,#15327);
#15325 = CARTESIAN_POINT('',(90.,-113.,50.));
#15326 = DIRECTION('',(0.,1.,0.));
#15327 = DIRECTION('',(0.,0.,1.));
#15328 = ORIENTED_EDGE('',*,*,#15329,.F.);
#15329 = EDGE_CURVE('',#15330,#15321,#15332,.T.);
#15330 = VERTEX_POINT('',#15331);
#15331 = CARTESIAN_POINT('',(80.408336953375,-109.,59.5));
#15332 = LINE('',#15333,#15334);
#15333 = CARTESIAN_POINT('',(80.408336953375,-109.,59.5));
#15334 = VECTOR('',#15335,1.);
#15335 = DIRECTION('',(-0.,-1.,-0.));
#15336 = ORIENTED_EDGE('',*,*,#15337,.T.);
#15337 = EDGE_CURVE('',#15330,#15216,#15338,.T.);
#15338 = CIRCLE('',#15339,13.5);
#15339 = AXIS2_PLACEMENT_3D('',#15340,#15341,#15342);
#15340 = CARTESIAN_POINT('',(90.,-109.,50.));
#15341 = DIRECTION('',(0.,1.,0.));
#15342 = DIRECTION('',(0.,0.,1.));
#15343 = CYLINDRICAL_SURFACE('',#15344,13.5);
#15344 = AXIS2_PLACEMENT_3D('',#15345,#15346,#15347);
#15345 = CARTESIAN_POINT('',(90.,-109.,50.));
#15346 = DIRECTION('',(-0.,-1.,-0.));
#15347 = DIRECTION('',(0.,0.,1.));
#15348 = ADVANCED_FACE('',(#15349),#15374,.F.);
#15349 = FACE_BOUND('',#15350,.T.);
#15350 = EDGE_LOOP('',(#15351,#15359,#15367,#15373));
#15351 = ORIENTED_EDGE('',*,*,#15352,.F.);
#15352 = EDGE_CURVE('',#15353,#15295,#15355,.T.);
#15353 = VERTEX_POINT('',#15354);
#15354 = CARTESIAN_POINT('',(71.5,-113.,40.5));
#15355 = LINE('',#15356,#15357);
#15356 = CARTESIAN_POINT('',(71.5,-113.,40.5));
#15357 = VECTOR('',#15358,1.);
#15358 = DIRECTION('',(1.,0.,0.));
#15359 = ORIENTED_EDGE('',*,*,#15360,.F.);
#15360 = EDGE_CURVE('',#15361,#15353,#15363,.T.);
#15361 = VERTEX_POINT('',#15362);
#15362 = CARTESIAN_POINT('',(71.5,-109.,40.5));
#15363 = LINE('',#15364,#15365);
#15364 = CARTESIAN_POINT('',(71.5,-109.,40.5));
#15365 = VECTOR('',#15366,1.);
#15366 = DIRECTION('',(-0.,-1.,-0.));
#15367 = ORIENTED_EDGE('',*,*,#15368,.T.);
#15368 = EDGE_CURVE('',#15361,#15286,#15369,.T.);
#15369 = LINE('',#15370,#15371);
#15370 = CARTESIAN_POINT('',(71.5,-109.,40.5));
#15371 = VECTOR('',#15372,1.);
#15372 = DIRECTION('',(1.,0.,0.));
#15373 = ORIENTED_EDGE('',*,*,#15294,.T.);
#15374 = PLANE('',#15375);
#15375 = AXIS2_PLACEMENT_3D('',#15376,#15377,#15378);
#15376 = CARTESIAN_POINT('',(71.5,-109.,40.5));
#15377 = DIRECTION('',(0.,0.,1.));
#15378 = DIRECTION('',(-1.,0.,0.));
#15379 = ADVANCED_FACE('',(#15380),#15416,.T.);
#15380 = FACE_BOUND('',#15381,.F.);
#15381 = EDGE_LOOP('',(#15382,#15392,#15401,#15409));
#15382 = ORIENTED_EDGE('',*,*,#15383,.T.);
#15383 = EDGE_CURVE('',#15384,#15386,#15388,.T.);
#15384 = VERTEX_POINT('',#15385);
#15385 = CARTESIAN_POINT('',(71.5,-109.,55.5));
#15386 = VERTEX_POINT('',#15387);
#15387 = CARTESIAN_POINT('',(71.5,-113.,55.5));
#15388 = LINE('',#15389,#15390);
#15389 = CARTESIAN_POINT('',(71.5,-109.,55.5));
#15390 = VECTOR('',#15391,1.);
#15391 = DIRECTION('',(-0.,-1.,-0.));
#15392 = ORIENTED_EDGE('',*,*,#15393,.F.);
#15393 = EDGE_CURVE('',#15394,#15386,#15396,.T.);
#15394 = VERTEX_POINT('',#15395);
#15395 = CARTESIAN_POINT('',(71.5,-113.,44.5));
#15396 = CIRCLE('',#15397,5.5);
#15397 = AXIS2_PLACEMENT_3D('',#15398,#15399,#15400);
#15398 = CARTESIAN_POINT('',(71.5,-113.,50.));
#15399 = DIRECTION('',(0.,1.,0.));
#15400 = DIRECTION('',(0.,0.,1.));
#15401 = ORIENTED_EDGE('',*,*,#15402,.F.);
#15402 = EDGE_CURVE('',#15403,#15394,#15405,.T.);
#15403 = VERTEX_POINT('',#15404);
#15404 = CARTESIAN_POINT('',(71.5,-109.,44.5));
#15405 = LINE('',#15406,#15407);
#15406 = CARTESIAN_POINT('',(71.5,-109.,44.5));
#15407 = VECTOR('',#15408,1.);
#15408 = DIRECTION('',(-0.,-1.,-0.));
#15409 = ORIENTED_EDGE('',*,*,#15410,.T.);
#15410 = EDGE_CURVE('',#15403,#15384,#15411,.T.);
#15411 = CIRCLE('',#15412,5.5);
#15412 = AXIS2_PLACEMENT_3D('',#15413,#15414,#15415);
#15413 = CARTESIAN_POINT('',(71.5,-109.,50.));
#15414 = DIRECTION('',(0.,1.,0.));
#15415 = DIRECTION('',(0.,0.,1.));
#15416 = CYLINDRICAL_SURFACE('',#15417,5.5);
#15417 = AXIS2_PLACEMENT_3D('',#15418,#15419,#15420);
#15418 = CARTESIAN_POINT('',(71.5,-109.,50.));
#15419 = DIRECTION('',(-0.,-1.,-0.));
#15420 = DIRECTION('',(0.,0.,1.));
#15421 = ADVANCED_FACE('',(#15422),#15438,.F.);
#15422 = FACE_BOUND('',#15423,.T.);
#15423 = EDGE_LOOP('',(#15424,#15425,#15431,#15432));
#15424 = ORIENTED_EDGE('',*,*,#15402,.F.);
#15425 = ORIENTED_EDGE('',*,*,#15426,.F.);
#15426 = EDGE_CURVE('',#15361,#15403,#15427,.T.);
#15427 = LINE('',#15428,#15429);
#15428 = CARTESIAN_POINT('',(71.5,-109.,40.5));
#15429 = VECTOR('',#15430,1.);
#15430 = DIRECTION('',(0.,0.,1.));
#15431 = ORIENTED_EDGE('',*,*,#15360,.T.);
#15432 = ORIENTED_EDGE('',*,*,#15433,.T.);
#15433 = EDGE_CURVE('',#15353,#15394,#15434,.T.);
#15434 = LINE('',#15435,#15436);
#15435 = CARTESIAN_POINT('',(71.5,-113.,40.5));
#15436 = VECTOR('',#15437,1.);
#15437 = DIRECTION('',(0.,0.,1.));
#15438 = PLANE('',#15439);
#15439 = AXIS2_PLACEMENT_3D('',#15440,#15441,#15442);
#15440 = CARTESIAN_POINT('',(71.5,-109.,40.5));
#15441 = DIRECTION('',(1.,0.,0.));
#15442 = DIRECTION('',(0.,0.,-1.));
#15443 = ADVANCED_FACE('',(#15444),#15469,.T.);
#15444 = FACE_BOUND('',#15445,.F.);
#15445 = EDGE_LOOP('',(#15446,#15454,#15462,#15468));
#15446 = ORIENTED_EDGE('',*,*,#15447,.F.);
#15447 = EDGE_CURVE('',#15448,#15321,#15450,.T.);
#15448 = VERTEX_POINT('',#15449);
#15449 = CARTESIAN_POINT('',(71.5,-113.,59.5));
#15450 = LINE('',#15451,#15452);
#15451 = CARTESIAN_POINT('',(71.5,-113.,59.5));
#15452 = VECTOR('',#15453,1.);
#15453 = DIRECTION('',(1.,0.,0.));
#15454 = ORIENTED_EDGE('',*,*,#15455,.F.);
#15455 = EDGE_CURVE('',#15456,#15448,#15458,.T.);
#15456 = VERTEX_POINT('',#15457);
#15457 = CARTESIAN_POINT('',(71.5,-109.,59.5));
#15458 = LINE('',#15459,#15460);
#15459 = CARTESIAN_POINT('',(71.5,-109.,59.5));
#15460 = VECTOR('',#15461,1.);
#15461 = DIRECTION('',(-0.,-1.,-0.));
#15462 = ORIENTED_EDGE('',*,*,#15463,.T.);
#15463 = EDGE_CURVE('',#15456,#15330,#15464,.T.);
#15464 = LINE('',#15465,#15466);
#15465 = CARTESIAN_POINT('',(71.5,-109.,59.5));
#15466 = VECTOR('',#15467,1.);
#15467 = DIRECTION('',(1.,0.,0.));
#15468 = ORIENTED_EDGE('',*,*,#15329,.T.);
#15469 = PLANE('',#15470);
#15470 = AXIS2_PLACEMENT_3D('',#15471,#15472,#15473);
#15471 = CARTESIAN_POINT('',(71.5,-109.,59.5));
#15472 = DIRECTION('',(0.,0.,1.));
#15473 = DIRECTION('',(-1.,0.,0.));
#15474 = ADVANCED_FACE('',(#15475),#15500,.F.);
#15475 = FACE_BOUND('',#15476,.T.);
#15476 = EDGE_LOOP('',(#15477,#15485,#15486,#15494));
#15477 = ORIENTED_EDGE('',*,*,#15478,.F.);
#15478 = EDGE_CURVE('',#15269,#15479,#15481,.T.);
#15479 = VERTEX_POINT('',#15480);
#15480 = CARTESIAN_POINT('',(108.5,-113.,40.5));
#15481 = LINE('',#15482,#15483);
#15482 = CARTESIAN_POINT('',(71.5,-113.,40.5));
#15483 = VECTOR('',#15484,1.);
#15484 = DIRECTION('',(1.,0.,0.));
#15485 = ORIENTED_EDGE('',*,*,#15277,.F.);
#15486 = ORIENTED_EDGE('',*,*,#15487,.T.);
#15487 = EDGE_CURVE('',#15278,#15488,#15490,.T.);
#15488 = VERTEX_POINT('',#15489);
#15489 = CARTESIAN_POINT('',(108.5,-109.,40.5));
#15490 = LINE('',#15491,#15492);
#15491 = CARTESIAN_POINT('',(71.5,-109.,40.5));
#15492 = VECTOR('',#15493,1.);
#15493 = DIRECTION('',(1.,0.,0.));
#15494 = ORIENTED_EDGE('',*,*,#15495,.T.);
#15495 = EDGE_CURVE('',#15488,#15479,#15496,.T.);
#15496 = LINE('',#15497,#15498);
#15497 = CARTESIAN_POINT('',(108.5,-109.,40.5));
#15498 = VECTOR('',#15499,1.);
#15499 = DIRECTION('',(-0.,-1.,-0.));
#15500 = PLANE('',#15501);
#15501 = AXIS2_PLACEMENT_3D('',#15502,#15503,#15504);
#15502 = CARTESIAN_POINT('',(71.5,-109.,40.5));
#15503 = DIRECTION('',(0.,0.,1.));
#15504 = DIRECTION('',(-1.,0.,0.));
#15505 = ADVANCED_FACE('',(#15506),#15531,.T.);
#15506 = FACE_BOUND('',#15507,.F.);
#15507 = EDGE_LOOP('',(#15508,#15516,#15517,#15525));
#15508 = ORIENTED_EDGE('',*,*,#15509,.F.);
#15509 = EDGE_CURVE('',#15243,#15510,#15512,.T.);
#15510 = VERTEX_POINT('',#15511);
#15511 = CARTESIAN_POINT('',(108.5,-113.,59.5));
#15512 = LINE('',#15513,#15514);
#15513 = CARTESIAN_POINT('',(71.5,-113.,59.5));
#15514 = VECTOR('',#15515,1.);
#15515 = DIRECTION('',(1.,0.,0.));
#15516 = ORIENTED_EDGE('',*,*,#15242,.F.);
#15517 = ORIENTED_EDGE('',*,*,#15518,.T.);
#15518 = EDGE_CURVE('',#15234,#15519,#15521,.T.);
#15519 = VERTEX_POINT('',#15520);
#15520 = CARTESIAN_POINT('',(108.5,-109.,59.5));
#15521 = LINE('',#15522,#15523);
#15522 = CARTESIAN_POINT('',(71.5,-109.,59.5));
#15523 = VECTOR('',#15524,1.);
#15524 = DIRECTION('',(1.,0.,0.));
#15525 = ORIENTED_EDGE('',*,*,#15526,.T.);
#15526 = EDGE_CURVE('',#15519,#15510,#15527,.T.);
#15527 = LINE('',#15528,#15529);
#15528 = CARTESIAN_POINT('',(108.5,-109.,59.5));
#15529 = VECTOR('',#15530,1.);
#15530 = DIRECTION('',(-0.,-1.,-0.));
#15531 = PLANE('',#15532);
#15532 = AXIS2_PLACEMENT_3D('',#15533,#15534,#15535);
#15533 = CARTESIAN_POINT('',(71.5,-109.,59.5));
#15534 = DIRECTION('',(0.,0.,1.));
#15535 = DIRECTION('',(-1.,0.,0.));
#15536 = ADVANCED_FACE('',(#15537,#15540),#15551,.T.);
#15537 = FACE_BOUND('',#15538,.F.);
#15538 = EDGE_LOOP('',(#15539));
#15539 = ORIENTED_EDGE('',*,*,#15225,.T.);
#15540 = FACE_BOUND('',#15541,.F.);
#15541 = EDGE_LOOP('',(#15542));
#15542 = ORIENTED_EDGE('',*,*,#15543,.F.);
#15543 = EDGE_CURVE('',#15544,#15544,#15546,.T.);
#15544 = VERTEX_POINT('',#15545);
#15545 = CARTESIAN_POINT('',(90.,-121.,54.));
#15546 = CIRCLE('',#15547,4.);
#15547 = AXIS2_PLACEMENT_3D('',#15548,#15549,#15550);
#15548 = CARTESIAN_POINT('',(90.,-121.,50.));
#15549 = DIRECTION('',(0.,1.,0.));
#15550 = DIRECTION('',(0.,0.,1.));
#15551 = PLANE('',#15552);
#15552 = AXIS2_PLACEMENT_3D('',#15553,#15554,#15555);
#15553 = CARTESIAN_POINT('',(90.,-121.,50.));
#15554 = DIRECTION('',(-0.,-1.,-0.));
#15555 = DIRECTION('',(0.,0.,-1.));
#15556 = ADVANCED_FACE('',(#15557),#15573,.F.);
#15557 = FACE_BOUND('',#15558,.T.);
#15558 = EDGE_LOOP('',(#15559,#15565,#15566,#15572));
#15559 = ORIENTED_EDGE('',*,*,#15560,.F.);
#15560 = EDGE_CURVE('',#15384,#15456,#15561,.T.);
#15561 = LINE('',#15562,#15563);
#15562 = CARTESIAN_POINT('',(71.5,-109.,40.5));
#15563 = VECTOR('',#15564,1.);
#15564 = DIRECTION('',(0.,0.,1.));
#15565 = ORIENTED_EDGE('',*,*,#15383,.T.);
#15566 = ORIENTED_EDGE('',*,*,#15567,.T.);
#15567 = EDGE_CURVE('',#15386,#15448,#15568,.T.);
#15568 = LINE('',#15569,#15570);
#15569 = CARTESIAN_POINT('',(71.5,-113.,40.5));
#15570 = VECTOR('',#15571,1.);
#15571 = DIRECTION('',(0.,0.,1.));
#15572 = ORIENTED_EDGE('',*,*,#15455,.F.);
#15573 = PLANE('',#15574);
#15574 = AXIS2_PLACEMENT_3D('',#15575,#15576,#15577);
#15575 = CARTESIAN_POINT('',(71.5,-109.,40.5));
#15576 = DIRECTION('',(1.,0.,0.));
#15577 = DIRECTION('',(0.,0.,-1.));
#15578 = ADVANCED_FACE('',(#15579),#15604,.T.);
#15579 = FACE_BOUND('',#15580,.F.);
#15580 = EDGE_LOOP('',(#15581,#15591,#15597,#15598));
#15581 = ORIENTED_EDGE('',*,*,#15582,.F.);
#15582 = EDGE_CURVE('',#15583,#15585,#15587,.T.);
#15583 = VERTEX_POINT('',#15584);
#15584 = CARTESIAN_POINT('',(108.5,-109.,44.5));
#15585 = VERTEX_POINT('',#15586);
#15586 = CARTESIAN_POINT('',(108.5,-113.,44.5));
#15587 = LINE('',#15588,#15589);
#15588 = CARTESIAN_POINT('',(108.5,-109.,44.5));
#15589 = VECTOR('',#15590,1.);
#15590 = DIRECTION('',(-0.,-1.,-0.));
#15591 = ORIENTED_EDGE('',*,*,#15592,.F.);
#15592 = EDGE_CURVE('',#15488,#15583,#15593,.T.);
#15593 = LINE('',#15594,#15595);
#15594 = CARTESIAN_POINT('',(108.5,-109.,40.5));
#15595 = VECTOR('',#15596,1.);
#15596 = DIRECTION('',(0.,0.,1.));
#15597 = ORIENTED_EDGE('',*,*,#15495,.T.);
#15598 = ORIENTED_EDGE('',*,*,#15599,.T.);
#15599 = EDGE_CURVE('',#15479,#15585,#15600,.T.);
#15600 = LINE('',#15601,#15602);
#15601 = CARTESIAN_POINT('',(108.5,-113.,40.5));
#15602 = VECTOR('',#15603,1.);
#15603 = DIRECTION('',(0.,0.,1.));
#15604 = PLANE('',#15605);
#15605 = AXIS2_PLACEMENT_3D('',#15606,#15607,#15608);
#15606 = CARTESIAN_POINT('',(108.5,-109.,40.5));
#15607 = DIRECTION('',(1.,0.,0.));
#15608 = DIRECTION('',(0.,0.,-1.));
#15609 = ADVANCED_FACE('',(#15610),#15635,.T.);
#15610 = FACE_BOUND('',#15611,.F.);
#15611 = EDGE_LOOP('',(#15612,#15620,#15628,#15634));
#15612 = ORIENTED_EDGE('',*,*,#15613,.F.);
#15613 = EDGE_CURVE('',#15614,#15519,#15616,.T.);
#15614 = VERTEX_POINT('',#15615);
#15615 = CARTESIAN_POINT('',(108.5,-109.,55.5));
#15616 = LINE('',#15617,#15618);
#15617 = CARTESIAN_POINT('',(108.5,-109.,40.5));
#15618 = VECTOR('',#15619,1.);
#15619 = DIRECTION('',(0.,0.,1.));
#15620 = ORIENTED_EDGE('',*,*,#15621,.T.);
#15621 = EDGE_CURVE('',#15614,#15622,#15624,.T.);
#15622 = VERTEX_POINT('',#15623);
#15623 = CARTESIAN_POINT('',(108.5,-113.,55.5));
#15624 = LINE('',#15625,#15626);
#15625 = CARTESIAN_POINT('',(108.5,-109.,55.5));
#15626 = VECTOR('',#15627,1.);
#15627 = DIRECTION('',(-0.,-1.,-0.));
#15628 = ORIENTED_EDGE('',*,*,#15629,.T.);
#15629 = EDGE_CURVE('',#15622,#15510,#15630,.T.);
#15630 = LINE('',#15631,#15632);
#15631 = CARTESIAN_POINT('',(108.5,-113.,40.5));
#15632 = VECTOR('',#15633,1.);
#15633 = DIRECTION('',(0.,0.,1.));
#15634 = ORIENTED_EDGE('',*,*,#15526,.F.);
#15635 = PLANE('',#15636);
#15636 = AXIS2_PLACEMENT_3D('',#15637,#15638,#15639);
#15637 = CARTESIAN_POINT('',(108.5,-109.,40.5));
#15638 = DIRECTION('',(1.,0.,0.));
#15639 = DIRECTION('',(0.,0.,-1.));
#15640 = ADVANCED_FACE('',(#15641),#15660,.F.);
#15641 = FACE_BOUND('',#15642,.T.);
#15642 = EDGE_LOOP('',(#15643,#15644,#15652,#15659));
#15643 = ORIENTED_EDGE('',*,*,#15543,.F.);
#15644 = ORIENTED_EDGE('',*,*,#15645,.F.);
#15645 = EDGE_CURVE('',#15646,#15544,#15648,.T.);
#15646 = VERTEX_POINT('',#15647);
#15647 = CARTESIAN_POINT('',(90.,-109.,54.));
#15648 = LINE('',#15649,#15650);
#15649 = CARTESIAN_POINT('',(90.,-108.,54.));
#15650 = VECTOR('',#15651,1.);
#15651 = DIRECTION('',(-0.,-1.,-0.));
#15652 = ORIENTED_EDGE('',*,*,#15653,.T.);
#15653 = EDGE_CURVE('',#15646,#15646,#15654,.T.);
#15654 = CIRCLE('',#15655,4.);
#15655 = AXIS2_PLACEMENT_3D('',#15656,#15657,#15658);
#15656 = CARTESIAN_POINT('',(90.,-109.,50.));
#15657 = DIRECTION('',(0.,1.,0.));
#15658 = DIRECTION('',(0.,0.,1.));
#15659 = ORIENTED_EDGE('',*,*,#15645,.T.);
#15660 = CYLINDRICAL_SURFACE('',#15661,4.);
#15661 = AXIS2_PLACEMENT_3D('',#15662,#15663,#15664);
#15662 = CARTESIAN_POINT('',(90.,-108.,50.));
#15663 = DIRECTION('',(-0.,-1.,-0.));
#15664 = DIRECTION('',(0.,0.,1.));
#15665 = ADVANCED_FACE('',(#15666),#15684,.T.);
#15666 = FACE_BOUND('',#15667,.F.);
#15667 = EDGE_LOOP('',(#15668,#15675,#15676,#15683));
#15668 = ORIENTED_EDGE('',*,*,#15669,.F.);
#15669 = EDGE_CURVE('',#15622,#15585,#15670,.T.);
#15670 = CIRCLE('',#15671,5.5);
#15671 = AXIS2_PLACEMENT_3D('',#15672,#15673,#15674);
#15672 = CARTESIAN_POINT('',(108.5,-113.,50.));
#15673 = DIRECTION('',(0.,1.,0.));
#15674 = DIRECTION('',(0.,0.,1.));
#15675 = ORIENTED_EDGE('',*,*,#15621,.F.);
#15676 = ORIENTED_EDGE('',*,*,#15677,.T.);
#15677 = EDGE_CURVE('',#15614,#15583,#15678,.T.);
#15678 = CIRCLE('',#15679,5.5);
#15679 = AXIS2_PLACEMENT_3D('',#15680,#15681,#15682);
#15680 = CARTESIAN_POINT('',(108.5,-109.,50.));
#15681 = DIRECTION('',(0.,1.,0.));
#15682 = DIRECTION('',(0.,0.,1.));
#15683 = ORIENTED_EDGE('',*,*,#15582,.T.);
#15684 = CYLINDRICAL_SURFACE('',#15685,5.5);
#15685 = AXIS2_PLACEMENT_3D('',#15686,#15687,#15688);
#15686 = CARTESIAN_POINT('',(108.5,-109.,50.));
#15687 = DIRECTION('',(-0.,-1.,-0.));
#15688 = DIRECTION('',(0.,0.,1.));
#15689 = ADVANCED_FACE('',(#15690,#15700),#15720,.T.);
#15690 = FACE_BOUND('',#15691,.F.);
#15691 = EDGE_LOOP('',(#15692,#15693,#15694,#15695,#15696,#15697,#15698,
    #15699));
#15692 = ORIENTED_EDGE('',*,*,#15311,.F.);
#15693 = ORIENTED_EDGE('',*,*,#15302,.F.);
#15694 = ORIENTED_EDGE('',*,*,#15352,.F.);
#15695 = ORIENTED_EDGE('',*,*,#15433,.T.);
#15696 = ORIENTED_EDGE('',*,*,#15393,.T.);
#15697 = ORIENTED_EDGE('',*,*,#15567,.T.);
#15698 = ORIENTED_EDGE('',*,*,#15447,.T.);
#15699 = ORIENTED_EDGE('',*,*,#15320,.F.);
#15700 = FACE_BOUND('',#15701,.F.);
#15701 = EDGE_LOOP('',(#15702,#15713));
#15702 = ORIENTED_EDGE('',*,*,#15703,.F.);
#15703 = EDGE_CURVE('',#15704,#15706,#15708,.T.);
#15704 = VERTEX_POINT('',#15705);
#15705 = CARTESIAN_POINT('',(71.5,-113.,52.25));
#15706 = VERTEX_POINT('',#15707);
#15707 = CARTESIAN_POINT('',(71.5,-113.,47.75));
#15708 = CIRCLE('',#15709,2.25);
#15709 = AXIS2_PLACEMENT_3D('',#15710,#15711,#15712);
#15710 = CARTESIAN_POINT('',(71.5,-113.,50.));
#15711 = DIRECTION('',(0.,1.,0.));
#15712 = DIRECTION('',(0.,0.,1.));
#15713 = ORIENTED_EDGE('',*,*,#15714,.F.);
#15714 = EDGE_CURVE('',#15706,#15704,#15715,.T.);
#15715 = CIRCLE('',#15716,2.25);
#15716 = AXIS2_PLACEMENT_3D('',#15717,#15718,#15719);
#15717 = CARTESIAN_POINT('',(71.5,-113.,50.));
#15718 = DIRECTION('',(0.,1.,0.));
#15719 = DIRECTION('',(0.,0.,1.));
#15720 = PLANE('',#15721);
#15721 = AXIS2_PLACEMENT_3D('',#15722,#15723,#15724);
#15722 = CARTESIAN_POINT('',(74.040346922418,-113.,50.));
#15723 = DIRECTION('',(-0.,-1.,-0.));
#15724 = DIRECTION('',(0.,0.,-1.));
#15725 = ADVANCED_FACE('',(#15726),#15755,.F.);
#15726 = FACE_BOUND('',#15727,.T.);
#15727 = EDGE_LOOP('',(#15728,#15729,#15737,#15746,#15753,#15754));
#15728 = ORIENTED_EDGE('',*,*,#15703,.F.);
#15729 = ORIENTED_EDGE('',*,*,#15730,.F.);
#15730 = EDGE_CURVE('',#15731,#15704,#15733,.T.);
#15731 = VERTEX_POINT('',#15732);
#15732 = CARTESIAN_POINT('',(71.5,-109.,52.25));
#15733 = LINE('',#15734,#15735);
#15734 = CARTESIAN_POINT('',(71.5,-108.,52.25));
#15735 = VECTOR('',#15736,1.);
#15736 = DIRECTION('',(-0.,-1.,-0.));
#15737 = ORIENTED_EDGE('',*,*,#15738,.T.);
#15738 = EDGE_CURVE('',#15731,#15739,#15741,.T.);
#15739 = VERTEX_POINT('',#15740);
#15740 = CARTESIAN_POINT('',(71.5,-109.,47.75));
#15741 = CIRCLE('',#15742,2.25);
#15742 = AXIS2_PLACEMENT_3D('',#15743,#15744,#15745);
#15743 = CARTESIAN_POINT('',(71.5,-109.,50.));
#15744 = DIRECTION('',(0.,1.,0.));
#15745 = DIRECTION('',(0.,0.,1.));
#15746 = ORIENTED_EDGE('',*,*,#15747,.T.);
#15747 = EDGE_CURVE('',#15739,#15731,#15748,.T.);
#15748 = CIRCLE('',#15749,2.25);
#15749 = AXIS2_PLACEMENT_3D('',#15750,#15751,#15752);
#15750 = CARTESIAN_POINT('',(71.5,-109.,50.));
#15751 = DIRECTION('',(0.,1.,0.));
#15752 = DIRECTION('',(0.,0.,1.));
#15753 = ORIENTED_EDGE('',*,*,#15730,.T.);
#15754 = ORIENTED_EDGE('',*,*,#15714,.F.);
#15755 = CYLINDRICAL_SURFACE('',#15756,2.25);
#15756 = AXIS2_PLACEMENT_3D('',#15757,#15758,#15759);
#15757 = CARTESIAN_POINT('',(71.5,-108.,50.));
#15758 = DIRECTION('',(-0.,-1.,-0.));
#15759 = DIRECTION('',(0.,0.,1.));
#15760 = ADVANCED_FACE('',(#15761,#15771),#15791,.T.);
#15761 = FACE_BOUND('',#15762,.F.);
#15762 = EDGE_LOOP('',(#15763,#15764,#15765,#15766,#15767,#15768,#15769,
    #15770));
#15763 = ORIENTED_EDGE('',*,*,#15268,.F.);
#15764 = ORIENTED_EDGE('',*,*,#15259,.F.);
#15765 = ORIENTED_EDGE('',*,*,#15250,.F.);
#15766 = ORIENTED_EDGE('',*,*,#15509,.T.);
#15767 = ORIENTED_EDGE('',*,*,#15629,.F.);
#15768 = ORIENTED_EDGE('',*,*,#15669,.T.);
#15769 = ORIENTED_EDGE('',*,*,#15599,.F.);
#15770 = ORIENTED_EDGE('',*,*,#15478,.F.);
#15771 = FACE_BOUND('',#15772,.F.);
#15772 = EDGE_LOOP('',(#15773,#15784));
#15773 = ORIENTED_EDGE('',*,*,#15774,.F.);
#15774 = EDGE_CURVE('',#15775,#15777,#15779,.T.);
#15775 = VERTEX_POINT('',#15776);
#15776 = CARTESIAN_POINT('',(108.5,-113.,47.75));
#15777 = VERTEX_POINT('',#15778);
#15778 = CARTESIAN_POINT('',(108.5,-113.,52.25));
#15779 = CIRCLE('',#15780,2.25);
#15780 = AXIS2_PLACEMENT_3D('',#15781,#15782,#15783);
#15781 = CARTESIAN_POINT('',(108.5,-113.,50.));
#15782 = DIRECTION('',(0.,1.,0.));
#15783 = DIRECTION('',(0.,0.,1.));
#15784 = ORIENTED_EDGE('',*,*,#15785,.F.);
#15785 = EDGE_CURVE('',#15777,#15775,#15786,.T.);
#15786 = CIRCLE('',#15787,2.25);
#15787 = AXIS2_PLACEMENT_3D('',#15788,#15789,#15790);
#15788 = CARTESIAN_POINT('',(108.5,-113.,50.));
#15789 = DIRECTION('',(0.,1.,0.));
#15790 = DIRECTION('',(0.,0.,1.));
#15791 = PLANE('',#15792);
#15792 = AXIS2_PLACEMENT_3D('',#15793,#15794,#15795);
#15793 = CARTESIAN_POINT('',(105.95965307758,-113.,50.));
#15794 = DIRECTION('',(-0.,-1.,-0.));
#15795 = DIRECTION('',(0.,0.,-1.));
#15796 = ADVANCED_FACE('',(#15797),#15826,.F.);
#15797 = FACE_BOUND('',#15798,.T.);
#15798 = EDGE_LOOP('',(#15799,#15800,#15808,#15817,#15824,#15825));
#15799 = ORIENTED_EDGE('',*,*,#15785,.F.);
#15800 = ORIENTED_EDGE('',*,*,#15801,.F.);
#15801 = EDGE_CURVE('',#15802,#15777,#15804,.T.);
#15802 = VERTEX_POINT('',#15803);
#15803 = CARTESIAN_POINT('',(108.5,-109.,52.25));
#15804 = LINE('',#15805,#15806);
#15805 = CARTESIAN_POINT('',(108.5,-108.,52.25));
#15806 = VECTOR('',#15807,1.);
#15807 = DIRECTION('',(-0.,-1.,-0.));
#15808 = ORIENTED_EDGE('',*,*,#15809,.T.);
#15809 = EDGE_CURVE('',#15802,#15810,#15812,.T.);
#15810 = VERTEX_POINT('',#15811);
#15811 = CARTESIAN_POINT('',(108.5,-109.,47.75));
#15812 = CIRCLE('',#15813,2.25);
#15813 = AXIS2_PLACEMENT_3D('',#15814,#15815,#15816);
#15814 = CARTESIAN_POINT('',(108.5,-109.,50.));
#15815 = DIRECTION('',(0.,1.,0.));
#15816 = DIRECTION('',(0.,0.,1.));
#15817 = ORIENTED_EDGE('',*,*,#15818,.T.);
#15818 = EDGE_CURVE('',#15810,#15802,#15819,.T.);
#15819 = CIRCLE('',#15820,2.25);
#15820 = AXIS2_PLACEMENT_3D('',#15821,#15822,#15823);
#15821 = CARTESIAN_POINT('',(108.5,-109.,50.));
#15822 = DIRECTION('',(0.,1.,0.));
#15823 = DIRECTION('',(0.,0.,1.));
#15824 = ORIENTED_EDGE('',*,*,#15801,.T.);
#15825 = ORIENTED_EDGE('',*,*,#15774,.F.);
#15826 = CYLINDRICAL_SURFACE('',#15827,2.25);
#15827 = AXIS2_PLACEMENT_3D('',#15828,#15829,#15830);
#15828 = CARTESIAN_POINT('',(108.5,-108.,50.));
#15829 = DIRECTION('',(-0.,-1.,-0.));
#15830 = DIRECTION('',(0.,0.,1.));
#15831 = ADVANCED_FACE('',(#15832,#15847,#15850,#15854),#15858,.T.);
#15832 = FACE_BOUND('',#15833,.F.);
#15833 = EDGE_LOOP('',(#15834,#15835,#15836,#15837,#15838,#15839,#15840,
    #15841,#15842,#15843,#15844,#15845,#15846));
#15834 = ORIENTED_EDGE('',*,*,#15410,.F.);
#15835 = ORIENTED_EDGE('',*,*,#15426,.F.);
#15836 = ORIENTED_EDGE('',*,*,#15368,.T.);
#15837 = ORIENTED_EDGE('',*,*,#15285,.F.);
#15838 = ORIENTED_EDGE('',*,*,#15487,.T.);
#15839 = ORIENTED_EDGE('',*,*,#15592,.T.);
#15840 = ORIENTED_EDGE('',*,*,#15677,.F.);
#15841 = ORIENTED_EDGE('',*,*,#15613,.T.);
#15842 = ORIENTED_EDGE('',*,*,#15518,.F.);
#15843 = ORIENTED_EDGE('',*,*,#15233,.F.);
#15844 = ORIENTED_EDGE('',*,*,#15337,.F.);
#15845 = ORIENTED_EDGE('',*,*,#15463,.F.);
#15846 = ORIENTED_EDGE('',*,*,#15560,.F.);
#15847 = FACE_BOUND('',#15848,.F.);
#15848 = EDGE_LOOP('',(#15849));
#15849 = ORIENTED_EDGE('',*,*,#15653,.T.);
#15850 = FACE_BOUND('',#15851,.F.);
#15851 = EDGE_LOOP('',(#15852,#15853));
#15852 = ORIENTED_EDGE('',*,*,#15747,.T.);
#15853 = ORIENTED_EDGE('',*,*,#15738,.T.);
#15854 = FACE_BOUND('',#15855,.F.);
#15855 = EDGE_LOOP('',(#15856,#15857));
#15856 = ORIENTED_EDGE('',*,*,#15818,.T.);
#15857 = ORIENTED_EDGE('',*,*,#15809,.T.);
#15858 = PLANE('',#15859);
#15859 = AXIS2_PLACEMENT_3D('',#15860,#15861,#15862);
#15860 = CARTESIAN_POINT('',(90.,-109.,50.05267264753));
#15861 = DIRECTION('',(0.,1.,0.));
#15862 = DIRECTION('',(0.,0.,1.));
#15863 = MANIFOLD_SOLID_BREP('',#15864);
#15864 = CLOSED_SHELL('',(#15865,#15905,#15936,#15969,#16000,#16031,
    #16150,#16170,#16195,#16226,#16257,#16288,#16319,#16343,#16407,
    #16442,#16477,#16497));
#15865 = ADVANCED_FACE('',(#15866),#15900,.T.);
#15866 = FACE_BOUND('',#15867,.F.);
#15867 = EDGE_LOOP('',(#15868,#15878,#15886,#15894));
#15868 = ORIENTED_EDGE('',*,*,#15869,.F.);
#15869 = EDGE_CURVE('',#15870,#15872,#15874,.T.);
#15870 = VERTEX_POINT('',#15871);
#15871 = CARTESIAN_POINT('',(71.5,-198.,59.5));
#15872 = VERTEX_POINT('',#15873);
#15873 = CARTESIAN_POINT('',(80.408336953375,-198.,59.5));
#15874 = LINE('',#15875,#15876);
#15875 = CARTESIAN_POINT('',(71.5,-198.,59.5));
#15876 = VECTOR('',#15877,1.);
#15877 = DIRECTION('',(1.,0.,0.));
#15878 = ORIENTED_EDGE('',*,*,#15879,.F.);
#15879 = EDGE_CURVE('',#15880,#15870,#15882,.T.);
#15880 = VERTEX_POINT('',#15881);
#15881 = CARTESIAN_POINT('',(71.5,-194.,59.5));
#15882 = LINE('',#15883,#15884);
#15883 = CARTESIAN_POINT('',(71.5,-194.,59.5));
#15884 = VECTOR('',#15885,1.);
#15885 = DIRECTION('',(-0.,-1.,-0.));
#15886 = ORIENTED_EDGE('',*,*,#15887,.T.);
#15887 = EDGE_CURVE('',#15880,#15888,#15890,.T.);
#15888 = VERTEX_POINT('',#15889);
#15889 = CARTESIAN_POINT('',(80.408336953375,-194.,59.5));
#15890 = LINE('',#15891,#15892);
#15891 = CARTESIAN_POINT('',(71.5,-194.,59.5));
#15892 = VECTOR('',#15893,1.);
#15893 = DIRECTION('',(1.,0.,0.));
#15894 = ORIENTED_EDGE('',*,*,#15895,.T.);
#15895 = EDGE_CURVE('',#15888,#15872,#15896,.T.);
#15896 = LINE('',#15897,#15898);
#15897 = CARTESIAN_POINT('',(80.408336953375,-186.,59.5));
#15898 = VECTOR('',#15899,1.);
#15899 = DIRECTION('',(-0.,-1.,-0.));
#15900 = PLANE('',#15901);
#15901 = AXIS2_PLACEMENT_3D('',#15902,#15903,#15904);
#15902 = CARTESIAN_POINT('',(71.5,-194.,59.5));
#15903 = DIRECTION('',(0.,0.,1.));
#15904 = DIRECTION('',(-1.,0.,0.));
#15905 = ADVANCED_FACE('',(#15906),#15931,.F.);
#15906 = FACE_BOUND('',#15907,.T.);
#15907 = EDGE_LOOP('',(#15908,#15916,#15924,#15930));
#15908 = ORIENTED_EDGE('',*,*,#15909,.F.);
#15909 = EDGE_CURVE('',#15910,#15880,#15912,.T.);
#15910 = VERTEX_POINT('',#15911);
#15911 = CARTESIAN_POINT('',(71.5,-194.,55.5));
#15912 = LINE('',#15913,#15914);
#15913 = CARTESIAN_POINT('',(71.5,-194.,40.5));
#15914 = VECTOR('',#15915,1.);
#15915 = DIRECTION('',(0.,0.,1.));
#15916 = ORIENTED_EDGE('',*,*,#15917,.T.);
#15917 = EDGE_CURVE('',#15910,#15918,#15920,.T.);
#15918 = VERTEX_POINT('',#15919);
#15919 = CARTESIAN_POINT('',(71.5,-198.,55.5));
#15920 = LINE('',#15921,#15922);
#15921 = CARTESIAN_POINT('',(71.5,-194.,55.5));
#15922 = VECTOR('',#15923,1.);
#15923 = DIRECTION('',(-0.,-1.,-0.));
#15924 = ORIENTED_EDGE('',*,*,#15925,.T.);
#15925 = EDGE_CURVE('',#15918,#15870,#15926,.T.);
#15926 = LINE('',#15927,#15928);
#15927 = CARTESIAN_POINT('',(71.5,-198.,40.5));
#15928 = VECTOR('',#15929,1.);
#15929 = DIRECTION('',(0.,0.,1.));
#15930 = ORIENTED_EDGE('',*,*,#15879,.F.);
#15931 = PLANE('',#15932);
#15932 = AXIS2_PLACEMENT_3D('',#15933,#15934,#15935);
#15933 = CARTESIAN_POINT('',(71.5,-194.,40.5));
#15934 = DIRECTION('',(1.,0.,0.));
#15935 = DIRECTION('',(0.,0.,-1.));
#15936 = ADVANCED_FACE('',(#15937),#15964,.T.);
#15937 = FACE_BOUND('',#15938,.F.);
#15938 = EDGE_LOOP('',(#15939,#15940,#15949,#15957));
#15939 = ORIENTED_EDGE('',*,*,#15917,.T.);
#15940 = ORIENTED_EDGE('',*,*,#15941,.F.);
#15941 = EDGE_CURVE('',#15942,#15918,#15944,.T.);
#15942 = VERTEX_POINT('',#15943);
#15943 = CARTESIAN_POINT('',(71.5,-198.,44.5));
#15944 = CIRCLE('',#15945,5.5);
#15945 = AXIS2_PLACEMENT_3D('',#15946,#15947,#15948);
#15946 = CARTESIAN_POINT('',(71.5,-198.,50.));
#15947 = DIRECTION('',(0.,1.,0.));
#15948 = DIRECTION('',(0.,0.,1.));
#15949 = ORIENTED_EDGE('',*,*,#15950,.F.);
#15950 = EDGE_CURVE('',#15951,#15942,#15953,.T.);
#15951 = VERTEX_POINT('',#15952);
#15952 = CARTESIAN_POINT('',(71.5,-194.,44.5));
#15953 = LINE('',#15954,#15955);
#15954 = CARTESIAN_POINT('',(71.5,-194.,44.5));
#15955 = VECTOR('',#15956,1.);
#15956 = DIRECTION('',(-0.,-1.,-0.));
#15957 = ORIENTED_EDGE('',*,*,#15958,.T.);
#15958 = EDGE_CURVE('',#15951,#15910,#15959,.T.);
#15959 = CIRCLE('',#15960,5.5);
#15960 = AXIS2_PLACEMENT_3D('',#15961,#15962,#15963);
#15961 = CARTESIAN_POINT('',(71.5,-194.,50.));
#15962 = DIRECTION('',(0.,1.,0.));
#15963 = DIRECTION('',(0.,0.,1.));
#15964 = CYLINDRICAL_SURFACE('',#15965,5.5);
#15965 = AXIS2_PLACEMENT_3D('',#15966,#15967,#15968);
#15966 = CARTESIAN_POINT('',(71.5,-194.,50.));
#15967 = DIRECTION('',(-0.,-1.,-0.));
#15968 = DIRECTION('',(0.,0.,1.));
#15969 = ADVANCED_FACE('',(#15970),#15995,.F.);
#15970 = FACE_BOUND('',#15971,.T.);
#15971 = EDGE_LOOP('',(#15972,#15973,#15981,#15989));
#15972 = ORIENTED_EDGE('',*,*,#15950,.F.);
#15973 = ORIENTED_EDGE('',*,*,#15974,.F.);
#15974 = EDGE_CURVE('',#15975,#15951,#15977,.T.);
#15975 = VERTEX_POINT('',#15976);
#15976 = CARTESIAN_POINT('',(71.5,-194.,40.5));
#15977 = LINE('',#15978,#15979);
#15978 = CARTESIAN_POINT('',(71.5,-194.,40.5));
#15979 = VECTOR('',#15980,1.);
#15980 = DIRECTION('',(0.,0.,1.));
#15981 = ORIENTED_EDGE('',*,*,#15982,.T.);
#15982 = EDGE_CURVE('',#15975,#15983,#15985,.T.);
#15983 = VERTEX_POINT('',#15984);
#15984 = CARTESIAN_POINT('',(71.5,-198.,40.5));
#15985 = LINE('',#15986,#15987);
#15986 = CARTESIAN_POINT('',(71.5,-194.,40.5));
#15987 = VECTOR('',#15988,1.);
#15988 = DIRECTION('',(-0.,-1.,-0.));
#15989 = ORIENTED_EDGE('',*,*,#15990,.T.);
#15990 = EDGE_CURVE('',#15983,#15942,#15991,.T.);
#15991 = LINE('',#15992,#15993);
#15992 = CARTESIAN_POINT('',(71.5,-198.,40.5));
#15993 = VECTOR('',#15994,1.);
#15994 = DIRECTION('',(0.,0.,1.));
#15995 = PLANE('',#15996);
#15996 = AXIS2_PLACEMENT_3D('',#15997,#15998,#15999);
#15997 = CARTESIAN_POINT('',(71.5,-194.,40.5));
#15998 = DIRECTION('',(1.,0.,0.));
#15999 = DIRECTION('',(0.,0.,-1.));
#16000 = ADVANCED_FACE('',(#16001),#16026,.F.);
#16001 = FACE_BOUND('',#16002,.T.);
#16002 = EDGE_LOOP('',(#16003,#16011,#16012,#16020));
#16003 = ORIENTED_EDGE('',*,*,#16004,.F.);
#16004 = EDGE_CURVE('',#15983,#16005,#16007,.T.);
#16005 = VERTEX_POINT('',#16006);
#16006 = CARTESIAN_POINT('',(80.408336953375,-198.,40.5));
#16007 = LINE('',#16008,#16009);
#16008 = CARTESIAN_POINT('',(71.5,-198.,40.5));
#16009 = VECTOR('',#16010,1.);
#16010 = DIRECTION('',(1.,0.,0.));
#16011 = ORIENTED_EDGE('',*,*,#15982,.F.);
#16012 = ORIENTED_EDGE('',*,*,#16013,.T.);
#16013 = EDGE_CURVE('',#15975,#16014,#16016,.T.);
#16014 = VERTEX_POINT('',#16015);
#16015 = CARTESIAN_POINT('',(80.408336953375,-194.,40.5));
#16016 = LINE('',#16017,#16018);
#16017 = CARTESIAN_POINT('',(71.5,-194.,40.5));
#16018 = VECTOR('',#16019,1.);
#16019 = DIRECTION('',(1.,0.,0.));
#16020 = ORIENTED_EDGE('',*,*,#16021,.T.);
#16021 = EDGE_CURVE('',#16014,#16005,#16022,.T.);
#16022 = LINE('',#16023,#16024);
#16023 = CARTESIAN_POINT('',(80.408336953375,-186.,40.5));
#16024 = VECTOR('',#16025,1.);
#16025 = DIRECTION('',(-0.,-1.,-0.));
#16026 = PLANE('',#16027);
#16027 = AXIS2_PLACEMENT_3D('',#16028,#16029,#16030);
#16028 = CARTESIAN_POINT('',(71.5,-194.,40.5));
#16029 = DIRECTION('',(0.,0.,1.));
#16030 = DIRECTION('',(-1.,0.,0.));
#16031 = ADVANCED_FACE('',(#16032),#16145,.T.);
#16032 = FACE_BOUND('',#16033,.F.);
#16033 = EDGE_LOOP('',(#16034,#16044,#16051,#16052,#16061,#16070,#16077,
    #16078,#16087,#16095,#16104,#16113,#16122,#16130,#16137,#16138));
#16034 = ORIENTED_EDGE('',*,*,#16035,.T.);
#16035 = EDGE_CURVE('',#16036,#16038,#16040,.T.);
#16036 = VERTEX_POINT('',#16037);
#16037 = CARTESIAN_POINT('',(90.,-186.,63.5));
#16038 = VERTEX_POINT('',#16039);
#16039 = CARTESIAN_POINT('',(90.,-198.,63.5));
#16040 = LINE('',#16041,#16042);
#16041 = CARTESIAN_POINT('',(90.,-186.,63.5));
#16042 = VECTOR('',#16043,1.);
#16043 = DIRECTION('',(-0.,-1.,-0.));
#16044 = ORIENTED_EDGE('',*,*,#16045,.F.);
#16045 = EDGE_CURVE('',#15872,#16038,#16046,.T.);
#16046 = CIRCLE('',#16047,13.5);
#16047 = AXIS2_PLACEMENT_3D('',#16048,#16049,#16050);
#16048 = CARTESIAN_POINT('',(90.,-198.,50.));
#16049 = DIRECTION('',(0.,1.,0.));
#16050 = DIRECTION('',(0.,0.,1.));
#16051 = ORIENTED_EDGE('',*,*,#15895,.F.);
#16052 = ORIENTED_EDGE('',*,*,#16053,.F.);
#16053 = EDGE_CURVE('',#16054,#15888,#16056,.T.);
#16054 = VERTEX_POINT('',#16055);
#16055 = CARTESIAN_POINT('',(76.641891891892,-194.,51.952164893675));
#16056 = CIRCLE('',#16057,13.5);
#16057 = AXIS2_PLACEMENT_3D('',#16058,#16059,#16060);
#16058 = CARTESIAN_POINT('',(90.,-194.,50.));
#16059 = DIRECTION('',(0.,1.,0.));
#16060 = DIRECTION('',(0.,0.,1.));
#16061 = ORIENTED_EDGE('',*,*,#16062,.F.);
#16062 = EDGE_CURVE('',#16063,#16054,#16065,.T.);
#16063 = VERTEX_POINT('',#16064);
#16064 = CARTESIAN_POINT('',(76.641891891892,-194.,48.047835106325));
#16065 = CIRCLE('',#16066,13.5);
#16066 = AXIS2_PLACEMENT_3D('',#16067,#16068,#16069);
#16067 = CARTESIAN_POINT('',(90.,-194.,50.));
#16068 = DIRECTION('',(0.,1.,0.));
#16069 = DIRECTION('',(0.,0.,1.));
#16070 = ORIENTED_EDGE('',*,*,#16071,.F.);
#16071 = EDGE_CURVE('',#16014,#16063,#16072,.T.);
#16072 = CIRCLE('',#16073,13.5);
#16073 = AXIS2_PLACEMENT_3D('',#16074,#16075,#16076);
#16074 = CARTESIAN_POINT('',(90.,-194.,50.));
#16075 = DIRECTION('',(0.,1.,0.));
#16076 = DIRECTION('',(0.,0.,1.));
#16077 = ORIENTED_EDGE('',*,*,#16021,.T.);
#16078 = ORIENTED_EDGE('',*,*,#16079,.F.);
#16079 = EDGE_CURVE('',#16080,#16005,#16082,.T.);
#16080 = VERTEX_POINT('',#16081);
#16081 = CARTESIAN_POINT('',(99.591663046625,-198.,40.5));
#16082 = CIRCLE('',#16083,13.5);
#16083 = AXIS2_PLACEMENT_3D('',#16084,#16085,#16086);
#16084 = CARTESIAN_POINT('',(90.,-198.,50.));
#16085 = DIRECTION('',(0.,1.,0.));
#16086 = DIRECTION('',(0.,0.,1.));
#16087 = ORIENTED_EDGE('',*,*,#16088,.F.);
#16088 = EDGE_CURVE('',#16089,#16080,#16091,.T.);
#16089 = VERTEX_POINT('',#16090);
#16090 = CARTESIAN_POINT('',(99.591663046625,-194.,40.5));
#16091 = LINE('',#16092,#16093);
#16092 = CARTESIAN_POINT('',(99.591663046625,-186.,40.5));
#16093 = VECTOR('',#16094,1.);
#16094 = DIRECTION('',(-0.,-1.,-0.));
#16095 = ORIENTED_EDGE('',*,*,#16096,.F.);
#16096 = EDGE_CURVE('',#16097,#16089,#16099,.T.);
#16097 = VERTEX_POINT('',#16098);
#16098 = CARTESIAN_POINT('',(103.3581081081,-194.,48.047835106325));
#16099 = CIRCLE('',#16100,13.5);
#16100 = AXIS2_PLACEMENT_3D('',#16101,#16102,#16103);
#16101 = CARTESIAN_POINT('',(90.,-194.,50.));
#16102 = DIRECTION('',(0.,1.,0.));
#16103 = DIRECTION('',(0.,0.,1.));
#16104 = ORIENTED_EDGE('',*,*,#16105,.F.);
#16105 = EDGE_CURVE('',#16106,#16097,#16108,.T.);
#16106 = VERTEX_POINT('',#16107);
#16107 = CARTESIAN_POINT('',(103.3581081081,-194.,51.952164893675));
#16108 = CIRCLE('',#16109,13.5);
#16109 = AXIS2_PLACEMENT_3D('',#16110,#16111,#16112);
#16110 = CARTESIAN_POINT('',(90.,-194.,50.));
#16111 = DIRECTION('',(0.,1.,0.));
#16112 = DIRECTION('',(0.,0.,1.));
#16113 = ORIENTED_EDGE('',*,*,#16114,.F.);
#16114 = EDGE_CURVE('',#16115,#16106,#16117,.T.);
#16115 = VERTEX_POINT('',#16116);
#16116 = CARTESIAN_POINT('',(99.591663046625,-194.,59.5));
#16117 = CIRCLE('',#16118,13.5);
#16118 = AXIS2_PLACEMENT_3D('',#16119,#16120,#16121);
#16119 = CARTESIAN_POINT('',(90.,-194.,50.));
#16120 = DIRECTION('',(0.,1.,0.));
#16121 = DIRECTION('',(0.,0.,1.));
#16122 = ORIENTED_EDGE('',*,*,#16123,.T.);
#16123 = EDGE_CURVE('',#16115,#16124,#16126,.T.);
#16124 = VERTEX_POINT('',#16125);
#16125 = CARTESIAN_POINT('',(99.591663046625,-198.,59.5));
#16126 = LINE('',#16127,#16128);
#16127 = CARTESIAN_POINT('',(99.591663046625,-186.,59.5));
#16128 = VECTOR('',#16129,1.);
#16129 = DIRECTION('',(-0.,-1.,-0.));
#16130 = ORIENTED_EDGE('',*,*,#16131,.F.);
#16131 = EDGE_CURVE('',#16038,#16124,#16132,.T.);
#16132 = CIRCLE('',#16133,13.5);
#16133 = AXIS2_PLACEMENT_3D('',#16134,#16135,#16136);
#16134 = CARTESIAN_POINT('',(90.,-198.,50.));
#16135 = DIRECTION('',(0.,1.,0.));
#16136 = DIRECTION('',(0.,0.,1.));
#16137 = ORIENTED_EDGE('',*,*,#16035,.F.);
#16138 = ORIENTED_EDGE('',*,*,#16139,.T.);
#16139 = EDGE_CURVE('',#16036,#16036,#16140,.T.);
#16140 = CIRCLE('',#16141,13.5);
#16141 = AXIS2_PLACEMENT_3D('',#16142,#16143,#16144);
#16142 = CARTESIAN_POINT('',(90.,-186.,50.));
#16143 = DIRECTION('',(0.,1.,0.));
#16144 = DIRECTION('',(0.,0.,1.));
#16145 = CYLINDRICAL_SURFACE('',#16146,13.5);
#16146 = AXIS2_PLACEMENT_3D('',#16147,#16148,#16149);
#16147 = CARTESIAN_POINT('',(90.,-186.,50.));
#16148 = DIRECTION('',(-0.,-1.,-0.));
#16149 = DIRECTION('',(0.,0.,1.));
#16150 = ADVANCED_FACE('',(#16151,#16154),#16165,.F.);
#16151 = FACE_BOUND('',#16152,.T.);
#16152 = EDGE_LOOP('',(#16153));
#16153 = ORIENTED_EDGE('',*,*,#16139,.T.);
#16154 = FACE_BOUND('',#16155,.T.);
#16155 = EDGE_LOOP('',(#16156));
#16156 = ORIENTED_EDGE('',*,*,#16157,.F.);
#16157 = EDGE_CURVE('',#16158,#16158,#16160,.T.);
#16158 = VERTEX_POINT('',#16159);
#16159 = CARTESIAN_POINT('',(90.,-186.,54.));
#16160 = CIRCLE('',#16161,4.);
#16161 = AXIS2_PLACEMENT_3D('',#16162,#16163,#16164);
#16162 = CARTESIAN_POINT('',(90.,-186.,50.));
#16163 = DIRECTION('',(0.,1.,0.));
#16164 = DIRECTION('',(0.,0.,1.));
#16165 = PLANE('',#16166);
#16166 = AXIS2_PLACEMENT_3D('',#16167,#16168,#16169);
#16167 = CARTESIAN_POINT('',(90.,-186.,50.));
#16168 = DIRECTION('',(-0.,-1.,-0.));
#16169 = DIRECTION('',(0.,0.,-1.));
#16170 = ADVANCED_FACE('',(#16171),#16190,.F.);
#16171 = FACE_BOUND('',#16172,.T.);
#16172 = EDGE_LOOP('',(#16173,#16182,#16188,#16189));
#16173 = ORIENTED_EDGE('',*,*,#16174,.F.);
#16174 = EDGE_CURVE('',#16175,#16175,#16177,.T.);
#16175 = VERTEX_POINT('',#16176);
#16176 = CARTESIAN_POINT('',(90.,-198.,54.));
#16177 = CIRCLE('',#16178,4.);
#16178 = AXIS2_PLACEMENT_3D('',#16179,#16180,#16181);
#16179 = CARTESIAN_POINT('',(90.,-198.,50.));
#16180 = DIRECTION('',(0.,1.,0.));
#16181 = DIRECTION('',(0.,0.,1.));
#16182 = ORIENTED_EDGE('',*,*,#16183,.F.);
#16183 = EDGE_CURVE('',#16158,#16175,#16184,.T.);
#16184 = LINE('',#16185,#16186);
#16185 = CARTESIAN_POINT('',(90.,-185.,54.));
#16186 = VECTOR('',#16187,1.);
#16187 = DIRECTION('',(-0.,-1.,-0.));
#16188 = ORIENTED_EDGE('',*,*,#16157,.T.);
#16189 = ORIENTED_EDGE('',*,*,#16183,.T.);
#16190 = CYLINDRICAL_SURFACE('',#16191,4.);
#16191 = AXIS2_PLACEMENT_3D('',#16192,#16193,#16194);
#16192 = CARTESIAN_POINT('',(90.,-185.,50.));
#16193 = DIRECTION('',(-0.,-1.,-0.));
#16194 = DIRECTION('',(0.,0.,1.));
#16195 = ADVANCED_FACE('',(#16196),#16221,.T.);
#16196 = FACE_BOUND('',#16197,.F.);
#16197 = EDGE_LOOP('',(#16198,#16206,#16207,#16215));
#16198 = ORIENTED_EDGE('',*,*,#16199,.F.);
#16199 = EDGE_CURVE('',#16124,#16200,#16202,.T.);
#16200 = VERTEX_POINT('',#16201);
#16201 = CARTESIAN_POINT('',(108.5,-198.,59.5));
#16202 = LINE('',#16203,#16204);
#16203 = CARTESIAN_POINT('',(71.5,-198.,59.5));
#16204 = VECTOR('',#16205,1.);
#16205 = DIRECTION('',(1.,0.,0.));
#16206 = ORIENTED_EDGE('',*,*,#16123,.F.);
#16207 = ORIENTED_EDGE('',*,*,#16208,.T.);
#16208 = EDGE_CURVE('',#16115,#16209,#16211,.T.);
#16209 = VERTEX_POINT('',#16210);
#16210 = CARTESIAN_POINT('',(108.5,-194.,59.5));
#16211 = LINE('',#16212,#16213);
#16212 = CARTESIAN_POINT('',(71.5,-194.,59.5));
#16213 = VECTOR('',#16214,1.);
#16214 = DIRECTION('',(1.,0.,0.));
#16215 = ORIENTED_EDGE('',*,*,#16216,.T.);
#16216 = EDGE_CURVE('',#16209,#16200,#16217,.T.);
#16217 = LINE('',#16218,#16219);
#16218 = CARTESIAN_POINT('',(108.5,-194.,59.5));
#16219 = VECTOR('',#16220,1.);
#16220 = DIRECTION('',(-0.,-1.,-0.));
#16221 = PLANE('',#16222);
#16222 = AXIS2_PLACEMENT_3D('',#16223,#16224,#16225);
#16223 = CARTESIAN_POINT('',(71.5,-194.,59.5));
#16224 = DIRECTION('',(0.,0.,1.));
#16225 = DIRECTION('',(-1.,0.,0.));
#16226 = ADVANCED_FACE('',(#16227),#16252,.F.);
#16227 = FACE_BOUND('',#16228,.T.);
#16228 = EDGE_LOOP('',(#16229,#16237,#16238,#16246));
#16229 = ORIENTED_EDGE('',*,*,#16230,.F.);
#16230 = EDGE_CURVE('',#16080,#16231,#16233,.T.);
#16231 = VERTEX_POINT('',#16232);
#16232 = CARTESIAN_POINT('',(108.5,-198.,40.5));
#16233 = LINE('',#16234,#16235);
#16234 = CARTESIAN_POINT('',(71.5,-198.,40.5));
#16235 = VECTOR('',#16236,1.);
#16236 = DIRECTION('',(1.,0.,0.));
#16237 = ORIENTED_EDGE('',*,*,#16088,.F.);
#16238 = ORIENTED_EDGE('',*,*,#16239,.T.);
#16239 = EDGE_CURVE('',#16089,#16240,#16242,.T.);
#16240 = VERTEX_POINT('',#16241);
#16241 = CARTESIAN_POINT('',(108.5,-194.,40.5));
#16242 = LINE('',#16243,#16244);
#16243 = CARTESIAN_POINT('',(71.5,-194.,40.5));
#16244 = VECTOR('',#16245,1.);
#16245 = DIRECTION('',(1.,0.,0.));
#16246 = ORIENTED_EDGE('',*,*,#16247,.T.);
#16247 = EDGE_CURVE('',#16240,#16231,#16248,.T.);
#16248 = LINE('',#16249,#16250);
#16249 = CARTESIAN_POINT('',(108.5,-194.,40.5));
#16250 = VECTOR('',#16251,1.);
#16251 = DIRECTION('',(-0.,-1.,-0.));
#16252 = PLANE('',#16253);
#16253 = AXIS2_PLACEMENT_3D('',#16254,#16255,#16256);
#16254 = CARTESIAN_POINT('',(71.5,-194.,40.5));
#16255 = DIRECTION('',(0.,0.,1.));
#16256 = DIRECTION('',(-1.,0.,0.));
#16257 = ADVANCED_FACE('',(#16258),#16283,.T.);
#16258 = FACE_BOUND('',#16259,.F.);
#16259 = EDGE_LOOP('',(#16260,#16268,#16276,#16282));
#16260 = ORIENTED_EDGE('',*,*,#16261,.F.);
#16261 = EDGE_CURVE('',#16262,#16209,#16264,.T.);
#16262 = VERTEX_POINT('',#16263);
#16263 = CARTESIAN_POINT('',(108.5,-194.,55.5));
#16264 = LINE('',#16265,#16266);
#16265 = CARTESIAN_POINT('',(108.5,-194.,40.5));
#16266 = VECTOR('',#16267,1.);
#16267 = DIRECTION('',(0.,0.,1.));
#16268 = ORIENTED_EDGE('',*,*,#16269,.T.);
#16269 = EDGE_CURVE('',#16262,#16270,#16272,.T.);
#16270 = VERTEX_POINT('',#16271);
#16271 = CARTESIAN_POINT('',(108.5,-198.,55.5));
#16272 = LINE('',#16273,#16274);
#16273 = CARTESIAN_POINT('',(108.5,-194.,55.5));
#16274 = VECTOR('',#16275,1.);
#16275 = DIRECTION('',(-0.,-1.,-0.));
#16276 = ORIENTED_EDGE('',*,*,#16277,.T.);
#16277 = EDGE_CURVE('',#16270,#16200,#16278,.T.);
#16278 = LINE('',#16279,#16280);
#16279 = CARTESIAN_POINT('',(108.5,-198.,40.5));
#16280 = VECTOR('',#16281,1.);
#16281 = DIRECTION('',(0.,0.,1.));
#16282 = ORIENTED_EDGE('',*,*,#16216,.F.);
#16283 = PLANE('',#16284);
#16284 = AXIS2_PLACEMENT_3D('',#16285,#16286,#16287);
#16285 = CARTESIAN_POINT('',(108.5,-194.,40.5));
#16286 = DIRECTION('',(1.,0.,0.));
#16287 = DIRECTION('',(0.,0.,-1.));
#16288 = ADVANCED_FACE('',(#16289),#16314,.T.);
#16289 = FACE_BOUND('',#16290,.F.);
#16290 = EDGE_LOOP('',(#16291,#16301,#16307,#16308));
#16291 = ORIENTED_EDGE('',*,*,#16292,.F.);
#16292 = EDGE_CURVE('',#16293,#16295,#16297,.T.);
#16293 = VERTEX_POINT('',#16294);
#16294 = CARTESIAN_POINT('',(108.5,-194.,44.5));
#16295 = VERTEX_POINT('',#16296);
#16296 = CARTESIAN_POINT('',(108.5,-198.,44.5));
#16297 = LINE('',#16298,#16299);
#16298 = CARTESIAN_POINT('',(108.5,-194.,44.5));
#16299 = VECTOR('',#16300,1.);
#16300 = DIRECTION('',(-0.,-1.,-0.));
#16301 = ORIENTED_EDGE('',*,*,#16302,.F.);
#16302 = EDGE_CURVE('',#16240,#16293,#16303,.T.);
#16303 = LINE('',#16304,#16305);
#16304 = CARTESIAN_POINT('',(108.5,-194.,40.5));
#16305 = VECTOR('',#16306,1.);
#16306 = DIRECTION('',(0.,0.,1.));
#16307 = ORIENTED_EDGE('',*,*,#16247,.T.);
#16308 = ORIENTED_EDGE('',*,*,#16309,.T.);
#16309 = EDGE_CURVE('',#16231,#16295,#16310,.T.);
#16310 = LINE('',#16311,#16312);
#16311 = CARTESIAN_POINT('',(108.5,-198.,40.5));
#16312 = VECTOR('',#16313,1.);
#16313 = DIRECTION('',(0.,0.,1.));
#16314 = PLANE('',#16315);
#16315 = AXIS2_PLACEMENT_3D('',#16316,#16317,#16318);
#16316 = CARTESIAN_POINT('',(108.5,-194.,40.5));
#16317 = DIRECTION('',(1.,0.,0.));
#16318 = DIRECTION('',(0.,0.,-1.));
#16319 = ADVANCED_FACE('',(#16320),#16338,.T.);
#16320 = FACE_BOUND('',#16321,.F.);
#16321 = EDGE_LOOP('',(#16322,#16329,#16330,#16337));
#16322 = ORIENTED_EDGE('',*,*,#16323,.F.);
#16323 = EDGE_CURVE('',#16270,#16295,#16324,.T.);
#16324 = CIRCLE('',#16325,5.5);
#16325 = AXIS2_PLACEMENT_3D('',#16326,#16327,#16328);
#16326 = CARTESIAN_POINT('',(108.5,-198.,50.));
#16327 = DIRECTION('',(0.,1.,0.));
#16328 = DIRECTION('',(0.,0.,1.));
#16329 = ORIENTED_EDGE('',*,*,#16269,.F.);
#16330 = ORIENTED_EDGE('',*,*,#16331,.T.);
#16331 = EDGE_CURVE('',#16262,#16293,#16332,.T.);
#16332 = CIRCLE('',#16333,5.5);
#16333 = AXIS2_PLACEMENT_3D('',#16334,#16335,#16336);
#16334 = CARTESIAN_POINT('',(108.5,-194.,50.));
#16335 = DIRECTION('',(0.,1.,0.));
#16336 = DIRECTION('',(0.,0.,1.));
#16337 = ORIENTED_EDGE('',*,*,#16292,.T.);
#16338 = CYLINDRICAL_SURFACE('',#16339,5.5);
#16339 = AXIS2_PLACEMENT_3D('',#16340,#16341,#16342);
#16340 = CARTESIAN_POINT('',(108.5,-194.,50.));
#16341 = DIRECTION('',(-0.,-1.,-0.));
#16342 = DIRECTION('',(0.,0.,1.));
#16343 = ADVANCED_FACE('',(#16344,#16359,#16362,#16382),#16402,.T.);
#16344 = FACE_BOUND('',#16345,.F.);
#16345 = EDGE_LOOP('',(#16346,#16347,#16348,#16349,#16350,#16351,#16352,
    #16353,#16354,#16355,#16356,#16357,#16358));
#16346 = ORIENTED_EDGE('',*,*,#15941,.T.);
#16347 = ORIENTED_EDGE('',*,*,#15925,.T.);
#16348 = ORIENTED_EDGE('',*,*,#15869,.T.);
#16349 = ORIENTED_EDGE('',*,*,#16045,.T.);
#16350 = ORIENTED_EDGE('',*,*,#16131,.T.);
#16351 = ORIENTED_EDGE('',*,*,#16199,.T.);
#16352 = ORIENTED_EDGE('',*,*,#16277,.F.);
#16353 = ORIENTED_EDGE('',*,*,#16323,.T.);
#16354 = ORIENTED_EDGE('',*,*,#16309,.F.);
#16355 = ORIENTED_EDGE('',*,*,#16230,.F.);
#16356 = ORIENTED_EDGE('',*,*,#16079,.T.);
#16357 = ORIENTED_EDGE('',*,*,#16004,.F.);
#16358 = ORIENTED_EDGE('',*,*,#15990,.T.);
#16359 = FACE_BOUND('',#16360,.F.);
#16360 = EDGE_LOOP('',(#16361));
#16361 = ORIENTED_EDGE('',*,*,#16174,.F.);
#16362 = FACE_BOUND('',#16363,.F.);
#16363 = EDGE_LOOP('',(#16364,#16375));
#16364 = ORIENTED_EDGE('',*,*,#16365,.F.);
#16365 = EDGE_CURVE('',#16366,#16368,#16370,.T.);
#16366 = VERTEX_POINT('',#16367);
#16367 = CARTESIAN_POINT('',(71.5,-198.,52.25));
#16368 = VERTEX_POINT('',#16369);
#16369 = CARTESIAN_POINT('',(71.5,-198.,47.75));
#16370 = CIRCLE('',#16371,2.25);
#16371 = AXIS2_PLACEMENT_3D('',#16372,#16373,#16374);
#16372 = CARTESIAN_POINT('',(71.5,-198.,50.));
#16373 = DIRECTION('',(0.,1.,0.));
#16374 = DIRECTION('',(0.,0.,1.));
#16375 = ORIENTED_EDGE('',*,*,#16376,.F.);
#16376 = EDGE_CURVE('',#16368,#16366,#16377,.T.);
#16377 = CIRCLE('',#16378,2.25);
#16378 = AXIS2_PLACEMENT_3D('',#16379,#16380,#16381);
#16379 = CARTESIAN_POINT('',(71.5,-198.,50.));
#16380 = DIRECTION('',(0.,1.,0.));
#16381 = DIRECTION('',(0.,0.,1.));
#16382 = FACE_BOUND('',#16383,.F.);
#16383 = EDGE_LOOP('',(#16384,#16395));
#16384 = ORIENTED_EDGE('',*,*,#16385,.F.);
#16385 = EDGE_CURVE('',#16386,#16388,#16390,.T.);
#16386 = VERTEX_POINT('',#16387);
#16387 = CARTESIAN_POINT('',(108.5,-198.,47.75));
#16388 = VERTEX_POINT('',#16389);
#16389 = CARTESIAN_POINT('',(108.5,-198.,52.25));
#16390 = CIRCLE('',#16391,2.25);
#16391 = AXIS2_PLACEMENT_3D('',#16392,#16393,#16394);
#16392 = CARTESIAN_POINT('',(108.5,-198.,50.));
#16393 = DIRECTION('',(0.,1.,0.));
#16394 = DIRECTION('',(0.,0.,1.));
#16395 = ORIENTED_EDGE('',*,*,#16396,.F.);
#16396 = EDGE_CURVE('',#16388,#16386,#16397,.T.);
#16397 = CIRCLE('',#16398,2.25);
#16398 = AXIS2_PLACEMENT_3D('',#16399,#16400,#16401);
#16399 = CARTESIAN_POINT('',(108.5,-198.,50.));
#16400 = DIRECTION('',(0.,1.,0.));
#16401 = DIRECTION('',(0.,0.,1.));
#16402 = PLANE('',#16403);
#16403 = AXIS2_PLACEMENT_3D('',#16404,#16405,#16406);
#16404 = CARTESIAN_POINT('',(90.,-198.,50.05267264753));
#16405 = DIRECTION('',(-0.,-1.,-0.));
#16406 = DIRECTION('',(0.,0.,-1.));
#16407 = ADVANCED_FACE('',(#16408),#16437,.F.);
#16408 = FACE_BOUND('',#16409,.T.);
#16409 = EDGE_LOOP('',(#16410,#16411,#16419,#16428,#16435,#16436));
#16410 = ORIENTED_EDGE('',*,*,#16365,.F.);
#16411 = ORIENTED_EDGE('',*,*,#16412,.F.);
#16412 = EDGE_CURVE('',#16413,#16366,#16415,.T.);
#16413 = VERTEX_POINT('',#16414);
#16414 = CARTESIAN_POINT('',(71.5,-194.,52.25));
#16415 = LINE('',#16416,#16417);
#16416 = CARTESIAN_POINT('',(71.5,-193.,52.25));
#16417 = VECTOR('',#16418,1.);
#16418 = DIRECTION('',(-0.,-1.,-0.));
#16419 = ORIENTED_EDGE('',*,*,#16420,.T.);
#16420 = EDGE_CURVE('',#16413,#16421,#16423,.T.);
#16421 = VERTEX_POINT('',#16422);
#16422 = CARTESIAN_POINT('',(71.5,-194.,47.75));
#16423 = CIRCLE('',#16424,2.25);
#16424 = AXIS2_PLACEMENT_3D('',#16425,#16426,#16427);
#16425 = CARTESIAN_POINT('',(71.5,-194.,50.));
#16426 = DIRECTION('',(0.,1.,0.));
#16427 = DIRECTION('',(0.,0.,1.));
#16428 = ORIENTED_EDGE('',*,*,#16429,.T.);
#16429 = EDGE_CURVE('',#16421,#16413,#16430,.T.);
#16430 = CIRCLE('',#16431,2.25);
#16431 = AXIS2_PLACEMENT_3D('',#16432,#16433,#16434);
#16432 = CARTESIAN_POINT('',(71.5,-194.,50.));
#16433 = DIRECTION('',(0.,1.,0.));
#16434 = DIRECTION('',(0.,0.,1.));
#16435 = ORIENTED_EDGE('',*,*,#16412,.T.);
#16436 = ORIENTED_EDGE('',*,*,#16376,.F.);
#16437 = CYLINDRICAL_SURFACE('',#16438,2.25);
#16438 = AXIS2_PLACEMENT_3D('',#16439,#16440,#16441);
#16439 = CARTESIAN_POINT('',(71.5,-193.,50.));
#16440 = DIRECTION('',(-0.,-1.,-0.));
#16441 = DIRECTION('',(0.,0.,1.));
#16442 = ADVANCED_FACE('',(#16443),#16472,.F.);
#16443 = FACE_BOUND('',#16444,.T.);
#16444 = EDGE_LOOP('',(#16445,#16446,#16454,#16463,#16470,#16471));
#16445 = ORIENTED_EDGE('',*,*,#16396,.F.);
#16446 = ORIENTED_EDGE('',*,*,#16447,.F.);
#16447 = EDGE_CURVE('',#16448,#16388,#16450,.T.);
#16448 = VERTEX_POINT('',#16449);
#16449 = CARTESIAN_POINT('',(108.5,-194.,52.25));
#16450 = LINE('',#16451,#16452);
#16451 = CARTESIAN_POINT('',(108.5,-193.,52.25));
#16452 = VECTOR('',#16453,1.);
#16453 = DIRECTION('',(-0.,-1.,-0.));
#16454 = ORIENTED_EDGE('',*,*,#16455,.T.);
#16455 = EDGE_CURVE('',#16448,#16456,#16458,.T.);
#16456 = VERTEX_POINT('',#16457);
#16457 = CARTESIAN_POINT('',(108.5,-194.,47.75));
#16458 = CIRCLE('',#16459,2.25);
#16459 = AXIS2_PLACEMENT_3D('',#16460,#16461,#16462);
#16460 = CARTESIAN_POINT('',(108.5,-194.,50.));
#16461 = DIRECTION('',(0.,1.,0.));
#16462 = DIRECTION('',(0.,0.,1.));
#16463 = ORIENTED_EDGE('',*,*,#16464,.T.);
#16464 = EDGE_CURVE('',#16456,#16448,#16465,.T.);
#16465 = CIRCLE('',#16466,2.25);
#16466 = AXIS2_PLACEMENT_3D('',#16467,#16468,#16469);
#16467 = CARTESIAN_POINT('',(108.5,-194.,50.));
#16468 = DIRECTION('',(0.,1.,0.));
#16469 = DIRECTION('',(0.,0.,1.));
#16470 = ORIENTED_EDGE('',*,*,#16447,.T.);
#16471 = ORIENTED_EDGE('',*,*,#16385,.F.);
#16472 = CYLINDRICAL_SURFACE('',#16473,2.25);
#16473 = AXIS2_PLACEMENT_3D('',#16474,#16475,#16476);
#16474 = CARTESIAN_POINT('',(108.5,-193.,50.));
#16475 = DIRECTION('',(-0.,-1.,-0.));
#16476 = DIRECTION('',(0.,0.,1.));
#16477 = ADVANCED_FACE('',(#16478,#16488),#16492,.T.);
#16478 = FACE_BOUND('',#16479,.F.);
#16479 = EDGE_LOOP('',(#16480,#16481,#16482,#16483,#16484,#16485,#16486,
    #16487));
#16480 = ORIENTED_EDGE('',*,*,#15958,.F.);
#16481 = ORIENTED_EDGE('',*,*,#15974,.F.);
#16482 = ORIENTED_EDGE('',*,*,#16013,.T.);
#16483 = ORIENTED_EDGE('',*,*,#16071,.T.);
#16484 = ORIENTED_EDGE('',*,*,#16062,.T.);
#16485 = ORIENTED_EDGE('',*,*,#16053,.T.);
#16486 = ORIENTED_EDGE('',*,*,#15887,.F.);
#16487 = ORIENTED_EDGE('',*,*,#15909,.F.);
#16488 = FACE_BOUND('',#16489,.F.);
#16489 = EDGE_LOOP('',(#16490,#16491));
#16490 = ORIENTED_EDGE('',*,*,#16429,.T.);
#16491 = ORIENTED_EDGE('',*,*,#16420,.T.);
#16492 = PLANE('',#16493);
#16493 = AXIS2_PLACEMENT_3D('',#16494,#16495,#16496);
#16494 = CARTESIAN_POINT('',(74.040346922418,-194.,50.));
#16495 = DIRECTION('',(0.,1.,0.));
#16496 = DIRECTION('',(0.,0.,1.));
#16497 = ADVANCED_FACE('',(#16498,#16508),#16512,.T.);
#16498 = FACE_BOUND('',#16499,.F.);
#16499 = EDGE_LOOP('',(#16500,#16501,#16502,#16503,#16504,#16505,#16506,
    #16507));
#16500 = ORIENTED_EDGE('',*,*,#16261,.T.);
#16501 = ORIENTED_EDGE('',*,*,#16208,.F.);
#16502 = ORIENTED_EDGE('',*,*,#16114,.T.);
#16503 = ORIENTED_EDGE('',*,*,#16105,.T.);
#16504 = ORIENTED_EDGE('',*,*,#16096,.T.);
#16505 = ORIENTED_EDGE('',*,*,#16239,.T.);
#16506 = ORIENTED_EDGE('',*,*,#16302,.T.);
#16507 = ORIENTED_EDGE('',*,*,#16331,.F.);
#16508 = FACE_BOUND('',#16509,.F.);
#16509 = EDGE_LOOP('',(#16510,#16511));
#16510 = ORIENTED_EDGE('',*,*,#16464,.T.);
#16511 = ORIENTED_EDGE('',*,*,#16455,.T.);
#16512 = PLANE('',#16513);
#16513 = AXIS2_PLACEMENT_3D('',#16514,#16515,#16516);
#16514 = CARTESIAN_POINT('',(105.95965307758,-194.,50.));
#16515 = DIRECTION('',(0.,1.,0.));
#16516 = DIRECTION('',(0.,0.,1.));
#16517 = MANIFOLD_SOLID_BREP('',#16518);
#16518 = CLOSED_SHELL('',(#16519,#16552,#16561));
#16519 = ADVANCED_FACE('',(#16520),#16547,.T.);
#16520 = FACE_BOUND('',#16521,.F.);
#16521 = EDGE_LOOP('',(#16522,#16531,#16539,#16546));
#16522 = ORIENTED_EDGE('',*,*,#16523,.F.);
#16523 = EDGE_CURVE('',#16524,#16524,#16526,.T.);
#16524 = VERTEX_POINT('',#16525);
#16525 = CARTESIAN_POINT('',(90.,-205.,54.));
#16526 = CIRCLE('',#16527,4.);
#16527 = AXIS2_PLACEMENT_3D('',#16528,#16529,#16530);
#16528 = CARTESIAN_POINT('',(90.,-205.,50.));
#16529 = DIRECTION('',(0.,1.,0.));
#16530 = DIRECTION('',(0.,0.,1.));
#16531 = ORIENTED_EDGE('',*,*,#16532,.F.);
#16532 = EDGE_CURVE('',#16533,#16524,#16535,.T.);
#16533 = VERTEX_POINT('',#16534);
#16534 = CARTESIAN_POINT('',(90.,-80.,54.));
#16535 = LINE('',#16536,#16537);
#16536 = CARTESIAN_POINT('',(90.,-80.,54.));
#16537 = VECTOR('',#16538,1.);
#16538 = DIRECTION('',(-0.,-1.,-0.));
#16539 = ORIENTED_EDGE('',*,*,#16540,.T.);
#16540 = EDGE_CURVE('',#16533,#16533,#16541,.T.);
#16541 = CIRCLE('',#16542,4.);
#16542 = AXIS2_PLACEMENT_3D('',#16543,#16544,#16545);
#16543 = CARTESIAN_POINT('',(90.,-80.,50.));
#16544 = DIRECTION('',(0.,1.,0.));
#16545 = DIRECTION('',(0.,0.,1.));
#16546 = ORIENTED_EDGE('',*,*,#16532,.T.);
#16547 = CYLINDRICAL_SURFACE('',#16548,4.);
#16548 = AXIS2_PLACEMENT_3D('',#16549,#16550,#16551);
#16549 = CARTESIAN_POINT('',(90.,-80.,50.));
#16550 = DIRECTION('',(-0.,-1.,-0.));
#16551 = DIRECTION('',(0.,0.,1.));
#16552 = ADVANCED_FACE('',(#16553),#16556,.T.);
#16553 = FACE_BOUND('',#16554,.F.);
#16554 = EDGE_LOOP('',(#16555));
#16555 = ORIENTED_EDGE('',*,*,#16523,.T.);
#16556 = PLANE('',#16557);
#16557 = AXIS2_PLACEMENT_3D('',#16558,#16559,#16560);
#16558 = CARTESIAN_POINT('',(90.,-205.,50.));
#16559 = DIRECTION('',(-0.,-1.,-0.));
#16560 = DIRECTION('',(0.,0.,-1.));
#16561 = ADVANCED_FACE('',(#16562),#16565,.F.);
#16562 = FACE_BOUND('',#16563,.F.);
#16563 = EDGE_LOOP('',(#16564));
#16564 = ORIENTED_EDGE('',*,*,#16540,.F.);
#16565 = PLANE('',#16566);
#16566 = AXIS2_PLACEMENT_3D('',#16567,#16568,#16569);
#16567 = CARTESIAN_POINT('',(90.,-80.,50.));
#16568 = DIRECTION('',(-0.,-1.,-0.));
#16569 = DIRECTION('',(0.,0.,-1.));
#16570 = MANIFOLD_SOLID_BREP('',#16571);
#16571 = CLOSED_SHELL('',(#16572,#16605,#16630,#16655,#16675,#16695,
    #16720,#16745,#16765,#16785));
#16572 = ADVANCED_FACE('',(#16573),#16600,.T.);
#16573 = FACE_BOUND('',#16574,.F.);
#16574 = EDGE_LOOP('',(#16575,#16584,#16592,#16599));
#16575 = ORIENTED_EDGE('',*,*,#16576,.F.);
#16576 = EDGE_CURVE('',#16577,#16577,#16579,.T.);
#16577 = VERTEX_POINT('',#16578);
#16578 = CARTESIAN_POINT('',(90.,-170.,94.));
#16579 = CIRCLE('',#16580,44.);
#16580 = AXIS2_PLACEMENT_3D('',#16581,#16582,#16583);
#16581 = CARTESIAN_POINT('',(90.,-170.,50.));
#16582 = DIRECTION('',(0.,1.,0.));
#16583 = DIRECTION('',(0.,0.,1.));
#16584 = ORIENTED_EDGE('',*,*,#16585,.F.);
#16585 = EDGE_CURVE('',#16586,#16577,#16588,.T.);
#16586 = VERTEX_POINT('',#16587);
#16587 = CARTESIAN_POINT('',(90.,-167.,94.));
#16588 = LINE('',#16589,#16590);
#16589 = CARTESIAN_POINT('',(90.,-167.,94.));
#16590 = VECTOR('',#16591,1.);
#16591 = DIRECTION('',(-0.,-1.,-0.));
#16592 = ORIENTED_EDGE('',*,*,#16593,.T.);
#16593 = EDGE_CURVE('',#16586,#16586,#16594,.T.);
#16594 = CIRCLE('',#16595,44.);
#16595 = AXIS2_PLACEMENT_3D('',#16596,#16597,#16598);
#16596 = CARTESIAN_POINT('',(90.,-167.,50.));
#16597 = DIRECTION('',(0.,1.,0.));
#16598 = DIRECTION('',(0.,0.,1.));
#16599 = ORIENTED_EDGE('',*,*,#16585,.T.);
#16600 = CYLINDRICAL_SURFACE('',#16601,44.);
#16601 = AXIS2_PLACEMENT_3D('',#16602,#16603,#16604);
#16602 = CARTESIAN_POINT('',(90.,-167.,50.));
#16603 = DIRECTION('',(-0.,-1.,-0.));
#16604 = DIRECTION('',(0.,0.,1.));
#16605 = ADVANCED_FACE('',(#16606),#16625,.T.);
#16606 = FACE_BOUND('',#16607,.F.);
#16607 = EDGE_LOOP('',(#16608,#16616,#16623,#16624));
#16608 = ORIENTED_EDGE('',*,*,#16609,.T.);
#16609 = EDGE_CURVE('',#16577,#16610,#16612,.T.);
#16610 = VERTEX_POINT('',#16611);
#16611 = CARTESIAN_POINT('',(90.,-182.7,94.));
#16612 = LINE('',#16613,#16614);
#16613 = CARTESIAN_POINT('',(90.,-157.3,94.));
#16614 = VECTOR('',#16615,1.);
#16615 = DIRECTION('',(-0.,-1.,-0.));
#16616 = ORIENTED_EDGE('',*,*,#16617,.F.);
#16617 = EDGE_CURVE('',#16610,#16610,#16618,.T.);
#16618 = CIRCLE('',#16619,44.);
#16619 = AXIS2_PLACEMENT_3D('',#16620,#16621,#16622);
#16620 = CARTESIAN_POINT('',(90.,-182.7,50.));
#16621 = DIRECTION('',(0.,1.,0.));
#16622 = DIRECTION('',(0.,0.,1.));
#16623 = ORIENTED_EDGE('',*,*,#16609,.F.);
#16624 = ORIENTED_EDGE('',*,*,#16576,.T.);
#16625 = CYLINDRICAL_SURFACE('',#16626,44.);
#16626 = AXIS2_PLACEMENT_3D('',#16627,#16628,#16629);
#16627 = CARTESIAN_POINT('',(90.,-157.3,50.));
#16628 = DIRECTION('',(-0.,-1.,-0.));
#16629 = DIRECTION('',(0.,0.,1.));
#16630 = ADVANCED_FACE('',(#16631),#16650,.T.);
#16631 = FACE_BOUND('',#16632,.F.);
#16632 = EDGE_LOOP('',(#16633,#16634,#16642,#16649));
#16633 = ORIENTED_EDGE('',*,*,#16593,.F.);
#16634 = ORIENTED_EDGE('',*,*,#16635,.F.);
#16635 = EDGE_CURVE('',#16636,#16586,#16638,.T.);
#16636 = VERTEX_POINT('',#16637);
#16637 = CARTESIAN_POINT('',(90.,-157.3,94.));
#16638 = LINE('',#16639,#16640);
#16639 = CARTESIAN_POINT('',(90.,-157.3,94.));
#16640 = VECTOR('',#16641,1.);
#16641 = DIRECTION('',(-0.,-1.,-0.));
#16642 = ORIENTED_EDGE('',*,*,#16643,.T.);
#16643 = EDGE_CURVE('',#16636,#16636,#16644,.T.);
#16644 = CIRCLE('',#16645,44.);
#16645 = AXIS2_PLACEMENT_3D('',#16646,#16647,#16648);
#16646 = CARTESIAN_POINT('',(90.,-157.3,50.));
#16647 = DIRECTION('',(0.,1.,0.));
#16648 = DIRECTION('',(0.,0.,1.));
#16649 = ORIENTED_EDGE('',*,*,#16635,.T.);
#16650 = CYLINDRICAL_SURFACE('',#16651,44.);
#16651 = AXIS2_PLACEMENT_3D('',#16652,#16653,#16654);
#16652 = CARTESIAN_POINT('',(90.,-157.3,50.));
#16653 = DIRECTION('',(-0.,-1.,-0.));
#16654 = DIRECTION('',(0.,0.,1.));
#16655 = ADVANCED_FACE('',(#16656,#16659),#16670,.T.);
#16656 = FACE_BOUND('',#16657,.F.);
#16657 = EDGE_LOOP('',(#16658));
#16658 = ORIENTED_EDGE('',*,*,#16617,.T.);
#16659 = FACE_BOUND('',#16660,.F.);
#16660 = EDGE_LOOP('',(#16661));
#16661 = ORIENTED_EDGE('',*,*,#16662,.F.);
#16662 = EDGE_CURVE('',#16663,#16663,#16665,.T.);
#16663 = VERTEX_POINT('',#16664);
#16664 = CARTESIAN_POINT('',(90.,-182.7,91.));
#16665 = CIRCLE('',#16666,41.);
#16666 = AXIS2_PLACEMENT_3D('',#16667,#16668,#16669);
#16667 = CARTESIAN_POINT('',(90.,-182.7,50.));
#16668 = DIRECTION('',(0.,1.,0.));
#16669 = DIRECTION('',(0.,0.,1.));
#16670 = PLANE('',#16671);
#16671 = AXIS2_PLACEMENT_3D('',#16672,#16673,#16674);
#16672 = CARTESIAN_POINT('',(90.,-182.7,50.));
#16673 = DIRECTION('',(-0.,-1.,-0.));
#16674 = DIRECTION('',(0.,0.,-1.));
#16675 = ADVANCED_FACE('',(#16676,#16679),#16690,.F.);
#16676 = FACE_BOUND('',#16677,.T.);
#16677 = EDGE_LOOP('',(#16678));
#16678 = ORIENTED_EDGE('',*,*,#16643,.T.);
#16679 = FACE_BOUND('',#16680,.T.);
#16680 = EDGE_LOOP('',(#16681));
#16681 = ORIENTED_EDGE('',*,*,#16682,.F.);
#16682 = EDGE_CURVE('',#16683,#16683,#16685,.T.);
#16683 = VERTEX_POINT('',#16684);
#16684 = CARTESIAN_POINT('',(90.,-157.3,91.));
#16685 = CIRCLE('',#16686,41.);
#16686 = AXIS2_PLACEMENT_3D('',#16687,#16688,#16689);
#16687 = CARTESIAN_POINT('',(90.,-157.3,50.));
#16688 = DIRECTION('',(0.,1.,0.));
#16689 = DIRECTION('',(0.,0.,1.));
#16690 = PLANE('',#16691);
#16691 = AXIS2_PLACEMENT_3D('',#16692,#16693,#16694);
#16692 = CARTESIAN_POINT('',(90.,-157.3,50.));
#16693 = DIRECTION('',(-0.,-1.,-0.));
#16694 = DIRECTION('',(0.,0.,-1.));
#16695 = ADVANCED_FACE('',(#16696),#16715,.F.);
#16696 = FACE_BOUND('',#16697,.T.);
#16697 = EDGE_LOOP('',(#16698,#16706,#16707,#16708));
#16698 = ORIENTED_EDGE('',*,*,#16699,.T.);
#16699 = EDGE_CURVE('',#16700,#16663,#16702,.T.);
#16700 = VERTEX_POINT('',#16701);
#16701 = CARTESIAN_POINT('',(90.,-170.,91.));
#16702 = LINE('',#16703,#16704);
#16703 = CARTESIAN_POINT('',(90.,-156.3,91.));
#16704 = VECTOR('',#16705,1.);
#16705 = DIRECTION('',(-0.,-1.,-0.));
#16706 = ORIENTED_EDGE('',*,*,#16662,.F.);
#16707 = ORIENTED_EDGE('',*,*,#16699,.F.);
#16708 = ORIENTED_EDGE('',*,*,#16709,.T.);
#16709 = EDGE_CURVE('',#16700,#16700,#16710,.T.);
#16710 = CIRCLE('',#16711,41.);
#16711 = AXIS2_PLACEMENT_3D('',#16712,#16713,#16714);
#16712 = CARTESIAN_POINT('',(90.,-170.,50.));
#16713 = DIRECTION('',(0.,1.,0.));
#16714 = DIRECTION('',(0.,0.,1.));
#16715 = CYLINDRICAL_SURFACE('',#16716,41.);
#16716 = AXIS2_PLACEMENT_3D('',#16717,#16718,#16719);
#16717 = CARTESIAN_POINT('',(90.,-156.3,50.));
#16718 = DIRECTION('',(-0.,-1.,-0.));
#16719 = DIRECTION('',(0.,0.,1.));
#16720 = ADVANCED_FACE('',(#16721),#16740,.F.);
#16721 = FACE_BOUND('',#16722,.T.);
#16722 = EDGE_LOOP('',(#16723,#16732,#16738,#16739));
#16723 = ORIENTED_EDGE('',*,*,#16724,.F.);
#16724 = EDGE_CURVE('',#16725,#16725,#16727,.T.);
#16725 = VERTEX_POINT('',#16726);
#16726 = CARTESIAN_POINT('',(90.,-167.,91.));
#16727 = CIRCLE('',#16728,41.);
#16728 = AXIS2_PLACEMENT_3D('',#16729,#16730,#16731);
#16729 = CARTESIAN_POINT('',(90.,-167.,50.));
#16730 = DIRECTION('',(0.,1.,0.));
#16731 = DIRECTION('',(0.,0.,1.));
#16732 = ORIENTED_EDGE('',*,*,#16733,.F.);
#16733 = EDGE_CURVE('',#16683,#16725,#16734,.T.);
#16734 = LINE('',#16735,#16736);
#16735 = CARTESIAN_POINT('',(90.,-156.3,91.));
#16736 = VECTOR('',#16737,1.);
#16737 = DIRECTION('',(-0.,-1.,-0.));
#16738 = ORIENTED_EDGE('',*,*,#16682,.T.);
#16739 = ORIENTED_EDGE('',*,*,#16733,.T.);
#16740 = CYLINDRICAL_SURFACE('',#16741,41.);
#16741 = AXIS2_PLACEMENT_3D('',#16742,#16743,#16744);
#16742 = CARTESIAN_POINT('',(90.,-156.3,50.));
#16743 = DIRECTION('',(-0.,-1.,-0.));
#16744 = DIRECTION('',(0.,0.,1.));
#16745 = ADVANCED_FACE('',(#16746,#16749),#16760,.T.);
#16746 = FACE_BOUND('',#16747,.F.);
#16747 = EDGE_LOOP('',(#16748));
#16748 = ORIENTED_EDGE('',*,*,#16709,.T.);
#16749 = FACE_BOUND('',#16750,.F.);
#16750 = EDGE_LOOP('',(#16751));
#16751 = ORIENTED_EDGE('',*,*,#16752,.F.);
#16752 = EDGE_CURVE('',#16753,#16753,#16755,.T.);
#16753 = VERTEX_POINT('',#16754);
#16754 = CARTESIAN_POINT('',(90.,-170.,54.));
#16755 = CIRCLE('',#16756,4.);
#16756 = AXIS2_PLACEMENT_3D('',#16757,#16758,#16759);
#16757 = CARTESIAN_POINT('',(90.,-170.,50.));
#16758 = DIRECTION('',(0.,1.,0.));
#16759 = DIRECTION('',(0.,0.,1.));
#16760 = PLANE('',#16761);
#16761 = AXIS2_PLACEMENT_3D('',#16762,#16763,#16764);
#16762 = CARTESIAN_POINT('',(90.,-170.,50.));
#16763 = DIRECTION('',(-0.,-1.,-0.));
#16764 = DIRECTION('',(0.,0.,-1.));
#16765 = ADVANCED_FACE('',(#16766,#16769),#16780,.F.);
#16766 = FACE_BOUND('',#16767,.T.);
#16767 = EDGE_LOOP('',(#16768));
#16768 = ORIENTED_EDGE('',*,*,#16724,.T.);
#16769 = FACE_BOUND('',#16770,.T.);
#16770 = EDGE_LOOP('',(#16771));
#16771 = ORIENTED_EDGE('',*,*,#16772,.F.);
#16772 = EDGE_CURVE('',#16773,#16773,#16775,.T.);
#16773 = VERTEX_POINT('',#16774);
#16774 = CARTESIAN_POINT('',(90.,-167.,54.));
#16775 = CIRCLE('',#16776,4.);
#16776 = AXIS2_PLACEMENT_3D('',#16777,#16778,#16779);
#16777 = CARTESIAN_POINT('',(90.,-167.,50.));
#16778 = DIRECTION('',(0.,1.,0.));
#16779 = DIRECTION('',(0.,0.,1.));
#16780 = PLANE('',#16781);
#16781 = AXIS2_PLACEMENT_3D('',#16782,#16783,#16784);
#16782 = CARTESIAN_POINT('',(90.,-167.,50.));
#16783 = DIRECTION('',(-0.,-1.,-0.));
#16784 = DIRECTION('',(0.,0.,-1.));
#16785 = ADVANCED_FACE('',(#16786),#16797,.F.);
#16786 = FACE_BOUND('',#16787,.T.);
#16787 = EDGE_LOOP('',(#16788,#16789,#16795,#16796));
#16788 = ORIENTED_EDGE('',*,*,#16752,.F.);
#16789 = ORIENTED_EDGE('',*,*,#16790,.F.);
#16790 = EDGE_CURVE('',#16773,#16753,#16791,.T.);
#16791 = LINE('',#16792,#16793);
#16792 = CARTESIAN_POINT('',(90.,-166.,54.));
#16793 = VECTOR('',#16794,1.);
#16794 = DIRECTION('',(-0.,-1.,-0.));
#16795 = ORIENTED_EDGE('',*,*,#16772,.T.);
#16796 = ORIENTED_EDGE('',*,*,#16790,.T.);
#16797 = CYLINDRICAL_SURFACE('',#16798,4.);
#16798 = AXIS2_PLACEMENT_3D('',#16799,#16800,#16801);
#16799 = CARTESIAN_POINT('',(90.,-166.,50.));
#16800 = DIRECTION('',(-0.,-1.,-0.));
#16801 = DIRECTION('',(0.,0.,1.));
#16802 = MANIFOLD_SOLID_BREP('',#16803);
#16803 = CLOSED_SHELL('',(#16804,#16837,#16857,#16877));
#16804 = ADVANCED_FACE('',(#16805),#16832,.T.);
#16805 = FACE_BOUND('',#16806,.F.);
#16806 = EDGE_LOOP('',(#16807,#16816,#16824,#16831));
#16807 = ORIENTED_EDGE('',*,*,#16808,.F.);
#16808 = EDGE_CURVE('',#16809,#16809,#16811,.T.);
#16809 = VERTEX_POINT('',#16810);
#16810 = CARTESIAN_POINT('',(90.,-182.7,100.));
#16811 = CIRCLE('',#16812,50.);
#16812 = AXIS2_PLACEMENT_3D('',#16813,#16814,#16815);
#16813 = CARTESIAN_POINT('',(90.,-182.7,50.));
#16814 = DIRECTION('',(0.,1.,0.));
#16815 = DIRECTION('',(0.,0.,1.));
#16816 = ORIENTED_EDGE('',*,*,#16817,.F.);
#16817 = EDGE_CURVE('',#16818,#16809,#16820,.T.);
#16818 = VERTEX_POINT('',#16819);
#16819 = CARTESIAN_POINT('',(90.,-157.3,100.));
#16820 = LINE('',#16821,#16822);
#16821 = CARTESIAN_POINT('',(90.,-157.3,100.));
#16822 = VECTOR('',#16823,1.);
#16823 = DIRECTION('',(-0.,-1.,-0.));
#16824 = ORIENTED_EDGE('',*,*,#16825,.T.);
#16825 = EDGE_CURVE('',#16818,#16818,#16826,.T.);
#16826 = CIRCLE('',#16827,50.);
#16827 = AXIS2_PLACEMENT_3D('',#16828,#16829,#16830);
#16828 = CARTESIAN_POINT('',(90.,-157.3,50.));
#16829 = DIRECTION('',(0.,1.,0.));
#16830 = DIRECTION('',(0.,0.,1.));
#16831 = ORIENTED_EDGE('',*,*,#16817,.T.);
#16832 = CYLINDRICAL_SURFACE('',#16833,50.);
#16833 = AXIS2_PLACEMENT_3D('',#16834,#16835,#16836);
#16834 = CARTESIAN_POINT('',(90.,-157.3,50.));
#16835 = DIRECTION('',(-0.,-1.,-0.));
#16836 = DIRECTION('',(0.,0.,1.));
#16837 = ADVANCED_FACE('',(#16838,#16841),#16852,.T.);
#16838 = FACE_BOUND('',#16839,.F.);
#16839 = EDGE_LOOP('',(#16840));
#16840 = ORIENTED_EDGE('',*,*,#16808,.T.);
#16841 = FACE_BOUND('',#16842,.F.);
#16842 = EDGE_LOOP('',(#16843));
#16843 = ORIENTED_EDGE('',*,*,#16844,.F.);
#16844 = EDGE_CURVE('',#16845,#16845,#16847,.T.);
#16845 = VERTEX_POINT('',#16846);
#16846 = CARTESIAN_POINT('',(90.,-182.7,94.));
#16847 = CIRCLE('',#16848,44.);
#16848 = AXIS2_PLACEMENT_3D('',#16849,#16850,#16851);
#16849 = CARTESIAN_POINT('',(90.,-182.7,50.));
#16850 = DIRECTION('',(0.,1.,0.));
#16851 = DIRECTION('',(0.,0.,1.));
#16852 = PLANE('',#16853);
#16853 = AXIS2_PLACEMENT_3D('',#16854,#16855,#16856);
#16854 = CARTESIAN_POINT('',(90.,-182.7,50.));
#16855 = DIRECTION('',(-0.,-1.,-0.));
#16856 = DIRECTION('',(0.,0.,-1.));
#16857 = ADVANCED_FACE('',(#16858,#16861),#16872,.F.);
#16858 = FACE_BOUND('',#16859,.T.);
#16859 = EDGE_LOOP('',(#16860));
#16860 = ORIENTED_EDGE('',*,*,#16825,.T.);
#16861 = FACE_BOUND('',#16862,.T.);
#16862 = EDGE_LOOP('',(#16863));
#16863 = ORIENTED_EDGE('',*,*,#16864,.F.);
#16864 = EDGE_CURVE('',#16865,#16865,#16867,.T.);
#16865 = VERTEX_POINT('',#16866);
#16866 = CARTESIAN_POINT('',(90.,-157.3,94.));
#16867 = CIRCLE('',#16868,44.);
#16868 = AXIS2_PLACEMENT_3D('',#16869,#16870,#16871);
#16869 = CARTESIAN_POINT('',(90.,-157.3,50.));
#16870 = DIRECTION('',(0.,1.,0.));
#16871 = DIRECTION('',(0.,0.,1.));
#16872 = PLANE('',#16873);
#16873 = AXIS2_PLACEMENT_3D('',#16874,#16875,#16876);
#16874 = CARTESIAN_POINT('',(90.,-157.3,50.));
#16875 = DIRECTION('',(-0.,-1.,-0.));
#16876 = DIRECTION('',(0.,0.,-1.));
#16877 = ADVANCED_FACE('',(#16878),#16889,.F.);
#16878 = FACE_BOUND('',#16879,.T.);
#16879 = EDGE_LOOP('',(#16880,#16881,#16887,#16888));
#16880 = ORIENTED_EDGE('',*,*,#16844,.F.);
#16881 = ORIENTED_EDGE('',*,*,#16882,.F.);
#16882 = EDGE_CURVE('',#16865,#16845,#16883,.T.);
#16883 = LINE('',#16884,#16885);
#16884 = CARTESIAN_POINT('',(90.,-156.3,94.));
#16885 = VECTOR('',#16886,1.);
#16886 = DIRECTION('',(-0.,-1.,-0.));
#16887 = ORIENTED_EDGE('',*,*,#16864,.T.);
#16888 = ORIENTED_EDGE('',*,*,#16882,.T.);
#16889 = CYLINDRICAL_SURFACE('',#16890,44.);
#16890 = AXIS2_PLACEMENT_3D('',#16891,#16892,#16893);
#16891 = CARTESIAN_POINT('',(90.,-156.3,50.));
#16892 = DIRECTION('',(-0.,-1.,-0.));
#16893 = DIRECTION('',(0.,0.,1.));
#16894 = MANIFOLD_SOLID_BREP('',#16895);
#16895 = CLOSED_SHELL('',(#16896,#16929,#16949,#16969));
#16896 = ADVANCED_FACE('',(#16897),#16924,.T.);
#16897 = FACE_BOUND('',#16898,.F.);
#16898 = EDGE_LOOP('',(#16899,#16908,#16916,#16923));
#16899 = ORIENTED_EDGE('',*,*,#16900,.F.);
#16900 = EDGE_CURVE('',#16901,#16901,#16903,.T.);
#16901 = VERTEX_POINT('',#16902);
#16902 = CARTESIAN_POINT('',(90.,-183.,62.));
#16903 = CIRCLE('',#16904,12.);
#16904 = AXIS2_PLACEMENT_3D('',#16905,#16906,#16907);
#16905 = CARTESIAN_POINT('',(90.,-183.,50.));
#16906 = DIRECTION('',(0.,1.,0.));
#16907 = DIRECTION('',(0.,0.,1.));
#16908 = ORIENTED_EDGE('',*,*,#16909,.F.);
#16909 = EDGE_CURVE('',#16910,#16901,#16912,.T.);
#16910 = VERTEX_POINT('',#16911);
#16911 = CARTESIAN_POINT('',(90.,-170.,62.));
#16912 = LINE('',#16913,#16914);
#16913 = CARTESIAN_POINT('',(90.,-170.,62.));
#16914 = VECTOR('',#16915,1.);
#16915 = DIRECTION('',(-0.,-1.,-0.));
#16916 = ORIENTED_EDGE('',*,*,#16917,.T.);
#16917 = EDGE_CURVE('',#16910,#16910,#16918,.T.);
#16918 = CIRCLE('',#16919,12.);
#16919 = AXIS2_PLACEMENT_3D('',#16920,#16921,#16922);
#16920 = CARTESIAN_POINT('',(90.,-170.,50.));
#16921 = DIRECTION('',(0.,1.,0.));
#16922 = DIRECTION('',(0.,0.,1.));
#16923 = ORIENTED_EDGE('',*,*,#16909,.T.);
#16924 = CYLINDRICAL_SURFACE('',#16925,12.);
#16925 = AXIS2_PLACEMENT_3D('',#16926,#16927,#16928);
#16926 = CARTESIAN_POINT('',(90.,-170.,50.));
#16927 = DIRECTION('',(-0.,-1.,-0.));
#16928 = DIRECTION('',(0.,0.,1.));
#16929 = ADVANCED_FACE('',(#16930,#16933),#16944,.T.);
#16930 = FACE_BOUND('',#16931,.F.);
#16931 = EDGE_LOOP('',(#16932));
#16932 = ORIENTED_EDGE('',*,*,#16900,.T.);
#16933 = FACE_BOUND('',#16934,.F.);
#16934 = EDGE_LOOP('',(#16935));
#16935 = ORIENTED_EDGE('',*,*,#16936,.F.);
#16936 = EDGE_CURVE('',#16937,#16937,#16939,.T.);
#16937 = VERTEX_POINT('',#16938);
#16938 = CARTESIAN_POINT('',(90.,-183.,54.));
#16939 = CIRCLE('',#16940,4.);
#16940 = AXIS2_PLACEMENT_3D('',#16941,#16942,#16943);
#16941 = CARTESIAN_POINT('',(90.,-183.,50.));
#16942 = DIRECTION('',(0.,1.,0.));
#16943 = DIRECTION('',(0.,0.,1.));
#16944 = PLANE('',#16945);
#16945 = AXIS2_PLACEMENT_3D('',#16946,#16947,#16948);
#16946 = CARTESIAN_POINT('',(90.,-183.,50.));
#16947 = DIRECTION('',(-0.,-1.,-0.));
#16948 = DIRECTION('',(0.,0.,-1.));
#16949 = ADVANCED_FACE('',(#16950,#16953),#16964,.F.);
#16950 = FACE_BOUND('',#16951,.T.);
#16951 = EDGE_LOOP('',(#16952));
#16952 = ORIENTED_EDGE('',*,*,#16917,.T.);
#16953 = FACE_BOUND('',#16954,.T.);
#16954 = EDGE_LOOP('',(#16955));
#16955 = ORIENTED_EDGE('',*,*,#16956,.F.);
#16956 = EDGE_CURVE('',#16957,#16957,#16959,.T.);
#16957 = VERTEX_POINT('',#16958);
#16958 = CARTESIAN_POINT('',(90.,-170.,54.));
#16959 = CIRCLE('',#16960,4.);
#16960 = AXIS2_PLACEMENT_3D('',#16961,#16962,#16963);
#16961 = CARTESIAN_POINT('',(90.,-170.,50.));
#16962 = DIRECTION('',(0.,1.,0.));
#16963 = DIRECTION('',(0.,0.,1.));
#16964 = PLANE('',#16965);
#16965 = AXIS2_PLACEMENT_3D('',#16966,#16967,#16968);
#16966 = CARTESIAN_POINT('',(90.,-170.,50.));
#16967 = DIRECTION('',(-0.,-1.,-0.));
#16968 = DIRECTION('',(0.,0.,-1.));
#16969 = ADVANCED_FACE('',(#16970),#16981,.F.);
#16970 = FACE_BOUND('',#16971,.T.);
#16971 = EDGE_LOOP('',(#16972,#16973,#16979,#16980));
#16972 = ORIENTED_EDGE('',*,*,#16936,.F.);
#16973 = ORIENTED_EDGE('',*,*,#16974,.F.);
#16974 = EDGE_CURVE('',#16957,#16937,#16975,.T.);
#16975 = LINE('',#16976,#16977);
#16976 = CARTESIAN_POINT('',(90.,-169.,54.));
#16977 = VECTOR('',#16978,1.);
#16978 = DIRECTION('',(-0.,-1.,-0.));
#16979 = ORIENTED_EDGE('',*,*,#16956,.T.);
#16980 = ORIENTED_EDGE('',*,*,#16974,.T.);
#16981 = CYLINDRICAL_SURFACE('',#16982,4.);
#16982 = AXIS2_PLACEMENT_3D('',#16983,#16984,#16985);
#16983 = CARTESIAN_POINT('',(90.,-169.,50.));
#16984 = DIRECTION('',(-0.,-1.,-0.));
#16985 = DIRECTION('',(0.,0.,1.));
#16986 = MANIFOLD_SOLID_BREP('',#16987);
#16987 = CLOSED_SHELL('',(#16988,#17028,#17061,#17112,#17166,#17220,
    #17232,#17254,#17271,#17288));
#16988 = ADVANCED_FACE('',(#16989),#17023,.F.);
#16989 = FACE_BOUND('',#16990,.T.);
#16990 = EDGE_LOOP('',(#16991,#17001,#17009,#17017));
#16991 = ORIENTED_EDGE('',*,*,#16992,.T.);
#16992 = EDGE_CURVE('',#16993,#16995,#16997,.T.);
#16993 = VERTEX_POINT('',#16994);
#16994 = CARTESIAN_POINT('',(76.945580800171,-89.,42.463027560865));
#16995 = VERTEX_POINT('',#16996);
#16996 = CARTESIAN_POINT('',(76.945580800171,-99.,42.463027560865));
#16997 = LINE('',#16998,#16999);
#16998 = CARTESIAN_POINT('',(76.945580800171,-89.,42.463027560865));
#16999 = VECTOR('',#17000,1.);
#17000 = DIRECTION('',(-0.,-1.,-0.));
#17001 = ORIENTED_EDGE('',*,*,#17002,.T.);
#17002 = EDGE_CURVE('',#16995,#17003,#17005,.T.);
#17003 = VERTEX_POINT('',#17004);
#17004 = CARTESIAN_POINT('',(31.945580800171,-99.,120.40531390146));
#17005 = LINE('',#17006,#17007);
#17006 = CARTESIAN_POINT('',(76.945580800171,-99.,42.463027560865));
#17007 = VECTOR('',#17008,1.);
#17008 = DIRECTION('',(-0.5,0.,0.866025403784));
#17009 = ORIENTED_EDGE('',*,*,#17010,.F.);
#17010 = EDGE_CURVE('',#17011,#17003,#17013,.T.);
#17011 = VERTEX_POINT('',#17012);
#17012 = CARTESIAN_POINT('',(31.945580800171,-89.,120.40531390146));
#17013 = LINE('',#17014,#17015);
#17014 = CARTESIAN_POINT('',(31.945580800171,-89.,120.40531390146));
#17015 = VECTOR('',#17016,1.);
#17016 = DIRECTION('',(-0.,-1.,-0.));
#17017 = ORIENTED_EDGE('',*,*,#17018,.F.);
#17018 = EDGE_CURVE('',#16993,#17011,#17019,.T.);
#17019 = LINE('',#17020,#17021);
#17020 = CARTESIAN_POINT('',(76.945580800171,-89.,42.463027560865));
#17021 = VECTOR('',#17022,1.);
#17022 = DIRECTION('',(-0.5,0.,0.866025403784));
#17023 = PLANE('',#17024);
#17024 = AXIS2_PLACEMENT_3D('',#17025,#17026,#17027);
#17025 = CARTESIAN_POINT('',(76.945580800171,-89.,42.463027560865));
#17026 = DIRECTION('',(0.866025403784,0.,0.5));
#17027 = DIRECTION('',(0.5,0.,-0.866025403784));
#17028 = ADVANCED_FACE('',(#17029),#17056,.T.);
#17029 = FACE_BOUND('',#17030,.F.);
#17030 = EDGE_LOOP('',(#17031,#17040,#17048,#17055));
#17031 = ORIENTED_EDGE('',*,*,#17032,.F.);
#17032 = EDGE_CURVE('',#17033,#16995,#17035,.T.);
#17033 = VERTEX_POINT('',#17034);
#17034 = CARTESIAN_POINT('',(103.05441919982,-99.,57.536972439135));
#17035 = CIRCLE('',#17036,15.073944878271);
#17036 = AXIS2_PLACEMENT_3D('',#17037,#17038,#17039);
#17037 = CARTESIAN_POINT('',(90.,-99.,50.));
#17038 = DIRECTION('',(0.,1.,0.));
#17039 = DIRECTION('',(0.,0.,1.));
#17040 = ORIENTED_EDGE('',*,*,#17041,.F.);
#17041 = EDGE_CURVE('',#17042,#17033,#17044,.T.);
#17042 = VERTEX_POINT('',#17043);
#17043 = CARTESIAN_POINT('',(103.05441919982,-89.,57.536972439135));
#17044 = LINE('',#17045,#17046);
#17045 = CARTESIAN_POINT('',(103.05441919982,-89.,57.536972439135));
#17046 = VECTOR('',#17047,1.);
#17047 = DIRECTION('',(-0.,-1.,-0.));
#17048 = ORIENTED_EDGE('',*,*,#17049,.T.);
#17049 = EDGE_CURVE('',#17042,#16993,#17050,.T.);
#17050 = CIRCLE('',#17051,15.073944878271);
#17051 = AXIS2_PLACEMENT_3D('',#17052,#17053,#17054);
#17052 = CARTESIAN_POINT('',(90.,-89.,50.));
#17053 = DIRECTION('',(0.,1.,0.));
#17054 = DIRECTION('',(0.,0.,1.));
#17055 = ORIENTED_EDGE('',*,*,#16992,.T.);
#17056 = CYLINDRICAL_SURFACE('',#17057,15.073944878271);
#17057 = AXIS2_PLACEMENT_3D('',#17058,#17059,#17060);
#17058 = CARTESIAN_POINT('',(90.,-89.,50.));
#17059 = DIRECTION('',(-0.,-1.,-0.));
#17060 = DIRECTION('',(0.,0.,1.));
#17061 = ADVANCED_FACE('',(#17062),#17107,.T.);
#17062 = FACE_BOUND('',#17063,.F.);
#17063 = EDGE_LOOP('',(#17064,#17075,#17083,#17092,#17099,#17100));
#17064 = ORIENTED_EDGE('',*,*,#17065,.T.);
#17065 = EDGE_CURVE('',#17066,#17068,#17070,.T.);
#17066 = VERTEX_POINT('',#17067);
#17067 = CARTESIAN_POINT('',(45.,-89.,143.01623121887));
#17068 = VERTEX_POINT('',#17069);
#17069 = CARTESIAN_POINT('',(58.054419199829,-89.,135.47925877973));
#17070 = CIRCLE('',#17071,15.073944878271);
#17071 = AXIS2_PLACEMENT_3D('',#17072,#17073,#17074);
#17072 = CARTESIAN_POINT('',(45.,-89.,127.94228634059));
#17073 = DIRECTION('',(0.,1.,0.));
#17074 = DIRECTION('',(0.,0.,1.));
#17075 = ORIENTED_EDGE('',*,*,#17076,.T.);
#17076 = EDGE_CURVE('',#17068,#17077,#17079,.T.);
#17077 = VERTEX_POINT('',#17078);
#17078 = CARTESIAN_POINT('',(58.054419199829,-99.,135.47925877973));
#17079 = LINE('',#17080,#17081);
#17080 = CARTESIAN_POINT('',(58.054419199829,-89.,135.47925877973));
#17081 = VECTOR('',#17082,1.);
#17082 = DIRECTION('',(-0.,-1.,-0.));
#17083 = ORIENTED_EDGE('',*,*,#17084,.F.);
#17084 = EDGE_CURVE('',#17085,#17077,#17087,.T.);
#17085 = VERTEX_POINT('',#17086);
#17086 = CARTESIAN_POINT('',(45.,-99.,143.01623121887));
#17087 = CIRCLE('',#17088,15.073944878271);
#17088 = AXIS2_PLACEMENT_3D('',#17089,#17090,#17091);
#17089 = CARTESIAN_POINT('',(45.,-99.,127.94228634059));
#17090 = DIRECTION('',(0.,1.,0.));
#17091 = DIRECTION('',(0.,0.,1.));
#17092 = ORIENTED_EDGE('',*,*,#17093,.F.);
#17093 = EDGE_CURVE('',#17003,#17085,#17094,.T.);
#17094 = CIRCLE('',#17095,15.073944878271);
#17095 = AXIS2_PLACEMENT_3D('',#17096,#17097,#17098);
#17096 = CARTESIAN_POINT('',(45.,-99.,127.94228634059));
#17097 = DIRECTION('',(0.,1.,0.));
#17098 = DIRECTION('',(0.,0.,1.));
#17099 = ORIENTED_EDGE('',*,*,#17010,.F.);
#17100 = ORIENTED_EDGE('',*,*,#17101,.T.);
#17101 = EDGE_CURVE('',#17011,#17066,#17102,.T.);
#17102 = CIRCLE('',#17103,15.073944878271);
#17103 = AXIS2_PLACEMENT_3D('',#17104,#17105,#17106);
#17104 = CARTESIAN_POINT('',(45.,-89.,127.94228634059));
#17105 = DIRECTION('',(0.,1.,0.));
#17106 = DIRECTION('',(0.,0.,1.));
#17107 = CYLINDRICAL_SURFACE('',#17108,15.073944878271);
#17108 = AXIS2_PLACEMENT_3D('',#17109,#17110,#17111);
#17109 = CARTESIAN_POINT('',(45.,-89.,127.94228634059));
#17110 = DIRECTION('',(-0.,-1.,-0.));
#17111 = DIRECTION('',(0.,0.,1.));
#17112 = ADVANCED_FACE('',(#17113,#17125),#17161,.T.);
#17113 = FACE_BOUND('',#17114,.F.);
#17114 = EDGE_LOOP('',(#17115,#17121,#17122,#17123,#17124));
#17115 = ORIENTED_EDGE('',*,*,#17116,.F.);
#17116 = EDGE_CURVE('',#17068,#17042,#17117,.T.);
#17117 = LINE('',#17118,#17119);
#17118 = CARTESIAN_POINT('',(58.054419199829,-89.,135.47925877973));
#17119 = VECTOR('',#17120,1.);
#17120 = DIRECTION('',(0.5,0.,-0.866025403784));
#17121 = ORIENTED_EDGE('',*,*,#17065,.F.);
#17122 = ORIENTED_EDGE('',*,*,#17101,.F.);
#17123 = ORIENTED_EDGE('',*,*,#17018,.F.);
#17124 = ORIENTED_EDGE('',*,*,#17049,.F.);
#17125 = FACE_BOUND('',#17126,.F.);
#17126 = EDGE_LOOP('',(#17127,#17138,#17146,#17155));
#17127 = ORIENTED_EDGE('',*,*,#17128,.T.);
#17128 = EDGE_CURVE('',#17129,#17131,#17133,.T.);
#17129 = VERTEX_POINT('',#17130);
#17130 = CARTESIAN_POINT('',(101.75538109415,-89.,56.786972439135));
#17131 = VERTEX_POINT('',#17132);
#17132 = CARTESIAN_POINT('',(78.244618905848,-89.,43.213027560865));
#17133 = CIRCLE('',#17134,13.573944878271);
#17134 = AXIS2_PLACEMENT_3D('',#17135,#17136,#17137);
#17135 = CARTESIAN_POINT('',(90.,-89.,50.));
#17136 = DIRECTION('',(0.,1.,0.));
#17137 = DIRECTION('',(0.,0.,1.));
#17138 = ORIENTED_EDGE('',*,*,#17139,.T.);
#17139 = EDGE_CURVE('',#17131,#17140,#17142,.T.);
#17140 = VERTEX_POINT('',#17141);
#17141 = CARTESIAN_POINT('',(33.244618905848,-89.,121.15531390146));
#17142 = LINE('',#17143,#17144);
#17143 = CARTESIAN_POINT('',(66.900477860544,-89.,62.861656219559));
#17144 = VECTOR('',#17145,1.);
#17145 = DIRECTION('',(-0.5,0.,0.866025403784));
#17146 = ORIENTED_EDGE('',*,*,#17147,.T.);
#17147 = EDGE_CURVE('',#17140,#17148,#17150,.T.);
#17148 = VERTEX_POINT('',#17149);
#17149 = CARTESIAN_POINT('',(56.755381094152,-89.,134.72925877973));
#17150 = CIRCLE('',#17151,13.573944878271);
#17151 = AXIS2_PLACEMENT_3D('',#17152,#17153,#17154);
#17152 = CARTESIAN_POINT('',(45.,-89.,127.94228634059));
#17153 = DIRECTION('',(0.,1.,0.));
#17154 = DIRECTION('',(0.,0.,1.));
#17155 = ORIENTED_EDGE('',*,*,#17156,.T.);
#17156 = EDGE_CURVE('',#17148,#17129,#17157,.T.);
#17157 = LINE('',#17158,#17159);
#17158 = CARTESIAN_POINT('',(67.911240048848,-89.,115.40674426812));
#17159 = VECTOR('',#17160,1.);
#17160 = DIRECTION('',(0.5,0.,-0.866025403784));
#17161 = PLANE('',#17162);
#17162 = AXIS2_PLACEMENT_3D('',#17163,#17164,#17165);
#17163 = CARTESIAN_POINT('',(67.339998651497,-89.,89.313585211456));
#17164 = DIRECTION('',(0.,1.,0.));
#17165 = DIRECTION('',(0.,0.,1.));
#17166 = ADVANCED_FACE('',(#17167,#17179),#17215,.T.);
#17167 = FACE_BOUND('',#17168,.F.);
#17168 = EDGE_LOOP('',(#17169,#17175,#17176,#17177,#17178));
#17169 = ORIENTED_EDGE('',*,*,#17170,.T.);
#17170 = EDGE_CURVE('',#17077,#17033,#17171,.T.);
#17171 = LINE('',#17172,#17173);
#17172 = CARTESIAN_POINT('',(58.054419199829,-99.,135.47925877973));
#17173 = VECTOR('',#17174,1.);
#17174 = DIRECTION('',(0.5,0.,-0.866025403784));
#17175 = ORIENTED_EDGE('',*,*,#17032,.T.);
#17176 = ORIENTED_EDGE('',*,*,#17002,.T.);
#17177 = ORIENTED_EDGE('',*,*,#17093,.T.);
#17178 = ORIENTED_EDGE('',*,*,#17084,.T.);
#17179 = FACE_BOUND('',#17180,.F.);
#17180 = EDGE_LOOP('',(#17181,#17192,#17200,#17209));
#17181 = ORIENTED_EDGE('',*,*,#17182,.F.);
#17182 = EDGE_CURVE('',#17183,#17185,#17187,.T.);
#17183 = VERTEX_POINT('',#17184);
#17184 = CARTESIAN_POINT('',(33.244618905848,-99.,121.15531390146));
#17185 = VERTEX_POINT('',#17186);
#17186 = CARTESIAN_POINT('',(56.755381094152,-99.,134.72925877973));
#17187 = CIRCLE('',#17188,13.573944878271);
#17188 = AXIS2_PLACEMENT_3D('',#17189,#17190,#17191);
#17189 = CARTESIAN_POINT('',(45.,-99.,127.94228634059));
#17190 = DIRECTION('',(0.,1.,0.));
#17191 = DIRECTION('',(0.,0.,1.));
#17192 = ORIENTED_EDGE('',*,*,#17193,.T.);
#17193 = EDGE_CURVE('',#17183,#17194,#17196,.T.);
#17194 = VERTEX_POINT('',#17195);
#17195 = CARTESIAN_POINT('',(78.244618905848,-99.,43.213027560865));
#17196 = LINE('',#17197,#17198);
#17197 = CARTESIAN_POINT('',(66.900477860544,-99.,62.861656219559));
#17198 = VECTOR('',#17199,1.);
#17199 = DIRECTION('',(0.5,0.,-0.866025403784));
#17200 = ORIENTED_EDGE('',*,*,#17201,.F.);
#17201 = EDGE_CURVE('',#17202,#17194,#17204,.T.);
#17202 = VERTEX_POINT('',#17203);
#17203 = CARTESIAN_POINT('',(101.75538109415,-99.,56.786972439135));
#17204 = CIRCLE('',#17205,13.573944878271);
#17205 = AXIS2_PLACEMENT_3D('',#17206,#17207,#17208);
#17206 = CARTESIAN_POINT('',(90.,-99.,50.));
#17207 = DIRECTION('',(0.,1.,0.));
#17208 = DIRECTION('',(0.,0.,1.));
#17209 = ORIENTED_EDGE('',*,*,#17210,.T.);
#17210 = EDGE_CURVE('',#17202,#17185,#17211,.T.);
#17211 = LINE('',#17212,#17213);
#17212 = CARTESIAN_POINT('',(67.911240048848,-99.,115.40674426812));
#17213 = VECTOR('',#17214,1.);
#17214 = DIRECTION('',(-0.5,0.,0.866025403784));
#17215 = PLANE('',#17216);
#17216 = AXIS2_PLACEMENT_3D('',#17217,#17218,#17219);
#17217 = CARTESIAN_POINT('',(67.339998651497,-99.,89.313585211456));
#17218 = DIRECTION('',(-0.,-1.,-0.));
#17219 = DIRECTION('',(0.,0.,-1.));
#17220 = ADVANCED_FACE('',(#17221),#17227,.F.);
#17221 = FACE_BOUND('',#17222,.T.);
#17222 = EDGE_LOOP('',(#17223,#17224,#17225,#17226));
#17223 = ORIENTED_EDGE('',*,*,#17076,.T.);
#17224 = ORIENTED_EDGE('',*,*,#17170,.T.);
#17225 = ORIENTED_EDGE('',*,*,#17041,.F.);
#17226 = ORIENTED_EDGE('',*,*,#17116,.F.);
#17227 = PLANE('',#17228);
#17228 = AXIS2_PLACEMENT_3D('',#17229,#17230,#17231);
#17229 = CARTESIAN_POINT('',(58.054419199829,-89.,135.47925877973));
#17230 = DIRECTION('',(-0.866025403784,-0.,-0.5));
#17231 = DIRECTION('',(-0.5,0.,0.866025403784));
#17232 = ADVANCED_FACE('',(#17233),#17249,.F.);
#17233 = FACE_BOUND('',#17234,.T.);
#17234 = EDGE_LOOP('',(#17235,#17236,#17242,#17243));
#17235 = ORIENTED_EDGE('',*,*,#17201,.F.);
#17236 = ORIENTED_EDGE('',*,*,#17237,.F.);
#17237 = EDGE_CURVE('',#17129,#17202,#17238,.T.);
#17238 = LINE('',#17239,#17240);
#17239 = CARTESIAN_POINT('',(101.75538109415,-88.,56.786972439135));
#17240 = VECTOR('',#17241,1.);
#17241 = DIRECTION('',(-0.,-1.,-0.));
#17242 = ORIENTED_EDGE('',*,*,#17128,.T.);
#17243 = ORIENTED_EDGE('',*,*,#17244,.T.);
#17244 = EDGE_CURVE('',#17131,#17194,#17245,.T.);
#17245 = LINE('',#17246,#17247);
#17246 = CARTESIAN_POINT('',(78.244618905848,-88.,43.213027560865));
#17247 = VECTOR('',#17248,1.);
#17248 = DIRECTION('',(-0.,-1.,-0.));
#17249 = CYLINDRICAL_SURFACE('',#17250,13.573944878271);
#17250 = AXIS2_PLACEMENT_3D('',#17251,#17252,#17253);
#17251 = CARTESIAN_POINT('',(90.,-88.,50.));
#17252 = DIRECTION('',(-0.,-1.,-0.));
#17253 = DIRECTION('',(0.,0.,1.));
#17254 = ADVANCED_FACE('',(#17255),#17266,.T.);
#17255 = FACE_BOUND('',#17256,.F.);
#17256 = EDGE_LOOP('',(#17257,#17258,#17264,#17265));
#17257 = ORIENTED_EDGE('',*,*,#17156,.F.);
#17258 = ORIENTED_EDGE('',*,*,#17259,.T.);
#17259 = EDGE_CURVE('',#17148,#17185,#17260,.T.);
#17260 = LINE('',#17261,#17262);
#17261 = CARTESIAN_POINT('',(56.755381094152,-88.,134.72925877973));
#17262 = VECTOR('',#17263,1.);
#17263 = DIRECTION('',(-0.,-1.,-0.));
#17264 = ORIENTED_EDGE('',*,*,#17210,.F.);
#17265 = ORIENTED_EDGE('',*,*,#17237,.F.);
#17266 = PLANE('',#17267);
#17267 = AXIS2_PLACEMENT_3D('',#17268,#17269,#17270);
#17268 = CARTESIAN_POINT('',(56.755381094152,-88.,134.72925877973));
#17269 = DIRECTION('',(-0.866025403784,-0.,-0.5));
#17270 = DIRECTION('',(-0.5,0.,0.866025403784));
#17271 = ADVANCED_FACE('',(#17272),#17283,.F.);
#17272 = FACE_BOUND('',#17273,.T.);
#17273 = EDGE_LOOP('',(#17274,#17275,#17276,#17277));
#17274 = ORIENTED_EDGE('',*,*,#17147,.T.);
#17275 = ORIENTED_EDGE('',*,*,#17259,.T.);
#17276 = ORIENTED_EDGE('',*,*,#17182,.F.);
#17277 = ORIENTED_EDGE('',*,*,#17278,.F.);
#17278 = EDGE_CURVE('',#17140,#17183,#17279,.T.);
#17279 = LINE('',#17280,#17281);
#17280 = CARTESIAN_POINT('',(33.244618905848,-88.,121.15531390146));
#17281 = VECTOR('',#17282,1.);
#17282 = DIRECTION('',(-0.,-1.,-0.));
#17283 = CYLINDRICAL_SURFACE('',#17284,13.573944878271);
#17284 = AXIS2_PLACEMENT_3D('',#17285,#17286,#17287);
#17285 = CARTESIAN_POINT('',(45.,-88.,127.94228634059));
#17286 = DIRECTION('',(-0.,-1.,-0.));
#17287 = DIRECTION('',(0.,0.,1.));
#17288 = ADVANCED_FACE('',(#17289),#17295,.T.);
#17289 = FACE_BOUND('',#17290,.F.);
#17290 = EDGE_LOOP('',(#17291,#17292,#17293,#17294));
#17291 = ORIENTED_EDGE('',*,*,#17139,.F.);
#17292 = ORIENTED_EDGE('',*,*,#17244,.T.);
#17293 = ORIENTED_EDGE('',*,*,#17193,.F.);
#17294 = ORIENTED_EDGE('',*,*,#17278,.F.);
#17295 = PLANE('',#17296);
#17296 = AXIS2_PLACEMENT_3D('',#17297,#17298,#17299);
#17297 = CARTESIAN_POINT('',(78.244618905848,-88.,43.213027560865));
#17298 = DIRECTION('',(0.866025403784,0.,0.5));
#17299 = DIRECTION('',(0.5,0.,-0.866025403784));
#17300 = MANIFOLD_SOLID_BREP('',#17301);
#17301 = CLOSED_SHELL('',(#17302,#17335,#17355,#17375,#17400,#17425,
    #17445,#17465,#17490,#17515,#17535,#17555));
#17302 = ADVANCED_FACE('',(#17303),#17330,.T.);
#17303 = FACE_BOUND('',#17304,.F.);
#17304 = EDGE_LOOP('',(#17305,#17314,#17322,#17329));
#17305 = ORIENTED_EDGE('',*,*,#17306,.F.);
#17306 = EDGE_CURVE('',#17307,#17307,#17309,.T.);
#17307 = VERTEX_POINT('',#17308);
#17308 = CARTESIAN_POINT('',(90.,-99.5,63.473944878271));
#17309 = CIRCLE('',#17310,13.473944878271);
#17310 = AXIS2_PLACEMENT_3D('',#17311,#17312,#17313);
#17311 = CARTESIAN_POINT('',(90.,-99.5,50.));
#17312 = DIRECTION('',(0.,1.,0.));
#17313 = DIRECTION('',(0.,0.,1.));
#17314 = ORIENTED_EDGE('',*,*,#17315,.F.);
#17315 = EDGE_CURVE('',#17316,#17307,#17318,.T.);
#17316 = VERTEX_POINT('',#17317);
#17317 = CARTESIAN_POINT('',(90.,-88.5,63.473944878271));
#17318 = LINE('',#17319,#17320);
#17319 = CARTESIAN_POINT('',(90.,-88.5,63.473944878271));
#17320 = VECTOR('',#17321,1.);
#17321 = DIRECTION('',(-0.,-1.,-0.));
#17322 = ORIENTED_EDGE('',*,*,#17323,.T.);
#17323 = EDGE_CURVE('',#17316,#17316,#17324,.T.);
#17324 = CIRCLE('',#17325,13.473944878271);
#17325 = AXIS2_PLACEMENT_3D('',#17326,#17327,#17328);
#17326 = CARTESIAN_POINT('',(90.,-88.5,50.));
#17327 = DIRECTION('',(0.,1.,0.));
#17328 = DIRECTION('',(0.,0.,1.));
#17329 = ORIENTED_EDGE('',*,*,#17315,.T.);
#17330 = CYLINDRICAL_SURFACE('',#17331,13.473944878271);
#17331 = AXIS2_PLACEMENT_3D('',#17332,#17333,#17334);
#17332 = CARTESIAN_POINT('',(90.,-88.5,50.));
#17333 = DIRECTION('',(-0.,-1.,-0.));
#17334 = DIRECTION('',(0.,0.,1.));
#17335 = ADVANCED_FACE('',(#17336,#17347),#17350,.F.);
#17336 = FACE_BOUND('',#17337,.T.);
#17337 = EDGE_LOOP('',(#17338));
#17338 = ORIENTED_EDGE('',*,*,#17339,.T.);
#17339 = EDGE_CURVE('',#17340,#17340,#17342,.T.);
#17340 = VERTEX_POINT('',#17341);
#17341 = CARTESIAN_POINT('',(90.,-99.5,66.));
#17342 = CIRCLE('',#17343,16.);
#17343 = AXIS2_PLACEMENT_3D('',#17344,#17345,#17346);
#17344 = CARTESIAN_POINT('',(90.,-99.5,50.));
#17345 = DIRECTION('',(0.,1.,0.));
#17346 = DIRECTION('',(0.,0.,1.));
#17347 = FACE_BOUND('',#17348,.T.);
#17348 = EDGE_LOOP('',(#17349));
#17349 = ORIENTED_EDGE('',*,*,#17306,.F.);
#17350 = PLANE('',#17351);
#17351 = AXIS2_PLACEMENT_3D('',#17352,#17353,#17354);
#17352 = CARTESIAN_POINT('',(90.,-99.5,50.));
#17353 = DIRECTION('',(-0.,-1.,-0.));
#17354 = DIRECTION('',(0.,0.,-1.));
#17355 = ADVANCED_FACE('',(#17356,#17367),#17370,.T.);
#17356 = FACE_BOUND('',#17357,.F.);
#17357 = EDGE_LOOP('',(#17358));
#17358 = ORIENTED_EDGE('',*,*,#17359,.T.);
#17359 = EDGE_CURVE('',#17360,#17360,#17362,.T.);
#17360 = VERTEX_POINT('',#17361);
#17361 = CARTESIAN_POINT('',(90.,-88.5,66.));
#17362 = CIRCLE('',#17363,16.);
#17363 = AXIS2_PLACEMENT_3D('',#17364,#17365,#17366);
#17364 = CARTESIAN_POINT('',(90.,-88.5,50.));
#17365 = DIRECTION('',(0.,1.,0.));
#17366 = DIRECTION('',(0.,0.,1.));
#17367 = FACE_BOUND('',#17368,.F.);
#17368 = EDGE_LOOP('',(#17369));
#17369 = ORIENTED_EDGE('',*,*,#17323,.F.);
#17370 = PLANE('',#17371);
#17371 = AXIS2_PLACEMENT_3D('',#17372,#17373,#17374);
#17372 = CARTESIAN_POINT('',(90.,-88.5,50.));
#17373 = DIRECTION('',(-0.,-1.,-0.));
#17374 = DIRECTION('',(0.,0.,-1.));
#17375 = ADVANCED_FACE('',(#17376),#17395,.T.);
#17376 = FACE_BOUND('',#17377,.F.);
#17377 = EDGE_LOOP('',(#17378,#17387,#17393,#17394));
#17378 = ORIENTED_EDGE('',*,*,#17379,.F.);
#17379 = EDGE_CURVE('',#17380,#17380,#17382,.T.);
#17380 = VERTEX_POINT('',#17381);
#17381 = CARTESIAN_POINT('',(90.,-100.5,66.));
#17382 = CIRCLE('',#17383,16.);
#17383 = AXIS2_PLACEMENT_3D('',#17384,#17385,#17386);
#17384 = CARTESIAN_POINT('',(90.,-100.5,50.));
#17385 = DIRECTION('',(0.,1.,0.));
#17386 = DIRECTION('',(0.,0.,1.));
#17387 = ORIENTED_EDGE('',*,*,#17388,.F.);
#17388 = EDGE_CURVE('',#17340,#17380,#17389,.T.);
#17389 = LINE('',#17390,#17391);
#17390 = CARTESIAN_POINT('',(90.,-99.5,66.));
#17391 = VECTOR('',#17392,1.);
#17392 = DIRECTION('',(-0.,-1.,-0.));
#17393 = ORIENTED_EDGE('',*,*,#17339,.T.);
#17394 = ORIENTED_EDGE('',*,*,#17388,.T.);
#17395 = CYLINDRICAL_SURFACE('',#17396,16.);
#17396 = AXIS2_PLACEMENT_3D('',#17397,#17398,#17399);
#17397 = CARTESIAN_POINT('',(90.,-99.5,50.));
#17398 = DIRECTION('',(-0.,-1.,-0.));
#17399 = DIRECTION('',(0.,0.,1.));
#17400 = ADVANCED_FACE('',(#17401),#17420,.T.);
#17401 = FACE_BOUND('',#17402,.F.);
#17402 = EDGE_LOOP('',(#17403,#17404,#17412,#17419));
#17403 = ORIENTED_EDGE('',*,*,#17359,.F.);
#17404 = ORIENTED_EDGE('',*,*,#17405,.F.);
#17405 = EDGE_CURVE('',#17406,#17360,#17408,.T.);
#17406 = VERTEX_POINT('',#17407);
#17407 = CARTESIAN_POINT('',(90.,-87.5,66.));
#17408 = LINE('',#17409,#17410);
#17409 = CARTESIAN_POINT('',(90.,-87.5,66.));
#17410 = VECTOR('',#17411,1.);
#17411 = DIRECTION('',(-0.,-1.,-0.));
#17412 = ORIENTED_EDGE('',*,*,#17413,.T.);
#17413 = EDGE_CURVE('',#17406,#17406,#17414,.T.);
#17414 = CIRCLE('',#17415,16.);
#17415 = AXIS2_PLACEMENT_3D('',#17416,#17417,#17418);
#17416 = CARTESIAN_POINT('',(90.,-87.5,50.));
#17417 = DIRECTION('',(0.,1.,0.));
#17418 = DIRECTION('',(0.,0.,1.));
#17419 = ORIENTED_EDGE('',*,*,#17405,.T.);
#17420 = CYLINDRICAL_SURFACE('',#17421,16.);
#17421 = AXIS2_PLACEMENT_3D('',#17422,#17423,#17424);
#17422 = CARTESIAN_POINT('',(90.,-87.5,50.));
#17423 = DIRECTION('',(-0.,-1.,-0.));
#17424 = DIRECTION('',(0.,0.,1.));
#17425 = ADVANCED_FACE('',(#17426,#17429),#17440,.T.);
#17426 = FACE_BOUND('',#17427,.F.);
#17427 = EDGE_LOOP('',(#17428));
#17428 = ORIENTED_EDGE('',*,*,#17379,.T.);
#17429 = FACE_BOUND('',#17430,.F.);
#17430 = EDGE_LOOP('',(#17431));
#17431 = ORIENTED_EDGE('',*,*,#17432,.F.);
#17432 = EDGE_CURVE('',#17433,#17433,#17435,.T.);
#17433 = VERTEX_POINT('',#17434);
#17434 = CARTESIAN_POINT('',(90.,-100.5,59.));
#17435 = CIRCLE('',#17436,9.);
#17436 = AXIS2_PLACEMENT_3D('',#17437,#17438,#17439);
#17437 = CARTESIAN_POINT('',(90.,-100.5,50.));
#17438 = DIRECTION('',(0.,1.,0.));
#17439 = DIRECTION('',(0.,0.,1.));
#17440 = PLANE('',#17441);
#17441 = AXIS2_PLACEMENT_3D('',#17442,#17443,#17444);
#17442 = CARTESIAN_POINT('',(90.,-100.5,50.));
#17443 = DIRECTION('',(-0.,-1.,-0.));
#17444 = DIRECTION('',(0.,0.,-1.));
#17445 = ADVANCED_FACE('',(#17446,#17449),#17460,.F.);
#17446 = FACE_BOUND('',#17447,.T.);
#17447 = EDGE_LOOP('',(#17448));
#17448 = ORIENTED_EDGE('',*,*,#17413,.T.);
#17449 = FACE_BOUND('',#17450,.T.);
#17450 = EDGE_LOOP('',(#17451));
#17451 = ORIENTED_EDGE('',*,*,#17452,.F.);
#17452 = EDGE_CURVE('',#17453,#17453,#17455,.T.);
#17453 = VERTEX_POINT('',#17454);
#17454 = CARTESIAN_POINT('',(90.,-87.5,59.));
#17455 = CIRCLE('',#17456,9.);
#17456 = AXIS2_PLACEMENT_3D('',#17457,#17458,#17459);
#17457 = CARTESIAN_POINT('',(90.,-87.5,50.));
#17458 = DIRECTION('',(0.,1.,0.));
#17459 = DIRECTION('',(0.,0.,1.));
#17460 = PLANE('',#17461);
#17461 = AXIS2_PLACEMENT_3D('',#17462,#17463,#17464);
#17462 = CARTESIAN_POINT('',(90.,-87.5,50.));
#17463 = DIRECTION('',(-0.,-1.,-0.));
#17464 = DIRECTION('',(0.,0.,-1.));
#17465 = ADVANCED_FACE('',(#17466),#17485,.T.);
#17466 = FACE_BOUND('',#17467,.F.);
#17467 = EDGE_LOOP('',(#17468,#17476,#17483,#17484));
#17468 = ORIENTED_EDGE('',*,*,#17469,.T.);
#17469 = EDGE_CURVE('',#17433,#17470,#17472,.T.);
#17470 = VERTEX_POINT('',#17471);
#17471 = CARTESIAN_POINT('',(90.,-103.,59.));
#17472 = LINE('',#17473,#17474);
#17473 = CARTESIAN_POINT('',(90.,-85.,59.));
#17474 = VECTOR('',#17475,1.);
#17475 = DIRECTION('',(-0.,-1.,-0.));
#17476 = ORIENTED_EDGE('',*,*,#17477,.F.);
#17477 = EDGE_CURVE('',#17470,#17470,#17478,.T.);
#17478 = CIRCLE('',#17479,9.);
#17479 = AXIS2_PLACEMENT_3D('',#17480,#17481,#17482);
#17480 = CARTESIAN_POINT('',(90.,-103.,50.));
#17481 = DIRECTION('',(0.,1.,0.));
#17482 = DIRECTION('',(0.,0.,1.));
#17483 = ORIENTED_EDGE('',*,*,#17469,.F.);
#17484 = ORIENTED_EDGE('',*,*,#17432,.T.);
#17485 = CYLINDRICAL_SURFACE('',#17486,9.);
#17486 = AXIS2_PLACEMENT_3D('',#17487,#17488,#17489);
#17487 = CARTESIAN_POINT('',(90.,-85.,50.));
#17488 = DIRECTION('',(-0.,-1.,-0.));
#17489 = DIRECTION('',(0.,0.,1.));
#17490 = ADVANCED_FACE('',(#17491),#17510,.T.);
#17491 = FACE_BOUND('',#17492,.F.);
#17492 = EDGE_LOOP('',(#17493,#17494,#17502,#17509));
#17493 = ORIENTED_EDGE('',*,*,#17452,.F.);
#17494 = ORIENTED_EDGE('',*,*,#17495,.F.);
#17495 = EDGE_CURVE('',#17496,#17453,#17498,.T.);
#17496 = VERTEX_POINT('',#17497);
#17497 = CARTESIAN_POINT('',(90.,-85.,59.));
#17498 = LINE('',#17499,#17500);
#17499 = CARTESIAN_POINT('',(90.,-85.,59.));
#17500 = VECTOR('',#17501,1.);
#17501 = DIRECTION('',(-0.,-1.,-0.));
#17502 = ORIENTED_EDGE('',*,*,#17503,.T.);
#17503 = EDGE_CURVE('',#17496,#17496,#17504,.T.);
#17504 = CIRCLE('',#17505,9.);
#17505 = AXIS2_PLACEMENT_3D('',#17506,#17507,#17508);
#17506 = CARTESIAN_POINT('',(90.,-85.,50.));
#17507 = DIRECTION('',(0.,1.,0.));
#17508 = DIRECTION('',(0.,0.,1.));
#17509 = ORIENTED_EDGE('',*,*,#17495,.T.);
#17510 = CYLINDRICAL_SURFACE('',#17511,9.);
#17511 = AXIS2_PLACEMENT_3D('',#17512,#17513,#17514);
#17512 = CARTESIAN_POINT('',(90.,-85.,50.));
#17513 = DIRECTION('',(-0.,-1.,-0.));
#17514 = DIRECTION('',(0.,0.,1.));
#17515 = ADVANCED_FACE('',(#17516,#17519),#17530,.T.);
#17516 = FACE_BOUND('',#17517,.F.);
#17517 = EDGE_LOOP('',(#17518));
#17518 = ORIENTED_EDGE('',*,*,#17477,.T.);
#17519 = FACE_BOUND('',#17520,.F.);
#17520 = EDGE_LOOP('',(#17521));
#17521 = ORIENTED_EDGE('',*,*,#17522,.F.);
#17522 = EDGE_CURVE('',#17523,#17523,#17525,.T.);
#17523 = VERTEX_POINT('',#17524);
#17524 = CARTESIAN_POINT('',(90.,-103.,54.));
#17525 = CIRCLE('',#17526,4.);
#17526 = AXIS2_PLACEMENT_3D('',#17527,#17528,#17529);
#17527 = CARTESIAN_POINT('',(90.,-103.,50.));
#17528 = DIRECTION('',(0.,1.,0.));
#17529 = DIRECTION('',(0.,0.,1.));
#17530 = PLANE('',#17531);
#17531 = AXIS2_PLACEMENT_3D('',#17532,#17533,#17534);
#17532 = CARTESIAN_POINT('',(90.,-103.,50.));
#17533 = DIRECTION('',(-0.,-1.,-0.));
#17534 = DIRECTION('',(0.,0.,-1.));
#17535 = ADVANCED_FACE('',(#17536,#17539),#17550,.F.);
#17536 = FACE_BOUND('',#17537,.T.);
#17537 = EDGE_LOOP('',(#17538));
#17538 = ORIENTED_EDGE('',*,*,#17503,.T.);
#17539 = FACE_BOUND('',#17540,.T.);
#17540 = EDGE_LOOP('',(#17541));
#17541 = ORIENTED_EDGE('',*,*,#17542,.F.);
#17542 = EDGE_CURVE('',#17543,#17543,#17545,.T.);
#17543 = VERTEX_POINT('',#17544);
#17544 = CARTESIAN_POINT('',(90.,-85.,54.));
#17545 = CIRCLE('',#17546,4.);
#17546 = AXIS2_PLACEMENT_3D('',#17547,#17548,#17549);
#17547 = CARTESIAN_POINT('',(90.,-85.,50.));
#17548 = DIRECTION('',(0.,1.,0.));
#17549 = DIRECTION('',(0.,0.,1.));
#17550 = PLANE('',#17551);
#17551 = AXIS2_PLACEMENT_3D('',#17552,#17553,#17554);
#17552 = CARTESIAN_POINT('',(90.,-85.,50.));
#17553 = DIRECTION('',(-0.,-1.,-0.));
#17554 = DIRECTION('',(0.,0.,-1.));
#17555 = ADVANCED_FACE('',(#17556),#17567,.F.);
#17556 = FACE_BOUND('',#17557,.T.);
#17557 = EDGE_LOOP('',(#17558,#17559,#17565,#17566));
#17558 = ORIENTED_EDGE('',*,*,#17522,.F.);
#17559 = ORIENTED_EDGE('',*,*,#17560,.F.);
#17560 = EDGE_CURVE('',#17543,#17523,#17561,.T.);
#17561 = LINE('',#17562,#17563);
#17562 = CARTESIAN_POINT('',(90.,-84.,54.));
#17563 = VECTOR('',#17564,1.);
#17564 = DIRECTION('',(-0.,-1.,-0.));
#17565 = ORIENTED_EDGE('',*,*,#17542,.T.);
#17566 = ORIENTED_EDGE('',*,*,#17560,.T.);
#17567 = CYLINDRICAL_SURFACE('',#17568,4.);
#17568 = AXIS2_PLACEMENT_3D('',#17569,#17570,#17571);
#17569 = CARTESIAN_POINT('',(90.,-84.,50.));
#17570 = DIRECTION('',(-0.,-1.,-0.));
#17571 = DIRECTION('',(0.,0.,1.));
#17572 = MANIFOLD_SOLID_BREP('',#17573);
#17573 = CLOSED_SHELL('',(#17574,#17607,#17627,#17647,#17672,#17697,
    #17717,#17737,#17762,#17787,#17807,#17827));
#17574 = ADVANCED_FACE('',(#17575),#17602,.T.);
#17575 = FACE_BOUND('',#17576,.F.);
#17576 = EDGE_LOOP('',(#17577,#17586,#17594,#17601));
#17577 = ORIENTED_EDGE('',*,*,#17578,.F.);
#17578 = EDGE_CURVE('',#17579,#17579,#17581,.T.);
#17579 = VERTEX_POINT('',#17580);
#17580 = CARTESIAN_POINT('',(45.,-99.5,141.41623121887));
#17581 = CIRCLE('',#17582,13.473944878271);
#17582 = AXIS2_PLACEMENT_3D('',#17583,#17584,#17585);
#17583 = CARTESIAN_POINT('',(45.,-99.5,127.94228634059));
#17584 = DIRECTION('',(0.,1.,0.));
#17585 = DIRECTION('',(0.,0.,1.));
#17586 = ORIENTED_EDGE('',*,*,#17587,.F.);
#17587 = EDGE_CURVE('',#17588,#17579,#17590,.T.);
#17588 = VERTEX_POINT('',#17589);
#17589 = CARTESIAN_POINT('',(45.,-88.5,141.41623121887));
#17590 = LINE('',#17591,#17592);
#17591 = CARTESIAN_POINT('',(45.,-88.5,141.41623121887));
#17592 = VECTOR('',#17593,1.);
#17593 = DIRECTION('',(-0.,-1.,-0.));
#17594 = ORIENTED_EDGE('',*,*,#17595,.T.);
#17595 = EDGE_CURVE('',#17588,#17588,#17596,.T.);
#17596 = CIRCLE('',#17597,13.473944878271);
#17597 = AXIS2_PLACEMENT_3D('',#17598,#17599,#17600);
#17598 = CARTESIAN_POINT('',(45.,-88.5,127.94228634059));
#17599 = DIRECTION('',(0.,1.,0.));
#17600 = DIRECTION('',(0.,0.,1.));
#17601 = ORIENTED_EDGE('',*,*,#17587,.T.);
#17602 = CYLINDRICAL_SURFACE('',#17603,13.473944878271);
#17603 = AXIS2_PLACEMENT_3D('',#17604,#17605,#17606);
#17604 = CARTESIAN_POINT('',(45.,-88.5,127.94228634059));
#17605 = DIRECTION('',(-0.,-1.,-0.));
#17606 = DIRECTION('',(0.,0.,1.));
#17607 = ADVANCED_FACE('',(#17608,#17619),#17622,.F.);
#17608 = FACE_BOUND('',#17609,.T.);
#17609 = EDGE_LOOP('',(#17610));
#17610 = ORIENTED_EDGE('',*,*,#17611,.T.);
#17611 = EDGE_CURVE('',#17612,#17612,#17614,.T.);
#17612 = VERTEX_POINT('',#17613);
#17613 = CARTESIAN_POINT('',(45.,-99.5,143.94228634059));
#17614 = CIRCLE('',#17615,16.);
#17615 = AXIS2_PLACEMENT_3D('',#17616,#17617,#17618);
#17616 = CARTESIAN_POINT('',(45.,-99.5,127.94228634059));
#17617 = DIRECTION('',(0.,1.,0.));
#17618 = DIRECTION('',(0.,0.,1.));
#17619 = FACE_BOUND('',#17620,.T.);
#17620 = EDGE_LOOP('',(#17621));
#17621 = ORIENTED_EDGE('',*,*,#17578,.F.);
#17622 = PLANE('',#17623);
#17623 = AXIS2_PLACEMENT_3D('',#17624,#17625,#17626);
#17624 = CARTESIAN_POINT('',(45.,-99.5,127.94228634059));
#17625 = DIRECTION('',(-0.,-1.,-0.));
#17626 = DIRECTION('',(0.,0.,-1.));
#17627 = ADVANCED_FACE('',(#17628,#17639),#17642,.T.);
#17628 = FACE_BOUND('',#17629,.F.);
#17629 = EDGE_LOOP('',(#17630));
#17630 = ORIENTED_EDGE('',*,*,#17631,.T.);
#17631 = EDGE_CURVE('',#17632,#17632,#17634,.T.);
#17632 = VERTEX_POINT('',#17633);
#17633 = CARTESIAN_POINT('',(45.,-88.5,143.94228634059));
#17634 = CIRCLE('',#17635,16.);
#17635 = AXIS2_PLACEMENT_3D('',#17636,#17637,#17638);
#17636 = CARTESIAN_POINT('',(45.,-88.5,127.94228634059));
#17637 = DIRECTION('',(0.,1.,0.));
#17638 = DIRECTION('',(0.,0.,1.));
#17639 = FACE_BOUND('',#17640,.F.);
#17640 = EDGE_LOOP('',(#17641));
#17641 = ORIENTED_EDGE('',*,*,#17595,.F.);
#17642 = PLANE('',#17643);
#17643 = AXIS2_PLACEMENT_3D('',#17644,#17645,#17646);
#17644 = CARTESIAN_POINT('',(45.,-88.5,127.94228634059));
#17645 = DIRECTION('',(-0.,-1.,-0.));
#17646 = DIRECTION('',(0.,0.,-1.));
#17647 = ADVANCED_FACE('',(#17648),#17667,.T.);
#17648 = FACE_BOUND('',#17649,.F.);
#17649 = EDGE_LOOP('',(#17650,#17659,#17665,#17666));
#17650 = ORIENTED_EDGE('',*,*,#17651,.F.);
#17651 = EDGE_CURVE('',#17652,#17652,#17654,.T.);
#17652 = VERTEX_POINT('',#17653);
#17653 = CARTESIAN_POINT('',(45.,-100.5,143.94228634059));
#17654 = CIRCLE('',#17655,16.);
#17655 = AXIS2_PLACEMENT_3D('',#17656,#17657,#17658);
#17656 = CARTESIAN_POINT('',(45.,-100.5,127.94228634059));
#17657 = DIRECTION('',(0.,1.,0.));
#17658 = DIRECTION('',(0.,0.,1.));
#17659 = ORIENTED_EDGE('',*,*,#17660,.F.);
#17660 = EDGE_CURVE('',#17612,#17652,#17661,.T.);
#17661 = LINE('',#17662,#17663);
#17662 = CARTESIAN_POINT('',(45.,-99.5,143.94228634059));
#17663 = VECTOR('',#17664,1.);
#17664 = DIRECTION('',(-0.,-1.,-0.));
#17665 = ORIENTED_EDGE('',*,*,#17611,.T.);
#17666 = ORIENTED_EDGE('',*,*,#17660,.T.);
#17667 = CYLINDRICAL_SURFACE('',#17668,16.);
#17668 = AXIS2_PLACEMENT_3D('',#17669,#17670,#17671);
#17669 = CARTESIAN_POINT('',(45.,-99.5,127.94228634059));
#17670 = DIRECTION('',(-0.,-1.,-0.));
#17671 = DIRECTION('',(0.,0.,1.));
#17672 = ADVANCED_FACE('',(#17673),#17692,.T.);
#17673 = FACE_BOUND('',#17674,.F.);
#17674 = EDGE_LOOP('',(#17675,#17676,#17684,#17691));
#17675 = ORIENTED_EDGE('',*,*,#17631,.F.);
#17676 = ORIENTED_EDGE('',*,*,#17677,.F.);
#17677 = EDGE_CURVE('',#17678,#17632,#17680,.T.);
#17678 = VERTEX_POINT('',#17679);
#17679 = CARTESIAN_POINT('',(45.,-87.5,143.94228634059));
#17680 = LINE('',#17681,#17682);
#17681 = CARTESIAN_POINT('',(45.,-87.5,143.94228634059));
#17682 = VECTOR('',#17683,1.);
#17683 = DIRECTION('',(-0.,-1.,-0.));
#17684 = ORIENTED_EDGE('',*,*,#17685,.T.);
#17685 = EDGE_CURVE('',#17678,#17678,#17686,.T.);
#17686 = CIRCLE('',#17687,16.);
#17687 = AXIS2_PLACEMENT_3D('',#17688,#17689,#17690);
#17688 = CARTESIAN_POINT('',(45.,-87.5,127.94228634059));
#17689 = DIRECTION('',(0.,1.,0.));
#17690 = DIRECTION('',(0.,0.,1.));
#17691 = ORIENTED_EDGE('',*,*,#17677,.T.);
#17692 = CYLINDRICAL_SURFACE('',#17693,16.);
#17693 = AXIS2_PLACEMENT_3D('',#17694,#17695,#17696);
#17694 = CARTESIAN_POINT('',(45.,-87.5,127.94228634059));
#17695 = DIRECTION('',(-0.,-1.,-0.));
#17696 = DIRECTION('',(0.,0.,1.));
#17697 = ADVANCED_FACE('',(#17698,#17701),#17712,.T.);
#17698 = FACE_BOUND('',#17699,.F.);
#17699 = EDGE_LOOP('',(#17700));
#17700 = ORIENTED_EDGE('',*,*,#17651,.T.);
#17701 = FACE_BOUND('',#17702,.F.);
#17702 = EDGE_LOOP('',(#17703));
#17703 = ORIENTED_EDGE('',*,*,#17704,.F.);
#17704 = EDGE_CURVE('',#17705,#17705,#17707,.T.);
#17705 = VERTEX_POINT('',#17706);
#17706 = CARTESIAN_POINT('',(45.,-100.5,136.94228634059));
#17707 = CIRCLE('',#17708,9.);
#17708 = AXIS2_PLACEMENT_3D('',#17709,#17710,#17711);
#17709 = CARTESIAN_POINT('',(45.,-100.5,127.94228634059));
#17710 = DIRECTION('',(0.,1.,0.));
#17711 = DIRECTION('',(0.,0.,1.));
#17712 = PLANE('',#17713);
#17713 = AXIS2_PLACEMENT_3D('',#17714,#17715,#17716);
#17714 = CARTESIAN_POINT('',(45.,-100.5,127.94228634059));
#17715 = DIRECTION('',(-0.,-1.,-0.));
#17716 = DIRECTION('',(0.,0.,-1.));
#17717 = ADVANCED_FACE('',(#17718,#17721),#17732,.F.);
#17718 = FACE_BOUND('',#17719,.T.);
#17719 = EDGE_LOOP('',(#17720));
#17720 = ORIENTED_EDGE('',*,*,#17685,.T.);
#17721 = FACE_BOUND('',#17722,.T.);
#17722 = EDGE_LOOP('',(#17723));
#17723 = ORIENTED_EDGE('',*,*,#17724,.F.);
#17724 = EDGE_CURVE('',#17725,#17725,#17727,.T.);
#17725 = VERTEX_POINT('',#17726);
#17726 = CARTESIAN_POINT('',(45.,-87.5,136.94228634059));
#17727 = CIRCLE('',#17728,9.);
#17728 = AXIS2_PLACEMENT_3D('',#17729,#17730,#17731);
#17729 = CARTESIAN_POINT('',(45.,-87.5,127.94228634059));
#17730 = DIRECTION('',(0.,1.,0.));
#17731 = DIRECTION('',(0.,0.,1.));
#17732 = PLANE('',#17733);
#17733 = AXIS2_PLACEMENT_3D('',#17734,#17735,#17736);
#17734 = CARTESIAN_POINT('',(45.,-87.5,127.94228634059));
#17735 = DIRECTION('',(-0.,-1.,-0.));
#17736 = DIRECTION('',(0.,0.,-1.));
#17737 = ADVANCED_FACE('',(#17738),#17757,.T.);
#17738 = FACE_BOUND('',#17739,.F.);
#17739 = EDGE_LOOP('',(#17740,#17748,#17755,#17756));
#17740 = ORIENTED_EDGE('',*,*,#17741,.T.);
#17741 = EDGE_CURVE('',#17705,#17742,#17744,.T.);
#17742 = VERTEX_POINT('',#17743);
#17743 = CARTESIAN_POINT('',(45.,-103.,136.94228634059));
#17744 = LINE('',#17745,#17746);
#17745 = CARTESIAN_POINT('',(45.,-85.,136.94228634059));
#17746 = VECTOR('',#17747,1.);
#17747 = DIRECTION('',(-0.,-1.,-0.));
#17748 = ORIENTED_EDGE('',*,*,#17749,.F.);
#17749 = EDGE_CURVE('',#17742,#17742,#17750,.T.);
#17750 = CIRCLE('',#17751,9.);
#17751 = AXIS2_PLACEMENT_3D('',#17752,#17753,#17754);
#17752 = CARTESIAN_POINT('',(45.,-103.,127.94228634059));
#17753 = DIRECTION('',(0.,1.,0.));
#17754 = DIRECTION('',(0.,0.,1.));
#17755 = ORIENTED_EDGE('',*,*,#17741,.F.);
#17756 = ORIENTED_EDGE('',*,*,#17704,.T.);
#17757 = CYLINDRICAL_SURFACE('',#17758,9.);
#17758 = AXIS2_PLACEMENT_3D('',#17759,#17760,#17761);
#17759 = CARTESIAN_POINT('',(45.,-85.,127.94228634059));
#17760 = DIRECTION('',(-0.,-1.,-0.));
#17761 = DIRECTION('',(0.,0.,1.));
#17762 = ADVANCED_FACE('',(#17763),#17782,.T.);
#17763 = FACE_BOUND('',#17764,.F.);
#17764 = EDGE_LOOP('',(#17765,#17766,#17774,#17781));
#17765 = ORIENTED_EDGE('',*,*,#17724,.F.);
#17766 = ORIENTED_EDGE('',*,*,#17767,.F.);
#17767 = EDGE_CURVE('',#17768,#17725,#17770,.T.);
#17768 = VERTEX_POINT('',#17769);
#17769 = CARTESIAN_POINT('',(45.,-85.,136.94228634059));
#17770 = LINE('',#17771,#17772);
#17771 = CARTESIAN_POINT('',(45.,-85.,136.94228634059));
#17772 = VECTOR('',#17773,1.);
#17773 = DIRECTION('',(-0.,-1.,-0.));
#17774 = ORIENTED_EDGE('',*,*,#17775,.T.);
#17775 = EDGE_CURVE('',#17768,#17768,#17776,.T.);
#17776 = CIRCLE('',#17777,9.);
#17777 = AXIS2_PLACEMENT_3D('',#17778,#17779,#17780);
#17778 = CARTESIAN_POINT('',(45.,-85.,127.94228634059));
#17779 = DIRECTION('',(0.,1.,0.));
#17780 = DIRECTION('',(0.,0.,1.));
#17781 = ORIENTED_EDGE('',*,*,#17767,.T.);
#17782 = CYLINDRICAL_SURFACE('',#17783,9.);
#17783 = AXIS2_PLACEMENT_3D('',#17784,#17785,#17786);
#17784 = CARTESIAN_POINT('',(45.,-85.,127.94228634059));
#17785 = DIRECTION('',(-0.,-1.,-0.));
#17786 = DIRECTION('',(0.,0.,1.));
#17787 = ADVANCED_FACE('',(#17788,#17791),#17802,.T.);
#17788 = FACE_BOUND('',#17789,.F.);
#17789 = EDGE_LOOP('',(#17790));
#17790 = ORIENTED_EDGE('',*,*,#17749,.T.);
#17791 = FACE_BOUND('',#17792,.F.);
#17792 = EDGE_LOOP('',(#17793));
#17793 = ORIENTED_EDGE('',*,*,#17794,.F.);
#17794 = EDGE_CURVE('',#17795,#17795,#17797,.T.);
#17795 = VERTEX_POINT('',#17796);
#17796 = CARTESIAN_POINT('',(45.,-103.,131.94228634059));
#17797 = CIRCLE('',#17798,4.);
#17798 = AXIS2_PLACEMENT_3D('',#17799,#17800,#17801);
#17799 = CARTESIAN_POINT('',(45.,-103.,127.94228634059));
#17800 = DIRECTION('',(0.,1.,0.));
#17801 = DIRECTION('',(0.,0.,1.));
#17802 = PLANE('',#17803);
#17803 = AXIS2_PLACEMENT_3D('',#17804,#17805,#17806);
#17804 = CARTESIAN_POINT('',(45.,-103.,127.94228634059));
#17805 = DIRECTION('',(-0.,-1.,-0.));
#17806 = DIRECTION('',(0.,0.,-1.));
#17807 = ADVANCED_FACE('',(#17808,#17811),#17822,.F.);
#17808 = FACE_BOUND('',#17809,.T.);
#17809 = EDGE_LOOP('',(#17810));
#17810 = ORIENTED_EDGE('',*,*,#17775,.T.);
#17811 = FACE_BOUND('',#17812,.T.);
#17812 = EDGE_LOOP('',(#17813));
#17813 = ORIENTED_EDGE('',*,*,#17814,.F.);
#17814 = EDGE_CURVE('',#17815,#17815,#17817,.T.);
#17815 = VERTEX_POINT('',#17816);
#17816 = CARTESIAN_POINT('',(45.,-85.,131.94228634059));
#17817 = CIRCLE('',#17818,4.);
#17818 = AXIS2_PLACEMENT_3D('',#17819,#17820,#17821);
#17819 = CARTESIAN_POINT('',(45.,-85.,127.94228634059));
#17820 = DIRECTION('',(0.,1.,0.));
#17821 = DIRECTION('',(0.,0.,1.));
#17822 = PLANE('',#17823);
#17823 = AXIS2_PLACEMENT_3D('',#17824,#17825,#17826);
#17824 = CARTESIAN_POINT('',(45.,-85.,127.94228634059));
#17825 = DIRECTION('',(-0.,-1.,-0.));
#17826 = DIRECTION('',(0.,0.,-1.));
#17827 = ADVANCED_FACE('',(#17828),#17839,.F.);
#17828 = FACE_BOUND('',#17829,.T.);
#17829 = EDGE_LOOP('',(#17830,#17831,#17837,#17838));
#17830 = ORIENTED_EDGE('',*,*,#17794,.F.);
#17831 = ORIENTED_EDGE('',*,*,#17832,.F.);
#17832 = EDGE_CURVE('',#17815,#17795,#17833,.T.);
#17833 = LINE('',#17834,#17835);
#17834 = CARTESIAN_POINT('',(45.,-84.,131.94228634059));
#17835 = VECTOR('',#17836,1.);
#17836 = DIRECTION('',(-0.,-1.,-0.));
#17837 = ORIENTED_EDGE('',*,*,#17814,.T.);
#17838 = ORIENTED_EDGE('',*,*,#17832,.T.);
#17839 = CYLINDRICAL_SURFACE('',#17840,4.);
#17840 = AXIS2_PLACEMENT_3D('',#17841,#17842,#17843);
#17841 = CARTESIAN_POINT('',(45.,-84.,127.94228634059));
#17842 = DIRECTION('',(-0.,-1.,-0.));
#17843 = DIRECTION('',(0.,0.,1.));
#17844 = MANIFOLD_SOLID_BREP('',#17845);
#17845 = CLOSED_SHELL('',(#17846,#17879,#17888));
#17846 = ADVANCED_FACE('',(#17847),#17874,.T.);
#17847 = FACE_BOUND('',#17848,.F.);
#17848 = EDGE_LOOP('',(#17849,#17858,#17866,#17873));
#17849 = ORIENTED_EDGE('',*,*,#17850,.F.);
#17850 = EDGE_CURVE('',#17851,#17851,#17853,.T.);
#17851 = VERTEX_POINT('',#17852);
#17852 = CARTESIAN_POINT('',(45.,-133.,131.94228634059));
#17853 = CIRCLE('',#17854,4.);
#17854 = AXIS2_PLACEMENT_3D('',#17855,#17856,#17857);
#17855 = CARTESIAN_POINT('',(45.,-133.,127.94228634059));
#17856 = DIRECTION('',(0.,1.,0.));
#17857 = DIRECTION('',(0.,0.,1.));
#17858 = ORIENTED_EDGE('',*,*,#17859,.F.);
#17859 = EDGE_CURVE('',#17860,#17851,#17862,.T.);
#17860 = VERTEX_POINT('',#17861);
#17861 = CARTESIAN_POINT('',(45.,-55.,131.94228634059));
#17862 = LINE('',#17863,#17864);
#17863 = CARTESIAN_POINT('',(45.,-55.,131.94228634059));
#17864 = VECTOR('',#17865,1.);
#17865 = DIRECTION('',(-0.,-1.,-0.));
#17866 = ORIENTED_EDGE('',*,*,#17867,.T.);
#17867 = EDGE_CURVE('',#17860,#17860,#17868,.T.);
#17868 = CIRCLE('',#17869,4.);
#17869 = AXIS2_PLACEMENT_3D('',#17870,#17871,#17872);
#17870 = CARTESIAN_POINT('',(45.,-55.,127.94228634059));
#17871 = DIRECTION('',(0.,1.,0.));
#17872 = DIRECTION('',(0.,0.,1.));
#17873 = ORIENTED_EDGE('',*,*,#17859,.T.);
#17874 = CYLINDRICAL_SURFACE('',#17875,4.);
#17875 = AXIS2_PLACEMENT_3D('',#17876,#17877,#17878);
#17876 = CARTESIAN_POINT('',(45.,-55.,127.94228634059));
#17877 = DIRECTION('',(-0.,-1.,-0.));
#17878 = DIRECTION('',(0.,0.,1.));
#17879 = ADVANCED_FACE('',(#17880),#17883,.T.);
#17880 = FACE_BOUND('',#17881,.F.);
#17881 = EDGE_LOOP('',(#17882));
#17882 = ORIENTED_EDGE('',*,*,#17850,.T.);
#17883 = PLANE('',#17884);
#17884 = AXIS2_PLACEMENT_3D('',#17885,#17886,#17887);
#17885 = CARTESIAN_POINT('',(45.,-133.,127.94228634059));
#17886 = DIRECTION('',(-0.,-1.,-0.));
#17887 = DIRECTION('',(0.,0.,-1.));
#17888 = ADVANCED_FACE('',(#17889),#17892,.F.);
#17889 = FACE_BOUND('',#17890,.F.);
#17890 = EDGE_LOOP('',(#17891));
#17891 = ORIENTED_EDGE('',*,*,#17867,.F.);
#17892 = PLANE('',#17893);
#17893 = AXIS2_PLACEMENT_3D('',#17894,#17895,#17896);
#17894 = CARTESIAN_POINT('',(45.,-55.,127.94228634059));
#17895 = DIRECTION('',(-0.,-1.,-0.));
#17896 = DIRECTION('',(0.,0.,-1.));
#17897 = MANIFOLD_SOLID_BREP('',#17898);
#17898 = CLOSED_SHELL('',(#17899,#17939,#17981,#18034,#18065,#18107,
    #18124,#18141,#18181,#18214,#18234,#18259,#18284,#18296,#18328));
#17899 = ADVANCED_FACE('',(#17900),#17934,.F.);
#17900 = FACE_BOUND('',#17901,.T.);
#17901 = EDGE_LOOP('',(#17902,#17912,#17920,#17928));
#17902 = ORIENTED_EDGE('',*,*,#17903,.F.);
#17903 = EDGE_CURVE('',#17904,#17906,#17908,.T.);
#17904 = VERTEX_POINT('',#17905);
#17905 = CARTESIAN_POINT('',(17.5,-69.5,112.94228634059));
#17906 = VERTEX_POINT('',#17907);
#17907 = CARTESIAN_POINT('',(17.5,-69.5,117.94228634059));
#17908 = LINE('',#17909,#17910);
#17909 = CARTESIAN_POINT('',(17.5,-69.5,112.94228634059));
#17910 = VECTOR('',#17911,1.);
#17911 = DIRECTION('',(0.,0.,1.));
#17912 = ORIENTED_EDGE('',*,*,#17913,.T.);
#17913 = EDGE_CURVE('',#17904,#17914,#17916,.T.);
#17914 = VERTEX_POINT('',#17915);
#17915 = CARTESIAN_POINT('',(17.5,-82.5,112.94228634059));
#17916 = LINE('',#17917,#17918);
#17917 = CARTESIAN_POINT('',(17.5,-69.5,112.94228634059));
#17918 = VECTOR('',#17919,1.);
#17919 = DIRECTION('',(-0.,-1.,-0.));
#17920 = ORIENTED_EDGE('',*,*,#17921,.T.);
#17921 = EDGE_CURVE('',#17914,#17922,#17924,.T.);
#17922 = VERTEX_POINT('',#17923);
#17923 = CARTESIAN_POINT('',(17.5,-82.5,117.94228634059));
#17924 = LINE('',#17925,#17926);
#17925 = CARTESIAN_POINT('',(17.5,-82.5,112.94228634059));
#17926 = VECTOR('',#17927,1.);
#17927 = DIRECTION('',(0.,0.,1.));
#17928 = ORIENTED_EDGE('',*,*,#17929,.F.);
#17929 = EDGE_CURVE('',#17906,#17922,#17930,.T.);
#17930 = LINE('',#17931,#17932);
#17931 = CARTESIAN_POINT('',(17.5,-69.5,117.94228634059));
#17932 = VECTOR('',#17933,1.);
#17933 = DIRECTION('',(-0.,-1.,-0.));
#17934 = PLANE('',#17935);
#17935 = AXIS2_PLACEMENT_3D('',#17936,#17937,#17938);
#17936 = CARTESIAN_POINT('',(17.5,-69.5,112.94228634059));
#17937 = DIRECTION('',(1.,0.,0.));
#17938 = DIRECTION('',(0.,0.,-1.));
#17939 = ADVANCED_FACE('',(#17940,#17965),#17976,.T.);
#17940 = FACE_BOUND('',#17941,.F.);
#17941 = EDGE_LOOP('',(#17942,#17950,#17951,#17959));
#17942 = ORIENTED_EDGE('',*,*,#17943,.F.);
#17943 = EDGE_CURVE('',#17922,#17944,#17946,.T.);
#17944 = VERTEX_POINT('',#17945);
#17945 = CARTESIAN_POINT('',(35.202041028867,-82.5,117.9422863406));
#17946 = LINE('',#17947,#17948);
#17947 = CARTESIAN_POINT('',(17.5,-82.5,117.94228634059));
#17948 = VECTOR('',#17949,1.);
#17949 = DIRECTION('',(1.,0.,0.));
#17950 = ORIENTED_EDGE('',*,*,#17929,.F.);
#17951 = ORIENTED_EDGE('',*,*,#17952,.T.);
#17952 = EDGE_CURVE('',#17906,#17953,#17955,.T.);
#17953 = VERTEX_POINT('',#17954);
#17954 = CARTESIAN_POINT('',(35.202041028867,-69.5,117.9422863406));
#17955 = LINE('',#17956,#17957);
#17956 = CARTESIAN_POINT('',(17.5,-69.5,117.94228634059));
#17957 = VECTOR('',#17958,1.);
#17958 = DIRECTION('',(1.,0.,0.));
#17959 = ORIENTED_EDGE('',*,*,#17960,.T.);
#17960 = EDGE_CURVE('',#17953,#17944,#17961,.T.);
#17961 = LINE('',#17962,#17963);
#17962 = CARTESIAN_POINT('',(35.202041028867,-69.5,117.94228634059));
#17963 = VECTOR('',#17964,1.);
#17964 = DIRECTION('',(-0.,-1.,-0.));
#17965 = FACE_BOUND('',#17966,.F.);
#17966 = EDGE_LOOP('',(#17967));
#17967 = ORIENTED_EDGE('',*,*,#17968,.F.);
#17968 = EDGE_CURVE('',#17969,#17969,#17971,.T.);
#17969 = VERTEX_POINT('',#17970);
#17970 = CARTESIAN_POINT('',(26.25,-76.,117.94228634059));
#17971 = CIRCLE('',#17972,2.25);
#17972 = AXIS2_PLACEMENT_3D('',#17973,#17974,#17975);
#17973 = CARTESIAN_POINT('',(24.,-76.,117.94228634059));
#17974 = DIRECTION('',(0.,0.,-1.));
#17975 = DIRECTION('',(1.,0.,0.));
#17976 = PLANE('',#17977);
#17977 = AXIS2_PLACEMENT_3D('',#17978,#17979,#17980);
#17978 = CARTESIAN_POINT('',(17.5,-69.5,117.94228634059));
#17979 = DIRECTION('',(0.,0.,1.));
#17980 = DIRECTION('',(-1.,0.,0.));
#17981 = ADVANCED_FACE('',(#17982,#18007,#18018),#18029,.F.);
#17982 = FACE_BOUND('',#17983,.T.);
#17983 = EDGE_LOOP('',(#17984,#17985,#17993,#18001));
#17984 = ORIENTED_EDGE('',*,*,#17913,.F.);
#17985 = ORIENTED_EDGE('',*,*,#17986,.T.);
#17986 = EDGE_CURVE('',#17904,#17987,#17989,.T.);
#17987 = VERTEX_POINT('',#17988);
#17988 = CARTESIAN_POINT('',(72.5,-69.5,112.94228634059));
#17989 = LINE('',#17990,#17991);
#17990 = CARTESIAN_POINT('',(17.5,-69.5,112.94228634059));
#17991 = VECTOR('',#17992,1.);
#17992 = DIRECTION('',(1.,0.,0.));
#17993 = ORIENTED_EDGE('',*,*,#17994,.T.);
#17994 = EDGE_CURVE('',#17987,#17995,#17997,.T.);
#17995 = VERTEX_POINT('',#17996);
#17996 = CARTESIAN_POINT('',(72.5,-82.5,112.94228634059));
#17997 = LINE('',#17998,#17999);
#17998 = CARTESIAN_POINT('',(72.5,-69.5,112.94228634059));
#17999 = VECTOR('',#18000,1.);
#18000 = DIRECTION('',(-0.,-1.,-0.));
#18001 = ORIENTED_EDGE('',*,*,#18002,.F.);
#18002 = EDGE_CURVE('',#17914,#17995,#18003,.T.);
#18003 = LINE('',#18004,#18005);
#18004 = CARTESIAN_POINT('',(17.5,-82.5,112.94228634059));
#18005 = VECTOR('',#18006,1.);
#18006 = DIRECTION('',(1.,0.,0.));
#18007 = FACE_BOUND('',#18008,.T.);
#18008 = EDGE_LOOP('',(#18009));
#18009 = ORIENTED_EDGE('',*,*,#18010,.F.);
#18010 = EDGE_CURVE('',#18011,#18011,#18013,.T.);
#18011 = VERTEX_POINT('',#18012);
#18012 = CARTESIAN_POINT('',(26.25,-76.,112.94228634059));
#18013 = CIRCLE('',#18014,2.25);
#18014 = AXIS2_PLACEMENT_3D('',#18015,#18016,#18017);
#18015 = CARTESIAN_POINT('',(24.,-76.,112.94228634059));
#18016 = DIRECTION('',(0.,0.,-1.));
#18017 = DIRECTION('',(1.,0.,0.));
#18018 = FACE_BOUND('',#18019,.T.);
#18019 = EDGE_LOOP('',(#18020));
#18020 = ORIENTED_EDGE('',*,*,#18021,.F.);
#18021 = EDGE_CURVE('',#18022,#18022,#18024,.T.);
#18022 = VERTEX_POINT('',#18023);
#18023 = CARTESIAN_POINT('',(68.25,-76.,112.94228634059));
#18024 = CIRCLE('',#18025,2.25);
#18025 = AXIS2_PLACEMENT_3D('',#18026,#18027,#18028);
#18026 = CARTESIAN_POINT('',(66.,-76.,112.94228634059));
#18027 = DIRECTION('',(0.,0.,-1.));
#18028 = DIRECTION('',(1.,0.,0.));
#18029 = PLANE('',#18030);
#18030 = AXIS2_PLACEMENT_3D('',#18031,#18032,#18033);
#18031 = CARTESIAN_POINT('',(17.5,-69.5,112.94228634059));
#18032 = DIRECTION('',(0.,0.,1.));
#18033 = DIRECTION('',(-1.,0.,0.));
#18034 = ADVANCED_FACE('',(#18035),#18060,.T.);
#18035 = FACE_BOUND('',#18036,.F.);
#18036 = EDGE_LOOP('',(#18037,#18045,#18046,#18054));
#18037 = ORIENTED_EDGE('',*,*,#18038,.F.);
#18038 = EDGE_CURVE('',#17987,#18039,#18041,.T.);
#18039 = VERTEX_POINT('',#18040);
#18040 = CARTESIAN_POINT('',(72.5,-69.5,117.94228634059));
#18041 = LINE('',#18042,#18043);
#18042 = CARTESIAN_POINT('',(72.5,-69.5,112.94228634059));
#18043 = VECTOR('',#18044,1.);
#18044 = DIRECTION('',(0.,0.,1.));
#18045 = ORIENTED_EDGE('',*,*,#17994,.T.);
#18046 = ORIENTED_EDGE('',*,*,#18047,.T.);
#18047 = EDGE_CURVE('',#17995,#18048,#18050,.T.);
#18048 = VERTEX_POINT('',#18049);
#18049 = CARTESIAN_POINT('',(72.5,-82.5,117.94228634059));
#18050 = LINE('',#18051,#18052);
#18051 = CARTESIAN_POINT('',(72.5,-82.5,112.94228634059));
#18052 = VECTOR('',#18053,1.);
#18053 = DIRECTION('',(0.,0.,1.));
#18054 = ORIENTED_EDGE('',*,*,#18055,.F.);
#18055 = EDGE_CURVE('',#18039,#18048,#18056,.T.);
#18056 = LINE('',#18057,#18058);
#18057 = CARTESIAN_POINT('',(72.5,-69.5,117.94228634059));
#18058 = VECTOR('',#18059,1.);
#18059 = DIRECTION('',(-0.,-1.,-0.));
#18060 = PLANE('',#18061);
#18061 = AXIS2_PLACEMENT_3D('',#18062,#18063,#18064);
#18062 = CARTESIAN_POINT('',(72.5,-69.5,112.94228634059));
#18063 = DIRECTION('',(1.,0.,0.));
#18064 = DIRECTION('',(0.,0.,-1.));
#18065 = ADVANCED_FACE('',(#18066,#18091),#18102,.T.);
#18066 = FACE_BOUND('',#18067,.F.);
#18067 = EDGE_LOOP('',(#18068,#18076,#18084,#18090));
#18068 = ORIENTED_EDGE('',*,*,#18069,.F.);
#18069 = EDGE_CURVE('',#18070,#18048,#18072,.T.);
#18070 = VERTEX_POINT('',#18071);
#18071 = CARTESIAN_POINT('',(54.797958971133,-82.5,117.9422863406));
#18072 = LINE('',#18073,#18074);
#18073 = CARTESIAN_POINT('',(17.5,-82.5,117.94228634059));
#18074 = VECTOR('',#18075,1.);
#18075 = DIRECTION('',(1.,0.,0.));
#18076 = ORIENTED_EDGE('',*,*,#18077,.F.);
#18077 = EDGE_CURVE('',#18078,#18070,#18080,.T.);
#18078 = VERTEX_POINT('',#18079);
#18079 = CARTESIAN_POINT('',(54.797958971133,-69.5,117.9422863406));
#18080 = LINE('',#18081,#18082);
#18081 = CARTESIAN_POINT('',(54.797958971133,-69.5,117.94228634059));
#18082 = VECTOR('',#18083,1.);
#18083 = DIRECTION('',(-0.,-1.,-0.));
#18084 = ORIENTED_EDGE('',*,*,#18085,.T.);
#18085 = EDGE_CURVE('',#18078,#18039,#18086,.T.);
#18086 = LINE('',#18087,#18088);
#18087 = CARTESIAN_POINT('',(17.5,-69.5,117.94228634059));
#18088 = VECTOR('',#18089,1.);
#18089 = DIRECTION('',(1.,0.,0.));
#18090 = ORIENTED_EDGE('',*,*,#18055,.T.);
#18091 = FACE_BOUND('',#18092,.F.);
#18092 = EDGE_LOOP('',(#18093));
#18093 = ORIENTED_EDGE('',*,*,#18094,.F.);
#18094 = EDGE_CURVE('',#18095,#18095,#18097,.T.);
#18095 = VERTEX_POINT('',#18096);
#18096 = CARTESIAN_POINT('',(68.25,-76.,117.94228634059));
#18097 = CIRCLE('',#18098,2.25);
#18098 = AXIS2_PLACEMENT_3D('',#18099,#18100,#18101);
#18099 = CARTESIAN_POINT('',(66.,-76.,117.94228634059));
#18100 = DIRECTION('',(0.,0.,-1.));
#18101 = DIRECTION('',(1.,0.,0.));
#18102 = PLANE('',#18103);
#18103 = AXIS2_PLACEMENT_3D('',#18104,#18105,#18106);
#18104 = CARTESIAN_POINT('',(17.5,-69.5,117.94228634059));
#18105 = DIRECTION('',(0.,0.,1.));
#18106 = DIRECTION('',(-1.,0.,0.));
#18107 = ADVANCED_FACE('',(#18108),#18119,.F.);
#18108 = FACE_BOUND('',#18109,.T.);
#18109 = EDGE_LOOP('',(#18110,#18111,#18117,#18118));
#18110 = ORIENTED_EDGE('',*,*,#17968,.F.);
#18111 = ORIENTED_EDGE('',*,*,#18112,.F.);
#18112 = EDGE_CURVE('',#18011,#17969,#18113,.T.);
#18113 = LINE('',#18114,#18115);
#18114 = CARTESIAN_POINT('',(26.25,-76.,111.94228634059));
#18115 = VECTOR('',#18116,1.);
#18116 = DIRECTION('',(0.,0.,1.));
#18117 = ORIENTED_EDGE('',*,*,#18010,.T.);
#18118 = ORIENTED_EDGE('',*,*,#18112,.T.);
#18119 = CYLINDRICAL_SURFACE('',#18120,2.25);
#18120 = AXIS2_PLACEMENT_3D('',#18121,#18122,#18123);
#18121 = CARTESIAN_POINT('',(24.,-76.,111.94228634059));
#18122 = DIRECTION('',(0.,0.,1.));
#18123 = DIRECTION('',(1.,0.,0.));
#18124 = ADVANCED_FACE('',(#18125),#18136,.F.);
#18125 = FACE_BOUND('',#18126,.T.);
#18126 = EDGE_LOOP('',(#18127,#18128,#18134,#18135));
#18127 = ORIENTED_EDGE('',*,*,#18094,.F.);
#18128 = ORIENTED_EDGE('',*,*,#18129,.F.);
#18129 = EDGE_CURVE('',#18022,#18095,#18130,.T.);
#18130 = LINE('',#18131,#18132);
#18131 = CARTESIAN_POINT('',(68.25,-76.,111.94228634059));
#18132 = VECTOR('',#18133,1.);
#18133 = DIRECTION('',(0.,0.,1.));
#18134 = ORIENTED_EDGE('',*,*,#18021,.T.);
#18135 = ORIENTED_EDGE('',*,*,#18129,.T.);
#18136 = CYLINDRICAL_SURFACE('',#18137,2.25);
#18137 = AXIS2_PLACEMENT_3D('',#18138,#18139,#18140);
#18138 = CARTESIAN_POINT('',(66.,-76.,111.94228634059));
#18139 = DIRECTION('',(0.,0.,1.));
#18140 = DIRECTION('',(1.,0.,0.));
#18141 = ADVANCED_FACE('',(#18142,#18165),#18176,.T.);
#18142 = FACE_BOUND('',#18143,.F.);
#18143 = EDGE_LOOP('',(#18144,#18145,#18146,#18155,#18162,#18163,#18164)
  );
#18144 = ORIENTED_EDGE('',*,*,#18038,.T.);
#18145 = ORIENTED_EDGE('',*,*,#18085,.F.);
#18146 = ORIENTED_EDGE('',*,*,#18147,.F.);
#18147 = EDGE_CURVE('',#18148,#18078,#18150,.T.);
#18148 = VERTEX_POINT('',#18149);
#18149 = CARTESIAN_POINT('',(45.,-69.5,141.94228634059));
#18150 = CIRCLE('',#18151,14.);
#18151 = AXIS2_PLACEMENT_3D('',#18152,#18153,#18154);
#18152 = CARTESIAN_POINT('',(45.,-69.5,127.94228634059));
#18153 = DIRECTION('',(0.,1.,0.));
#18154 = DIRECTION('',(0.,0.,1.));
#18155 = ORIENTED_EDGE('',*,*,#18156,.F.);
#18156 = EDGE_CURVE('',#17953,#18148,#18157,.T.);
#18157 = CIRCLE('',#18158,14.);
#18158 = AXIS2_PLACEMENT_3D('',#18159,#18160,#18161);
#18159 = CARTESIAN_POINT('',(45.,-69.5,127.94228634059));
#18160 = DIRECTION('',(0.,1.,0.));
#18161 = DIRECTION('',(0.,0.,1.));
#18162 = ORIENTED_EDGE('',*,*,#17952,.F.);
#18163 = ORIENTED_EDGE('',*,*,#17903,.F.);
#18164 = ORIENTED_EDGE('',*,*,#17986,.T.);
#18165 = FACE_BOUND('',#18166,.F.);
#18166 = EDGE_LOOP('',(#18167));
#18167 = ORIENTED_EDGE('',*,*,#18168,.T.);
#18168 = EDGE_CURVE('',#18169,#18169,#18171,.T.);
#18169 = VERTEX_POINT('',#18170);
#18170 = CARTESIAN_POINT('',(45.,-69.5,135.94228634059));
#18171 = CIRCLE('',#18172,8.);
#18172 = AXIS2_PLACEMENT_3D('',#18173,#18174,#18175);
#18173 = CARTESIAN_POINT('',(45.,-69.5,127.94228634059));
#18174 = DIRECTION('',(0.,1.,0.));
#18175 = DIRECTION('',(0.,0.,1.));
#18176 = PLANE('',#18177);
#18177 = AXIS2_PLACEMENT_3D('',#18178,#18179,#18180);
#18178 = CARTESIAN_POINT('',(45.,-69.5,121.57245296557));
#18179 = DIRECTION('',(0.,1.,0.));
#18180 = DIRECTION('',(0.,0.,1.));
#18181 = ADVANCED_FACE('',(#18182),#18209,.T.);
#18182 = FACE_BOUND('',#18183,.F.);
#18183 = EDGE_LOOP('',(#18184,#18194,#18201,#18202));
#18184 = ORIENTED_EDGE('',*,*,#18185,.T.);
#18185 = EDGE_CURVE('',#18186,#18188,#18190,.T.);
#18186 = VERTEX_POINT('',#18187);
#18187 = CARTESIAN_POINT('',(45.,-82.5,135.94228634059));
#18188 = VERTEX_POINT('',#18189);
#18189 = CARTESIAN_POINT('',(45.,-83.5,135.94228634059));
#18190 = LINE('',#18191,#18192);
#18191 = CARTESIAN_POINT('',(45.,-68.5,135.94228634059));
#18192 = VECTOR('',#18193,1.);
#18193 = DIRECTION('',(-0.,-1.,-0.));
#18194 = ORIENTED_EDGE('',*,*,#18195,.F.);
#18195 = EDGE_CURVE('',#18188,#18188,#18196,.T.);
#18196 = CIRCLE('',#18197,8.);
#18197 = AXIS2_PLACEMENT_3D('',#18198,#18199,#18200);
#18198 = CARTESIAN_POINT('',(45.,-83.5,127.94228634059));
#18199 = DIRECTION('',(0.,1.,0.));
#18200 = DIRECTION('',(0.,0.,1.));
#18201 = ORIENTED_EDGE('',*,*,#18185,.F.);
#18202 = ORIENTED_EDGE('',*,*,#18203,.T.);
#18203 = EDGE_CURVE('',#18186,#18186,#18204,.T.);
#18204 = CIRCLE('',#18205,8.);
#18205 = AXIS2_PLACEMENT_3D('',#18206,#18207,#18208);
#18206 = CARTESIAN_POINT('',(45.,-82.5,127.94228634059));
#18207 = DIRECTION('',(0.,1.,0.));
#18208 = DIRECTION('',(0.,0.,1.));
#18209 = CYLINDRICAL_SURFACE('',#18210,8.);
#18210 = AXIS2_PLACEMENT_3D('',#18211,#18212,#18213);
#18211 = CARTESIAN_POINT('',(45.,-68.5,127.94228634059));
#18212 = DIRECTION('',(-0.,-1.,-0.));
#18213 = DIRECTION('',(0.,0.,1.));
#18214 = ADVANCED_FACE('',(#18215,#18218),#18229,.T.);
#18215 = FACE_BOUND('',#18216,.F.);
#18216 = EDGE_LOOP('',(#18217));
#18217 = ORIENTED_EDGE('',*,*,#18195,.T.);
#18218 = FACE_BOUND('',#18219,.F.);
#18219 = EDGE_LOOP('',(#18220));
#18220 = ORIENTED_EDGE('',*,*,#18221,.F.);
#18221 = EDGE_CURVE('',#18222,#18222,#18224,.T.);
#18222 = VERTEX_POINT('',#18223);
#18223 = CARTESIAN_POINT('',(45.,-83.5,131.94228634059));
#18224 = CIRCLE('',#18225,4.);
#18225 = AXIS2_PLACEMENT_3D('',#18226,#18227,#18228);
#18226 = CARTESIAN_POINT('',(45.,-83.5,127.94228634059));
#18227 = DIRECTION('',(0.,1.,0.));
#18228 = DIRECTION('',(0.,0.,1.));
#18229 = PLANE('',#18230);
#18230 = AXIS2_PLACEMENT_3D('',#18231,#18232,#18233);
#18231 = CARTESIAN_POINT('',(45.,-83.5,127.94228634059));
#18232 = DIRECTION('',(-0.,-1.,-0.));
#18233 = DIRECTION('',(0.,0.,-1.));
#18234 = ADVANCED_FACE('',(#18235),#18254,.F.);
#18235 = FACE_BOUND('',#18236,.T.);
#18236 = EDGE_LOOP('',(#18237,#18238,#18246,#18253));
#18237 = ORIENTED_EDGE('',*,*,#18221,.F.);
#18238 = ORIENTED_EDGE('',*,*,#18239,.F.);
#18239 = EDGE_CURVE('',#18240,#18222,#18242,.T.);
#18240 = VERTEX_POINT('',#18241);
#18241 = CARTESIAN_POINT('',(45.,-68.5,131.94228634059));
#18242 = LINE('',#18243,#18244);
#18243 = CARTESIAN_POINT('',(45.,-67.5,131.94228634059));
#18244 = VECTOR('',#18245,1.);
#18245 = DIRECTION('',(-0.,-1.,-0.));
#18246 = ORIENTED_EDGE('',*,*,#18247,.T.);
#18247 = EDGE_CURVE('',#18240,#18240,#18248,.T.);
#18248 = CIRCLE('',#18249,4.);
#18249 = AXIS2_PLACEMENT_3D('',#18250,#18251,#18252);
#18250 = CARTESIAN_POINT('',(45.,-68.5,127.94228634059));
#18251 = DIRECTION('',(0.,1.,0.));
#18252 = DIRECTION('',(0.,0.,1.));
#18253 = ORIENTED_EDGE('',*,*,#18239,.T.);
#18254 = CYLINDRICAL_SURFACE('',#18255,4.);
#18255 = AXIS2_PLACEMENT_3D('',#18256,#18257,#18258);
#18256 = CARTESIAN_POINT('',(45.,-67.5,127.94228634059));
#18257 = DIRECTION('',(-0.,-1.,-0.));
#18258 = DIRECTION('',(0.,0.,1.));
#18259 = ADVANCED_FACE('',(#18260),#18279,.T.);
#18260 = FACE_BOUND('',#18261,.F.);
#18261 = EDGE_LOOP('',(#18262,#18263,#18271,#18278));
#18262 = ORIENTED_EDGE('',*,*,#18168,.F.);
#18263 = ORIENTED_EDGE('',*,*,#18264,.F.);
#18264 = EDGE_CURVE('',#18265,#18169,#18267,.T.);
#18265 = VERTEX_POINT('',#18266);
#18266 = CARTESIAN_POINT('',(45.,-68.5,135.94228634059));
#18267 = LINE('',#18268,#18269);
#18268 = CARTESIAN_POINT('',(45.,-68.5,135.94228634059));
#18269 = VECTOR('',#18270,1.);
#18270 = DIRECTION('',(-0.,-1.,-0.));
#18271 = ORIENTED_EDGE('',*,*,#18272,.T.);
#18272 = EDGE_CURVE('',#18265,#18265,#18273,.T.);
#18273 = CIRCLE('',#18274,8.);
#18274 = AXIS2_PLACEMENT_3D('',#18275,#18276,#18277);
#18275 = CARTESIAN_POINT('',(45.,-68.5,127.94228634059));
#18276 = DIRECTION('',(0.,1.,0.));
#18277 = DIRECTION('',(0.,0.,1.));
#18278 = ORIENTED_EDGE('',*,*,#18264,.T.);
#18279 = CYLINDRICAL_SURFACE('',#18280,8.);
#18280 = AXIS2_PLACEMENT_3D('',#18281,#18282,#18283);
#18281 = CARTESIAN_POINT('',(45.,-68.5,127.94228634059));
#18282 = DIRECTION('',(-0.,-1.,-0.));
#18283 = DIRECTION('',(0.,0.,1.));
#18284 = ADVANCED_FACE('',(#18285,#18288),#18291,.F.);
#18285 = FACE_BOUND('',#18286,.T.);
#18286 = EDGE_LOOP('',(#18287));
#18287 = ORIENTED_EDGE('',*,*,#18272,.T.);
#18288 = FACE_BOUND('',#18289,.T.);
#18289 = EDGE_LOOP('',(#18290));
#18290 = ORIENTED_EDGE('',*,*,#18247,.F.);
#18291 = PLANE('',#18292);
#18292 = AXIS2_PLACEMENT_3D('',#18293,#18294,#18295);
#18293 = CARTESIAN_POINT('',(45.,-68.5,127.94228634059));
#18294 = DIRECTION('',(-0.,-1.,-0.));
#18295 = DIRECTION('',(0.,0.,-1.));
#18296 = ADVANCED_FACE('',(#18297,#18320),#18323,.T.);
#18297 = FACE_BOUND('',#18298,.F.);
#18298 = EDGE_LOOP('',(#18299,#18300,#18301,#18302,#18303,#18312,#18319)
  );
#18299 = ORIENTED_EDGE('',*,*,#18047,.F.);
#18300 = ORIENTED_EDGE('',*,*,#18002,.F.);
#18301 = ORIENTED_EDGE('',*,*,#17921,.T.);
#18302 = ORIENTED_EDGE('',*,*,#17943,.T.);
#18303 = ORIENTED_EDGE('',*,*,#18304,.T.);
#18304 = EDGE_CURVE('',#17944,#18305,#18307,.T.);
#18305 = VERTEX_POINT('',#18306);
#18306 = CARTESIAN_POINT('',(45.,-82.5,141.94228634059));
#18307 = CIRCLE('',#18308,14.);
#18308 = AXIS2_PLACEMENT_3D('',#18309,#18310,#18311);
#18309 = CARTESIAN_POINT('',(45.,-82.5,127.94228634059));
#18310 = DIRECTION('',(0.,1.,0.));
#18311 = DIRECTION('',(0.,0.,1.));
#18312 = ORIENTED_EDGE('',*,*,#18313,.T.);
#18313 = EDGE_CURVE('',#18305,#18070,#18314,.T.);
#18314 = CIRCLE('',#18315,14.);
#18315 = AXIS2_PLACEMENT_3D('',#18316,#18317,#18318);
#18316 = CARTESIAN_POINT('',(45.,-82.5,127.94228634059));
#18317 = DIRECTION('',(0.,1.,0.));
#18318 = DIRECTION('',(0.,0.,1.));
#18319 = ORIENTED_EDGE('',*,*,#18069,.T.);
#18320 = FACE_BOUND('',#18321,.F.);
#18321 = EDGE_LOOP('',(#18322));
#18322 = ORIENTED_EDGE('',*,*,#18203,.F.);
#18323 = PLANE('',#18324);
#18324 = AXIS2_PLACEMENT_3D('',#18325,#18326,#18327);
#18325 = CARTESIAN_POINT('',(45.,-82.5,121.57245296557));
#18326 = DIRECTION('',(-0.,-1.,-0.));
#18327 = DIRECTION('',(0.,0.,-1.));
#18328 = ADVANCED_FACE('',(#18329),#18337,.T.);
#18329 = FACE_BOUND('',#18330,.F.);
#18330 = EDGE_LOOP('',(#18331,#18332,#18333,#18334,#18335,#18336));
#18331 = ORIENTED_EDGE('',*,*,#18147,.T.);
#18332 = ORIENTED_EDGE('',*,*,#18077,.T.);
#18333 = ORIENTED_EDGE('',*,*,#18313,.F.);
#18334 = ORIENTED_EDGE('',*,*,#18304,.F.);
#18335 = ORIENTED_EDGE('',*,*,#17960,.F.);
#18336 = ORIENTED_EDGE('',*,*,#18156,.T.);
#18337 = CYLINDRICAL_SURFACE('',#18338,14.);
#18338 = AXIS2_PLACEMENT_3D('',#18339,#18340,#18341);
#18339 = CARTESIAN_POINT('',(45.,-69.5,127.94228634059));
#18340 = DIRECTION('',(-0.,-1.,-0.));
#18341 = DIRECTION('',(0.,0.,1.));
#18342 = MANIFOLD_SOLID_BREP('',#18343);
#18343 = CLOSED_SHELL('',(#18344,#18384,#18426,#18479,#18510,#18552,
    #18569,#18586,#18626,#18659,#18679,#18704,#18729,#18741,#18773));
#18344 = ADVANCED_FACE('',(#18345),#18379,.F.);
#18345 = FACE_BOUND('',#18346,.T.);
#18346 = EDGE_LOOP('',(#18347,#18357,#18365,#18373));
#18347 = ORIENTED_EDGE('',*,*,#18348,.F.);
#18348 = EDGE_CURVE('',#18349,#18351,#18353,.T.);
#18349 = VERTEX_POINT('',#18350);
#18350 = CARTESIAN_POINT('',(17.5,-107.5,112.94228634059));
#18351 = VERTEX_POINT('',#18352);
#18352 = CARTESIAN_POINT('',(17.5,-107.5,117.94228634059));
#18353 = LINE('',#18354,#18355);
#18354 = CARTESIAN_POINT('',(17.5,-107.5,112.94228634059));
#18355 = VECTOR('',#18356,1.);
#18356 = DIRECTION('',(0.,0.,1.));
#18357 = ORIENTED_EDGE('',*,*,#18358,.T.);
#18358 = EDGE_CURVE('',#18349,#18359,#18361,.T.);
#18359 = VERTEX_POINT('',#18360);
#18360 = CARTESIAN_POINT('',(17.5,-120.5,112.94228634059));
#18361 = LINE('',#18362,#18363);
#18362 = CARTESIAN_POINT('',(17.5,-107.5,112.94228634059));
#18363 = VECTOR('',#18364,1.);
#18364 = DIRECTION('',(-0.,-1.,-0.));
#18365 = ORIENTED_EDGE('',*,*,#18366,.T.);
#18366 = EDGE_CURVE('',#18359,#18367,#18369,.T.);
#18367 = VERTEX_POINT('',#18368);
#18368 = CARTESIAN_POINT('',(17.5,-120.5,117.94228634059));
#18369 = LINE('',#18370,#18371);
#18370 = CARTESIAN_POINT('',(17.5,-120.5,112.94228634059));
#18371 = VECTOR('',#18372,1.);
#18372 = DIRECTION('',(0.,0.,1.));
#18373 = ORIENTED_EDGE('',*,*,#18374,.F.);
#18374 = EDGE_CURVE('',#18351,#18367,#18375,.T.);
#18375 = LINE('',#18376,#18377);
#18376 = CARTESIAN_POINT('',(17.5,-107.5,117.94228634059));
#18377 = VECTOR('',#18378,1.);
#18378 = DIRECTION('',(-0.,-1.,-0.));
#18379 = PLANE('',#18380);
#18380 = AXIS2_PLACEMENT_3D('',#18381,#18382,#18383);
#18381 = CARTESIAN_POINT('',(17.5,-107.5,112.94228634059));
#18382 = DIRECTION('',(1.,0.,0.));
#18383 = DIRECTION('',(0.,0.,-1.));
#18384 = ADVANCED_FACE('',(#18385,#18410),#18421,.T.);
#18385 = FACE_BOUND('',#18386,.F.);
#18386 = EDGE_LOOP('',(#18387,#18395,#18396,#18404));
#18387 = ORIENTED_EDGE('',*,*,#18388,.F.);
#18388 = EDGE_CURVE('',#18367,#18389,#18391,.T.);
#18389 = VERTEX_POINT('',#18390);
#18390 = CARTESIAN_POINT('',(35.202041028867,-120.5,117.9422863406));
#18391 = LINE('',#18392,#18393);
#18392 = CARTESIAN_POINT('',(17.5,-120.5,117.94228634059));
#18393 = VECTOR('',#18394,1.);
#18394 = DIRECTION('',(1.,0.,0.));
#18395 = ORIENTED_EDGE('',*,*,#18374,.F.);
#18396 = ORIENTED_EDGE('',*,*,#18397,.T.);
#18397 = EDGE_CURVE('',#18351,#18398,#18400,.T.);
#18398 = VERTEX_POINT('',#18399);
#18399 = CARTESIAN_POINT('',(35.202041028867,-107.5,117.9422863406));
#18400 = LINE('',#18401,#18402);
#18401 = CARTESIAN_POINT('',(17.5,-107.5,117.94228634059));
#18402 = VECTOR('',#18403,1.);
#18403 = DIRECTION('',(1.,0.,0.));
#18404 = ORIENTED_EDGE('',*,*,#18405,.T.);
#18405 = EDGE_CURVE('',#18398,#18389,#18406,.T.);
#18406 = LINE('',#18407,#18408);
#18407 = CARTESIAN_POINT('',(35.202041028867,-107.5,117.94228634059));
#18408 = VECTOR('',#18409,1.);
#18409 = DIRECTION('',(-0.,-1.,-0.));
#18410 = FACE_BOUND('',#18411,.F.);
#18411 = EDGE_LOOP('',(#18412));
#18412 = ORIENTED_EDGE('',*,*,#18413,.F.);
#18413 = EDGE_CURVE('',#18414,#18414,#18416,.T.);
#18414 = VERTEX_POINT('',#18415);
#18415 = CARTESIAN_POINT('',(26.25,-114.,117.94228634059));
#18416 = CIRCLE('',#18417,2.25);
#18417 = AXIS2_PLACEMENT_3D('',#18418,#18419,#18420);
#18418 = CARTESIAN_POINT('',(24.,-114.,117.94228634059));
#18419 = DIRECTION('',(0.,0.,-1.));
#18420 = DIRECTION('',(1.,0.,0.));
#18421 = PLANE('',#18422);
#18422 = AXIS2_PLACEMENT_3D('',#18423,#18424,#18425);
#18423 = CARTESIAN_POINT('',(17.5,-107.5,117.94228634059));
#18424 = DIRECTION('',(0.,0.,1.));
#18425 = DIRECTION('',(-1.,0.,0.));
#18426 = ADVANCED_FACE('',(#18427,#18452,#18463),#18474,.F.);
#18427 = FACE_BOUND('',#18428,.T.);
#18428 = EDGE_LOOP('',(#18429,#18430,#18438,#18446));
#18429 = ORIENTED_EDGE('',*,*,#18358,.F.);
#18430 = ORIENTED_EDGE('',*,*,#18431,.T.);
#18431 = EDGE_CURVE('',#18349,#18432,#18434,.T.);
#18432 = VERTEX_POINT('',#18433);
#18433 = CARTESIAN_POINT('',(72.5,-107.5,112.94228634059));
#18434 = LINE('',#18435,#18436);
#18435 = CARTESIAN_POINT('',(17.5,-107.5,112.94228634059));
#18436 = VECTOR('',#18437,1.);
#18437 = DIRECTION('',(1.,0.,0.));
#18438 = ORIENTED_EDGE('',*,*,#18439,.T.);
#18439 = EDGE_CURVE('',#18432,#18440,#18442,.T.);
#18440 = VERTEX_POINT('',#18441);
#18441 = CARTESIAN_POINT('',(72.5,-120.5,112.94228634059));
#18442 = LINE('',#18443,#18444);
#18443 = CARTESIAN_POINT('',(72.5,-107.5,112.94228634059));
#18444 = VECTOR('',#18445,1.);
#18445 = DIRECTION('',(-0.,-1.,-0.));
#18446 = ORIENTED_EDGE('',*,*,#18447,.F.);
#18447 = EDGE_CURVE('',#18359,#18440,#18448,.T.);
#18448 = LINE('',#18449,#18450);
#18449 = CARTESIAN_POINT('',(17.5,-120.5,112.94228634059));
#18450 = VECTOR('',#18451,1.);
#18451 = DIRECTION('',(1.,0.,0.));
#18452 = FACE_BOUND('',#18453,.T.);
#18453 = EDGE_LOOP('',(#18454));
#18454 = ORIENTED_EDGE('',*,*,#18455,.F.);
#18455 = EDGE_CURVE('',#18456,#18456,#18458,.T.);
#18456 = VERTEX_POINT('',#18457);
#18457 = CARTESIAN_POINT('',(26.25,-114.,112.94228634059));
#18458 = CIRCLE('',#18459,2.25);
#18459 = AXIS2_PLACEMENT_3D('',#18460,#18461,#18462);
#18460 = CARTESIAN_POINT('',(24.,-114.,112.94228634059));
#18461 = DIRECTION('',(0.,0.,-1.));
#18462 = DIRECTION('',(1.,0.,0.));
#18463 = FACE_BOUND('',#18464,.T.);
#18464 = EDGE_LOOP('',(#18465));
#18465 = ORIENTED_EDGE('',*,*,#18466,.F.);
#18466 = EDGE_CURVE('',#18467,#18467,#18469,.T.);
#18467 = VERTEX_POINT('',#18468);
#18468 = CARTESIAN_POINT('',(68.25,-114.,112.94228634059));
#18469 = CIRCLE('',#18470,2.25);
#18470 = AXIS2_PLACEMENT_3D('',#18471,#18472,#18473);
#18471 = CARTESIAN_POINT('',(66.,-114.,112.94228634059));
#18472 = DIRECTION('',(0.,0.,-1.));
#18473 = DIRECTION('',(1.,0.,0.));
#18474 = PLANE('',#18475);
#18475 = AXIS2_PLACEMENT_3D('',#18476,#18477,#18478);
#18476 = CARTESIAN_POINT('',(17.5,-107.5,112.94228634059));
#18477 = DIRECTION('',(0.,0.,1.));
#18478 = DIRECTION('',(-1.,0.,0.));
#18479 = ADVANCED_FACE('',(#18480),#18505,.T.);
#18480 = FACE_BOUND('',#18481,.F.);
#18481 = EDGE_LOOP('',(#18482,#18490,#18491,#18499));
#18482 = ORIENTED_EDGE('',*,*,#18483,.F.);
#18483 = EDGE_CURVE('',#18432,#18484,#18486,.T.);
#18484 = VERTEX_POINT('',#18485);
#18485 = CARTESIAN_POINT('',(72.5,-107.5,117.94228634059));
#18486 = LINE('',#18487,#18488);
#18487 = CARTESIAN_POINT('',(72.5,-107.5,112.94228634059));
#18488 = VECTOR('',#18489,1.);
#18489 = DIRECTION('',(0.,0.,1.));
#18490 = ORIENTED_EDGE('',*,*,#18439,.T.);
#18491 = ORIENTED_EDGE('',*,*,#18492,.T.);
#18492 = EDGE_CURVE('',#18440,#18493,#18495,.T.);
#18493 = VERTEX_POINT('',#18494);
#18494 = CARTESIAN_POINT('',(72.5,-120.5,117.94228634059));
#18495 = LINE('',#18496,#18497);
#18496 = CARTESIAN_POINT('',(72.5,-120.5,112.94228634059));
#18497 = VECTOR('',#18498,1.);
#18498 = DIRECTION('',(0.,0.,1.));
#18499 = ORIENTED_EDGE('',*,*,#18500,.F.);
#18500 = EDGE_CURVE('',#18484,#18493,#18501,.T.);
#18501 = LINE('',#18502,#18503);
#18502 = CARTESIAN_POINT('',(72.5,-107.5,117.94228634059));
#18503 = VECTOR('',#18504,1.);
#18504 = DIRECTION('',(-0.,-1.,-0.));
#18505 = PLANE('',#18506);
#18506 = AXIS2_PLACEMENT_3D('',#18507,#18508,#18509);
#18507 = CARTESIAN_POINT('',(72.5,-107.5,112.94228634059));
#18508 = DIRECTION('',(1.,0.,0.));
#18509 = DIRECTION('',(0.,0.,-1.));
#18510 = ADVANCED_FACE('',(#18511,#18536),#18547,.T.);
#18511 = FACE_BOUND('',#18512,.F.);
#18512 = EDGE_LOOP('',(#18513,#18521,#18529,#18535));
#18513 = ORIENTED_EDGE('',*,*,#18514,.F.);
#18514 = EDGE_CURVE('',#18515,#18493,#18517,.T.);
#18515 = VERTEX_POINT('',#18516);
#18516 = CARTESIAN_POINT('',(54.797958971133,-120.5,117.9422863406));
#18517 = LINE('',#18518,#18519);
#18518 = CARTESIAN_POINT('',(17.5,-120.5,117.94228634059));
#18519 = VECTOR('',#18520,1.);
#18520 = DIRECTION('',(1.,0.,0.));
#18521 = ORIENTED_EDGE('',*,*,#18522,.F.);
#18522 = EDGE_CURVE('',#18523,#18515,#18525,.T.);
#18523 = VERTEX_POINT('',#18524);
#18524 = CARTESIAN_POINT('',(54.797958971133,-107.5,117.9422863406));
#18525 = LINE('',#18526,#18527);
#18526 = CARTESIAN_POINT('',(54.797958971133,-107.5,117.94228634059));
#18527 = VECTOR('',#18528,1.);
#18528 = DIRECTION('',(-0.,-1.,-0.));
#18529 = ORIENTED_EDGE('',*,*,#18530,.T.);
#18530 = EDGE_CURVE('',#18523,#18484,#18531,.T.);
#18531 = LINE('',#18532,#18533);
#18532 = CARTESIAN_POINT('',(17.5,-107.5,117.94228634059));
#18533 = VECTOR('',#18534,1.);
#18534 = DIRECTION('',(1.,0.,0.));
#18535 = ORIENTED_EDGE('',*,*,#18500,.T.);
#18536 = FACE_BOUND('',#18537,.F.);
#18537 = EDGE_LOOP('',(#18538));
#18538 = ORIENTED_EDGE('',*,*,#18539,.F.);
#18539 = EDGE_CURVE('',#18540,#18540,#18542,.T.);
#18540 = VERTEX_POINT('',#18541);
#18541 = CARTESIAN_POINT('',(68.25,-114.,117.94228634059));
#18542 = CIRCLE('',#18543,2.25);
#18543 = AXIS2_PLACEMENT_3D('',#18544,#18545,#18546);
#18544 = CARTESIAN_POINT('',(66.,-114.,117.94228634059));
#18545 = DIRECTION('',(0.,0.,-1.));
#18546 = DIRECTION('',(1.,0.,0.));
#18547 = PLANE('',#18548);
#18548 = AXIS2_PLACEMENT_3D('',#18549,#18550,#18551);
#18549 = CARTESIAN_POINT('',(17.5,-107.5,117.94228634059));
#18550 = DIRECTION('',(0.,0.,1.));
#18551 = DIRECTION('',(-1.,0.,0.));
#18552 = ADVANCED_FACE('',(#18553),#18564,.F.);
#18553 = FACE_BOUND('',#18554,.T.);
#18554 = EDGE_LOOP('',(#18555,#18556,#18562,#18563));
#18555 = ORIENTED_EDGE('',*,*,#18413,.F.);
#18556 = ORIENTED_EDGE('',*,*,#18557,.F.);
#18557 = EDGE_CURVE('',#18456,#18414,#18558,.T.);
#18558 = LINE('',#18559,#18560);
#18559 = CARTESIAN_POINT('',(26.25,-114.,111.94228634059));
#18560 = VECTOR('',#18561,1.);
#18561 = DIRECTION('',(0.,0.,1.));
#18562 = ORIENTED_EDGE('',*,*,#18455,.T.);
#18563 = ORIENTED_EDGE('',*,*,#18557,.T.);
#18564 = CYLINDRICAL_SURFACE('',#18565,2.25);
#18565 = AXIS2_PLACEMENT_3D('',#18566,#18567,#18568);
#18566 = CARTESIAN_POINT('',(24.,-114.,111.94228634059));
#18567 = DIRECTION('',(0.,0.,1.));
#18568 = DIRECTION('',(1.,0.,0.));
#18569 = ADVANCED_FACE('',(#18570),#18581,.F.);
#18570 = FACE_BOUND('',#18571,.T.);
#18571 = EDGE_LOOP('',(#18572,#18573,#18579,#18580));
#18572 = ORIENTED_EDGE('',*,*,#18539,.F.);
#18573 = ORIENTED_EDGE('',*,*,#18574,.F.);
#18574 = EDGE_CURVE('',#18467,#18540,#18575,.T.);
#18575 = LINE('',#18576,#18577);
#18576 = CARTESIAN_POINT('',(68.25,-114.,111.94228634059));
#18577 = VECTOR('',#18578,1.);
#18578 = DIRECTION('',(0.,0.,1.));
#18579 = ORIENTED_EDGE('',*,*,#18466,.T.);
#18580 = ORIENTED_EDGE('',*,*,#18574,.T.);
#18581 = CYLINDRICAL_SURFACE('',#18582,2.25);
#18582 = AXIS2_PLACEMENT_3D('',#18583,#18584,#18585);
#18583 = CARTESIAN_POINT('',(66.,-114.,111.94228634059));
#18584 = DIRECTION('',(0.,0.,1.));
#18585 = DIRECTION('',(1.,0.,0.));
#18586 = ADVANCED_FACE('',(#18587,#18610),#18621,.T.);
#18587 = FACE_BOUND('',#18588,.F.);
#18588 = EDGE_LOOP('',(#18589,#18590,#18591,#18600,#18607,#18608,#18609)
  );
#18589 = ORIENTED_EDGE('',*,*,#18483,.T.);
#18590 = ORIENTED_EDGE('',*,*,#18530,.F.);
#18591 = ORIENTED_EDGE('',*,*,#18592,.F.);
#18592 = EDGE_CURVE('',#18593,#18523,#18595,.T.);
#18593 = VERTEX_POINT('',#18594);
#18594 = CARTESIAN_POINT('',(45.,-107.5,141.94228634059));
#18595 = CIRCLE('',#18596,14.);
#18596 = AXIS2_PLACEMENT_3D('',#18597,#18598,#18599);
#18597 = CARTESIAN_POINT('',(45.,-107.5,127.94228634059));
#18598 = DIRECTION('',(0.,1.,0.));
#18599 = DIRECTION('',(0.,0.,1.));
#18600 = ORIENTED_EDGE('',*,*,#18601,.F.);
#18601 = EDGE_CURVE('',#18398,#18593,#18602,.T.);
#18602 = CIRCLE('',#18603,14.);
#18603 = AXIS2_PLACEMENT_3D('',#18604,#18605,#18606);
#18604 = CARTESIAN_POINT('',(45.,-107.5,127.94228634059));
#18605 = DIRECTION('',(0.,1.,0.));
#18606 = DIRECTION('',(0.,0.,1.));
#18607 = ORIENTED_EDGE('',*,*,#18397,.F.);
#18608 = ORIENTED_EDGE('',*,*,#18348,.F.);
#18609 = ORIENTED_EDGE('',*,*,#18431,.T.);
#18610 = FACE_BOUND('',#18611,.F.);
#18611 = EDGE_LOOP('',(#18612));
#18612 = ORIENTED_EDGE('',*,*,#18613,.T.);
#18613 = EDGE_CURVE('',#18614,#18614,#18616,.T.);
#18614 = VERTEX_POINT('',#18615);
#18615 = CARTESIAN_POINT('',(45.,-107.5,135.94228634059));
#18616 = CIRCLE('',#18617,8.);
#18617 = AXIS2_PLACEMENT_3D('',#18618,#18619,#18620);
#18618 = CARTESIAN_POINT('',(45.,-107.5,127.94228634059));
#18619 = DIRECTION('',(0.,1.,0.));
#18620 = DIRECTION('',(0.,0.,1.));
#18621 = PLANE('',#18622);
#18622 = AXIS2_PLACEMENT_3D('',#18623,#18624,#18625);
#18623 = CARTESIAN_POINT('',(45.,-107.5,121.57245296557));
#18624 = DIRECTION('',(0.,1.,0.));
#18625 = DIRECTION('',(0.,0.,1.));
#18626 = ADVANCED_FACE('',(#18627),#18654,.T.);
#18627 = FACE_BOUND('',#18628,.F.);
#18628 = EDGE_LOOP('',(#18629,#18639,#18646,#18647));
#18629 = ORIENTED_EDGE('',*,*,#18630,.T.);
#18630 = EDGE_CURVE('',#18631,#18633,#18635,.T.);
#18631 = VERTEX_POINT('',#18632);
#18632 = CARTESIAN_POINT('',(45.,-120.5,135.94228634059));
#18633 = VERTEX_POINT('',#18634);
#18634 = CARTESIAN_POINT('',(45.,-121.5,135.94228634059));
#18635 = LINE('',#18636,#18637);
#18636 = CARTESIAN_POINT('',(45.,-106.5,135.94228634059));
#18637 = VECTOR('',#18638,1.);
#18638 = DIRECTION('',(-0.,-1.,-0.));
#18639 = ORIENTED_EDGE('',*,*,#18640,.F.);
#18640 = EDGE_CURVE('',#18633,#18633,#18641,.T.);
#18641 = CIRCLE('',#18642,8.);
#18642 = AXIS2_PLACEMENT_3D('',#18643,#18644,#18645);
#18643 = CARTESIAN_POINT('',(45.,-121.5,127.94228634059));
#18644 = DIRECTION('',(0.,1.,0.));
#18645 = DIRECTION('',(0.,0.,1.));
#18646 = ORIENTED_EDGE('',*,*,#18630,.F.);
#18647 = ORIENTED_EDGE('',*,*,#18648,.T.);
#18648 = EDGE_CURVE('',#18631,#18631,#18649,.T.);
#18649 = CIRCLE('',#18650,8.);
#18650 = AXIS2_PLACEMENT_3D('',#18651,#18652,#18653);
#18651 = CARTESIAN_POINT('',(45.,-120.5,127.94228634059));
#18652 = DIRECTION('',(0.,1.,0.));
#18653 = DIRECTION('',(0.,0.,1.));
#18654 = CYLINDRICAL_SURFACE('',#18655,8.);
#18655 = AXIS2_PLACEMENT_3D('',#18656,#18657,#18658);
#18656 = CARTESIAN_POINT('',(45.,-106.5,127.94228634059));
#18657 = DIRECTION('',(-0.,-1.,-0.));
#18658 = DIRECTION('',(0.,0.,1.));
#18659 = ADVANCED_FACE('',(#18660,#18663),#18674,.T.);
#18660 = FACE_BOUND('',#18661,.F.);
#18661 = EDGE_LOOP('',(#18662));
#18662 = ORIENTED_EDGE('',*,*,#18640,.T.);
#18663 = FACE_BOUND('',#18664,.F.);
#18664 = EDGE_LOOP('',(#18665));
#18665 = ORIENTED_EDGE('',*,*,#18666,.F.);
#18666 = EDGE_CURVE('',#18667,#18667,#18669,.T.);
#18667 = VERTEX_POINT('',#18668);
#18668 = CARTESIAN_POINT('',(45.,-121.5,131.94228634059));
#18669 = CIRCLE('',#18670,4.);
#18670 = AXIS2_PLACEMENT_3D('',#18671,#18672,#18673);
#18671 = CARTESIAN_POINT('',(45.,-121.5,127.94228634059));
#18672 = DIRECTION('',(0.,1.,0.));
#18673 = DIRECTION('',(0.,0.,1.));
#18674 = PLANE('',#18675);
#18675 = AXIS2_PLACEMENT_3D('',#18676,#18677,#18678);
#18676 = CARTESIAN_POINT('',(45.,-121.5,127.94228634059));
#18677 = DIRECTION('',(-0.,-1.,-0.));
#18678 = DIRECTION('',(0.,0.,-1.));
#18679 = ADVANCED_FACE('',(#18680),#18699,.F.);
#18680 = FACE_BOUND('',#18681,.T.);
#18681 = EDGE_LOOP('',(#18682,#18683,#18691,#18698));
#18682 = ORIENTED_EDGE('',*,*,#18666,.F.);
#18683 = ORIENTED_EDGE('',*,*,#18684,.F.);
#18684 = EDGE_CURVE('',#18685,#18667,#18687,.T.);
#18685 = VERTEX_POINT('',#18686);
#18686 = CARTESIAN_POINT('',(45.,-106.5,131.94228634059));
#18687 = LINE('',#18688,#18689);
#18688 = CARTESIAN_POINT('',(45.,-105.5,131.94228634059));
#18689 = VECTOR('',#18690,1.);
#18690 = DIRECTION('',(-0.,-1.,-0.));
#18691 = ORIENTED_EDGE('',*,*,#18692,.T.);
#18692 = EDGE_CURVE('',#18685,#18685,#18693,.T.);
#18693 = CIRCLE('',#18694,4.);
#18694 = AXIS2_PLACEMENT_3D('',#18695,#18696,#18697);
#18695 = CARTESIAN_POINT('',(45.,-106.5,127.94228634059));
#18696 = DIRECTION('',(0.,1.,0.));
#18697 = DIRECTION('',(0.,0.,1.));
#18698 = ORIENTED_EDGE('',*,*,#18684,.T.);
#18699 = CYLINDRICAL_SURFACE('',#18700,4.);
#18700 = AXIS2_PLACEMENT_3D('',#18701,#18702,#18703);
#18701 = CARTESIAN_POINT('',(45.,-105.5,127.94228634059));
#18702 = DIRECTION('',(-0.,-1.,-0.));
#18703 = DIRECTION('',(0.,0.,1.));
#18704 = ADVANCED_FACE('',(#18705),#18724,.T.);
#18705 = FACE_BOUND('',#18706,.F.);
#18706 = EDGE_LOOP('',(#18707,#18708,#18716,#18723));
#18707 = ORIENTED_EDGE('',*,*,#18613,.F.);
#18708 = ORIENTED_EDGE('',*,*,#18709,.F.);
#18709 = EDGE_CURVE('',#18710,#18614,#18712,.T.);
#18710 = VERTEX_POINT('',#18711);
#18711 = CARTESIAN_POINT('',(45.,-106.5,135.94228634059));
#18712 = LINE('',#18713,#18714);
#18713 = CARTESIAN_POINT('',(45.,-106.5,135.94228634059));
#18714 = VECTOR('',#18715,1.);
#18715 = DIRECTION('',(-0.,-1.,-0.));
#18716 = ORIENTED_EDGE('',*,*,#18717,.T.);
#18717 = EDGE_CURVE('',#18710,#18710,#18718,.T.);
#18718 = CIRCLE('',#18719,8.);
#18719 = AXIS2_PLACEMENT_3D('',#18720,#18721,#18722);
#18720 = CARTESIAN_POINT('',(45.,-106.5,127.94228634059));
#18721 = DIRECTION('',(0.,1.,0.));
#18722 = DIRECTION('',(0.,0.,1.));
#18723 = ORIENTED_EDGE('',*,*,#18709,.T.);
#18724 = CYLINDRICAL_SURFACE('',#18725,8.);
#18725 = AXIS2_PLACEMENT_3D('',#18726,#18727,#18728);
#18726 = CARTESIAN_POINT('',(45.,-106.5,127.94228634059));
#18727 = DIRECTION('',(-0.,-1.,-0.));
#18728 = DIRECTION('',(0.,0.,1.));
#18729 = ADVANCED_FACE('',(#18730,#18733),#18736,.F.);
#18730 = FACE_BOUND('',#18731,.T.);
#18731 = EDGE_LOOP('',(#18732));
#18732 = ORIENTED_EDGE('',*,*,#18717,.T.);
#18733 = FACE_BOUND('',#18734,.T.);
#18734 = EDGE_LOOP('',(#18735));
#18735 = ORIENTED_EDGE('',*,*,#18692,.F.);
#18736 = PLANE('',#18737);
#18737 = AXIS2_PLACEMENT_3D('',#18738,#18739,#18740);
#18738 = CARTESIAN_POINT('',(45.,-106.5,127.94228634059));
#18739 = DIRECTION('',(-0.,-1.,-0.));
#18740 = DIRECTION('',(0.,0.,-1.));
#18741 = ADVANCED_FACE('',(#18742,#18765),#18768,.T.);
#18742 = FACE_BOUND('',#18743,.F.);
#18743 = EDGE_LOOP('',(#18744,#18745,#18746,#18747,#18748,#18757,#18764)
  );
#18744 = ORIENTED_EDGE('',*,*,#18492,.F.);
#18745 = ORIENTED_EDGE('',*,*,#18447,.F.);
#18746 = ORIENTED_EDGE('',*,*,#18366,.T.);
#18747 = ORIENTED_EDGE('',*,*,#18388,.T.);
#18748 = ORIENTED_EDGE('',*,*,#18749,.T.);
#18749 = EDGE_CURVE('',#18389,#18750,#18752,.T.);
#18750 = VERTEX_POINT('',#18751);
#18751 = CARTESIAN_POINT('',(45.,-120.5,141.94228634059));
#18752 = CIRCLE('',#18753,14.);
#18753 = AXIS2_PLACEMENT_3D('',#18754,#18755,#18756);
#18754 = CARTESIAN_POINT('',(45.,-120.5,127.94228634059));
#18755 = DIRECTION('',(0.,1.,0.));
#18756 = DIRECTION('',(0.,0.,1.));
#18757 = ORIENTED_EDGE('',*,*,#18758,.T.);
#18758 = EDGE_CURVE('',#18750,#18515,#18759,.T.);
#18759 = CIRCLE('',#18760,14.);
#18760 = AXIS2_PLACEMENT_3D('',#18761,#18762,#18763);
#18761 = CARTESIAN_POINT('',(45.,-120.5,127.94228634059));
#18762 = DIRECTION('',(0.,1.,0.));
#18763 = DIRECTION('',(0.,0.,1.));
#18764 = ORIENTED_EDGE('',*,*,#18514,.T.);
#18765 = FACE_BOUND('',#18766,.F.);
#18766 = EDGE_LOOP('',(#18767));
#18767 = ORIENTED_EDGE('',*,*,#18648,.F.);
#18768 = PLANE('',#18769);
#18769 = AXIS2_PLACEMENT_3D('',#18770,#18771,#18772);
#18770 = CARTESIAN_POINT('',(45.,-120.5,121.57245296557));
#18771 = DIRECTION('',(-0.,-1.,-0.));
#18772 = DIRECTION('',(0.,0.,-1.));
#18773 = ADVANCED_FACE('',(#18774),#18782,.T.);
#18774 = FACE_BOUND('',#18775,.F.);
#18775 = EDGE_LOOP('',(#18776,#18777,#18778,#18779,#18780,#18781));
#18776 = ORIENTED_EDGE('',*,*,#18592,.T.);
#18777 = ORIENTED_EDGE('',*,*,#18522,.T.);
#18778 = ORIENTED_EDGE('',*,*,#18758,.F.);
#18779 = ORIENTED_EDGE('',*,*,#18749,.F.);
#18780 = ORIENTED_EDGE('',*,*,#18405,.F.);
#18781 = ORIENTED_EDGE('',*,*,#18601,.T.);
#18782 = CYLINDRICAL_SURFACE('',#18783,14.);
#18783 = AXIS2_PLACEMENT_3D('',#18784,#18785,#18786);
#18784 = CARTESIAN_POINT('',(45.,-107.5,127.94228634059));
#18785 = DIRECTION('',(-0.,-1.,-0.));
#18786 = DIRECTION('',(0.,0.,1.));
#18787 = MANIFOLD_SOLID_BREP('',#18788);
#18788 = CLOSED_SHELL('',(#18789,#18829,#18978,#19002,#19144,#19161,
    #19183,#19200,#19217,#19239,#19256,#19273,#19285,#19307,#19324,
    #19341,#19353,#19367));
#18789 = ADVANCED_FACE('',(#18790),#18824,.F.);
#18790 = FACE_BOUND('',#18791,.T.);
#18791 = EDGE_LOOP('',(#18792,#18802,#18810,#18818));
#18792 = ORIENTED_EDGE('',*,*,#18793,.F.);
#18793 = EDGE_CURVE('',#18794,#18796,#18798,.T.);
#18794 = VERTEX_POINT('',#18795);
#18795 = CARTESIAN_POINT('',(9.,40.,112.94228634059));
#18796 = VERTEX_POINT('',#18797);
#18797 = CARTESIAN_POINT('',(9.,-61.7,112.94228634059));
#18798 = LINE('',#18799,#18800);
#18799 = CARTESIAN_POINT('',(9.,40.,112.94228634059));
#18800 = VECTOR('',#18801,1.);
#18801 = DIRECTION('',(-0.,-1.,-0.));
#18802 = ORIENTED_EDGE('',*,*,#18803,.F.);
#18803 = EDGE_CURVE('',#18804,#18794,#18806,.T.);
#18804 = VERTEX_POINT('',#18805);
#18805 = CARTESIAN_POINT('',(9.,40.,109.94228634059));
#18806 = LINE('',#18807,#18808);
#18807 = CARTESIAN_POINT('',(9.,40.,109.94228634059));
#18808 = VECTOR('',#18809,1.);
#18809 = DIRECTION('',(0.,0.,1.));
#18810 = ORIENTED_EDGE('',*,*,#18811,.T.);
#18811 = EDGE_CURVE('',#18804,#18812,#18814,.T.);
#18812 = VERTEX_POINT('',#18813);
#18813 = CARTESIAN_POINT('',(9.,-61.7,109.94228634059));
#18814 = LINE('',#18815,#18816);
#18815 = CARTESIAN_POINT('',(9.,40.,109.94228634059));
#18816 = VECTOR('',#18817,1.);
#18817 = DIRECTION('',(-0.,-1.,-0.));
#18818 = ORIENTED_EDGE('',*,*,#18819,.T.);
#18819 = EDGE_CURVE('',#18812,#18796,#18820,.T.);
#18820 = LINE('',#18821,#18822);
#18821 = CARTESIAN_POINT('',(9.,-61.7,109.44228634059));
#18822 = VECTOR('',#18823,1.);
#18823 = DIRECTION('',(0.,0.,1.));
#18824 = PLANE('',#18825);
#18825 = AXIS2_PLACEMENT_3D('',#18826,#18827,#18828);
#18826 = CARTESIAN_POINT('',(9.,40.,109.94228634059));
#18827 = DIRECTION('',(1.,0.,0.));
#18828 = DIRECTION('',(0.,0.,-1.));
#18829 = ADVANCED_FACE('',(#18830,#18939),#18973,.T.);
#18830 = FACE_BOUND('',#18831,.F.);
#18831 = EDGE_LOOP('',(#18832,#18833,#18841,#18849,#18857,#18865,#18873,
    #18882,#18891,#18899,#18907,#18915,#18924,#18933));
#18832 = ORIENTED_EDGE('',*,*,#18793,.F.);
#18833 = ORIENTED_EDGE('',*,*,#18834,.T.);
#18834 = EDGE_CURVE('',#18794,#18835,#18837,.T.);
#18835 = VERTEX_POINT('',#18836);
#18836 = CARTESIAN_POINT('',(92.,40.,112.94228634059));
#18837 = LINE('',#18838,#18839);
#18838 = CARTESIAN_POINT('',(9.,40.,112.94228634059));
#18839 = VECTOR('',#18840,1.);
#18840 = DIRECTION('',(1.,0.,0.));
#18841 = ORIENTED_EDGE('',*,*,#18842,.T.);
#18842 = EDGE_CURVE('',#18835,#18843,#18845,.T.);
#18843 = VERTEX_POINT('',#18844);
#18844 = CARTESIAN_POINT('',(92.,-137.,112.94228634059));
#18845 = LINE('',#18846,#18847);
#18846 = CARTESIAN_POINT('',(92.,40.,112.94228634059));
#18847 = VECTOR('',#18848,1.);
#18848 = DIRECTION('',(-0.,-1.,-0.));
#18849 = ORIENTED_EDGE('',*,*,#18850,.F.);
#18850 = EDGE_CURVE('',#18851,#18843,#18853,.T.);
#18851 = VERTEX_POINT('',#18852);
#18852 = CARTESIAN_POINT('',(9.,-137.,112.94228634059));
#18853 = LINE('',#18854,#18855);
#18854 = CARTESIAN_POINT('',(9.,-137.,112.94228634059));
#18855 = VECTOR('',#18856,1.);
#18856 = DIRECTION('',(1.,0.,0.));
#18857 = ORIENTED_EDGE('',*,*,#18858,.F.);
#18858 = EDGE_CURVE('',#18859,#18851,#18861,.T.);
#18859 = VERTEX_POINT('',#18860);
#18860 = CARTESIAN_POINT('',(9.,-128.3,112.94228634059));
#18861 = LINE('',#18862,#18863);
#18862 = CARTESIAN_POINT('',(9.,40.,112.94228634059));
#18863 = VECTOR('',#18864,1.);
#18864 = DIRECTION('',(-0.,-1.,-0.));
#18865 = ORIENTED_EDGE('',*,*,#18866,.F.);
#18866 = EDGE_CURVE('',#18867,#18859,#18869,.T.);
#18867 = VERTEX_POINT('',#18868);
#18868 = CARTESIAN_POINT('',(26.,-128.3,112.94228634059));
#18869 = LINE('',#18870,#18871);
#18870 = CARTESIAN_POINT('',(7.5,-128.3,112.94228634059));
#18871 = VECTOR('',#18872,1.);
#18872 = DIRECTION('',(-1.,0.,0.));
#18873 = ORIENTED_EDGE('',*,*,#18874,.F.);
#18874 = EDGE_CURVE('',#18875,#18867,#18877,.T.);
#18875 = VERTEX_POINT('',#18876);
#18876 = CARTESIAN_POINT('',(29.3,-125.,112.94228634059));
#18877 = CIRCLE('',#18878,3.3);
#18878 = AXIS2_PLACEMENT_3D('',#18879,#18880,#18881);
#18879 = CARTESIAN_POINT('',(26.,-125.,112.94228634059));
#18880 = DIRECTION('',(0.,0.,-1.));
#18881 = DIRECTION('',(1.,0.,0.));
#18882 = ORIENTED_EDGE('',*,*,#18883,.F.);
#18883 = EDGE_CURVE('',#18884,#18875,#18886,.T.);
#18884 = VERTEX_POINT('',#18885);
#18885 = CARTESIAN_POINT('',(26.,-121.7,112.94228634059));
#18886 = CIRCLE('',#18887,3.3);
#18887 = AXIS2_PLACEMENT_3D('',#18888,#18889,#18890);
#18888 = CARTESIAN_POINT('',(26.,-125.,112.94228634059));
#18889 = DIRECTION('',(0.,0.,-1.));
#18890 = DIRECTION('',(1.,0.,0.));
#18891 = ORIENTED_EDGE('',*,*,#18892,.T.);
#18892 = EDGE_CURVE('',#18884,#18893,#18895,.T.);
#18893 = VERTEX_POINT('',#18894);
#18894 = CARTESIAN_POINT('',(9.,-121.7,112.94228634059));
#18895 = LINE('',#18896,#18897);
#18896 = CARTESIAN_POINT('',(7.5,-121.7,112.94228634059));
#18897 = VECTOR('',#18898,1.);
#18898 = DIRECTION('',(-1.,0.,0.));
#18899 = ORIENTED_EDGE('',*,*,#18900,.F.);
#18900 = EDGE_CURVE('',#18901,#18893,#18903,.T.);
#18901 = VERTEX_POINT('',#18902);
#18902 = CARTESIAN_POINT('',(9.,-68.3,112.94228634059));
#18903 = LINE('',#18904,#18905);
#18904 = CARTESIAN_POINT('',(9.,40.,112.94228634059));
#18905 = VECTOR('',#18906,1.);
#18906 = DIRECTION('',(-0.,-1.,-0.));
#18907 = ORIENTED_EDGE('',*,*,#18908,.F.);
#18908 = EDGE_CURVE('',#18909,#18901,#18911,.T.);
#18909 = VERTEX_POINT('',#18910);
#18910 = CARTESIAN_POINT('',(26.,-68.3,112.94228634059));
#18911 = LINE('',#18912,#18913);
#18912 = CARTESIAN_POINT('',(7.5,-68.3,112.94228634059));
#18913 = VECTOR('',#18914,1.);
#18914 = DIRECTION('',(-1.,0.,0.));
#18915 = ORIENTED_EDGE('',*,*,#18916,.F.);
#18916 = EDGE_CURVE('',#18917,#18909,#18919,.T.);
#18917 = VERTEX_POINT('',#18918);
#18918 = CARTESIAN_POINT('',(29.3,-65.,112.94228634059));
#18919 = CIRCLE('',#18920,3.3);
#18920 = AXIS2_PLACEMENT_3D('',#18921,#18922,#18923);
#18921 = CARTESIAN_POINT('',(26.,-65.,112.94228634059));
#18922 = DIRECTION('',(0.,0.,-1.));
#18923 = DIRECTION('',(1.,0.,0.));
#18924 = ORIENTED_EDGE('',*,*,#18925,.F.);
#18925 = EDGE_CURVE('',#18926,#18917,#18928,.T.);
#18926 = VERTEX_POINT('',#18927);
#18927 = CARTESIAN_POINT('',(26.,-61.7,112.94228634059));
#18928 = CIRCLE('',#18929,3.3);
#18929 = AXIS2_PLACEMENT_3D('',#18930,#18931,#18932);
#18930 = CARTESIAN_POINT('',(26.,-65.,112.94228634059));
#18931 = DIRECTION('',(0.,0.,-1.));
#18932 = DIRECTION('',(1.,0.,0.));
#18933 = ORIENTED_EDGE('',*,*,#18934,.T.);
#18934 = EDGE_CURVE('',#18926,#18796,#18935,.T.);
#18935 = LINE('',#18936,#18937);
#18936 = CARTESIAN_POINT('',(7.5,-61.7,112.94228634059));
#18937 = VECTOR('',#18938,1.);
#18938 = DIRECTION('',(-1.,0.,0.));
#18939 = FACE_BOUND('',#18940,.F.);
#18940 = EDGE_LOOP('',(#18941,#18951,#18959,#18967));
#18941 = ORIENTED_EDGE('',*,*,#18942,.T.);
#18942 = EDGE_CURVE('',#18943,#18945,#18947,.T.);
#18943 = VERTEX_POINT('',#18944);
#18944 = CARTESIAN_POINT('',(75.85593213877,-83.5,112.94228634059));
#18945 = VERTEX_POINT('',#18946);
#18946 = CARTESIAN_POINT('',(33.196626744487,-83.5,112.94228634059));
#18947 = LINE('',#18948,#18949);
#18948 = CARTESIAN_POINT('',(21.098313372244,-83.5,112.94228634059));
#18949 = VECTOR('',#18950,1.);
#18950 = DIRECTION('',(-1.,0.,0.));
#18951 = ORIENTED_EDGE('',*,*,#18952,.T.);
#18952 = EDGE_CURVE('',#18945,#18953,#18955,.T.);
#18953 = VERTEX_POINT('',#18954);
#18954 = CARTESIAN_POINT('',(33.196626744487,-104.5,112.94228634059));
#18955 = LINE('',#18956,#18957);
#18956 = CARTESIAN_POINT('',(33.196626744487,-21.75,112.94228634059));
#18957 = VECTOR('',#18958,1.);
#18958 = DIRECTION('',(-0.,-1.,-0.));
#18959 = ORIENTED_EDGE('',*,*,#18960,.F.);
#18960 = EDGE_CURVE('',#18961,#18953,#18963,.T.);
#18961 = VERTEX_POINT('',#18962);
#18962 = CARTESIAN_POINT('',(75.85593213877,-104.5,112.94228634059));
#18963 = LINE('',#18964,#18965);
#18964 = CARTESIAN_POINT('',(21.098313372244,-104.5,112.94228634059));
#18965 = VECTOR('',#18966,1.);
#18966 = DIRECTION('',(-1.,0.,0.));
#18967 = ORIENTED_EDGE('',*,*,#18968,.F.);
#18968 = EDGE_CURVE('',#18943,#18961,#18969,.T.);
#18969 = LINE('',#18970,#18971);
#18970 = CARTESIAN_POINT('',(75.85593213877,-21.75,112.94228634059));
#18971 = VECTOR('',#18972,1.);
#18972 = DIRECTION('',(-0.,-1.,-0.));
#18973 = PLANE('',#18974);
#18974 = AXIS2_PLACEMENT_3D('',#18975,#18976,#18977);
#18975 = CARTESIAN_POINT('',(9.,40.,112.94228634059));
#18976 = DIRECTION('',(0.,0.,1.));
#18977 = DIRECTION('',(-1.,0.,0.));
#18978 = ADVANCED_FACE('',(#18979),#18997,.T.);
#18979 = FACE_BOUND('',#18980,.F.);
#18980 = EDGE_LOOP('',(#18981,#18989,#18995,#18996));
#18981 = ORIENTED_EDGE('',*,*,#18982,.F.);
#18982 = EDGE_CURVE('',#18983,#18926,#18985,.T.);
#18983 = VERTEX_POINT('',#18984);
#18984 = CARTESIAN_POINT('',(26.,-61.7,109.94228634059));
#18985 = LINE('',#18986,#18987);
#18986 = CARTESIAN_POINT('',(26.,-61.7,108.94228634059));
#18987 = VECTOR('',#18988,1.);
#18988 = DIRECTION('',(0.,0.,1.));
#18989 = ORIENTED_EDGE('',*,*,#18990,.T.);
#18990 = EDGE_CURVE('',#18983,#18812,#18991,.T.);
#18991 = LINE('',#18992,#18993);
#18992 = CARTESIAN_POINT('',(7.5,-61.7,109.94228634059));
#18993 = VECTOR('',#18994,1.);
#18994 = DIRECTION('',(-1.,0.,0.));
#18995 = ORIENTED_EDGE('',*,*,#18819,.T.);
#18996 = ORIENTED_EDGE('',*,*,#18934,.F.);
#18997 = PLANE('',#18998);
#18998 = AXIS2_PLACEMENT_3D('',#18999,#19000,#19001);
#18999 = CARTESIAN_POINT('',(6.,-61.7,108.94228634059));
#19000 = DIRECTION('',(-0.,-1.,-0.));
#19001 = DIRECTION('',(0.,0.,-1.));
#19002 = ADVANCED_FACE('',(#19003,#19105),#19139,.F.);
#19003 = FACE_BOUND('',#19004,.T.);
#19004 = EDGE_LOOP('',(#19005,#19006,#19014,#19022,#19030,#19038,#19046,
    #19055,#19064,#19072,#19080,#19088,#19097,#19104));
#19005 = ORIENTED_EDGE('',*,*,#18811,.F.);
#19006 = ORIENTED_EDGE('',*,*,#19007,.T.);
#19007 = EDGE_CURVE('',#18804,#19008,#19010,.T.);
#19008 = VERTEX_POINT('',#19009);
#19009 = CARTESIAN_POINT('',(92.,40.,109.94228634059));
#19010 = LINE('',#19011,#19012);
#19011 = CARTESIAN_POINT('',(9.,40.,109.94228634059));
#19012 = VECTOR('',#19013,1.);
#19013 = DIRECTION('',(1.,0.,0.));
#19014 = ORIENTED_EDGE('',*,*,#19015,.T.);
#19015 = EDGE_CURVE('',#19008,#19016,#19018,.T.);
#19016 = VERTEX_POINT('',#19017);
#19017 = CARTESIAN_POINT('',(92.,-137.,109.94228634059));
#19018 = LINE('',#19019,#19020);
#19019 = CARTESIAN_POINT('',(92.,40.,109.94228634059));
#19020 = VECTOR('',#19021,1.);
#19021 = DIRECTION('',(-0.,-1.,-0.));
#19022 = ORIENTED_EDGE('',*,*,#19023,.F.);
#19023 = EDGE_CURVE('',#19024,#19016,#19026,.T.);
#19024 = VERTEX_POINT('',#19025);
#19025 = CARTESIAN_POINT('',(9.,-137.,109.94228634059));
#19026 = LINE('',#19027,#19028);
#19027 = CARTESIAN_POINT('',(9.,-137.,109.94228634059));
#19028 = VECTOR('',#19029,1.);
#19029 = DIRECTION('',(1.,0.,0.));
#19030 = ORIENTED_EDGE('',*,*,#19031,.F.);
#19031 = EDGE_CURVE('',#19032,#19024,#19034,.T.);
#19032 = VERTEX_POINT('',#19033);
#19033 = CARTESIAN_POINT('',(9.,-128.3,109.94228634059));
#19034 = LINE('',#19035,#19036);
#19035 = CARTESIAN_POINT('',(9.,40.,109.94228634059));
#19036 = VECTOR('',#19037,1.);
#19037 = DIRECTION('',(-0.,-1.,-0.));
#19038 = ORIENTED_EDGE('',*,*,#19039,.F.);
#19039 = EDGE_CURVE('',#19040,#19032,#19042,.T.);
#19040 = VERTEX_POINT('',#19041);
#19041 = CARTESIAN_POINT('',(26.,-128.3,109.94228634059));
#19042 = LINE('',#19043,#19044);
#19043 = CARTESIAN_POINT('',(7.5,-128.3,109.94228634059));
#19044 = VECTOR('',#19045,1.);
#19045 = DIRECTION('',(-1.,0.,0.));
#19046 = ORIENTED_EDGE('',*,*,#19047,.F.);
#19047 = EDGE_CURVE('',#19048,#19040,#19050,.T.);
#19048 = VERTEX_POINT('',#19049);
#19049 = CARTESIAN_POINT('',(29.3,-125.,109.94228634059));
#19050 = CIRCLE('',#19051,3.3);
#19051 = AXIS2_PLACEMENT_3D('',#19052,#19053,#19054);
#19052 = CARTESIAN_POINT('',(26.,-125.,109.94228634059));
#19053 = DIRECTION('',(0.,0.,-1.));
#19054 = DIRECTION('',(1.,0.,0.));
#19055 = ORIENTED_EDGE('',*,*,#19056,.F.);
#19056 = EDGE_CURVE('',#19057,#19048,#19059,.T.);
#19057 = VERTEX_POINT('',#19058);
#19058 = CARTESIAN_POINT('',(26.,-121.7,109.94228634059));
#19059 = CIRCLE('',#19060,3.3);
#19060 = AXIS2_PLACEMENT_3D('',#19061,#19062,#19063);
#19061 = CARTESIAN_POINT('',(26.,-125.,109.94228634059));
#19062 = DIRECTION('',(0.,0.,-1.));
#19063 = DIRECTION('',(1.,0.,0.));
#19064 = ORIENTED_EDGE('',*,*,#19065,.T.);
#19065 = EDGE_CURVE('',#19057,#19066,#19068,.T.);
#19066 = VERTEX_POINT('',#19067);
#19067 = CARTESIAN_POINT('',(9.,-121.7,109.94228634059));
#19068 = LINE('',#19069,#19070);
#19069 = CARTESIAN_POINT('',(7.5,-121.7,109.94228634059));
#19070 = VECTOR('',#19071,1.);
#19071 = DIRECTION('',(-1.,0.,0.));
#19072 = ORIENTED_EDGE('',*,*,#19073,.F.);
#19073 = EDGE_CURVE('',#19074,#19066,#19076,.T.);
#19074 = VERTEX_POINT('',#19075);
#19075 = CARTESIAN_POINT('',(9.,-68.3,109.94228634059));
#19076 = LINE('',#19077,#19078);
#19077 = CARTESIAN_POINT('',(9.,40.,109.94228634059));
#19078 = VECTOR('',#19079,1.);
#19079 = DIRECTION('',(-0.,-1.,-0.));
#19080 = ORIENTED_EDGE('',*,*,#19081,.F.);
#19081 = EDGE_CURVE('',#19082,#19074,#19084,.T.);
#19082 = VERTEX_POINT('',#19083);
#19083 = CARTESIAN_POINT('',(26.,-68.3,109.94228634059));
#19084 = LINE('',#19085,#19086);
#19085 = CARTESIAN_POINT('',(7.5,-68.3,109.94228634059));
#19086 = VECTOR('',#19087,1.);
#19087 = DIRECTION('',(-1.,0.,0.));
#19088 = ORIENTED_EDGE('',*,*,#19089,.F.);
#19089 = EDGE_CURVE('',#19090,#19082,#19092,.T.);
#19090 = VERTEX_POINT('',#19091);
#19091 = CARTESIAN_POINT('',(29.3,-65.,109.94228634059));
#19092 = CIRCLE('',#19093,3.3);
#19093 = AXIS2_PLACEMENT_3D('',#19094,#19095,#19096);
#19094 = CARTESIAN_POINT('',(26.,-65.,109.94228634059));
#19095 = DIRECTION('',(0.,0.,-1.));
#19096 = DIRECTION('',(1.,0.,0.));
#19097 = ORIENTED_EDGE('',*,*,#19098,.F.);
#19098 = EDGE_CURVE('',#18983,#19090,#19099,.T.);
#19099 = CIRCLE('',#19100,3.3);
#19100 = AXIS2_PLACEMENT_3D('',#19101,#19102,#19103);
#19101 = CARTESIAN_POINT('',(26.,-65.,109.94228634059));
#19102 = DIRECTION('',(0.,0.,-1.));
#19103 = DIRECTION('',(1.,0.,0.));
#19104 = ORIENTED_EDGE('',*,*,#18990,.T.);
#19105 = FACE_BOUND('',#19106,.T.);
#19106 = EDGE_LOOP('',(#19107,#19117,#19125,#19133));
#19107 = ORIENTED_EDGE('',*,*,#19108,.T.);
#19108 = EDGE_CURVE('',#19109,#19111,#19113,.T.);
#19109 = VERTEX_POINT('',#19110);
#19110 = CARTESIAN_POINT('',(75.85593213877,-83.5,109.94228634059));
#19111 = VERTEX_POINT('',#19112);
#19112 = CARTESIAN_POINT('',(33.196626744487,-83.5,109.94228634059));
#19113 = LINE('',#19114,#19115);
#19114 = CARTESIAN_POINT('',(21.098313372244,-83.5,109.94228634059));
#19115 = VECTOR('',#19116,1.);
#19116 = DIRECTION('',(-1.,0.,0.));
#19117 = ORIENTED_EDGE('',*,*,#19118,.T.);
#19118 = EDGE_CURVE('',#19111,#19119,#19121,.T.);
#19119 = VERTEX_POINT('',#19120);
#19120 = CARTESIAN_POINT('',(33.196626744487,-104.5,109.94228634059));
#19121 = LINE('',#19122,#19123);
#19122 = CARTESIAN_POINT('',(33.196626744487,-21.75,109.94228634059));
#19123 = VECTOR('',#19124,1.);
#19124 = DIRECTION('',(-0.,-1.,-0.));
#19125 = ORIENTED_EDGE('',*,*,#19126,.F.);
#19126 = EDGE_CURVE('',#19127,#19119,#19129,.T.);
#19127 = VERTEX_POINT('',#19128);
#19128 = CARTESIAN_POINT('',(75.85593213877,-104.5,109.94228634059));
#19129 = LINE('',#19130,#19131);
#19130 = CARTESIAN_POINT('',(21.098313372244,-104.5,109.94228634059));
#19131 = VECTOR('',#19132,1.);
#19132 = DIRECTION('',(-1.,0.,0.));
#19133 = ORIENTED_EDGE('',*,*,#19134,.F.);
#19134 = EDGE_CURVE('',#19109,#19127,#19135,.T.);
#19135 = LINE('',#19136,#19137);
#19136 = CARTESIAN_POINT('',(75.85593213877,-21.75,109.94228634059));
#19137 = VECTOR('',#19138,1.);
#19138 = DIRECTION('',(-0.,-1.,-0.));
#19139 = PLANE('',#19140);
#19140 = AXIS2_PLACEMENT_3D('',#19141,#19142,#19143);
#19141 = CARTESIAN_POINT('',(9.,40.,109.94228634059));
#19142 = DIRECTION('',(0.,0.,1.));
#19143 = DIRECTION('',(-1.,0.,0.));
#19144 = ADVANCED_FACE('',(#19145),#19156,.F.);
#19145 = FACE_BOUND('',#19146,.T.);
#19146 = EDGE_LOOP('',(#19147,#19148,#19149,#19150));
#19147 = ORIENTED_EDGE('',*,*,#19007,.F.);
#19148 = ORIENTED_EDGE('',*,*,#18803,.T.);
#19149 = ORIENTED_EDGE('',*,*,#18834,.T.);
#19150 = ORIENTED_EDGE('',*,*,#19151,.F.);
#19151 = EDGE_CURVE('',#19008,#18835,#19152,.T.);
#19152 = LINE('',#19153,#19154);
#19153 = CARTESIAN_POINT('',(92.,40.,109.94228634059));
#19154 = VECTOR('',#19155,1.);
#19155 = DIRECTION('',(0.,0.,1.));
#19156 = PLANE('',#19157);
#19157 = AXIS2_PLACEMENT_3D('',#19158,#19159,#19160);
#19158 = CARTESIAN_POINT('',(9.,40.,109.94228634059));
#19159 = DIRECTION('',(-0.,-1.,-0.));
#19160 = DIRECTION('',(0.,0.,-1.));
#19161 = ADVANCED_FACE('',(#19162),#19178,.F.);
#19162 = FACE_BOUND('',#19163,.T.);
#19163 = EDGE_LOOP('',(#19164,#19170,#19171,#19177));
#19164 = ORIENTED_EDGE('',*,*,#19165,.F.);
#19165 = EDGE_CURVE('',#19082,#18909,#19166,.T.);
#19166 = LINE('',#19167,#19168);
#19167 = CARTESIAN_POINT('',(26.,-68.3,108.94228634059));
#19168 = VECTOR('',#19169,1.);
#19169 = DIRECTION('',(0.,0.,1.));
#19170 = ORIENTED_EDGE('',*,*,#19081,.T.);
#19171 = ORIENTED_EDGE('',*,*,#19172,.T.);
#19172 = EDGE_CURVE('',#19074,#18901,#19173,.T.);
#19173 = LINE('',#19174,#19175);
#19174 = CARTESIAN_POINT('',(9.,-68.3,109.44228634059));
#19175 = VECTOR('',#19176,1.);
#19176 = DIRECTION('',(0.,0.,1.));
#19177 = ORIENTED_EDGE('',*,*,#18908,.F.);
#19178 = PLANE('',#19179);
#19179 = AXIS2_PLACEMENT_3D('',#19180,#19181,#19182);
#19180 = CARTESIAN_POINT('',(6.,-68.3,108.94228634059));
#19181 = DIRECTION('',(-0.,-1.,-0.));
#19182 = DIRECTION('',(0.,0.,-1.));
#19183 = ADVANCED_FACE('',(#19184),#19195,.F.);
#19184 = FACE_BOUND('',#19185,.T.);
#19185 = EDGE_LOOP('',(#19186,#19187,#19188,#19189));
#19186 = ORIENTED_EDGE('',*,*,#18900,.F.);
#19187 = ORIENTED_EDGE('',*,*,#19172,.F.);
#19188 = ORIENTED_EDGE('',*,*,#19073,.T.);
#19189 = ORIENTED_EDGE('',*,*,#19190,.T.);
#19190 = EDGE_CURVE('',#19066,#18893,#19191,.T.);
#19191 = LINE('',#19192,#19193);
#19192 = CARTESIAN_POINT('',(9.,-121.7,109.44228634059));
#19193 = VECTOR('',#19194,1.);
#19194 = DIRECTION('',(0.,0.,1.));
#19195 = PLANE('',#19196);
#19196 = AXIS2_PLACEMENT_3D('',#19197,#19198,#19199);
#19197 = CARTESIAN_POINT('',(9.,40.,109.94228634059));
#19198 = DIRECTION('',(1.,0.,0.));
#19199 = DIRECTION('',(0.,0.,-1.));
#19200 = ADVANCED_FACE('',(#19201),#19212,.T.);
#19201 = FACE_BOUND('',#19202,.F.);
#19202 = EDGE_LOOP('',(#19203,#19209,#19210,#19211));
#19203 = ORIENTED_EDGE('',*,*,#19204,.F.);
#19204 = EDGE_CURVE('',#19057,#18884,#19205,.T.);
#19205 = LINE('',#19206,#19207);
#19206 = CARTESIAN_POINT('',(26.,-121.7,108.94228634059));
#19207 = VECTOR('',#19208,1.);
#19208 = DIRECTION('',(0.,0.,1.));
#19209 = ORIENTED_EDGE('',*,*,#19065,.T.);
#19210 = ORIENTED_EDGE('',*,*,#19190,.T.);
#19211 = ORIENTED_EDGE('',*,*,#18892,.F.);
#19212 = PLANE('',#19213);
#19213 = AXIS2_PLACEMENT_3D('',#19214,#19215,#19216);
#19214 = CARTESIAN_POINT('',(6.,-121.7,108.94228634059));
#19215 = DIRECTION('',(-0.,-1.,-0.));
#19216 = DIRECTION('',(0.,0.,-1.));
#19217 = ADVANCED_FACE('',(#19218),#19234,.F.);
#19218 = FACE_BOUND('',#19219,.T.);
#19219 = EDGE_LOOP('',(#19220,#19226,#19227,#19233));
#19220 = ORIENTED_EDGE('',*,*,#19221,.F.);
#19221 = EDGE_CURVE('',#19040,#18867,#19222,.T.);
#19222 = LINE('',#19223,#19224);
#19223 = CARTESIAN_POINT('',(26.,-128.3,108.94228634059));
#19224 = VECTOR('',#19225,1.);
#19225 = DIRECTION('',(0.,0.,1.));
#19226 = ORIENTED_EDGE('',*,*,#19039,.T.);
#19227 = ORIENTED_EDGE('',*,*,#19228,.T.);
#19228 = EDGE_CURVE('',#19032,#18859,#19229,.T.);
#19229 = LINE('',#19230,#19231);
#19230 = CARTESIAN_POINT('',(9.,-128.3,109.44228634059));
#19231 = VECTOR('',#19232,1.);
#19232 = DIRECTION('',(0.,0.,1.));
#19233 = ORIENTED_EDGE('',*,*,#18866,.F.);
#19234 = PLANE('',#19235);
#19235 = AXIS2_PLACEMENT_3D('',#19236,#19237,#19238);
#19236 = CARTESIAN_POINT('',(6.,-128.3,108.94228634059));
#19237 = DIRECTION('',(-0.,-1.,-0.));
#19238 = DIRECTION('',(0.,0.,-1.));
#19239 = ADVANCED_FACE('',(#19240),#19251,.F.);
#19240 = FACE_BOUND('',#19241,.T.);
#19241 = EDGE_LOOP('',(#19242,#19243,#19244,#19245));
#19242 = ORIENTED_EDGE('',*,*,#18858,.F.);
#19243 = ORIENTED_EDGE('',*,*,#19228,.F.);
#19244 = ORIENTED_EDGE('',*,*,#19031,.T.);
#19245 = ORIENTED_EDGE('',*,*,#19246,.T.);
#19246 = EDGE_CURVE('',#19024,#18851,#19247,.T.);
#19247 = LINE('',#19248,#19249);
#19248 = CARTESIAN_POINT('',(9.,-137.,109.94228634059));
#19249 = VECTOR('',#19250,1.);
#19250 = DIRECTION('',(0.,0.,1.));
#19251 = PLANE('',#19252);
#19252 = AXIS2_PLACEMENT_3D('',#19253,#19254,#19255);
#19253 = CARTESIAN_POINT('',(9.,40.,109.94228634059));
#19254 = DIRECTION('',(1.,0.,0.));
#19255 = DIRECTION('',(0.,0.,-1.));
#19256 = ADVANCED_FACE('',(#19257),#19268,.T.);
#19257 = FACE_BOUND('',#19258,.F.);
#19258 = EDGE_LOOP('',(#19259,#19260,#19261,#19262));
#19259 = ORIENTED_EDGE('',*,*,#19023,.F.);
#19260 = ORIENTED_EDGE('',*,*,#19246,.T.);
#19261 = ORIENTED_EDGE('',*,*,#18850,.T.);
#19262 = ORIENTED_EDGE('',*,*,#19263,.F.);
#19263 = EDGE_CURVE('',#19016,#18843,#19264,.T.);
#19264 = LINE('',#19265,#19266);
#19265 = CARTESIAN_POINT('',(92.,-137.,109.94228634059));
#19266 = VECTOR('',#19267,1.);
#19267 = DIRECTION('',(0.,0.,1.));
#19268 = PLANE('',#19269);
#19269 = AXIS2_PLACEMENT_3D('',#19270,#19271,#19272);
#19270 = CARTESIAN_POINT('',(9.,-137.,109.94228634059));
#19271 = DIRECTION('',(-0.,-1.,-0.));
#19272 = DIRECTION('',(0.,0.,-1.));
#19273 = ADVANCED_FACE('',(#19274),#19280,.T.);
#19274 = FACE_BOUND('',#19275,.F.);
#19275 = EDGE_LOOP('',(#19276,#19277,#19278,#19279));
#19276 = ORIENTED_EDGE('',*,*,#19151,.F.);
#19277 = ORIENTED_EDGE('',*,*,#19015,.T.);
#19278 = ORIENTED_EDGE('',*,*,#19263,.T.);
#19279 = ORIENTED_EDGE('',*,*,#18842,.F.);
#19280 = PLANE('',#19281);
#19281 = AXIS2_PLACEMENT_3D('',#19282,#19283,#19284);
#19282 = CARTESIAN_POINT('',(92.,40.,109.94228634059));
#19283 = DIRECTION('',(1.,0.,0.));
#19284 = DIRECTION('',(0.,0.,-1.));
#19285 = ADVANCED_FACE('',(#19286),#19302,.T.);
#19286 = FACE_BOUND('',#19287,.F.);
#19287 = EDGE_LOOP('',(#19288,#19294,#19295,#19301));
#19288 = ORIENTED_EDGE('',*,*,#19289,.F.);
#19289 = EDGE_CURVE('',#19109,#18943,#19290,.T.);
#19290 = LINE('',#19291,#19292);
#19291 = CARTESIAN_POINT('',(75.85593213877,-83.5,108.94228634059));
#19292 = VECTOR('',#19293,1.);
#19293 = DIRECTION('',(0.,0.,1.));
#19294 = ORIENTED_EDGE('',*,*,#19108,.T.);
#19295 = ORIENTED_EDGE('',*,*,#19296,.T.);
#19296 = EDGE_CURVE('',#19111,#18945,#19297,.T.);
#19297 = LINE('',#19298,#19299);
#19298 = CARTESIAN_POINT('',(33.196626744487,-83.5,108.94228634059));
#19299 = VECTOR('',#19300,1.);
#19300 = DIRECTION('',(0.,0.,1.));
#19301 = ORIENTED_EDGE('',*,*,#18942,.F.);
#19302 = PLANE('',#19303);
#19303 = AXIS2_PLACEMENT_3D('',#19304,#19305,#19306);
#19304 = CARTESIAN_POINT('',(33.196626744487,-83.5,108.94228634059));
#19305 = DIRECTION('',(-0.,-1.,-0.));
#19306 = DIRECTION('',(0.,0.,-1.));
#19307 = ADVANCED_FACE('',(#19308),#19319,.F.);
#19308 = FACE_BOUND('',#19309,.T.);
#19309 = EDGE_LOOP('',(#19310,#19311,#19312,#19318));
#19310 = ORIENTED_EDGE('',*,*,#19289,.F.);
#19311 = ORIENTED_EDGE('',*,*,#19134,.T.);
#19312 = ORIENTED_EDGE('',*,*,#19313,.T.);
#19313 = EDGE_CURVE('',#19127,#18961,#19314,.T.);
#19314 = LINE('',#19315,#19316);
#19315 = CARTESIAN_POINT('',(75.85593213877,-104.5,108.94228634059));
#19316 = VECTOR('',#19317,1.);
#19317 = DIRECTION('',(0.,0.,1.));
#19318 = ORIENTED_EDGE('',*,*,#18968,.F.);
#19319 = PLANE('',#19320);
#19320 = AXIS2_PLACEMENT_3D('',#19321,#19322,#19323);
#19321 = CARTESIAN_POINT('',(75.85593213877,-83.5,108.94228634059));
#19322 = DIRECTION('',(1.,0.,0.));
#19323 = DIRECTION('',(0.,0.,-1.));
#19324 = ADVANCED_FACE('',(#19325),#19336,.T.);
#19325 = FACE_BOUND('',#19326,.F.);
#19326 = EDGE_LOOP('',(#19327,#19328,#19329,#19335));
#19327 = ORIENTED_EDGE('',*,*,#19296,.F.);
#19328 = ORIENTED_EDGE('',*,*,#19118,.T.);
#19329 = ORIENTED_EDGE('',*,*,#19330,.T.);
#19330 = EDGE_CURVE('',#19119,#18953,#19331,.T.);
#19331 = LINE('',#19332,#19333);
#19332 = CARTESIAN_POINT('',(33.196626744487,-104.5,108.94228634059));
#19333 = VECTOR('',#19334,1.);
#19334 = DIRECTION('',(0.,0.,1.));
#19335 = ORIENTED_EDGE('',*,*,#18952,.F.);
#19336 = PLANE('',#19337);
#19337 = AXIS2_PLACEMENT_3D('',#19338,#19339,#19340);
#19338 = CARTESIAN_POINT('',(33.196626744487,-83.5,108.94228634059));
#19339 = DIRECTION('',(1.,0.,0.));
#19340 = DIRECTION('',(0.,0.,-1.));
#19341 = ADVANCED_FACE('',(#19342),#19348,.F.);
#19342 = FACE_BOUND('',#19343,.T.);
#19343 = EDGE_LOOP('',(#19344,#19345,#19346,#19347));
#19344 = ORIENTED_EDGE('',*,*,#19313,.F.);
#19345 = ORIENTED_EDGE('',*,*,#19126,.T.);
#19346 = ORIENTED_EDGE('',*,*,#19330,.T.);
#19347 = ORIENTED_EDGE('',*,*,#18960,.F.);
#19348 = PLANE('',#19349);
#19349 = AXIS2_PLACEMENT_3D('',#19350,#19351,#19352);
#19350 = CARTESIAN_POINT('',(33.196626744487,-104.5,108.94228634059));
#19351 = DIRECTION('',(-0.,-1.,-0.));
#19352 = DIRECTION('',(0.,0.,-1.));
#19353 = ADVANCED_FACE('',(#19354),#19362,.F.);
#19354 = FACE_BOUND('',#19355,.T.);
#19355 = EDGE_LOOP('',(#19356,#19357,#19358,#19359,#19360,#19361));
#19356 = ORIENTED_EDGE('',*,*,#19165,.T.);
#19357 = ORIENTED_EDGE('',*,*,#18916,.F.);
#19358 = ORIENTED_EDGE('',*,*,#18925,.F.);
#19359 = ORIENTED_EDGE('',*,*,#18982,.F.);
#19360 = ORIENTED_EDGE('',*,*,#19098,.T.);
#19361 = ORIENTED_EDGE('',*,*,#19089,.T.);
#19362 = CYLINDRICAL_SURFACE('',#19363,3.3);
#19363 = AXIS2_PLACEMENT_3D('',#19364,#19365,#19366);
#19364 = CARTESIAN_POINT('',(26.,-65.,108.94228634059));
#19365 = DIRECTION('',(0.,0.,1.));
#19366 = DIRECTION('',(1.,0.,0.));
#19367 = ADVANCED_FACE('',(#19368),#19376,.F.);
#19368 = FACE_BOUND('',#19369,.T.);
#19369 = EDGE_LOOP('',(#19370,#19371,#19372,#19373,#19374,#19375));
#19370 = ORIENTED_EDGE('',*,*,#19221,.T.);
#19371 = ORIENTED_EDGE('',*,*,#18874,.F.);
#19372 = ORIENTED_EDGE('',*,*,#18883,.F.);
#19373 = ORIENTED_EDGE('',*,*,#19204,.F.);
#19374 = ORIENTED_EDGE('',*,*,#19056,.T.);
#19375 = ORIENTED_EDGE('',*,*,#19047,.T.);
#19376 = CYLINDRICAL_SURFACE('',#19377,3.3);
#19377 = AXIS2_PLACEMENT_3D('',#19378,#19379,#19380);
#19378 = CARTESIAN_POINT('',(26.,-125.,108.94228634059));
#19379 = DIRECTION('',(0.,0.,1.));
#19380 = DIRECTION('',(1.,0.,0.));
#19381 = MANIFOLD_SOLID_BREP('',#19382);
#19382 = CLOSED_SHELL('',(#19383,#19423,#19454,#19489,#19513,#19541,
    #19553));
#19383 = ADVANCED_FACE('',(#19384),#19418,.F.);
#19384 = FACE_BOUND('',#19385,.T.);
#19385 = EDGE_LOOP('',(#19386,#19396,#19404,#19412));
#19386 = ORIENTED_EDGE('',*,*,#19387,.F.);
#19387 = EDGE_CURVE('',#19388,#19390,#19392,.T.);
#19388 = VERTEX_POINT('',#19389);
#19389 = CARTESIAN_POINT('',(2.,-55.,105.));
#19390 = VERTEX_POINT('',#19391);
#19391 = CARTESIAN_POINT('',(2.,-55.,109.94228634059));
#19392 = LINE('',#19393,#19394);
#19393 = CARTESIAN_POINT('',(2.,-55.,105.));
#19394 = VECTOR('',#19395,1.);
#19395 = DIRECTION('',(0.,0.,1.));
#19396 = ORIENTED_EDGE('',*,*,#19397,.T.);
#19397 = EDGE_CURVE('',#19388,#19398,#19400,.T.);
#19398 = VERTEX_POINT('',#19399);
#19399 = CARTESIAN_POINT('',(2.,-75.,105.));
#19400 = LINE('',#19401,#19402);
#19401 = CARTESIAN_POINT('',(2.,-55.,105.));
#19402 = VECTOR('',#19403,1.);
#19403 = DIRECTION('',(-0.,-1.,-0.));
#19404 = ORIENTED_EDGE('',*,*,#19405,.T.);
#19405 = EDGE_CURVE('',#19398,#19406,#19408,.T.);
#19406 = VERTEX_POINT('',#19407);
#19407 = CARTESIAN_POINT('',(2.,-75.,109.94228634059));
#19408 = LINE('',#19409,#19410);
#19409 = CARTESIAN_POINT('',(2.,-75.,105.));
#19410 = VECTOR('',#19411,1.);
#19411 = DIRECTION('',(0.,0.,1.));
#19412 = ORIENTED_EDGE('',*,*,#19413,.F.);
#19413 = EDGE_CURVE('',#19390,#19406,#19414,.T.);
#19414 = LINE('',#19415,#19416);
#19415 = CARTESIAN_POINT('',(2.,-55.,109.94228634059));
#19416 = VECTOR('',#19417,1.);
#19417 = DIRECTION('',(-0.,-1.,-0.));
#19418 = PLANE('',#19419);
#19419 = AXIS2_PLACEMENT_3D('',#19420,#19421,#19422);
#19420 = CARTESIAN_POINT('',(2.,-55.,105.));
#19421 = DIRECTION('',(1.,0.,0.));
#19422 = DIRECTION('',(0.,0.,-1.));
#19423 = ADVANCED_FACE('',(#19424),#19449,.F.);
#19424 = FACE_BOUND('',#19425,.T.);
#19425 = EDGE_LOOP('',(#19426,#19434,#19435,#19443));
#19426 = ORIENTED_EDGE('',*,*,#19427,.F.);
#19427 = EDGE_CURVE('',#19388,#19428,#19430,.T.);
#19428 = VERTEX_POINT('',#19429);
#19429 = CARTESIAN_POINT('',(30.,-55.,105.));
#19430 = LINE('',#19431,#19432);
#19431 = CARTESIAN_POINT('',(2.,-55.,105.));
#19432 = VECTOR('',#19433,1.);
#19433 = DIRECTION('',(1.,0.,0.));
#19434 = ORIENTED_EDGE('',*,*,#19387,.T.);
#19435 = ORIENTED_EDGE('',*,*,#19436,.T.);
#19436 = EDGE_CURVE('',#19390,#19437,#19439,.T.);
#19437 = VERTEX_POINT('',#19438);
#19438 = CARTESIAN_POINT('',(30.,-55.,109.94228634059));
#19439 = LINE('',#19440,#19441);
#19440 = CARTESIAN_POINT('',(2.,-55.,109.94228634059));
#19441 = VECTOR('',#19442,1.);
#19442 = DIRECTION('',(1.,0.,0.));
#19443 = ORIENTED_EDGE('',*,*,#19444,.F.);
#19444 = EDGE_CURVE('',#19428,#19437,#19445,.T.);
#19445 = LINE('',#19446,#19447);
#19446 = CARTESIAN_POINT('',(30.,-55.,105.));
#19447 = VECTOR('',#19448,1.);
#19448 = DIRECTION('',(0.,0.,1.));
#19449 = PLANE('',#19450);
#19450 = AXIS2_PLACEMENT_3D('',#19451,#19452,#19453);
#19451 = CARTESIAN_POINT('',(2.,-55.,105.));
#19452 = DIRECTION('',(-0.,-1.,-0.));
#19453 = DIRECTION('',(0.,0.,-1.));
#19454 = ADVANCED_FACE('',(#19455,#19473),#19484,.T.);
#19455 = FACE_BOUND('',#19456,.F.);
#19456 = EDGE_LOOP('',(#19457,#19458,#19459,#19467));
#19457 = ORIENTED_EDGE('',*,*,#19413,.F.);
#19458 = ORIENTED_EDGE('',*,*,#19436,.T.);
#19459 = ORIENTED_EDGE('',*,*,#19460,.T.);
#19460 = EDGE_CURVE('',#19437,#19461,#19463,.T.);
#19461 = VERTEX_POINT('',#19462);
#19462 = CARTESIAN_POINT('',(30.,-75.,109.94228634059));
#19463 = LINE('',#19464,#19465);
#19464 = CARTESIAN_POINT('',(30.,-55.,109.94228634059));
#19465 = VECTOR('',#19466,1.);
#19466 = DIRECTION('',(-0.,-1.,-0.));
#19467 = ORIENTED_EDGE('',*,*,#19468,.F.);
#19468 = EDGE_CURVE('',#19406,#19461,#19469,.T.);
#19469 = LINE('',#19470,#19471);
#19470 = CARTESIAN_POINT('',(2.,-75.,109.94228634059));
#19471 = VECTOR('',#19472,1.);
#19472 = DIRECTION('',(1.,0.,0.));
#19473 = FACE_BOUND('',#19474,.F.);
#19474 = EDGE_LOOP('',(#19475));
#19475 = ORIENTED_EDGE('',*,*,#19476,.F.);
#19476 = EDGE_CURVE('',#19477,#19477,#19479,.T.);
#19477 = VERTEX_POINT('',#19478);
#19478 = CARTESIAN_POINT('',(19.3,-65.,109.94228634059));
#19479 = CIRCLE('',#19480,3.3);
#19480 = AXIS2_PLACEMENT_3D('',#19481,#19482,#19483);
#19481 = CARTESIAN_POINT('',(16.,-65.,109.94228634059));
#19482 = DIRECTION('',(0.,0.,-1.));
#19483 = DIRECTION('',(1.,0.,0.));
#19484 = PLANE('',#19485);
#19485 = AXIS2_PLACEMENT_3D('',#19486,#19487,#19488);
#19486 = CARTESIAN_POINT('',(2.,-55.,109.94228634059));
#19487 = DIRECTION('',(0.,0.,1.));
#19488 = DIRECTION('',(-1.,0.,0.));
#19489 = ADVANCED_FACE('',(#19490),#19508,.T.);
#19490 = FACE_BOUND('',#19491,.F.);
#19491 = EDGE_LOOP('',(#19492,#19500,#19501,#19502));
#19492 = ORIENTED_EDGE('',*,*,#19493,.F.);
#19493 = EDGE_CURVE('',#19398,#19494,#19496,.T.);
#19494 = VERTEX_POINT('',#19495);
#19495 = CARTESIAN_POINT('',(30.,-75.,105.));
#19496 = LINE('',#19497,#19498);
#19497 = CARTESIAN_POINT('',(2.,-75.,105.));
#19498 = VECTOR('',#19499,1.);
#19499 = DIRECTION('',(1.,0.,0.));
#19500 = ORIENTED_EDGE('',*,*,#19405,.T.);
#19501 = ORIENTED_EDGE('',*,*,#19468,.T.);
#19502 = ORIENTED_EDGE('',*,*,#19503,.F.);
#19503 = EDGE_CURVE('',#19494,#19461,#19504,.T.);
#19504 = LINE('',#19505,#19506);
#19505 = CARTESIAN_POINT('',(30.,-75.,105.));
#19506 = VECTOR('',#19507,1.);
#19507 = DIRECTION('',(0.,0.,1.));
#19508 = PLANE('',#19509);
#19509 = AXIS2_PLACEMENT_3D('',#19510,#19511,#19512);
#19510 = CARTESIAN_POINT('',(2.,-75.,105.));
#19511 = DIRECTION('',(-0.,-1.,-0.));
#19512 = DIRECTION('',(0.,0.,-1.));
#19513 = ADVANCED_FACE('',(#19514,#19525),#19536,.F.);
#19514 = FACE_BOUND('',#19515,.T.);
#19515 = EDGE_LOOP('',(#19516,#19517,#19518,#19524));
#19516 = ORIENTED_EDGE('',*,*,#19397,.F.);
#19517 = ORIENTED_EDGE('',*,*,#19427,.T.);
#19518 = ORIENTED_EDGE('',*,*,#19519,.T.);
#19519 = EDGE_CURVE('',#19428,#19494,#19520,.T.);
#19520 = LINE('',#19521,#19522);
#19521 = CARTESIAN_POINT('',(30.,-55.,105.));
#19522 = VECTOR('',#19523,1.);
#19523 = DIRECTION('',(-0.,-1.,-0.));
#19524 = ORIENTED_EDGE('',*,*,#19493,.F.);
#19525 = FACE_BOUND('',#19526,.T.);
#19526 = EDGE_LOOP('',(#19527));
#19527 = ORIENTED_EDGE('',*,*,#19528,.F.);
#19528 = EDGE_CURVE('',#19529,#19529,#19531,.T.);
#19529 = VERTEX_POINT('',#19530);
#19530 = CARTESIAN_POINT('',(19.3,-65.,105.));
#19531 = CIRCLE('',#19532,3.3);
#19532 = AXIS2_PLACEMENT_3D('',#19533,#19534,#19535);
#19533 = CARTESIAN_POINT('',(16.,-65.,105.));
#19534 = DIRECTION('',(0.,0.,-1.));
#19535 = DIRECTION('',(1.,0.,0.));
#19536 = PLANE('',#19537);
#19537 = AXIS2_PLACEMENT_3D('',#19538,#19539,#19540);
#19538 = CARTESIAN_POINT('',(2.,-55.,105.));
#19539 = DIRECTION('',(0.,0.,1.));
#19540 = DIRECTION('',(-1.,0.,0.));
#19541 = ADVANCED_FACE('',(#19542),#19548,.T.);
#19542 = FACE_BOUND('',#19543,.F.);
#19543 = EDGE_LOOP('',(#19544,#19545,#19546,#19547));
#19544 = ORIENTED_EDGE('',*,*,#19444,.F.);
#19545 = ORIENTED_EDGE('',*,*,#19519,.T.);
#19546 = ORIENTED_EDGE('',*,*,#19503,.T.);
#19547 = ORIENTED_EDGE('',*,*,#19460,.F.);
#19548 = PLANE('',#19549);
#19549 = AXIS2_PLACEMENT_3D('',#19550,#19551,#19552);
#19550 = CARTESIAN_POINT('',(30.,-55.,105.));
#19551 = DIRECTION('',(1.,0.,0.));
#19552 = DIRECTION('',(0.,0.,-1.));
#19553 = ADVANCED_FACE('',(#19554),#19565,.F.);
#19554 = FACE_BOUND('',#19555,.T.);
#19555 = EDGE_LOOP('',(#19556,#19557,#19563,#19564));
#19556 = ORIENTED_EDGE('',*,*,#19476,.F.);
#19557 = ORIENTED_EDGE('',*,*,#19558,.F.);
#19558 = EDGE_CURVE('',#19529,#19477,#19559,.T.);
#19559 = LINE('',#19560,#19561);
#19560 = CARTESIAN_POINT('',(19.3,-65.,104.));
#19561 = VECTOR('',#19562,1.);
#19562 = DIRECTION('',(0.,0.,1.));
#19563 = ORIENTED_EDGE('',*,*,#19528,.T.);
#19564 = ORIENTED_EDGE('',*,*,#19558,.T.);
#19565 = CYLINDRICAL_SURFACE('',#19566,3.3);
#19566 = AXIS2_PLACEMENT_3D('',#19567,#19568,#19569);
#19567 = CARTESIAN_POINT('',(16.,-65.,104.));
#19568 = DIRECTION('',(0.,0.,1.));
#19569 = DIRECTION('',(1.,0.,0.));
#19570 = MANIFOLD_SOLID_BREP('',#19571);
#19571 = CLOSED_SHELL('',(#19572,#19612,#19643,#19678,#19702,#19730,
    #19742));
#19572 = ADVANCED_FACE('',(#19573),#19607,.F.);
#19573 = FACE_BOUND('',#19574,.T.);
#19574 = EDGE_LOOP('',(#19575,#19585,#19593,#19601));
#19575 = ORIENTED_EDGE('',*,*,#19576,.F.);
#19576 = EDGE_CURVE('',#19577,#19579,#19581,.T.);
#19577 = VERTEX_POINT('',#19578);
#19578 = CARTESIAN_POINT('',(2.,-115.,105.));
#19579 = VERTEX_POINT('',#19580);
#19580 = CARTESIAN_POINT('',(2.,-115.,109.94228634059));
#19581 = LINE('',#19582,#19583);
#19582 = CARTESIAN_POINT('',(2.,-115.,105.));
#19583 = VECTOR('',#19584,1.);
#19584 = DIRECTION('',(0.,0.,1.));
#19585 = ORIENTED_EDGE('',*,*,#19586,.T.);
#19586 = EDGE_CURVE('',#19577,#19587,#19589,.T.);
#19587 = VERTEX_POINT('',#19588);
#19588 = CARTESIAN_POINT('',(2.,-135.,105.));
#19589 = LINE('',#19590,#19591);
#19590 = CARTESIAN_POINT('',(2.,-115.,105.));
#19591 = VECTOR('',#19592,1.);
#19592 = DIRECTION('',(-0.,-1.,-0.));
#19593 = ORIENTED_EDGE('',*,*,#19594,.T.);
#19594 = EDGE_CURVE('',#19587,#19595,#19597,.T.);
#19595 = VERTEX_POINT('',#19596);
#19596 = CARTESIAN_POINT('',(2.,-135.,109.94228634059));
#19597 = LINE('',#19598,#19599);
#19598 = CARTESIAN_POINT('',(2.,-135.,105.));
#19599 = VECTOR('',#19600,1.);
#19600 = DIRECTION('',(0.,0.,1.));
#19601 = ORIENTED_EDGE('',*,*,#19602,.F.);
#19602 = EDGE_CURVE('',#19579,#19595,#19603,.T.);
#19603 = LINE('',#19604,#19605);
#19604 = CARTESIAN_POINT('',(2.,-115.,109.94228634059));
#19605 = VECTOR('',#19606,1.);
#19606 = DIRECTION('',(-0.,-1.,-0.));
#19607 = PLANE('',#19608);
#19608 = AXIS2_PLACEMENT_3D('',#19609,#19610,#19611);
#19609 = CARTESIAN_POINT('',(2.,-115.,105.));
#19610 = DIRECTION('',(1.,0.,0.));
#19611 = DIRECTION('',(0.,0.,-1.));
#19612 = ADVANCED_FACE('',(#19613),#19638,.F.);
#19613 = FACE_BOUND('',#19614,.T.);
#19614 = EDGE_LOOP('',(#19615,#19623,#19624,#19632));
#19615 = ORIENTED_EDGE('',*,*,#19616,.F.);
#19616 = EDGE_CURVE('',#19577,#19617,#19619,.T.);
#19617 = VERTEX_POINT('',#19618);
#19618 = CARTESIAN_POINT('',(30.,-115.,105.));
#19619 = LINE('',#19620,#19621);
#19620 = CARTESIAN_POINT('',(2.,-115.,105.));
#19621 = VECTOR('',#19622,1.);
#19622 = DIRECTION('',(1.,0.,0.));
#19623 = ORIENTED_EDGE('',*,*,#19576,.T.);
#19624 = ORIENTED_EDGE('',*,*,#19625,.T.);
#19625 = EDGE_CURVE('',#19579,#19626,#19628,.T.);
#19626 = VERTEX_POINT('',#19627);
#19627 = CARTESIAN_POINT('',(30.,-115.,109.94228634059));
#19628 = LINE('',#19629,#19630);
#19629 = CARTESIAN_POINT('',(2.,-115.,109.94228634059));
#19630 = VECTOR('',#19631,1.);
#19631 = DIRECTION('',(1.,0.,0.));
#19632 = ORIENTED_EDGE('',*,*,#19633,.F.);
#19633 = EDGE_CURVE('',#19617,#19626,#19634,.T.);
#19634 = LINE('',#19635,#19636);
#19635 = CARTESIAN_POINT('',(30.,-115.,105.));
#19636 = VECTOR('',#19637,1.);
#19637 = DIRECTION('',(0.,0.,1.));
#19638 = PLANE('',#19639);
#19639 = AXIS2_PLACEMENT_3D('',#19640,#19641,#19642);
#19640 = CARTESIAN_POINT('',(2.,-115.,105.));
#19641 = DIRECTION('',(-0.,-1.,-0.));
#19642 = DIRECTION('',(0.,0.,-1.));
#19643 = ADVANCED_FACE('',(#19644,#19662),#19673,.T.);
#19644 = FACE_BOUND('',#19645,.F.);
#19645 = EDGE_LOOP('',(#19646,#19647,#19648,#19656));
#19646 = ORIENTED_EDGE('',*,*,#19602,.F.);
#19647 = ORIENTED_EDGE('',*,*,#19625,.T.);
#19648 = ORIENTED_EDGE('',*,*,#19649,.T.);
#19649 = EDGE_CURVE('',#19626,#19650,#19652,.T.);
#19650 = VERTEX_POINT('',#19651);
#19651 = CARTESIAN_POINT('',(30.,-135.,109.94228634059));
#19652 = LINE('',#19653,#19654);
#19653 = CARTESIAN_POINT('',(30.,-115.,109.94228634059));
#19654 = VECTOR('',#19655,1.);
#19655 = DIRECTION('',(-0.,-1.,-0.));
#19656 = ORIENTED_EDGE('',*,*,#19657,.F.);
#19657 = EDGE_CURVE('',#19595,#19650,#19658,.T.);
#19658 = LINE('',#19659,#19660);
#19659 = CARTESIAN_POINT('',(2.,-135.,109.94228634059));
#19660 = VECTOR('',#19661,1.);
#19661 = DIRECTION('',(1.,0.,0.));
#19662 = FACE_BOUND('',#19663,.F.);
#19663 = EDGE_LOOP('',(#19664));
#19664 = ORIENTED_EDGE('',*,*,#19665,.F.);
#19665 = EDGE_CURVE('',#19666,#19666,#19668,.T.);
#19666 = VERTEX_POINT('',#19667);
#19667 = CARTESIAN_POINT('',(19.3,-125.,109.94228634059));
#19668 = CIRCLE('',#19669,3.3);
#19669 = AXIS2_PLACEMENT_3D('',#19670,#19671,#19672);
#19670 = CARTESIAN_POINT('',(16.,-125.,109.94228634059));
#19671 = DIRECTION('',(0.,0.,-1.));
#19672 = DIRECTION('',(1.,0.,0.));
#19673 = PLANE('',#19674);
#19674 = AXIS2_PLACEMENT_3D('',#19675,#19676,#19677);
#19675 = CARTESIAN_POINT('',(2.,-115.,109.94228634059));
#19676 = DIRECTION('',(0.,0.,1.));
#19677 = DIRECTION('',(-1.,0.,0.));
#19678 = ADVANCED_FACE('',(#19679),#19697,.T.);
#19679 = FACE_BOUND('',#19680,.F.);
#19680 = EDGE_LOOP('',(#19681,#19689,#19690,#19691));
#19681 = ORIENTED_EDGE('',*,*,#19682,.F.);
#19682 = EDGE_CURVE('',#19587,#19683,#19685,.T.);
#19683 = VERTEX_POINT('',#19684);
#19684 = CARTESIAN_POINT('',(30.,-135.,105.));
#19685 = LINE('',#19686,#19687);
#19686 = CARTESIAN_POINT('',(2.,-135.,105.));
#19687 = VECTOR('',#19688,1.);
#19688 = DIRECTION('',(1.,0.,0.));
#19689 = ORIENTED_EDGE('',*,*,#19594,.T.);
#19690 = ORIENTED_EDGE('',*,*,#19657,.T.);
#19691 = ORIENTED_EDGE('',*,*,#19692,.F.);
#19692 = EDGE_CURVE('',#19683,#19650,#19693,.T.);
#19693 = LINE('',#19694,#19695);
#19694 = CARTESIAN_POINT('',(30.,-135.,105.));
#19695 = VECTOR('',#19696,1.);
#19696 = DIRECTION('',(0.,0.,1.));
#19697 = PLANE('',#19698);
#19698 = AXIS2_PLACEMENT_3D('',#19699,#19700,#19701);
#19699 = CARTESIAN_POINT('',(2.,-135.,105.));
#19700 = DIRECTION('',(-0.,-1.,-0.));
#19701 = DIRECTION('',(0.,0.,-1.));
#19702 = ADVANCED_FACE('',(#19703,#19714),#19725,.F.);
#19703 = FACE_BOUND('',#19704,.T.);
#19704 = EDGE_LOOP('',(#19705,#19706,#19707,#19713));
#19705 = ORIENTED_EDGE('',*,*,#19586,.F.);
#19706 = ORIENTED_EDGE('',*,*,#19616,.T.);
#19707 = ORIENTED_EDGE('',*,*,#19708,.T.);
#19708 = EDGE_CURVE('',#19617,#19683,#19709,.T.);
#19709 = LINE('',#19710,#19711);
#19710 = CARTESIAN_POINT('',(30.,-115.,105.));
#19711 = VECTOR('',#19712,1.);
#19712 = DIRECTION('',(-0.,-1.,-0.));
#19713 = ORIENTED_EDGE('',*,*,#19682,.F.);
#19714 = FACE_BOUND('',#19715,.T.);
#19715 = EDGE_LOOP('',(#19716));
#19716 = ORIENTED_EDGE('',*,*,#19717,.F.);
#19717 = EDGE_CURVE('',#19718,#19718,#19720,.T.);
#19718 = VERTEX_POINT('',#19719);
#19719 = CARTESIAN_POINT('',(19.3,-125.,105.));
#19720 = CIRCLE('',#19721,3.3);
#19721 = AXIS2_PLACEMENT_3D('',#19722,#19723,#19724);
#19722 = CARTESIAN_POINT('',(16.,-125.,105.));
#19723 = DIRECTION('',(0.,0.,-1.));
#19724 = DIRECTION('',(1.,0.,0.));
#19725 = PLANE('',#19726);
#19726 = AXIS2_PLACEMENT_3D('',#19727,#19728,#19729);
#19727 = CARTESIAN_POINT('',(2.,-115.,105.));
#19728 = DIRECTION('',(0.,0.,1.));
#19729 = DIRECTION('',(-1.,0.,0.));
#19730 = ADVANCED_FACE('',(#19731),#19737,.T.);
#19731 = FACE_BOUND('',#19732,.F.);
#19732 = EDGE_LOOP('',(#19733,#19734,#19735,#19736));
#19733 = ORIENTED_EDGE('',*,*,#19633,.F.);
#19734 = ORIENTED_EDGE('',*,*,#19708,.T.);
#19735 = ORIENTED_EDGE('',*,*,#19692,.T.);
#19736 = ORIENTED_EDGE('',*,*,#19649,.F.);
#19737 = PLANE('',#19738);
#19738 = AXIS2_PLACEMENT_3D('',#19739,#19740,#19741);
#19739 = CARTESIAN_POINT('',(30.,-115.,105.));
#19740 = DIRECTION('',(1.,0.,0.));
#19741 = DIRECTION('',(0.,0.,-1.));
#19742 = ADVANCED_FACE('',(#19743),#19754,.F.);
#19743 = FACE_BOUND('',#19744,.T.);
#19744 = EDGE_LOOP('',(#19745,#19746,#19752,#19753));
#19745 = ORIENTED_EDGE('',*,*,#19665,.F.);
#19746 = ORIENTED_EDGE('',*,*,#19747,.F.);
#19747 = EDGE_CURVE('',#19718,#19666,#19748,.T.);
#19748 = LINE('',#19749,#19750);
#19749 = CARTESIAN_POINT('',(19.3,-125.,104.));
#19750 = VECTOR('',#19751,1.);
#19751 = DIRECTION('',(0.,0.,1.));
#19752 = ORIENTED_EDGE('',*,*,#19717,.T.);
#19753 = ORIENTED_EDGE('',*,*,#19747,.T.);
#19754 = CYLINDRICAL_SURFACE('',#19755,3.3);
#19755 = AXIS2_PLACEMENT_3D('',#19756,#19757,#19758);
#19756 = CARTESIAN_POINT('',(16.,-125.,104.));
#19757 = DIRECTION('',(0.,0.,1.));
#19758 = DIRECTION('',(1.,0.,0.));
#19759 = MANIFOLD_SOLID_BREP('',#19760);
#19760 = CLOSED_SHELL('',(#19761,#19801,#19832,#19907,#19938,#19963,
    #19988,#20013,#20038,#20064,#20100,#20117));
#19761 = ADVANCED_FACE('',(#19762),#19796,.T.);
#19762 = FACE_BOUND('',#19763,.F.);
#19763 = EDGE_LOOP('',(#19764,#19774,#19782,#19790));
#19764 = ORIENTED_EDGE('',*,*,#19765,.F.);
#19765 = EDGE_CURVE('',#19766,#19768,#19770,.T.);
#19766 = VERTEX_POINT('',#19767);
#19767 = CARTESIAN_POINT('',(14.,-24.,115.94228634059));
#19768 = VERTEX_POINT('',#19769);
#19769 = CARTESIAN_POINT('',(14.,-32.,115.94228634059));
#19770 = LINE('',#19771,#19772);
#19771 = CARTESIAN_POINT('',(14.,-24.,115.94228634059));
#19772 = VECTOR('',#19773,1.);
#19773 = DIRECTION('',(-0.,-1.,-0.));
#19774 = ORIENTED_EDGE('',*,*,#19775,.T.);
#19775 = EDGE_CURVE('',#19766,#19776,#19778,.T.);
#19776 = VERTEX_POINT('',#19777);
#19777 = CARTESIAN_POINT('',(62.,-24.,115.94228634059));
#19778 = LINE('',#19779,#19780);
#19779 = CARTESIAN_POINT('',(14.,-24.,115.94228634059));
#19780 = VECTOR('',#19781,1.);
#19781 = DIRECTION('',(1.,0.,0.));
#19782 = ORIENTED_EDGE('',*,*,#19783,.T.);
#19783 = EDGE_CURVE('',#19776,#19784,#19786,.T.);
#19784 = VERTEX_POINT('',#19785);
#19785 = CARTESIAN_POINT('',(62.,-32.,115.94228634059));
#19786 = LINE('',#19787,#19788);
#19787 = CARTESIAN_POINT('',(62.,-24.,115.94228634059));
#19788 = VECTOR('',#19789,1.);
#19789 = DIRECTION('',(-0.,-1.,-0.));
#19790 = ORIENTED_EDGE('',*,*,#19791,.F.);
#19791 = EDGE_CURVE('',#19768,#19784,#19792,.T.);
#19792 = LINE('',#19793,#19794);
#19793 = CARTESIAN_POINT('',(14.,-32.,115.94228634059));
#19794 = VECTOR('',#19795,1.);
#19795 = DIRECTION('',(1.,0.,0.));
#19796 = PLANE('',#19797);
#19797 = AXIS2_PLACEMENT_3D('',#19798,#19799,#19800);
#19798 = CARTESIAN_POINT('',(14.,-24.,115.94228634059));
#19799 = DIRECTION('',(0.,0.,1.));
#19800 = DIRECTION('',(-1.,0.,0.));
#19801 = ADVANCED_FACE('',(#19802),#19827,.F.);
#19802 = FACE_BOUND('',#19803,.T.);
#19803 = EDGE_LOOP('',(#19804,#19814,#19820,#19821));
#19804 = ORIENTED_EDGE('',*,*,#19805,.F.);
#19805 = EDGE_CURVE('',#19806,#19808,#19810,.T.);
#19806 = VERTEX_POINT('',#19807);
#19807 = CARTESIAN_POINT('',(14.,-24.,112.94228634059));
#19808 = VERTEX_POINT('',#19809);
#19809 = CARTESIAN_POINT('',(62.,-24.,112.94228634059));
#19810 = LINE('',#19811,#19812);
#19811 = CARTESIAN_POINT('',(14.,-24.,112.94228634059));
#19812 = VECTOR('',#19813,1.);
#19813 = DIRECTION('',(1.,0.,0.));
#19814 = ORIENTED_EDGE('',*,*,#19815,.T.);
#19815 = EDGE_CURVE('',#19806,#19766,#19816,.T.);
#19816 = LINE('',#19817,#19818);
#19817 = CARTESIAN_POINT('',(14.,-24.,112.94228634059));
#19818 = VECTOR('',#19819,1.);
#19819 = DIRECTION('',(0.,0.,1.));
#19820 = ORIENTED_EDGE('',*,*,#19775,.T.);
#19821 = ORIENTED_EDGE('',*,*,#19822,.F.);
#19822 = EDGE_CURVE('',#19808,#19776,#19823,.T.);
#19823 = LINE('',#19824,#19825);
#19824 = CARTESIAN_POINT('',(62.,-24.,112.94228634059));
#19825 = VECTOR('',#19826,1.);
#19826 = DIRECTION('',(0.,0.,1.));
#19827 = PLANE('',#19828);
#19828 = AXIS2_PLACEMENT_3D('',#19829,#19830,#19831);
#19829 = CARTESIAN_POINT('',(14.,-24.,112.94228634059));
#19830 = DIRECTION('',(-0.,-1.,-0.));
#19831 = DIRECTION('',(0.,0.,-1.));
#19832 = ADVANCED_FACE('',(#19833,#19858,#19869,#19880,#19891),#19902,
  .F.);
#19833 = FACE_BOUND('',#19834,.T.);
#19834 = EDGE_LOOP('',(#19835,#19836,#19844,#19852));
#19835 = ORIENTED_EDGE('',*,*,#19791,.F.);
#19836 = ORIENTED_EDGE('',*,*,#19837,.T.);
#19837 = EDGE_CURVE('',#19768,#19838,#19840,.T.);
#19838 = VERTEX_POINT('',#19839);
#19839 = CARTESIAN_POINT('',(14.,-32.,148.94228634059));
#19840 = LINE('',#19841,#19842);
#19841 = CARTESIAN_POINT('',(14.,-32.,112.94228634059));
#19842 = VECTOR('',#19843,1.);
#19843 = DIRECTION('',(0.,0.,1.));
#19844 = ORIENTED_EDGE('',*,*,#19845,.T.);
#19845 = EDGE_CURVE('',#19838,#19846,#19848,.T.);
#19846 = VERTEX_POINT('',#19847);
#19847 = CARTESIAN_POINT('',(62.,-32.,148.94228634059));
#19848 = LINE('',#19849,#19850);
#19849 = CARTESIAN_POINT('',(14.,-32.,148.94228634059));
#19850 = VECTOR('',#19851,1.);
#19851 = DIRECTION('',(1.,0.,0.));
#19852 = ORIENTED_EDGE('',*,*,#19853,.F.);
#19853 = EDGE_CURVE('',#19784,#19846,#19854,.T.);
#19854 = LINE('',#19855,#19856);
#19855 = CARTESIAN_POINT('',(62.,-32.,112.94228634059));
#19856 = VECTOR('',#19857,1.);
#19857 = DIRECTION('',(0.,0.,1.));
#19858 = FACE_BOUND('',#19859,.T.);
#19859 = EDGE_LOOP('',(#19860));
#19860 = ORIENTED_EDGE('',*,*,#19861,.F.);
#19861 = EDGE_CURVE('',#19862,#19862,#19864,.T.);
#19862 = VERTEX_POINT('',#19863);
#19863 = CARTESIAN_POINT('',(24.576606241341,-32.,121.84228634059));
#19864 = CIRCLE('',#19865,1.65);
#19865 = AXIS2_PLACEMENT_3D('',#19866,#19867,#19868);
#19866 = CARTESIAN_POINT('',(24.576606241341,-32.,120.19228634059));
#19867 = DIRECTION('',(0.,1.,0.));
#19868 = DIRECTION('',(0.,0.,1.));
#19869 = FACE_BOUND('',#19870,.T.);
#19870 = EDGE_LOOP('',(#19871));
#19871 = ORIENTED_EDGE('',*,*,#19872,.F.);
#19872 = EDGE_CURVE('',#19873,#19873,#19875,.T.);
#19873 = VERTEX_POINT('',#19874);
#19874 = CARTESIAN_POINT('',(45.,-32.,134.24228634059));
#19875 = CIRCLE('',#19876,6.3);
#19876 = AXIS2_PLACEMENT_3D('',#19877,#19878,#19879);
#19877 = CARTESIAN_POINT('',(45.,-32.,127.94228634059));
#19878 = DIRECTION('',(0.,1.,0.));
#19879 = DIRECTION('',(0.,0.,1.));
#19880 = FACE_BOUND('',#19881,.T.);
#19881 = EDGE_LOOP('',(#19882));
#19882 = ORIENTED_EDGE('',*,*,#19883,.F.);
#19883 = EDGE_CURVE('',#19884,#19884,#19886,.T.);
#19884 = VERTEX_POINT('',#19885);
#19885 = CARTESIAN_POINT('',(51.423393758659,-32.,121.84228634059));
#19886 = CIRCLE('',#19887,1.65);
#19887 = AXIS2_PLACEMENT_3D('',#19888,#19889,#19890);
#19888 = CARTESIAN_POINT('',(51.423393758659,-32.,120.19228634059));
#19889 = DIRECTION('',(0.,1.,0.));
#19890 = DIRECTION('',(0.,0.,1.));
#19891 = FACE_BOUND('',#19892,.T.);
#19892 = EDGE_LOOP('',(#19893));
#19893 = ORIENTED_EDGE('',*,*,#19894,.F.);
#19894 = EDGE_CURVE('',#19895,#19895,#19897,.T.);
#19895 = VERTEX_POINT('',#19896);
#19896 = CARTESIAN_POINT('',(38.,-32.,145.09228634059));
#19897 = CIRCLE('',#19898,1.65);
#19898 = AXIS2_PLACEMENT_3D('',#19899,#19900,#19901);
#19899 = CARTESIAN_POINT('',(38.,-32.,143.44228634059));
#19900 = DIRECTION('',(0.,1.,0.));
#19901 = DIRECTION('',(0.,0.,1.));
#19902 = PLANE('',#19903);
#19903 = AXIS2_PLACEMENT_3D('',#19904,#19905,#19906);
#19904 = CARTESIAN_POINT('',(14.,-32.,112.94228634059));
#19905 = DIRECTION('',(-0.,-1.,-0.));
#19906 = DIRECTION('',(0.,0.,-1.));
#19907 = ADVANCED_FACE('',(#19908),#19933,.T.);
#19908 = FACE_BOUND('',#19909,.F.);
#19909 = EDGE_LOOP('',(#19910,#19918,#19919,#19927));
#19910 = ORIENTED_EDGE('',*,*,#19911,.F.);
#19911 = EDGE_CURVE('',#19838,#19912,#19914,.T.);
#19912 = VERTEX_POINT('',#19913);
#19913 = CARTESIAN_POINT('',(14.,-35.,148.94228634059));
#19914 = LINE('',#19915,#19916);
#19915 = CARTESIAN_POINT('',(14.,-32.,148.94228634059));
#19916 = VECTOR('',#19917,1.);
#19917 = DIRECTION('',(-0.,-1.,-0.));
#19918 = ORIENTED_EDGE('',*,*,#19845,.T.);
#19919 = ORIENTED_EDGE('',*,*,#19920,.T.);
#19920 = EDGE_CURVE('',#19846,#19921,#19923,.T.);
#19921 = VERTEX_POINT('',#19922);
#19922 = CARTESIAN_POINT('',(62.,-35.,148.94228634059));
#19923 = LINE('',#19924,#19925);
#19924 = CARTESIAN_POINT('',(62.,-32.,148.94228634059));
#19925 = VECTOR('',#19926,1.);
#19926 = DIRECTION('',(-0.,-1.,-0.));
#19927 = ORIENTED_EDGE('',*,*,#19928,.F.);
#19928 = EDGE_CURVE('',#19912,#19921,#19929,.T.);
#19929 = LINE('',#19930,#19931);
#19930 = CARTESIAN_POINT('',(14.,-35.,148.94228634059));
#19931 = VECTOR('',#19932,1.);
#19932 = DIRECTION('',(1.,0.,0.));
#19933 = PLANE('',#19934);
#19934 = AXIS2_PLACEMENT_3D('',#19935,#19936,#19937);
#19935 = CARTESIAN_POINT('',(14.,-32.,148.94228634059));
#19936 = DIRECTION('',(0.,0.,1.));
#19937 = DIRECTION('',(-1.,0.,0.));
#19938 = ADVANCED_FACE('',(#19939),#19958,.F.);
#19939 = FACE_BOUND('',#19940,.T.);
#19940 = EDGE_LOOP('',(#19941,#19950,#19956,#19957));
#19941 = ORIENTED_EDGE('',*,*,#19942,.F.);
#19942 = EDGE_CURVE('',#19943,#19943,#19945,.T.);
#19943 = VERTEX_POINT('',#19944);
#19944 = CARTESIAN_POINT('',(24.576606241341,-35.,121.84228634059));
#19945 = CIRCLE('',#19946,1.65);
#19946 = AXIS2_PLACEMENT_3D('',#19947,#19948,#19949);
#19947 = CARTESIAN_POINT('',(24.576606241341,-35.,120.19228634059));
#19948 = DIRECTION('',(0.,1.,0.));
#19949 = DIRECTION('',(0.,0.,1.));
#19950 = ORIENTED_EDGE('',*,*,#19951,.F.);
#19951 = EDGE_CURVE('',#19862,#19943,#19952,.T.);
#19952 = LINE('',#19953,#19954);
#19953 = CARTESIAN_POINT('',(24.576606241341,-31.,121.84228634059));
#19954 = VECTOR('',#19955,1.);
#19955 = DIRECTION('',(-0.,-1.,-0.));
#19956 = ORIENTED_EDGE('',*,*,#19861,.T.);
#19957 = ORIENTED_EDGE('',*,*,#19951,.T.);
#19958 = CYLINDRICAL_SURFACE('',#19959,1.65);
#19959 = AXIS2_PLACEMENT_3D('',#19960,#19961,#19962);
#19960 = CARTESIAN_POINT('',(24.576606241341,-31.,120.19228634059));
#19961 = DIRECTION('',(-0.,-1.,-0.));
#19962 = DIRECTION('',(0.,0.,1.));
#19963 = ADVANCED_FACE('',(#19964),#19983,.F.);
#19964 = FACE_BOUND('',#19965,.T.);
#19965 = EDGE_LOOP('',(#19966,#19975,#19981,#19982));
#19966 = ORIENTED_EDGE('',*,*,#19967,.F.);
#19967 = EDGE_CURVE('',#19968,#19968,#19970,.T.);
#19968 = VERTEX_POINT('',#19969);
#19969 = CARTESIAN_POINT('',(45.,-35.,134.24228634059));
#19970 = CIRCLE('',#19971,6.3);
#19971 = AXIS2_PLACEMENT_3D('',#19972,#19973,#19974);
#19972 = CARTESIAN_POINT('',(45.,-35.,127.94228634059));
#19973 = DIRECTION('',(0.,1.,0.));
#19974 = DIRECTION('',(0.,0.,1.));
#19975 = ORIENTED_EDGE('',*,*,#19976,.F.);
#19976 = EDGE_CURVE('',#19873,#19968,#19977,.T.);
#19977 = LINE('',#19978,#19979);
#19978 = CARTESIAN_POINT('',(45.,-31.,134.24228634059));
#19979 = VECTOR('',#19980,1.);
#19980 = DIRECTION('',(-0.,-1.,-0.));
#19981 = ORIENTED_EDGE('',*,*,#19872,.T.);
#19982 = ORIENTED_EDGE('',*,*,#19976,.T.);
#19983 = CYLINDRICAL_SURFACE('',#19984,6.3);
#19984 = AXIS2_PLACEMENT_3D('',#19985,#19986,#19987);
#19985 = CARTESIAN_POINT('',(45.,-31.,127.94228634059));
#19986 = DIRECTION('',(-0.,-1.,-0.));
#19987 = DIRECTION('',(0.,0.,1.));
#19988 = ADVANCED_FACE('',(#19989),#20008,.F.);
#19989 = FACE_BOUND('',#19990,.T.);
#19990 = EDGE_LOOP('',(#19991,#20000,#20006,#20007));
#19991 = ORIENTED_EDGE('',*,*,#19992,.F.);
#19992 = EDGE_CURVE('',#19993,#19993,#19995,.T.);
#19993 = VERTEX_POINT('',#19994);
#19994 = CARTESIAN_POINT('',(51.423393758659,-35.,121.84228634059));
#19995 = CIRCLE('',#19996,1.65);
#19996 = AXIS2_PLACEMENT_3D('',#19997,#19998,#19999);
#19997 = CARTESIAN_POINT('',(51.423393758659,-35.,120.19228634059));
#19998 = DIRECTION('',(0.,1.,0.));
#19999 = DIRECTION('',(0.,0.,1.));
#20000 = ORIENTED_EDGE('',*,*,#20001,.F.);
#20001 = EDGE_CURVE('',#19884,#19993,#20002,.T.);
#20002 = LINE('',#20003,#20004);
#20003 = CARTESIAN_POINT('',(51.423393758659,-31.,121.84228634059));
#20004 = VECTOR('',#20005,1.);
#20005 = DIRECTION('',(-0.,-1.,-0.));
#20006 = ORIENTED_EDGE('',*,*,#19883,.T.);
#20007 = ORIENTED_EDGE('',*,*,#20001,.T.);
#20008 = CYLINDRICAL_SURFACE('',#20009,1.65);
#20009 = AXIS2_PLACEMENT_3D('',#20010,#20011,#20012);
#20010 = CARTESIAN_POINT('',(51.423393758659,-31.,120.19228634059));
#20011 = DIRECTION('',(-0.,-1.,-0.));
#20012 = DIRECTION('',(0.,0.,1.));
#20013 = ADVANCED_FACE('',(#20014),#20033,.F.);
#20014 = FACE_BOUND('',#20015,.T.);
#20015 = EDGE_LOOP('',(#20016,#20025,#20031,#20032));
#20016 = ORIENTED_EDGE('',*,*,#20017,.F.);
#20017 = EDGE_CURVE('',#20018,#20018,#20020,.T.);
#20018 = VERTEX_POINT('',#20019);
#20019 = CARTESIAN_POINT('',(38.,-35.,145.09228634059));
#20020 = CIRCLE('',#20021,1.65);
#20021 = AXIS2_PLACEMENT_3D('',#20022,#20023,#20024);
#20022 = CARTESIAN_POINT('',(38.,-35.,143.44228634059));
#20023 = DIRECTION('',(0.,1.,0.));
#20024 = DIRECTION('',(0.,0.,1.));
#20025 = ORIENTED_EDGE('',*,*,#20026,.F.);
#20026 = EDGE_CURVE('',#19895,#20018,#20027,.T.);
#20027 = LINE('',#20028,#20029);
#20028 = CARTESIAN_POINT('',(38.,-31.,145.09228634059));
#20029 = VECTOR('',#20030,1.);
#20030 = DIRECTION('',(-0.,-1.,-0.));
#20031 = ORIENTED_EDGE('',*,*,#19894,.T.);
#20032 = ORIENTED_EDGE('',*,*,#20026,.T.);
#20033 = CYLINDRICAL_SURFACE('',#20034,1.65);
#20034 = AXIS2_PLACEMENT_3D('',#20035,#20036,#20037);
#20035 = CARTESIAN_POINT('',(38.,-31.,143.44228634059));
#20036 = DIRECTION('',(-0.,-1.,-0.));
#20037 = DIRECTION('',(0.,0.,1.));
#20038 = ADVANCED_FACE('',(#20039),#20059,.T.);
#20039 = FACE_BOUND('',#20040,.F.);
#20040 = EDGE_LOOP('',(#20041,#20049,#20050,#20051,#20052,#20053));
#20041 = ORIENTED_EDGE('',*,*,#20042,.F.);
#20042 = EDGE_CURVE('',#19806,#20043,#20045,.T.);
#20043 = VERTEX_POINT('',#20044);
#20044 = CARTESIAN_POINT('',(14.,-35.,112.94228634059));
#20045 = LINE('',#20046,#20047);
#20046 = CARTESIAN_POINT('',(14.,-32.,112.94228634059));
#20047 = VECTOR('',#20048,1.);
#20048 = DIRECTION('',(-0.,-1.,-0.));
#20049 = ORIENTED_EDGE('',*,*,#19815,.T.);
#20050 = ORIENTED_EDGE('',*,*,#19765,.T.);
#20051 = ORIENTED_EDGE('',*,*,#19837,.T.);
#20052 = ORIENTED_EDGE('',*,*,#19911,.T.);
#20053 = ORIENTED_EDGE('',*,*,#20054,.F.);
#20054 = EDGE_CURVE('',#20043,#19912,#20055,.T.);
#20055 = LINE('',#20056,#20057);
#20056 = CARTESIAN_POINT('',(14.,-35.,112.94228634059));
#20057 = VECTOR('',#20058,1.);
#20058 = DIRECTION('',(0.,0.,1.));
#20059 = PLANE('',#20060);
#20060 = AXIS2_PLACEMENT_3D('',#20061,#20062,#20063);
#20061 = CARTESIAN_POINT('',(14.,-32.30851063829,128.1337757023));
#20062 = DIRECTION('',(-1.,0.,0.));
#20063 = DIRECTION('',(0.,0.,1.));
#20064 = ADVANCED_FACE('',(#20065,#20083,#20086,#20089,#20092),#20095,
  .T.);
#20065 = FACE_BOUND('',#20066,.F.);
#20066 = EDGE_LOOP('',(#20067,#20075,#20076,#20077));
#20067 = ORIENTED_EDGE('',*,*,#20068,.F.);
#20068 = EDGE_CURVE('',#20043,#20069,#20071,.T.);
#20069 = VERTEX_POINT('',#20070);
#20070 = CARTESIAN_POINT('',(62.,-35.,112.94228634059));
#20071 = LINE('',#20072,#20073);
#20072 = CARTESIAN_POINT('',(14.,-35.,112.94228634059));
#20073 = VECTOR('',#20074,1.);
#20074 = DIRECTION('',(1.,0.,0.));
#20075 = ORIENTED_EDGE('',*,*,#20054,.T.);
#20076 = ORIENTED_EDGE('',*,*,#19928,.T.);
#20077 = ORIENTED_EDGE('',*,*,#20078,.F.);
#20078 = EDGE_CURVE('',#20069,#19921,#20079,.T.);
#20079 = LINE('',#20080,#20081);
#20080 = CARTESIAN_POINT('',(62.,-35.,112.94228634059));
#20081 = VECTOR('',#20082,1.);
#20082 = DIRECTION('',(0.,0.,1.));
#20083 = FACE_BOUND('',#20084,.F.);
#20084 = EDGE_LOOP('',(#20085));
#20085 = ORIENTED_EDGE('',*,*,#19967,.F.);
#20086 = FACE_BOUND('',#20087,.F.);
#20087 = EDGE_LOOP('',(#20088));
#20088 = ORIENTED_EDGE('',*,*,#19942,.F.);
#20089 = FACE_BOUND('',#20090,.F.);
#20090 = EDGE_LOOP('',(#20091));
#20091 = ORIENTED_EDGE('',*,*,#19992,.F.);
#20092 = FACE_BOUND('',#20093,.F.);
#20093 = EDGE_LOOP('',(#20094));
#20094 = ORIENTED_EDGE('',*,*,#20017,.F.);
#20095 = PLANE('',#20096);
#20096 = AXIS2_PLACEMENT_3D('',#20097,#20098,#20099);
#20097 = CARTESIAN_POINT('',(14.,-35.,112.94228634059));
#20098 = DIRECTION('',(-0.,-1.,-0.));
#20099 = DIRECTION('',(0.,0.,-1.));
#20100 = ADVANCED_FACE('',(#20101),#20112,.T.);
#20101 = FACE_BOUND('',#20102,.F.);
#20102 = EDGE_LOOP('',(#20103,#20104,#20105,#20111));
#20103 = ORIENTED_EDGE('',*,*,#20042,.T.);
#20104 = ORIENTED_EDGE('',*,*,#20068,.T.);
#20105 = ORIENTED_EDGE('',*,*,#20106,.F.);
#20106 = EDGE_CURVE('',#19808,#20069,#20107,.T.);
#20107 = LINE('',#20108,#20109);
#20108 = CARTESIAN_POINT('',(62.,-32.,112.94228634059));
#20109 = VECTOR('',#20110,1.);
#20110 = DIRECTION('',(-0.,-1.,-0.));
#20111 = ORIENTED_EDGE('',*,*,#19805,.F.);
#20112 = PLANE('',#20113);
#20113 = AXIS2_PLACEMENT_3D('',#20114,#20115,#20116);
#20114 = CARTESIAN_POINT('',(38.,-29.5,112.94228634059));
#20115 = DIRECTION('',(0.,0.,-1.));
#20116 = DIRECTION('',(1.,0.,0.));
#20117 = ADVANCED_FACE('',(#20118),#20126,.T.);
#20118 = FACE_BOUND('',#20119,.F.);
#20119 = EDGE_LOOP('',(#20120,#20121,#20122,#20123,#20124,#20125));
#20120 = ORIENTED_EDGE('',*,*,#20078,.T.);
#20121 = ORIENTED_EDGE('',*,*,#19920,.F.);
#20122 = ORIENTED_EDGE('',*,*,#19853,.F.);
#20123 = ORIENTED_EDGE('',*,*,#19783,.F.);
#20124 = ORIENTED_EDGE('',*,*,#19822,.F.);
#20125 = ORIENTED_EDGE('',*,*,#20106,.T.);
#20126 = PLANE('',#20127);
#20127 = AXIS2_PLACEMENT_3D('',#20128,#20129,#20130);
#20128 = CARTESIAN_POINT('',(62.,-32.30851063829,128.1337757023));
#20129 = DIRECTION('',(1.,0.,0.));
#20130 = DIRECTION('',(0.,0.,-1.));
#20131 = MANIFOLD_SOLID_BREP('',#20132);
#20132 = CLOSED_SHELL('',(#20133,#20166,#20175));
#20133 = ADVANCED_FACE('',(#20134),#20161,.T.);
#20134 = FACE_BOUND('',#20135,.F.);
#20135 = EDGE_LOOP('',(#20136,#20145,#20153,#20160));
#20136 = ORIENTED_EDGE('',*,*,#20137,.F.);
#20137 = EDGE_CURVE('',#20138,#20138,#20140,.T.);
#20138 = VERTEX_POINT('',#20139);
#20139 = CARTESIAN_POINT('',(38.,-32.,146.44228634059));
#20140 = CIRCLE('',#20141,18.5);
#20141 = AXIS2_PLACEMENT_3D('',#20142,#20143,#20144);
#20142 = CARTESIAN_POINT('',(38.,-32.,127.94228634059));
#20143 = DIRECTION('',(0.,1.,0.));
#20144 = DIRECTION('',(0.,0.,1.));
#20145 = ORIENTED_EDGE('',*,*,#20146,.F.);
#20146 = EDGE_CURVE('',#20147,#20138,#20149,.T.);
#20147 = VERTEX_POINT('',#20148);
#20148 = CARTESIAN_POINT('',(38.,-8.,146.44228634059));
#20149 = LINE('',#20150,#20151);
#20150 = CARTESIAN_POINT('',(38.,-8.,146.44228634059));
#20151 = VECTOR('',#20152,1.);
#20152 = DIRECTION('',(-0.,-1.,-0.));
#20153 = ORIENTED_EDGE('',*,*,#20154,.T.);
#20154 = EDGE_CURVE('',#20147,#20147,#20155,.T.);
#20155 = CIRCLE('',#20156,18.5);
#20156 = AXIS2_PLACEMENT_3D('',#20157,#20158,#20159);
#20157 = CARTESIAN_POINT('',(38.,-8.,127.94228634059));
#20158 = DIRECTION('',(0.,1.,0.));
#20159 = DIRECTION('',(0.,0.,1.));
#20160 = ORIENTED_EDGE('',*,*,#20146,.T.);
#20161 = CYLINDRICAL_SURFACE('',#20162,18.5);
#20162 = AXIS2_PLACEMENT_3D('',#20163,#20164,#20165);
#20163 = CARTESIAN_POINT('',(38.,-8.,127.94228634059));
#20164 = DIRECTION('',(-0.,-1.,-0.));
#20165 = DIRECTION('',(0.,0.,1.));
#20166 = ADVANCED_FACE('',(#20167),#20170,.T.);
#20167 = FACE_BOUND('',#20168,.F.);
#20168 = EDGE_LOOP('',(#20169));
#20169 = ORIENTED_EDGE('',*,*,#20137,.T.);
#20170 = PLANE('',#20171);
#20171 = AXIS2_PLACEMENT_3D('',#20172,#20173,#20174);
#20172 = CARTESIAN_POINT('',(38.,-32.,127.94228634059));
#20173 = DIRECTION('',(-0.,-1.,-0.));
#20174 = DIRECTION('',(0.,0.,-1.));
#20175 = ADVANCED_FACE('',(#20176),#20179,.F.);
#20176 = FACE_BOUND('',#20177,.F.);
#20177 = EDGE_LOOP('',(#20178));
#20178 = ORIENTED_EDGE('',*,*,#20154,.F.);
#20179 = PLANE('',#20180);
#20180 = AXIS2_PLACEMENT_3D('',#20181,#20182,#20183);
#20181 = CARTESIAN_POINT('',(38.,-8.,127.94228634059));
#20182 = DIRECTION('',(-0.,-1.,-0.));
#20183 = DIRECTION('',(0.,0.,-1.));
#20184 = MANIFOLD_SOLID_BREP('',#20185);
#20185 = CLOSED_SHELL('',(#20186,#20219,#20228));
#20186 = ADVANCED_FACE('',(#20187),#20214,.T.);
#20187 = FACE_BOUND('',#20188,.F.);
#20188 = EDGE_LOOP('',(#20189,#20198,#20206,#20213));
#20189 = ORIENTED_EDGE('',*,*,#20190,.F.);
#20190 = EDGE_CURVE('',#20191,#20191,#20193,.T.);
#20191 = VERTEX_POINT('',#20192);
#20192 = CARTESIAN_POINT('',(38.,-8.,144.44228634059));
#20193 = CIRCLE('',#20194,16.5);
#20194 = AXIS2_PLACEMENT_3D('',#20195,#20196,#20197);
#20195 = CARTESIAN_POINT('',(38.,-8.,127.94228634059));
#20196 = DIRECTION('',(0.,1.,0.));
#20197 = DIRECTION('',(0.,0.,1.));
#20198 = ORIENTED_EDGE('',*,*,#20199,.F.);
#20199 = EDGE_CURVE('',#20200,#20191,#20202,.T.);
#20200 = VERTEX_POINT('',#20201);
#20201 = CARTESIAN_POINT('',(38.,21.,144.44228634059));
#20202 = LINE('',#20203,#20204);
#20203 = CARTESIAN_POINT('',(38.,21.,144.44228634059));
#20204 = VECTOR('',#20205,1.);
#20205 = DIRECTION('',(-0.,-1.,-0.));
#20206 = ORIENTED_EDGE('',*,*,#20207,.T.);
#20207 = EDGE_CURVE('',#20200,#20200,#20208,.T.);
#20208 = CIRCLE('',#20209,16.5);
#20209 = AXIS2_PLACEMENT_3D('',#20210,#20211,#20212);
#20210 = CARTESIAN_POINT('',(38.,21.,127.94228634059));
#20211 = DIRECTION('',(0.,1.,0.));
#20212 = DIRECTION('',(0.,0.,1.));
#20213 = ORIENTED_EDGE('',*,*,#20199,.T.);
#20214 = CYLINDRICAL_SURFACE('',#20215,16.5);
#20215 = AXIS2_PLACEMENT_3D('',#20216,#20217,#20218);
#20216 = CARTESIAN_POINT('',(38.,21.,127.94228634059));
#20217 = DIRECTION('',(-0.,-1.,-0.));
#20218 = DIRECTION('',(0.,0.,1.));
#20219 = ADVANCED_FACE('',(#20220),#20223,.T.);
#20220 = FACE_BOUND('',#20221,.F.);
#20221 = EDGE_LOOP('',(#20222));
#20222 = ORIENTED_EDGE('',*,*,#20190,.T.);
#20223 = PLANE('',#20224);
#20224 = AXIS2_PLACEMENT_3D('',#20225,#20226,#20227);
#20225 = CARTESIAN_POINT('',(38.,-8.,127.94228634059));
#20226 = DIRECTION('',(-0.,-1.,-0.));
#20227 = DIRECTION('',(0.,0.,-1.));
#20228 = ADVANCED_FACE('',(#20229),#20232,.F.);
#20229 = FACE_BOUND('',#20230,.F.);
#20230 = EDGE_LOOP('',(#20231));
#20231 = ORIENTED_EDGE('',*,*,#20207,.F.);
#20232 = PLANE('',#20233);
#20233 = AXIS2_PLACEMENT_3D('',#20234,#20235,#20236);
#20234 = CARTESIAN_POINT('',(38.,21.,127.94228634059));
#20235 = DIRECTION('',(-0.,-1.,-0.));
#20236 = DIRECTION('',(0.,0.,-1.));
#20237 = MANIFOLD_SOLID_BREP('',#20238);
#20238 = CLOSED_SHELL('',(#20239,#20272,#20281));
#20239 = ADVANCED_FACE('',(#20240),#20267,.T.);
#20240 = FACE_BOUND('',#20241,.F.);
#20241 = EDGE_LOOP('',(#20242,#20251,#20259,#20266));
#20242 = ORIENTED_EDGE('',*,*,#20243,.F.);
#20243 = EDGE_CURVE('',#20244,#20244,#20246,.T.);
#20244 = VERTEX_POINT('',#20245);
#20245 = CARTESIAN_POINT('',(38.,21.,144.44228634059));
#20246 = CIRCLE('',#20247,16.5);
#20247 = AXIS2_PLACEMENT_3D('',#20248,#20249,#20250);
#20248 = CARTESIAN_POINT('',(38.,21.,127.94228634059));
#20249 = DIRECTION('',(0.,1.,0.));
#20250 = DIRECTION('',(0.,0.,1.));
#20251 = ORIENTED_EDGE('',*,*,#20252,.F.);
#20252 = EDGE_CURVE('',#20253,#20244,#20255,.T.);
#20253 = VERTEX_POINT('',#20254);
#20254 = CARTESIAN_POINT('',(38.,33.,144.44228634059));
#20255 = LINE('',#20256,#20257);
#20256 = CARTESIAN_POINT('',(38.,33.,144.44228634059));
#20257 = VECTOR('',#20258,1.);
#20258 = DIRECTION('',(-0.,-1.,-0.));
#20259 = ORIENTED_EDGE('',*,*,#20260,.T.);
#20260 = EDGE_CURVE('',#20253,#20253,#20261,.T.);
#20261 = CIRCLE('',#20262,16.5);
#20262 = AXIS2_PLACEMENT_3D('',#20263,#20264,#20265);
#20263 = CARTESIAN_POINT('',(38.,33.,127.94228634059));
#20264 = DIRECTION('',(0.,1.,0.));
#20265 = DIRECTION('',(0.,0.,1.));
#20266 = ORIENTED_EDGE('',*,*,#20252,.T.);
#20267 = CYLINDRICAL_SURFACE('',#20268,16.5);
#20268 = AXIS2_PLACEMENT_3D('',#20269,#20270,#20271);
#20269 = CARTESIAN_POINT('',(38.,33.,127.94228634059));
#20270 = DIRECTION('',(-0.,-1.,-0.));
#20271 = DIRECTION('',(0.,0.,1.));
#20272 = ADVANCED_FACE('',(#20273),#20276,.T.);
#20273 = FACE_BOUND('',#20274,.F.);
#20274 = EDGE_LOOP('',(#20275));
#20275 = ORIENTED_EDGE('',*,*,#20243,.T.);
#20276 = PLANE('',#20277);
#20277 = AXIS2_PLACEMENT_3D('',#20278,#20279,#20280);
#20278 = CARTESIAN_POINT('',(38.,21.,127.94228634059));
#20279 = DIRECTION('',(-0.,-1.,-0.));
#20280 = DIRECTION('',(0.,0.,-1.));
#20281 = ADVANCED_FACE('',(#20282),#20285,.F.);
#20282 = FACE_BOUND('',#20283,.F.);
#20283 = EDGE_LOOP('',(#20284));
#20284 = ORIENTED_EDGE('',*,*,#20260,.F.);
#20285 = PLANE('',#20286);
#20286 = AXIS2_PLACEMENT_3D('',#20287,#20288,#20289);
#20287 = CARTESIAN_POINT('',(38.,33.,127.94228634059));
#20288 = DIRECTION('',(-0.,-1.,-0.));
#20289 = DIRECTION('',(0.,0.,-1.));
#20290 = MANIFOLD_SOLID_BREP('',#20291);
#20291 = CLOSED_SHELL('',(#20292,#20325,#20334,#20354,#20379));
#20292 = ADVANCED_FACE('',(#20293),#20320,.T.);
#20293 = FACE_BOUND('',#20294,.F.);
#20294 = EDGE_LOOP('',(#20295,#20304,#20312,#20319));
#20295 = ORIENTED_EDGE('',*,*,#20296,.F.);
#20296 = EDGE_CURVE('',#20297,#20297,#20299,.T.);
#20297 = VERTEX_POINT('',#20298);
#20298 = CARTESIAN_POINT('',(45.,-53.,130.94228634059));
#20299 = CIRCLE('',#20300,3.);
#20300 = AXIS2_PLACEMENT_3D('',#20301,#20302,#20303);
#20301 = CARTESIAN_POINT('',(45.,-53.,127.94228634059));
#20302 = DIRECTION('',(0.,1.,0.));
#20303 = DIRECTION('',(0.,0.,1.));
#20304 = ORIENTED_EDGE('',*,*,#20305,.F.);
#20305 = EDGE_CURVE('',#20306,#20297,#20308,.T.);
#20306 = VERTEX_POINT('',#20307);
#20307 = CARTESIAN_POINT('',(45.,-38.,130.94228634059));
#20308 = LINE('',#20309,#20310);
#20309 = CARTESIAN_POINT('',(45.,-38.,130.94228634059));
#20310 = VECTOR('',#20311,1.);
#20311 = DIRECTION('',(-0.,-1.,-0.));
#20312 = ORIENTED_EDGE('',*,*,#20313,.T.);
#20313 = EDGE_CURVE('',#20306,#20306,#20314,.T.);
#20314 = CIRCLE('',#20315,3.);
#20315 = AXIS2_PLACEMENT_3D('',#20316,#20317,#20318);
#20316 = CARTESIAN_POINT('',(45.,-38.,127.94228634059));
#20317 = DIRECTION('',(0.,1.,0.));
#20318 = DIRECTION('',(0.,0.,1.));
#20319 = ORIENTED_EDGE('',*,*,#20305,.T.);
#20320 = CYLINDRICAL_SURFACE('',#20321,3.);
#20321 = AXIS2_PLACEMENT_3D('',#20322,#20323,#20324);
#20322 = CARTESIAN_POINT('',(45.,-38.,127.94228634059));
#20323 = DIRECTION('',(-0.,-1.,-0.));
#20324 = DIRECTION('',(0.,0.,1.));
#20325 = ADVANCED_FACE('',(#20326),#20329,.T.);
#20326 = FACE_BOUND('',#20327,.F.);
#20327 = EDGE_LOOP('',(#20328));
#20328 = ORIENTED_EDGE('',*,*,#20296,.T.);
#20329 = PLANE('',#20330);
#20330 = AXIS2_PLACEMENT_3D('',#20331,#20332,#20333);
#20331 = CARTESIAN_POINT('',(45.,-53.,127.94228634059));
#20332 = DIRECTION('',(-0.,-1.,-0.));
#20333 = DIRECTION('',(0.,0.,-1.));
#20334 = ADVANCED_FACE('',(#20335,#20346),#20349,.T.);
#20335 = FACE_BOUND('',#20336,.F.);
#20336 = EDGE_LOOP('',(#20337));
#20337 = ORIENTED_EDGE('',*,*,#20338,.T.);
#20338 = EDGE_CURVE('',#20339,#20339,#20341,.T.);
#20339 = VERTEX_POINT('',#20340);
#20340 = CARTESIAN_POINT('',(45.,-38.,133.94228634059));
#20341 = CIRCLE('',#20342,6.);
#20342 = AXIS2_PLACEMENT_3D('',#20343,#20344,#20345);
#20343 = CARTESIAN_POINT('',(45.,-38.,127.94228634059));
#20344 = DIRECTION('',(0.,1.,0.));
#20345 = DIRECTION('',(0.,0.,1.));
#20346 = FACE_BOUND('',#20347,.F.);
#20347 = EDGE_LOOP('',(#20348));
#20348 = ORIENTED_EDGE('',*,*,#20313,.F.);
#20349 = PLANE('',#20350);
#20350 = AXIS2_PLACEMENT_3D('',#20351,#20352,#20353);
#20351 = CARTESIAN_POINT('',(45.,-38.,127.94228634059));
#20352 = DIRECTION('',(-0.,-1.,-0.));
#20353 = DIRECTION('',(0.,0.,-1.));
#20354 = ADVANCED_FACE('',(#20355),#20374,.T.);
#20355 = FACE_BOUND('',#20356,.F.);
#20356 = EDGE_LOOP('',(#20357,#20358,#20366,#20373));
#20357 = ORIENTED_EDGE('',*,*,#20338,.F.);
#20358 = ORIENTED_EDGE('',*,*,#20359,.F.);
#20359 = EDGE_CURVE('',#20360,#20339,#20362,.T.);
#20360 = VERTEX_POINT('',#20361);
#20361 = CARTESIAN_POINT('',(45.,-32.,133.94228634059));
#20362 = LINE('',#20363,#20364);
#20363 = CARTESIAN_POINT('',(45.,-32.,133.94228634059));
#20364 = VECTOR('',#20365,1.);
#20365 = DIRECTION('',(-0.,-1.,-0.));
#20366 = ORIENTED_EDGE('',*,*,#20367,.T.);
#20367 = EDGE_CURVE('',#20360,#20360,#20368,.T.);
#20368 = CIRCLE('',#20369,6.);
#20369 = AXIS2_PLACEMENT_3D('',#20370,#20371,#20372);
#20370 = CARTESIAN_POINT('',(45.,-32.,127.94228634059));
#20371 = DIRECTION('',(0.,1.,0.));
#20372 = DIRECTION('',(0.,0.,1.));
#20373 = ORIENTED_EDGE('',*,*,#20359,.T.);
#20374 = CYLINDRICAL_SURFACE('',#20375,6.);
#20375 = AXIS2_PLACEMENT_3D('',#20376,#20377,#20378);
#20376 = CARTESIAN_POINT('',(45.,-32.,127.94228634059));
#20377 = DIRECTION('',(-0.,-1.,-0.));
#20378 = DIRECTION('',(0.,0.,1.));
#20379 = ADVANCED_FACE('',(#20380),#20383,.F.);
#20380 = FACE_BOUND('',#20381,.F.);
#20381 = EDGE_LOOP('',(#20382));
#20382 = ORIENTED_EDGE('',*,*,#20367,.F.);
#20383 = PLANE('',#20384);
#20384 = AXIS2_PLACEMENT_3D('',#20385,#20386,#20387);
#20385 = CARTESIAN_POINT('',(45.,-32.,127.94228634059));
#20386 = DIRECTION('',(-0.,-1.,-0.));
#20387 = DIRECTION('',(0.,0.,-1.));
#20388 = MANIFOLD_SOLID_BREP('',#20389);
#20389 = CLOSED_SHELL('',(#20390,#20423,#20443,#20463,#20488,#20513));
#20390 = ADVANCED_FACE('',(#20391),#20418,.T.);
#20391 = FACE_BOUND('',#20392,.F.);
#20392 = EDGE_LOOP('',(#20393,#20402,#20410,#20417));
#20393 = ORIENTED_EDGE('',*,*,#20394,.F.);
#20394 = EDGE_CURVE('',#20395,#20395,#20397,.T.);
#20395 = VERTEX_POINT('',#20396);
#20396 = CARTESIAN_POINT('',(45.,-67.,137.94228634059));
#20397 = CIRCLE('',#20398,10.);
#20398 = AXIS2_PLACEMENT_3D('',#20399,#20400,#20401);
#20399 = CARTESIAN_POINT('',(45.,-67.,127.94228634059));
#20400 = DIRECTION('',(0.,1.,0.));
#20401 = DIRECTION('',(0.,0.,1.));
#20402 = ORIENTED_EDGE('',*,*,#20403,.F.);
#20403 = EDGE_CURVE('',#20404,#20395,#20406,.T.);
#20404 = VERTEX_POINT('',#20405);
#20405 = CARTESIAN_POINT('',(45.,-42.,137.94228634059));
#20406 = LINE('',#20407,#20408);
#20407 = CARTESIAN_POINT('',(45.,-42.,137.94228634059));
#20408 = VECTOR('',#20409,1.);
#20409 = DIRECTION('',(-0.,-1.,-0.));
#20410 = ORIENTED_EDGE('',*,*,#20411,.T.);
#20411 = EDGE_CURVE('',#20404,#20404,#20412,.T.);
#20412 = CIRCLE('',#20413,10.);
#20413 = AXIS2_PLACEMENT_3D('',#20414,#20415,#20416);
#20414 = CARTESIAN_POINT('',(45.,-42.,127.94228634059));
#20415 = DIRECTION('',(0.,1.,0.));
#20416 = DIRECTION('',(0.,0.,1.));
#20417 = ORIENTED_EDGE('',*,*,#20403,.T.);
#20418 = CYLINDRICAL_SURFACE('',#20419,10.);
#20419 = AXIS2_PLACEMENT_3D('',#20420,#20421,#20422);
#20420 = CARTESIAN_POINT('',(45.,-42.,127.94228634059));
#20421 = DIRECTION('',(-0.,-1.,-0.));
#20422 = DIRECTION('',(0.,0.,1.));
#20423 = ADVANCED_FACE('',(#20424,#20427),#20438,.T.);
#20424 = FACE_BOUND('',#20425,.F.);
#20425 = EDGE_LOOP('',(#20426));
#20426 = ORIENTED_EDGE('',*,*,#20394,.T.);
#20427 = FACE_BOUND('',#20428,.F.);
#20428 = EDGE_LOOP('',(#20429));
#20429 = ORIENTED_EDGE('',*,*,#20430,.F.);
#20430 = EDGE_CURVE('',#20431,#20431,#20433,.T.);
#20431 = VERTEX_POINT('',#20432);
#20432 = CARTESIAN_POINT('',(45.,-67.,131.94228634059));
#20433 = CIRCLE('',#20434,4.);
#20434 = AXIS2_PLACEMENT_3D('',#20435,#20436,#20437);
#20435 = CARTESIAN_POINT('',(45.,-67.,127.94228634059));
#20436 = DIRECTION('',(0.,1.,0.));
#20437 = DIRECTION('',(0.,0.,1.));
#20438 = PLANE('',#20439);
#20439 = AXIS2_PLACEMENT_3D('',#20440,#20441,#20442);
#20440 = CARTESIAN_POINT('',(45.,-67.,127.94228634059));
#20441 = DIRECTION('',(-0.,-1.,-0.));
#20442 = DIRECTION('',(0.,0.,-1.));
#20443 = ADVANCED_FACE('',(#20444,#20447),#20458,.F.);
#20444 = FACE_BOUND('',#20445,.T.);
#20445 = EDGE_LOOP('',(#20446));
#20446 = ORIENTED_EDGE('',*,*,#20411,.T.);
#20447 = FACE_BOUND('',#20448,.T.);
#20448 = EDGE_LOOP('',(#20449));
#20449 = ORIENTED_EDGE('',*,*,#20450,.F.);
#20450 = EDGE_CURVE('',#20451,#20451,#20453,.T.);
#20451 = VERTEX_POINT('',#20452);
#20452 = CARTESIAN_POINT('',(45.,-42.,130.94228634059));
#20453 = CIRCLE('',#20454,3.);
#20454 = AXIS2_PLACEMENT_3D('',#20455,#20456,#20457);
#20455 = CARTESIAN_POINT('',(45.,-42.,127.94228634059));
#20456 = DIRECTION('',(0.,1.,0.));
#20457 = DIRECTION('',(0.,0.,1.));
#20458 = PLANE('',#20459);
#20459 = AXIS2_PLACEMENT_3D('',#20460,#20461,#20462);
#20460 = CARTESIAN_POINT('',(45.,-42.,127.94228634059));
#20461 = DIRECTION('',(-0.,-1.,-0.));
#20462 = DIRECTION('',(0.,0.,-1.));
#20463 = ADVANCED_FACE('',(#20464),#20483,.F.);
#20464 = FACE_BOUND('',#20465,.T.);
#20465 = EDGE_LOOP('',(#20466,#20467,#20475,#20482));
#20466 = ORIENTED_EDGE('',*,*,#20430,.F.);
#20467 = ORIENTED_EDGE('',*,*,#20468,.F.);
#20468 = EDGE_CURVE('',#20469,#20431,#20471,.T.);
#20469 = VERTEX_POINT('',#20470);
#20470 = CARTESIAN_POINT('',(45.,-54.5,131.94228634059));
#20471 = LINE('',#20472,#20473);
#20472 = CARTESIAN_POINT('',(45.,-54.5,131.94228634059));
#20473 = VECTOR('',#20474,1.);
#20474 = DIRECTION('',(-0.,-1.,-0.));
#20475 = ORIENTED_EDGE('',*,*,#20476,.T.);
#20476 = EDGE_CURVE('',#20469,#20469,#20477,.T.);
#20477 = CIRCLE('',#20478,4.);
#20478 = AXIS2_PLACEMENT_3D('',#20479,#20480,#20481);
#20479 = CARTESIAN_POINT('',(45.,-54.5,127.94228634059));
#20480 = DIRECTION('',(0.,1.,0.));
#20481 = DIRECTION('',(0.,0.,1.));
#20482 = ORIENTED_EDGE('',*,*,#20468,.T.);
#20483 = CYLINDRICAL_SURFACE('',#20484,4.);
#20484 = AXIS2_PLACEMENT_3D('',#20485,#20486,#20487);
#20485 = CARTESIAN_POINT('',(45.,-54.5,127.94228634059));
#20486 = DIRECTION('',(-0.,-1.,-0.));
#20487 = DIRECTION('',(0.,0.,1.));
#20488 = ADVANCED_FACE('',(#20489),#20508,.F.);
#20489 = FACE_BOUND('',#20490,.T.);
#20490 = EDGE_LOOP('',(#20491,#20500,#20506,#20507));
#20491 = ORIENTED_EDGE('',*,*,#20492,.F.);
#20492 = EDGE_CURVE('',#20493,#20493,#20495,.T.);
#20493 = VERTEX_POINT('',#20494);
#20494 = CARTESIAN_POINT('',(45.,-54.5,130.94228634059));
#20495 = CIRCLE('',#20496,3.);
#20496 = AXIS2_PLACEMENT_3D('',#20497,#20498,#20499);
#20497 = CARTESIAN_POINT('',(45.,-54.5,127.94228634059));
#20498 = DIRECTION('',(0.,1.,0.));
#20499 = DIRECTION('',(0.,0.,1.));
#20500 = ORIENTED_EDGE('',*,*,#20501,.F.);
#20501 = EDGE_CURVE('',#20451,#20493,#20502,.T.);
#20502 = LINE('',#20503,#20504);
#20503 = CARTESIAN_POINT('',(45.,-42.,130.94228634059));
#20504 = VECTOR('',#20505,1.);
#20505 = DIRECTION('',(-0.,-1.,-0.));
#20506 = ORIENTED_EDGE('',*,*,#20450,.T.);
#20507 = ORIENTED_EDGE('',*,*,#20501,.T.);
#20508 = CYLINDRICAL_SURFACE('',#20509,3.);
#20509 = AXIS2_PLACEMENT_3D('',#20510,#20511,#20512);
#20510 = CARTESIAN_POINT('',(45.,-42.,127.94228634059));
#20511 = DIRECTION('',(-0.,-1.,-0.));
#20512 = DIRECTION('',(0.,0.,1.));
#20513 = ADVANCED_FACE('',(#20514,#20517),#20520,.T.);
#20514 = FACE_BOUND('',#20515,.F.);
#20515 = EDGE_LOOP('',(#20516));
#20516 = ORIENTED_EDGE('',*,*,#20476,.T.);
#20517 = FACE_BOUND('',#20518,.F.);
#20518 = EDGE_LOOP('',(#20519));
#20519 = ORIENTED_EDGE('',*,*,#20492,.F.);
#20520 = PLANE('',#20521);
#20521 = AXIS2_PLACEMENT_3D('',#20522,#20523,#20524);
#20522 = CARTESIAN_POINT('',(45.,-54.5,127.94228634059));
#20523 = DIRECTION('',(-0.,-1.,-0.));
#20524 = DIRECTION('',(0.,0.,-1.));
#20525 = MANIFOLD_SOLID_BREP('',#20526);
#20526 = CLOSED_SHELL('',(#20527,#20567,#20607,#20629,#20651,#20663));
#20527 = ADVANCED_FACE('',(#20528),#20562,.F.);
#20528 = FACE_BOUND('',#20529,.F.);
#20529 = EDGE_LOOP('',(#20530,#20540,#20548,#20556));
#20530 = ORIENTED_EDGE('',*,*,#20531,.F.);
#20531 = EDGE_CURVE('',#20532,#20534,#20536,.T.);
#20532 = VERTEX_POINT('',#20533);
#20533 = CARTESIAN_POINT('',(-190.,-85.,65.));
#20534 = VERTEX_POINT('',#20535);
#20535 = CARTESIAN_POINT('',(-190.,-85.,69.));
#20536 = LINE('',#20537,#20538);
#20537 = CARTESIAN_POINT('',(-190.,-85.,65.));
#20538 = VECTOR('',#20539,1.);
#20539 = DIRECTION('',(0.,0.,1.));
#20540 = ORIENTED_EDGE('',*,*,#20541,.T.);
#20541 = EDGE_CURVE('',#20532,#20542,#20544,.T.);
#20542 = VERTEX_POINT('',#20543);
#20543 = CARTESIAN_POINT('',(-190.,85.,65.));
#20544 = LINE('',#20545,#20546);
#20545 = CARTESIAN_POINT('',(-190.,-85.,65.));
#20546 = VECTOR('',#20547,1.);
#20547 = DIRECTION('',(0.,1.,0.));
#20548 = ORIENTED_EDGE('',*,*,#20549,.T.);
#20549 = EDGE_CURVE('',#20542,#20550,#20552,.T.);
#20550 = VERTEX_POINT('',#20551);
#20551 = CARTESIAN_POINT('',(-190.,85.,69.));
#20552 = LINE('',#20553,#20554);
#20553 = CARTESIAN_POINT('',(-190.,85.,65.));
#20554 = VECTOR('',#20555,1.);
#20555 = DIRECTION('',(0.,0.,1.));
#20556 = ORIENTED_EDGE('',*,*,#20557,.F.);
#20557 = EDGE_CURVE('',#20534,#20550,#20558,.T.);
#20558 = LINE('',#20559,#20560);
#20559 = CARTESIAN_POINT('',(-190.,-85.,69.));
#20560 = VECTOR('',#20561,1.);
#20561 = DIRECTION('',(0.,1.,0.));
#20562 = PLANE('',#20563);
#20563 = AXIS2_PLACEMENT_3D('',#20564,#20565,#20566);
#20564 = CARTESIAN_POINT('',(-190.,-85.,65.));
#20565 = DIRECTION('',(1.,0.,0.));
#20566 = DIRECTION('',(0.,0.,1.));
#20567 = ADVANCED_FACE('',(#20568),#20602,.T.);
#20568 = FACE_BOUND('',#20569,.T.);
#20569 = EDGE_LOOP('',(#20570,#20580,#20588,#20596));
#20570 = ORIENTED_EDGE('',*,*,#20571,.F.);
#20571 = EDGE_CURVE('',#20572,#20574,#20576,.T.);
#20572 = VERTEX_POINT('',#20573);
#20573 = CARTESIAN_POINT('',(-110.,-85.,65.));
#20574 = VERTEX_POINT('',#20575);
#20575 = CARTESIAN_POINT('',(-110.,-85.,69.));
#20576 = LINE('',#20577,#20578);
#20577 = CARTESIAN_POINT('',(-110.,-85.,65.));
#20578 = VECTOR('',#20579,1.);
#20579 = DIRECTION('',(0.,0.,1.));
#20580 = ORIENTED_EDGE('',*,*,#20581,.T.);
#20581 = EDGE_CURVE('',#20572,#20582,#20584,.T.);
#20582 = VERTEX_POINT('',#20583);
#20583 = CARTESIAN_POINT('',(-110.,85.,65.));
#20584 = LINE('',#20585,#20586);
#20585 = CARTESIAN_POINT('',(-110.,-85.,65.));
#20586 = VECTOR('',#20587,1.);
#20587 = DIRECTION('',(0.,1.,0.));
#20588 = ORIENTED_EDGE('',*,*,#20589,.T.);
#20589 = EDGE_CURVE('',#20582,#20590,#20592,.T.);
#20590 = VERTEX_POINT('',#20591);
#20591 = CARTESIAN_POINT('',(-110.,85.,69.));
#20592 = LINE('',#20593,#20594);
#20593 = CARTESIAN_POINT('',(-110.,85.,65.));
#20594 = VECTOR('',#20595,1.);
#20595 = DIRECTION('',(0.,0.,1.));
#20596 = ORIENTED_EDGE('',*,*,#20597,.F.);
#20597 = EDGE_CURVE('',#20574,#20590,#20598,.T.);
#20598 = LINE('',#20599,#20600);
#20599 = CARTESIAN_POINT('',(-110.,-85.,69.));
#20600 = VECTOR('',#20601,1.);
#20601 = DIRECTION('',(0.,1.,0.));
#20602 = PLANE('',#20603);
#20603 = AXIS2_PLACEMENT_3D('',#20604,#20605,#20606);
#20604 = CARTESIAN_POINT('',(-110.,-85.,65.));
#20605 = DIRECTION('',(1.,0.,0.));
#20606 = DIRECTION('',(0.,0.,1.));
#20607 = ADVANCED_FACE('',(#20608),#20624,.F.);
#20608 = FACE_BOUND('',#20609,.F.);
#20609 = EDGE_LOOP('',(#20610,#20616,#20617,#20623));
#20610 = ORIENTED_EDGE('',*,*,#20611,.F.);
#20611 = EDGE_CURVE('',#20532,#20572,#20612,.T.);
#20612 = LINE('',#20613,#20614);
#20613 = CARTESIAN_POINT('',(-190.,-85.,65.));
#20614 = VECTOR('',#20615,1.);
#20615 = DIRECTION('',(1.,0.,0.));
#20616 = ORIENTED_EDGE('',*,*,#20531,.T.);
#20617 = ORIENTED_EDGE('',*,*,#20618,.T.);
#20618 = EDGE_CURVE('',#20534,#20574,#20619,.T.);
#20619 = LINE('',#20620,#20621);
#20620 = CARTESIAN_POINT('',(-190.,-85.,69.));
#20621 = VECTOR('',#20622,1.);
#20622 = DIRECTION('',(1.,0.,0.));
#20623 = ORIENTED_EDGE('',*,*,#20571,.F.);
#20624 = PLANE('',#20625);
#20625 = AXIS2_PLACEMENT_3D('',#20626,#20627,#20628);
#20626 = CARTESIAN_POINT('',(-190.,-85.,65.));
#20627 = DIRECTION('',(0.,1.,0.));
#20628 = DIRECTION('',(0.,0.,1.));
#20629 = ADVANCED_FACE('',(#20630),#20646,.T.);
#20630 = FACE_BOUND('',#20631,.T.);
#20631 = EDGE_LOOP('',(#20632,#20638,#20639,#20645));
#20632 = ORIENTED_EDGE('',*,*,#20633,.F.);
#20633 = EDGE_CURVE('',#20542,#20582,#20634,.T.);
#20634 = LINE('',#20635,#20636);
#20635 = CARTESIAN_POINT('',(-190.,85.,65.));
#20636 = VECTOR('',#20637,1.);
#20637 = DIRECTION('',(1.,0.,0.));
#20638 = ORIENTED_EDGE('',*,*,#20549,.T.);
#20639 = ORIENTED_EDGE('',*,*,#20640,.T.);
#20640 = EDGE_CURVE('',#20550,#20590,#20641,.T.);
#20641 = LINE('',#20642,#20643);
#20642 = CARTESIAN_POINT('',(-190.,85.,69.));
#20643 = VECTOR('',#20644,1.);
#20644 = DIRECTION('',(1.,0.,0.));
#20645 = ORIENTED_EDGE('',*,*,#20589,.F.);
#20646 = PLANE('',#20647);
#20647 = AXIS2_PLACEMENT_3D('',#20648,#20649,#20650);
#20648 = CARTESIAN_POINT('',(-190.,85.,65.));
#20649 = DIRECTION('',(0.,1.,0.));
#20650 = DIRECTION('',(0.,0.,1.));
#20651 = ADVANCED_FACE('',(#20652),#20658,.F.);
#20652 = FACE_BOUND('',#20653,.F.);
#20653 = EDGE_LOOP('',(#20654,#20655,#20656,#20657));
#20654 = ORIENTED_EDGE('',*,*,#20541,.F.);
#20655 = ORIENTED_EDGE('',*,*,#20611,.T.);
#20656 = ORIENTED_EDGE('',*,*,#20581,.T.);
#20657 = ORIENTED_EDGE('',*,*,#20633,.F.);
#20658 = PLANE('',#20659);
#20659 = AXIS2_PLACEMENT_3D('',#20660,#20661,#20662);
#20660 = CARTESIAN_POINT('',(-190.,-85.,65.));
#20661 = DIRECTION('',(0.,0.,1.));
#20662 = DIRECTION('',(1.,0.,0.));
#20663 = ADVANCED_FACE('',(#20664),#20670,.T.);
#20664 = FACE_BOUND('',#20665,.T.);
#20665 = EDGE_LOOP('',(#20666,#20667,#20668,#20669));
#20666 = ORIENTED_EDGE('',*,*,#20557,.F.);
#20667 = ORIENTED_EDGE('',*,*,#20618,.T.);
#20668 = ORIENTED_EDGE('',*,*,#20597,.T.);
#20669 = ORIENTED_EDGE('',*,*,#20640,.F.);
#20670 = PLANE('',#20671);
#20671 = AXIS2_PLACEMENT_3D('',#20672,#20673,#20674);
#20672 = CARTESIAN_POINT('',(-190.,-85.,69.));
#20673 = DIRECTION('',(0.,0.,1.));
#20674 = DIRECTION('',(1.,0.,0.));
#20675 = MANIFOLD_SOLID_BREP('',#20676);
#20676 = CLOSED_SHELL('',(#20677,#20710,#20719));
#20677 = ADVANCED_FACE('',(#20678),#20705,.T.);
#20678 = FACE_BOUND('',#20679,.T.);
#20679 = EDGE_LOOP('',(#20680,#20689,#20697,#20704));
#20680 = ORIENTED_EDGE('',*,*,#20681,.F.);
#20681 = EDGE_CURVE('',#20682,#20682,#20684,.T.);
#20682 = VERTEX_POINT('',#20683);
#20683 = CARTESIAN_POINT('',(-131.,-4.65365783676E-15,65.));
#20684 = CIRCLE('',#20685,19.);
#20685 = AXIS2_PLACEMENT_3D('',#20686,#20687,#20688);
#20686 = CARTESIAN_POINT('',(-150.,0.,65.));
#20687 = DIRECTION('',(0.,0.,1.));
#20688 = DIRECTION('',(1.,0.,0.));
#20689 = ORIENTED_EDGE('',*,*,#20690,.F.);
#20690 = EDGE_CURVE('',#20691,#20682,#20693,.T.);
#20691 = VERTEX_POINT('',#20692);
#20692 = CARTESIAN_POINT('',(-131.,-4.65365783676E-15,53.));
#20693 = LINE('',#20694,#20695);
#20694 = CARTESIAN_POINT('',(-131.,-4.65365783676E-15,53.));
#20695 = VECTOR('',#20696,1.);
#20696 = DIRECTION('',(0.,0.,1.));
#20697 = ORIENTED_EDGE('',*,*,#20698,.T.);
#20698 = EDGE_CURVE('',#20691,#20691,#20699,.T.);
#20699 = CIRCLE('',#20700,19.);
#20700 = AXIS2_PLACEMENT_3D('',#20701,#20702,#20703);
#20701 = CARTESIAN_POINT('',(-150.,0.,53.));
#20702 = DIRECTION('',(0.,0.,1.));
#20703 = DIRECTION('',(1.,0.,0.));
#20704 = ORIENTED_EDGE('',*,*,#20690,.T.);
#20705 = CYLINDRICAL_SURFACE('',#20706,19.);
#20706 = AXIS2_PLACEMENT_3D('',#20707,#20708,#20709);
#20707 = CARTESIAN_POINT('',(-150.,0.,53.));
#20708 = DIRECTION('',(0.,0.,1.));
#20709 = DIRECTION('',(1.,0.,0.));
#20710 = ADVANCED_FACE('',(#20711),#20714,.T.);
#20711 = FACE_BOUND('',#20712,.T.);
#20712 = EDGE_LOOP('',(#20713));
#20713 = ORIENTED_EDGE('',*,*,#20681,.T.);
#20714 = PLANE('',#20715);
#20715 = AXIS2_PLACEMENT_3D('',#20716,#20717,#20718);
#20716 = CARTESIAN_POINT('',(-150.,0.,65.));
#20717 = DIRECTION('',(0.,0.,1.));
#20718 = DIRECTION('',(1.,0.,0.));
#20719 = ADVANCED_FACE('',(#20720),#20723,.F.);
#20720 = FACE_BOUND('',#20721,.T.);
#20721 = EDGE_LOOP('',(#20722));
#20722 = ORIENTED_EDGE('',*,*,#20698,.F.);
#20723 = PLANE('',#20724);
#20724 = AXIS2_PLACEMENT_3D('',#20725,#20726,#20727);
#20725 = CARTESIAN_POINT('',(-150.,0.,53.));
#20726 = DIRECTION('',(0.,0.,1.));
#20727 = DIRECTION('',(1.,0.,0.));
#20728 = MANIFOLD_SOLID_BREP('',#20729);
#20729 = CLOSED_SHELL('',(#20730,#20770,#20810,#20832,#20854,#20866));
#20730 = ADVANCED_FACE('',(#20731),#20765,.F.);
#20731 = FACE_BOUND('',#20732,.F.);
#20732 = EDGE_LOOP('',(#20733,#20743,#20751,#20759));
#20733 = ORIENTED_EDGE('',*,*,#20734,.F.);
#20734 = EDGE_CURVE('',#20735,#20737,#20739,.T.);
#20735 = VERTEX_POINT('',#20736);
#20736 = CARTESIAN_POINT('',(-174.,-16.,24.));
#20737 = VERTEX_POINT('',#20738);
#20738 = CARTESIAN_POINT('',(-174.,-16.,57.));
#20739 = LINE('',#20740,#20741);
#20740 = CARTESIAN_POINT('',(-174.,-16.,24.));
#20741 = VECTOR('',#20742,1.);
#20742 = DIRECTION('',(0.,0.,1.));
#20743 = ORIENTED_EDGE('',*,*,#20744,.T.);
#20744 = EDGE_CURVE('',#20735,#20745,#20747,.T.);
#20745 = VERTEX_POINT('',#20746);
#20746 = CARTESIAN_POINT('',(-174.,-12.,24.));
#20747 = LINE('',#20748,#20749);
#20748 = CARTESIAN_POINT('',(-174.,-16.,24.));
#20749 = VECTOR('',#20750,1.);
#20750 = DIRECTION('',(0.,1.,0.));
#20751 = ORIENTED_EDGE('',*,*,#20752,.T.);
#20752 = EDGE_CURVE('',#20745,#20753,#20755,.T.);
#20753 = VERTEX_POINT('',#20754);
#20754 = CARTESIAN_POINT('',(-174.,-12.,57.));
#20755 = LINE('',#20756,#20757);
#20756 = CARTESIAN_POINT('',(-174.,-12.,24.));
#20757 = VECTOR('',#20758,1.);
#20758 = DIRECTION('',(0.,0.,1.));
#20759 = ORIENTED_EDGE('',*,*,#20760,.F.);
#20760 = EDGE_CURVE('',#20737,#20753,#20761,.T.);
#20761 = LINE('',#20762,#20763);
#20762 = CARTESIAN_POINT('',(-174.,-16.,57.));
#20763 = VECTOR('',#20764,1.);
#20764 = DIRECTION('',(0.,1.,0.));
#20765 = PLANE('',#20766);
#20766 = AXIS2_PLACEMENT_3D('',#20767,#20768,#20769);
#20767 = CARTESIAN_POINT('',(-174.,-16.,24.));
#20768 = DIRECTION('',(1.,0.,0.));
#20769 = DIRECTION('',(0.,0.,1.));
#20770 = ADVANCED_FACE('',(#20771),#20805,.T.);
#20771 = FACE_BOUND('',#20772,.T.);
#20772 = EDGE_LOOP('',(#20773,#20783,#20791,#20799));
#20773 = ORIENTED_EDGE('',*,*,#20774,.F.);
#20774 = EDGE_CURVE('',#20775,#20777,#20779,.T.);
#20775 = VERTEX_POINT('',#20776);
#20776 = CARTESIAN_POINT('',(-146.,-16.,24.));
#20777 = VERTEX_POINT('',#20778);
#20778 = CARTESIAN_POINT('',(-146.,-16.,57.));
#20779 = LINE('',#20780,#20781);
#20780 = CARTESIAN_POINT('',(-146.,-16.,24.));
#20781 = VECTOR('',#20782,1.);
#20782 = DIRECTION('',(0.,0.,1.));
#20783 = ORIENTED_EDGE('',*,*,#20784,.T.);
#20784 = EDGE_CURVE('',#20775,#20785,#20787,.T.);
#20785 = VERTEX_POINT('',#20786);
#20786 = CARTESIAN_POINT('',(-146.,-12.,24.));
#20787 = LINE('',#20788,#20789);
#20788 = CARTESIAN_POINT('',(-146.,-16.,24.));
#20789 = VECTOR('',#20790,1.);
#20790 = DIRECTION('',(0.,1.,0.));
#20791 = ORIENTED_EDGE('',*,*,#20792,.T.);
#20792 = EDGE_CURVE('',#20785,#20793,#20795,.T.);
#20793 = VERTEX_POINT('',#20794);
#20794 = CARTESIAN_POINT('',(-146.,-12.,57.));
#20795 = LINE('',#20796,#20797);
#20796 = CARTESIAN_POINT('',(-146.,-12.,24.));
#20797 = VECTOR('',#20798,1.);
#20798 = DIRECTION('',(0.,0.,1.));
#20799 = ORIENTED_EDGE('',*,*,#20800,.F.);
#20800 = EDGE_CURVE('',#20777,#20793,#20801,.T.);
#20801 = LINE('',#20802,#20803);
#20802 = CARTESIAN_POINT('',(-146.,-16.,57.));
#20803 = VECTOR('',#20804,1.);
#20804 = DIRECTION('',(0.,1.,0.));
#20805 = PLANE('',#20806);
#20806 = AXIS2_PLACEMENT_3D('',#20807,#20808,#20809);
#20807 = CARTESIAN_POINT('',(-146.,-16.,24.));
#20808 = DIRECTION('',(1.,0.,0.));
#20809 = DIRECTION('',(0.,0.,1.));
#20810 = ADVANCED_FACE('',(#20811),#20827,.F.);
#20811 = FACE_BOUND('',#20812,.F.);
#20812 = EDGE_LOOP('',(#20813,#20819,#20820,#20826));
#20813 = ORIENTED_EDGE('',*,*,#20814,.F.);
#20814 = EDGE_CURVE('',#20735,#20775,#20815,.T.);
#20815 = LINE('',#20816,#20817);
#20816 = CARTESIAN_POINT('',(-174.,-16.,24.));
#20817 = VECTOR('',#20818,1.);
#20818 = DIRECTION('',(1.,0.,0.));
#20819 = ORIENTED_EDGE('',*,*,#20734,.T.);
#20820 = ORIENTED_EDGE('',*,*,#20821,.T.);
#20821 = EDGE_CURVE('',#20737,#20777,#20822,.T.);
#20822 = LINE('',#20823,#20824);
#20823 = CARTESIAN_POINT('',(-174.,-16.,57.));
#20824 = VECTOR('',#20825,1.);
#20825 = DIRECTION('',(1.,0.,0.));
#20826 = ORIENTED_EDGE('',*,*,#20774,.F.);
#20827 = PLANE('',#20828);
#20828 = AXIS2_PLACEMENT_3D('',#20829,#20830,#20831);
#20829 = CARTESIAN_POINT('',(-174.,-16.,24.));
#20830 = DIRECTION('',(0.,1.,0.));
#20831 = DIRECTION('',(0.,0.,1.));
#20832 = ADVANCED_FACE('',(#20833),#20849,.T.);
#20833 = FACE_BOUND('',#20834,.T.);
#20834 = EDGE_LOOP('',(#20835,#20841,#20842,#20848));
#20835 = ORIENTED_EDGE('',*,*,#20836,.F.);
#20836 = EDGE_CURVE('',#20745,#20785,#20837,.T.);
#20837 = LINE('',#20838,#20839);
#20838 = CARTESIAN_POINT('',(-174.,-12.,24.));
#20839 = VECTOR('',#20840,1.);
#20840 = DIRECTION('',(1.,0.,0.));
#20841 = ORIENTED_EDGE('',*,*,#20752,.T.);
#20842 = ORIENTED_EDGE('',*,*,#20843,.T.);
#20843 = EDGE_CURVE('',#20753,#20793,#20844,.T.);
#20844 = LINE('',#20845,#20846);
#20845 = CARTESIAN_POINT('',(-174.,-12.,57.));
#20846 = VECTOR('',#20847,1.);
#20847 = DIRECTION('',(1.,0.,0.));
#20848 = ORIENTED_EDGE('',*,*,#20792,.F.);
#20849 = PLANE('',#20850);
#20850 = AXIS2_PLACEMENT_3D('',#20851,#20852,#20853);
#20851 = CARTESIAN_POINT('',(-174.,-12.,24.));
#20852 = DIRECTION('',(0.,1.,0.));
#20853 = DIRECTION('',(0.,0.,1.));
#20854 = ADVANCED_FACE('',(#20855),#20861,.F.);
#20855 = FACE_BOUND('',#20856,.F.);
#20856 = EDGE_LOOP('',(#20857,#20858,#20859,#20860));
#20857 = ORIENTED_EDGE('',*,*,#20744,.F.);
#20858 = ORIENTED_EDGE('',*,*,#20814,.T.);
#20859 = ORIENTED_EDGE('',*,*,#20784,.T.);
#20860 = ORIENTED_EDGE('',*,*,#20836,.F.);
#20861 = PLANE('',#20862);
#20862 = AXIS2_PLACEMENT_3D('',#20863,#20864,#20865);
#20863 = CARTESIAN_POINT('',(-174.,-16.,24.));
#20864 = DIRECTION('',(0.,0.,1.));
#20865 = DIRECTION('',(1.,0.,0.));
#20866 = ADVANCED_FACE('',(#20867),#20873,.T.);
#20867 = FACE_BOUND('',#20868,.T.);
#20868 = EDGE_LOOP('',(#20869,#20870,#20871,#20872));
#20869 = ORIENTED_EDGE('',*,*,#20760,.F.);
#20870 = ORIENTED_EDGE('',*,*,#20821,.T.);
#20871 = ORIENTED_EDGE('',*,*,#20800,.T.);
#20872 = ORIENTED_EDGE('',*,*,#20843,.F.);
#20873 = PLANE('',#20874);
#20874 = AXIS2_PLACEMENT_3D('',#20875,#20876,#20877);
#20875 = CARTESIAN_POINT('',(-174.,-16.,57.));
#20876 = DIRECTION('',(0.,0.,1.));
#20877 = DIRECTION('',(1.,0.,0.));
#20878 = MANIFOLD_SOLID_BREP('',#20879);
#20879 = CLOSED_SHELL('',(#20880,#20920,#20960,#20982,#21004,#21016));
#20880 = ADVANCED_FACE('',(#20881),#20915,.F.);
#20881 = FACE_BOUND('',#20882,.F.);
#20882 = EDGE_LOOP('',(#20883,#20893,#20901,#20909));
#20883 = ORIENTED_EDGE('',*,*,#20884,.F.);
#20884 = EDGE_CURVE('',#20885,#20887,#20889,.T.);
#20885 = VERTEX_POINT('',#20886);
#20886 = CARTESIAN_POINT('',(-174.,12.,24.));
#20887 = VERTEX_POINT('',#20888);
#20888 = CARTESIAN_POINT('',(-174.,12.,57.));
#20889 = LINE('',#20890,#20891);
#20890 = CARTESIAN_POINT('',(-174.,12.,24.));
#20891 = VECTOR('',#20892,1.);
#20892 = DIRECTION('',(0.,0.,1.));
#20893 = ORIENTED_EDGE('',*,*,#20894,.T.);
#20894 = EDGE_CURVE('',#20885,#20895,#20897,.T.);
#20895 = VERTEX_POINT('',#20896);
#20896 = CARTESIAN_POINT('',(-174.,16.,24.));
#20897 = LINE('',#20898,#20899);
#20898 = CARTESIAN_POINT('',(-174.,12.,24.));
#20899 = VECTOR('',#20900,1.);
#20900 = DIRECTION('',(0.,1.,0.));
#20901 = ORIENTED_EDGE('',*,*,#20902,.T.);
#20902 = EDGE_CURVE('',#20895,#20903,#20905,.T.);
#20903 = VERTEX_POINT('',#20904);
#20904 = CARTESIAN_POINT('',(-174.,16.,57.));
#20905 = LINE('',#20906,#20907);
#20906 = CARTESIAN_POINT('',(-174.,16.,24.));
#20907 = VECTOR('',#20908,1.);
#20908 = DIRECTION('',(0.,0.,1.));
#20909 = ORIENTED_EDGE('',*,*,#20910,.F.);
#20910 = EDGE_CURVE('',#20887,#20903,#20911,.T.);
#20911 = LINE('',#20912,#20913);
#20912 = CARTESIAN_POINT('',(-174.,12.,57.));
#20913 = VECTOR('',#20914,1.);
#20914 = DIRECTION('',(0.,1.,0.));
#20915 = PLANE('',#20916);
#20916 = AXIS2_PLACEMENT_3D('',#20917,#20918,#20919);
#20917 = CARTESIAN_POINT('',(-174.,12.,24.));
#20918 = DIRECTION('',(1.,0.,0.));
#20919 = DIRECTION('',(0.,0.,1.));
#20920 = ADVANCED_FACE('',(#20921),#20955,.T.);
#20921 = FACE_BOUND('',#20922,.T.);
#20922 = EDGE_LOOP('',(#20923,#20933,#20941,#20949));
#20923 = ORIENTED_EDGE('',*,*,#20924,.F.);
#20924 = EDGE_CURVE('',#20925,#20927,#20929,.T.);
#20925 = VERTEX_POINT('',#20926);
#20926 = CARTESIAN_POINT('',(-146.,12.,24.));
#20927 = VERTEX_POINT('',#20928);
#20928 = CARTESIAN_POINT('',(-146.,12.,57.));
#20929 = LINE('',#20930,#20931);
#20930 = CARTESIAN_POINT('',(-146.,12.,24.));
#20931 = VECTOR('',#20932,1.);
#20932 = DIRECTION('',(0.,0.,1.));
#20933 = ORIENTED_EDGE('',*,*,#20934,.T.);
#20934 = EDGE_CURVE('',#20925,#20935,#20937,.T.);
#20935 = VERTEX_POINT('',#20936);
#20936 = CARTESIAN_POINT('',(-146.,16.,24.));
#20937 = LINE('',#20938,#20939);
#20938 = CARTESIAN_POINT('',(-146.,12.,24.));
#20939 = VECTOR('',#20940,1.);
#20940 = DIRECTION('',(0.,1.,0.));
#20941 = ORIENTED_EDGE('',*,*,#20942,.T.);
#20942 = EDGE_CURVE('',#20935,#20943,#20945,.T.);
#20943 = VERTEX_POINT('',#20944);
#20944 = CARTESIAN_POINT('',(-146.,16.,57.));
#20945 = LINE('',#20946,#20947);
#20946 = CARTESIAN_POINT('',(-146.,16.,24.));
#20947 = VECTOR('',#20948,1.);
#20948 = DIRECTION('',(0.,0.,1.));
#20949 = ORIENTED_EDGE('',*,*,#20950,.F.);
#20950 = EDGE_CURVE('',#20927,#20943,#20951,.T.);
#20951 = LINE('',#20952,#20953);
#20952 = CARTESIAN_POINT('',(-146.,12.,57.));
#20953 = VECTOR('',#20954,1.);
#20954 = DIRECTION('',(0.,1.,0.));
#20955 = PLANE('',#20956);
#20956 = AXIS2_PLACEMENT_3D('',#20957,#20958,#20959);
#20957 = CARTESIAN_POINT('',(-146.,12.,24.));
#20958 = DIRECTION('',(1.,0.,0.));
#20959 = DIRECTION('',(0.,0.,1.));
#20960 = ADVANCED_FACE('',(#20961),#20977,.F.);
#20961 = FACE_BOUND('',#20962,.F.);
#20962 = EDGE_LOOP('',(#20963,#20969,#20970,#20976));
#20963 = ORIENTED_EDGE('',*,*,#20964,.F.);
#20964 = EDGE_CURVE('',#20885,#20925,#20965,.T.);
#20965 = LINE('',#20966,#20967);
#20966 = CARTESIAN_POINT('',(-174.,12.,24.));
#20967 = VECTOR('',#20968,1.);
#20968 = DIRECTION('',(1.,0.,0.));
#20969 = ORIENTED_EDGE('',*,*,#20884,.T.);
#20970 = ORIENTED_EDGE('',*,*,#20971,.T.);
#20971 = EDGE_CURVE('',#20887,#20927,#20972,.T.);
#20972 = LINE('',#20973,#20974);
#20973 = CARTESIAN_POINT('',(-174.,12.,57.));
#20974 = VECTOR('',#20975,1.);
#20975 = DIRECTION('',(1.,0.,0.));
#20976 = ORIENTED_EDGE('',*,*,#20924,.F.);
#20977 = PLANE('',#20978);
#20978 = AXIS2_PLACEMENT_3D('',#20979,#20980,#20981);
#20979 = CARTESIAN_POINT('',(-174.,12.,24.));
#20980 = DIRECTION('',(0.,1.,0.));
#20981 = DIRECTION('',(0.,0.,1.));
#20982 = ADVANCED_FACE('',(#20983),#20999,.T.);
#20983 = FACE_BOUND('',#20984,.T.);
#20984 = EDGE_LOOP('',(#20985,#20991,#20992,#20998));
#20985 = ORIENTED_EDGE('',*,*,#20986,.F.);
#20986 = EDGE_CURVE('',#20895,#20935,#20987,.T.);
#20987 = LINE('',#20988,#20989);
#20988 = CARTESIAN_POINT('',(-174.,16.,24.));
#20989 = VECTOR('',#20990,1.);
#20990 = DIRECTION('',(1.,0.,0.));
#20991 = ORIENTED_EDGE('',*,*,#20902,.T.);
#20992 = ORIENTED_EDGE('',*,*,#20993,.T.);
#20993 = EDGE_CURVE('',#20903,#20943,#20994,.T.);
#20994 = LINE('',#20995,#20996);
#20995 = CARTESIAN_POINT('',(-174.,16.,57.));
#20996 = VECTOR('',#20997,1.);
#20997 = DIRECTION('',(1.,0.,0.));
#20998 = ORIENTED_EDGE('',*,*,#20942,.F.);
#20999 = PLANE('',#21000);
#21000 = AXIS2_PLACEMENT_3D('',#21001,#21002,#21003);
#21001 = CARTESIAN_POINT('',(-174.,16.,24.));
#21002 = DIRECTION('',(0.,1.,0.));
#21003 = DIRECTION('',(0.,0.,1.));
#21004 = ADVANCED_FACE('',(#21005),#21011,.F.);
#21005 = FACE_BOUND('',#21006,.F.);
#21006 = EDGE_LOOP('',(#21007,#21008,#21009,#21010));
#21007 = ORIENTED_EDGE('',*,*,#20894,.F.);
#21008 = ORIENTED_EDGE('',*,*,#20964,.T.);
#21009 = ORIENTED_EDGE('',*,*,#20934,.T.);
#21010 = ORIENTED_EDGE('',*,*,#20986,.F.);
#21011 = PLANE('',#21012);
#21012 = AXIS2_PLACEMENT_3D('',#21013,#21014,#21015);
#21013 = CARTESIAN_POINT('',(-174.,12.,24.));
#21014 = DIRECTION('',(0.,0.,1.));
#21015 = DIRECTION('',(1.,0.,0.));
#21016 = ADVANCED_FACE('',(#21017),#21023,.T.);
#21017 = FACE_BOUND('',#21018,.T.);
#21018 = EDGE_LOOP('',(#21019,#21020,#21021,#21022));
#21019 = ORIENTED_EDGE('',*,*,#20910,.F.);
#21020 = ORIENTED_EDGE('',*,*,#20971,.T.);
#21021 = ORIENTED_EDGE('',*,*,#20950,.T.);
#21022 = ORIENTED_EDGE('',*,*,#20993,.F.);
#21023 = PLANE('',#21024);
#21024 = AXIS2_PLACEMENT_3D('',#21025,#21026,#21027);
#21025 = CARTESIAN_POINT('',(-174.,12.,57.));
#21026 = DIRECTION('',(0.,0.,1.));
#21027 = DIRECTION('',(1.,0.,0.));
#21028 = MANIFOLD_SOLID_BREP('',#21029);
#21029 = CLOSED_SHELL('',(#21030,#21063,#21072));
#21030 = ADVANCED_FACE('',(#21031),#21058,.T.);
#21031 = FACE_BOUND('',#21032,.T.);
#21032 = EDGE_LOOP('',(#21033,#21042,#21050,#21057));
#21033 = ORIENTED_EDGE('',*,*,#21034,.F.);
#21034 = EDGE_CURVE('',#21035,#21035,#21037,.T.);
#21035 = VERTEX_POINT('',#21036);
#21036 = CARTESIAN_POINT('',(-166.,10.,50.));
#21037 = CIRCLE('',#21038,25.);
#21038 = AXIS2_PLACEMENT_3D('',#21039,#21040,#21041);
#21039 = CARTESIAN_POINT('',(-166.,10.,25.));
#21040 = DIRECTION('',(0.,1.,0.));
#21041 = DIRECTION('',(0.,0.,1.));
#21042 = ORIENTED_EDGE('',*,*,#21043,.F.);
#21043 = EDGE_CURVE('',#21044,#21035,#21046,.T.);
#21044 = VERTEX_POINT('',#21045);
#21045 = CARTESIAN_POINT('',(-166.,-10.,50.));
#21046 = LINE('',#21047,#21048);
#21047 = CARTESIAN_POINT('',(-166.,-10.,50.));
#21048 = VECTOR('',#21049,1.);
#21049 = DIRECTION('',(0.,1.,0.));
#21050 = ORIENTED_EDGE('',*,*,#21051,.T.);
#21051 = EDGE_CURVE('',#21044,#21044,#21052,.T.);
#21052 = CIRCLE('',#21053,25.);
#21053 = AXIS2_PLACEMENT_3D('',#21054,#21055,#21056);
#21054 = CARTESIAN_POINT('',(-166.,-10.,25.));
#21055 = DIRECTION('',(0.,1.,0.));
#21056 = DIRECTION('',(0.,0.,1.));
#21057 = ORIENTED_EDGE('',*,*,#21043,.T.);
#21058 = CYLINDRICAL_SURFACE('',#21059,25.);
#21059 = AXIS2_PLACEMENT_3D('',#21060,#21061,#21062);
#21060 = CARTESIAN_POINT('',(-166.,-10.,25.));
#21061 = DIRECTION('',(0.,1.,0.));
#21062 = DIRECTION('',(0.,0.,1.));
#21063 = ADVANCED_FACE('',(#21064),#21067,.T.);
#21064 = FACE_BOUND('',#21065,.T.);
#21065 = EDGE_LOOP('',(#21066));
#21066 = ORIENTED_EDGE('',*,*,#21034,.T.);
#21067 = PLANE('',#21068);
#21068 = AXIS2_PLACEMENT_3D('',#21069,#21070,#21071);
#21069 = CARTESIAN_POINT('',(-166.,10.,25.));
#21070 = DIRECTION('',(0.,1.,0.));
#21071 = DIRECTION('',(0.,0.,1.));
#21072 = ADVANCED_FACE('',(#21073),#21076,.F.);
#21073 = FACE_BOUND('',#21074,.T.);
#21074 = EDGE_LOOP('',(#21075));
#21075 = ORIENTED_EDGE('',*,*,#21051,.F.);
#21076 = PLANE('',#21077);
#21077 = AXIS2_PLACEMENT_3D('',#21078,#21079,#21080);
#21078 = CARTESIAN_POINT('',(-166.,-10.,25.));
#21079 = DIRECTION('',(0.,1.,0.));
#21080 = DIRECTION('',(0.,0.,1.));
#21081 = ( GEOMETRIC_REPRESENTATION_CONTEXT(3)
GLOBAL_UNCERTAINTY_ASSIGNED_CONTEXT((#21085))
GLOBAL_UNIT_ASSIGNED_CONTEXT((#21082,#21083,#21084))
REPRESENTATION_CONTEXT('Context #1',
  '3D Context with UNIT and UNCERTAINTY') );
#21082 = ( LENGTH_UNIT() NAMED_UNIT(*) SI_UNIT(.MILLI.,.METRE.) );
#21083 = ( NAMED_UNIT(*) PLANE_ANGLE_UNIT() SI_UNIT($,.RADIAN.) );
#21084 = ( NAMED_UNIT(*) SI_UNIT($,.STERADIAN.) SOLID_ANGLE_UNIT() );
#21085 = UNCERTAINTY_MEASURE_WITH_UNIT(LENGTH_MEASURE(1.E-07),#21082,
  'distance_accuracy_value','confusion accuracy');
#21086 = PRODUCT_RELATED_PRODUCT_CATEGORY('part',$,(#7));
ENDSEC;
END-ISO-10303-21;
