ISO-10303-21;
HEADER;
FILE_DESCRIPTION (( 'STEP AP203' ),
    '1' );
FILE_NAME ('SFF-324.STEP',
    '2011-01-31T02:17:38',
    ( 'SUS‡Š' ),
    ( 'SUS‡Š' ),
    'SwSTEP 2.0',
    'SolidWorks 2006303',
    '' );
FILE_SCHEMA (( 'CONFIG_CONTROL_DESIGN' ));
ENDSEC;

DATA;
#1 = EDGE_CURVE ( 'NONE', #371, #301, #2033, .T. ) ;
#2 = ORIENTED_EDGE ( 'NONE', *, *, #1, .F. ) ;
#3 = EDGE_CURVE ( 'NONE', #388, #223, #2029, .T. ) ;
#4 = ORIENTED_EDGE ( 'NONE', *, *, #87, .F. ) ;
#5 = ORIENTED_EDGE ( 'NONE', *, *, #3, .F. ) ;
#6 = EDGE_LOOP ( 'NONE', ( #4, #89, #102, #104 ) ) ;
#7 = ADVANCED_FACE ( 'NONE', ( #2025 ), #2023, .T. ) ;
#8 = ORIENTED_EDGE ( 'NONE', *, *, #9, .F. ) ;
#9 = EDGE_CURVE ( 'NONE', #484, #485, #2024, .T. ) ;
#10 = EDGE_CURVE ( 'NONE', #701, #530, #1859, .T. ) ;
#11 = ORIENTED_EDGE ( 'NONE', *, *, #621, .T. ) ;
#12 = ADVANCED_FACE ( 'NONE', ( #1855 ), #1854, .T. ) ;
#13 = EDGE_LOOP ( 'NONE', ( #468, #470, #473, #475 ) ) ;
#14 = VERTEX_POINT ( 'NONE', #1849 ) ;
#15 = ORIENTED_EDGE ( 'NONE', *, *, #531, .T. ) ;
#16 = EDGE_LOOP ( 'NONE', ( #467, #456, #459, #462 ) ) ;
#17 = EDGE_LOOP ( 'NONE', ( #18, #22, #79, #82 ) ) ;
#18 = ORIENTED_EDGE ( 'NONE', *, *, #19, .T. ) ;
#19 = EDGE_CURVE ( 'NONE', #20, #21, #1848, .T. ) ;
#20 = VERTEX_POINT ( 'NONE', #1844 ) ;
#21 = VERTEX_POINT ( 'NONE', #1843 ) ;
#22 = ORIENTED_EDGE ( 'NONE', *, *, #23, .T. ) ;
#23 = EDGE_CURVE ( 'NONE', #21, #78, #1842, .T. ) ;
#24 = EDGE_CURVE ( 'NONE', #98, #58, #1838, .T. ) ;
#25 = ORIENTED_EDGE ( 'NONE', *, *, #57, .T. ) ;
#26 = ADVANCED_FACE ( 'NONE', ( #1796 ), #1834, .T. ) ;
#27 = ORIENTED_EDGE ( 'NONE', *, *, #28, .F. ) ;
#28 = EDGE_CURVE ( 'NONE', #29, #120, #1791, .T. ) ;
#29 = VERTEX_POINT ( 'NONE', #1787 ) ;
#30 = ORIENTED_EDGE ( 'NONE', *, *, #31, .T. ) ;
#31 = EDGE_CURVE ( 'NONE', #29, #32, #1786, .T. ) ;
#32 = VERTEX_POINT ( 'NONE', #1782 ) ;
#33 = ORIENTED_EDGE ( 'NONE', *, *, #34, .T. ) ;
#34 = EDGE_CURVE ( 'NONE', #32, #123, #1781, .T. ) ;
#35 = ORIENTED_EDGE ( 'NONE', *, *, #122, .T. ) ;
#36 = ADVANCED_FACE ( 'NONE', ( #1777 ), #1776, .T. ) ;
#37 = EDGE_LOOP ( 'NONE', ( #64, #68, #2020, #15 ) ) ;
#38 = EDGE_CURVE ( 'NONE', #39, #1872, #1771, .T. ) ;
#39 = VERTEX_POINT ( 'NONE', #1767 ) ;
#40 = EDGE_CURVE ( 'NONE', #41, #42, #2254, .T. ) ;
#41 = VERTEX_POINT ( 'NONE', #2251 ) ;
#42 = VERTEX_POINT ( 'NONE', #2250 ) ;
#43 = ORIENTED_EDGE ( 'NONE', *, *, #44, .T. ) ;
#44 = EDGE_CURVE ( 'NONE', #42, #45, #2258, .T. ) ;
#45 = VERTEX_POINT ( 'NONE', #2253 ) ;
#46 = ORIENTED_EDGE ( 'NONE', *, *, #47, .F. ) ;
#47 = EDGE_CURVE ( 'NONE', #48, #45, #2283, .T. ) ;
#48 = VERTEX_POINT ( 'NONE', #2279 ) ;
#49 = ORIENTED_EDGE ( 'NONE', *, *, #50, .F. ) ;
#50 = EDGE_CURVE ( 'NONE', #41, #48, #2278, .T. ) ;
#51 = ADVANCED_FACE ( 'NONE', ( #2274 ), #2273, .T. ) ;
#52 = EDGE_LOOP ( 'NONE', ( #53, #56, #59, #90 ) ) ;
#53 = ORIENTED_EDGE ( 'NONE', *, *, #54, .F. ) ;
#54 = EDGE_CURVE ( 'NONE', #55, #48, #2268, .T. ) ;
#55 = VERTEX_POINT ( 'NONE', #2264 ) ;
#56 = ORIENTED_EDGE ( 'NONE', *, *, #57, .F. ) ;
#57 = EDGE_CURVE ( 'NONE', #58, #55, #2263, .T. ) ;
#58 = VERTEX_POINT ( 'NONE', #2259 ) ;
#59 = ORIENTED_EDGE ( 'NONE', *, *, #60, .T. ) ;
#60 = EDGE_CURVE ( 'NONE', #58, #41, #2305, .T. ) ;
#61 = ORIENTED_EDGE ( 'NONE', *, *, #62, .T. ) ;
#62 = EDGE_CURVE ( 'NONE', #39, #63, #2301, .T. ) ;
#63 = VERTEX_POINT ( 'NONE', #2297 ) ;
#64 = ORIENTED_EDGE ( 'NONE', *, *, #65, .T. ) ;
#65 = EDGE_CURVE ( 'NONE', #66, #67, #2296, .T. ) ;
#66 = VERTEX_POINT ( 'NONE', #2292 ) ;
#67 = VERTEX_POINT ( 'NONE', #2291 ) ;
#68 = ORIENTED_EDGE ( 'NONE', *, *, #69, .F. ) ;
#69 = EDGE_CURVE ( 'NONE', #70, #67, #2290, .T. ) ;
#70 = VERTEX_POINT ( 'NONE', #2286 ) ;
#71 = ADVANCED_FACE ( 'NONE', ( #2285 ), #2284, .F. ) ;
#72 = ORIENTED_EDGE ( 'NONE', *, *, #73, .T. ) ;
#73 = EDGE_CURVE ( 'NONE', #63, #1866, #2181, .T. ) ;
#74 = ORIENTED_EDGE ( 'NONE', *, *, #1874, .T. ) ;
#75 = ADVANCED_FACE ( 'NONE', ( #2177 ), #2176, .T. ) ;
#76 = EDGE_LOOP ( 'NONE', ( #77, #43, #46, #49 ) ) ;
#77 = ORIENTED_EDGE ( 'NONE', *, *, #40, .T. ) ;
#78 = VERTEX_POINT ( 'NONE', #2171 ) ;
#79 = ORIENTED_EDGE ( 'NONE', *, *, #80, .F. ) ;
#80 = EDGE_CURVE ( 'NONE', #81, #78, #2170, .T. ) ;
#81 = VERTEX_POINT ( 'NONE', #2119 ) ;
#82 = ORIENTED_EDGE ( 'NONE', *, *, #83, .T. ) ;
#83 = EDGE_CURVE ( 'NONE', #81, #20, #2118, .T. ) ;
#84 = ADVANCED_FACE ( 'NONE', ( #2114 ), #2113, .T. ) ;
#85 = EDGE_LOOP ( 'NONE', ( #86, #61, #72, #74 ) ) ;
#86 = ORIENTED_EDGE ( 'NONE', *, *, #38, .F. ) ;
#87 = EDGE_CURVE ( 'NONE', #88, #95, #2108, .T. ) ;
#88 = VERTEX_POINT ( 'NONE', #2104 ) ;
#89 = ORIENTED_EDGE ( 'NONE', *, *, #100, .F. ) ;
#90 = ORIENTED_EDGE ( 'NONE', *, *, #50, .T. ) ;
#91 = ADVANCED_FACE ( 'NONE', ( #2103 ), #2102, .T. ) ;
#92 = EDGE_LOOP ( 'NONE', ( #93, #96, #99, #25 ) ) ;
#93 = ORIENTED_EDGE ( 'NONE', *, *, #94, .F. ) ;
#94 = EDGE_CURVE ( 'NONE', #95, #55, #2097, .T. ) ;
#95 = VERTEX_POINT ( 'NONE', #2093 ) ;
#96 = ORIENTED_EDGE ( 'NONE', *, *, #97, .F. ) ;
#97 = EDGE_CURVE ( 'NONE', #98, #95, #2092, .T. ) ;
#98 = VERTEX_POINT ( 'NONE', #2153 ) ;
#99 = ORIENTED_EDGE ( 'NONE', *, *, #24, .T. ) ;
#100 = EDGE_CURVE ( 'NONE', #101, #88, #2152, .T. ) ;
#101 = VERTEX_POINT ( 'NONE', #2148 ) ;
#102 = ORIENTED_EDGE ( 'NONE', *, *, #103, .T. ) ;
#103 = EDGE_CURVE ( 'NONE', #101, #98, #2147, .T. ) ;
#104 = ORIENTED_EDGE ( 'NONE', *, *, #97, .T. ) ;
#105 = ADVANCED_FACE ( 'NONE', ( #2143 ), #2142, .T. ) ;
#106 = EDGE_LOOP ( 'NONE', ( #107, #110, #113, #115 ) ) ;
#107 = ORIENTED_EDGE ( 'NONE', *, *, #108, .F. ) ;
#108 = EDGE_CURVE ( 'NONE', #109, #88, #2137, .T. ) ;
#109 = VERTEX_POINT ( 'NONE', #2133 ) ;
#110 = ORIENTED_EDGE ( 'NONE', *, *, #111, .F. ) ;
#111 = EDGE_CURVE ( 'NONE', #112, #109, #2132, .T. ) ;
#112 = VERTEX_POINT ( 'NONE', #2128 ) ;
#113 = ORIENTED_EDGE ( 'NONE', *, *, #114, .T. ) ;
#114 = EDGE_CURVE ( 'NONE', #112, #101, #2127, .T. ) ;
#115 = ORIENTED_EDGE ( 'NONE', *, *, #100, .T. ) ;
#116 = ADVANCED_FACE ( 'NONE', ( #2249 ), #2248, .T. ) ;
#117 = EDGE_LOOP ( 'NONE', ( #118, #121, #124, #126 ) ) ;
#118 = ORIENTED_EDGE ( 'NONE', *, *, #119, .F. ) ;
#119 = EDGE_CURVE ( 'NONE', #120, #109, #2243, .T. ) ;
#120 = VERTEX_POINT ( 'NONE', #2239 ) ;
#121 = ORIENTED_EDGE ( 'NONE', *, *, #122, .F. ) ;
#122 = EDGE_CURVE ( 'NONE', #123, #120, #2238, .T. ) ;
#123 = VERTEX_POINT ( 'NONE', #2234 ) ;
#124 = ORIENTED_EDGE ( 'NONE', *, *, #125, .T. ) ;
#125 = EDGE_CURVE ( 'NONE', #123, #112, #2233, .T. ) ;
#126 = ORIENTED_EDGE ( 'NONE', *, *, #111, .T. ) ;
#127 = ADVANCED_FACE ( 'NONE', ( #2216 ), #2215, .T. ) ;
#128 = EDGE_LOOP ( 'NONE', ( #27, #30, #33, #35 ) ) ;
#129 = ORIENTED_EDGE ( 'NONE', *, *, #130, .F. ) ;
#130 = EDGE_CURVE ( 'NONE', #131, #432, #2210, .T. ) ;
#131 = VERTEX_POINT ( 'NONE', #2206 ) ;
#132 = ORIENTED_EDGE ( 'NONE', *, *, #133, .F. ) ;
#133 = EDGE_CURVE ( 'NONE', #208, #131, #2205, .T. ) ;
#134 = ORIENTED_EDGE ( 'NONE', *, *, #207, .T. ) ;
#135 = ADVANCED_FACE ( 'NONE', ( #2201 ), #2200, .F. ) ;
#136 = ORIENTED_EDGE ( 'NONE', *, *, #137, .T. ) ;
#137 = EDGE_CURVE ( 'NONE', #159, #138, #2195, .T. ) ;
#138 = VERTEX_POINT ( 'NONE', #2191 ) ;
#139 = ORIENTED_EDGE ( 'NONE', *, *, #140, .T. ) ;
#140 = EDGE_CURVE ( 'NONE', #138, #156, #2190, .T. ) ;
#141 = ADVANCED_FACE ( 'NONE', ( #2186 ), #2231, .F. ) ;
#142 = EDGE_CURVE ( 'NONE', #206, #245, #2226, .T. ) ;
#143 = ORIENTED_EDGE ( 'NONE', *, *, #144, .F. ) ;
#144 = EDGE_CURVE ( 'NONE', #131, #206, #2222, .T. ) ;
#145 = ORIENTED_EDGE ( 'NONE', *, *, #130, .T. ) ;
#146 = ADVANCED_FACE ( 'NONE', ( #2068 ), #2067, .F. ) ;
#147 = EDGE_LOOP ( 'NONE', ( #148, #233, #236, #315 ) ) ;
#148 = ORIENTED_EDGE ( 'NONE', *, *, #149, .T. ) ;
#149 = EDGE_CURVE ( 'NONE', #245, #232, #2062, .T. ) ;
#150 = ORIENTED_EDGE ( 'NONE', *, *, #194, .T. ) ;
#151 = EDGE_LOOP ( 'NONE', ( #238, #241, #425, #427 ) ) ;
#152 = ADVANCED_FACE ( 'NONE', ( #2058 ), #2088, .F. ) ;
#153 = ORIENTED_EDGE ( 'NONE', *, *, #154, .F. ) ;
#154 = EDGE_CURVE ( 'NONE', #155, #156, #2083, .T. ) ;
#155 = VERTEX_POINT ( 'NONE', #2079 ) ;
#156 = VERTEX_POINT ( 'NONE', #2078 ) ;
#157 = ORIENTED_EDGE ( 'NONE', *, *, #158, .T. ) ;
#158 = EDGE_CURVE ( 'NONE', #155, #159, #2077, .T. ) ;
#159 = VERTEX_POINT ( 'NONE', #2073 ) ;
#160 = ORIENTED_EDGE ( 'NONE', *, *, #161, .T. ) ;
#161 = EDGE_CURVE ( 'NONE', #162, #163, #2072, .T. ) ;
#162 = VERTEX_POINT ( 'NONE', #2168 ) ;
#163 = VERTEX_POINT ( 'NONE', #2167 ) ;
#164 = ORIENTED_EDGE ( 'NONE', *, *, #165, .F. ) ;
#165 = EDGE_CURVE ( 'NONE', #166, #163, #2166, .T. ) ;
#166 = VERTEX_POINT ( 'NONE', #2162 ) ;
#167 = ORIENTED_EDGE ( 'NONE', *, *, #168, .F. ) ;
#168 = EDGE_CURVE ( 'NONE', #170, #166, #2161, .T. ) ;
#169 = VERTEX_POINT ( 'NONE', #2157 ) ;
#170 = VERTEX_POINT ( 'NONE', #2156 ) ;
#171 = ORIENTED_EDGE ( 'NONE', *, *, #172, .T. ) ;
#172 = EDGE_CURVE ( 'NONE', #170, #162, #2154, .T. ) ;
#173 = EDGE_LOOP ( 'NONE', ( #358, #362, #190, #193 ) ) ;
#174 = ORIENTED_EDGE ( 'NONE', *, *, #175, .T. ) ;
#175 = EDGE_CURVE ( 'NONE', #2019, #176, #2482, .T. ) ;
#176 = VERTEX_POINT ( 'NONE', #2403 ) ;
#177 = ORIENTED_EDGE ( 'NONE', *, *, #178, .T. ) ;
#178 = EDGE_CURVE ( 'NONE', #169, #2018, #2402, .T. ) ;
#179 = ORIENTED_EDGE ( 'NONE', *, *, #180, .T. ) ;
#180 = EDGE_CURVE ( 'NONE', #1991, #356, #2543, .T. ) ;
#181 = ORIENTED_EDGE ( 'NONE', *, *, #182, .T. ) ;
#182 = EDGE_CURVE ( 'NONE', #356, #183, #2544, .T. ) ;
#183 = VERTEX_POINT ( 'NONE', #2483 ) ;
#184 = ORIENTED_EDGE ( 'NONE', *, *, #185, .F. ) ;
#185 = EDGE_CURVE ( 'NONE', #1897, #183, #2397, .T. ) ;
#186 = ORIENTED_EDGE ( 'NONE', *, *, #1914, .T. ) ;
#187 = ADVANCED_FACE ( 'NONE', ( #2398 ), #2390, .F. ) ;
#188 = EDGE_LOOP ( 'NONE', ( #189, #204, #435, #448 ) ) ;
#189 = ORIENTED_EDGE ( 'NONE', *, *, #2050, .F. ) ;
#190 = ORIENTED_EDGE ( 'NONE', *, *, #191, .T. ) ;
#191 = EDGE_CURVE ( 'NONE', #364, #192, #2391, .T. ) ;
#192 = VERTEX_POINT ( 'NONE', #2383 ) ;
#193 = ORIENTED_EDGE ( 'NONE', *, *, #194, .F. ) ;
#194 = EDGE_CURVE ( 'NONE', #361, #192, #2382, .T. ) ;
#195 = ADVANCED_FACE ( 'NONE', ( #2378 ), #2377, .F. ) ;
#196 = EDGE_LOOP ( 'NONE', ( #197, #200, #203, #150 ) ) ;
#197 = ORIENTED_EDGE ( 'NONE', *, *, #198, .T. ) ;
#198 = EDGE_CURVE ( 'NONE', #192, #199, #2372, .T. ) ;
#199 = VERTEX_POINT ( 'NONE', #2368 ) ;
#200 = ORIENTED_EDGE ( 'NONE', *, *, #201, .F. ) ;
#201 = EDGE_CURVE ( 'NONE', #202, #199, #2367, .T. ) ;
#202 = VERTEX_POINT ( 'NONE', #2363 ) ;
#203 = ORIENTED_EDGE ( 'NONE', *, *, #209, .F. ) ;
#204 = ORIENTED_EDGE ( 'NONE', *, *, #433, .F. ) ;
#205 = ORIENTED_EDGE ( 'NONE', *, *, #142, .F. ) ;
#206 = VERTEX_POINT ( 'NONE', #2362 ) ;
#207 = EDGE_CURVE ( 'NONE', #208, #240, #2361, .T. ) ;
#208 = VERTEX_POINT ( 'NONE', #2357 ) ;
#209 = EDGE_CURVE ( 'NONE', #361, #202, #2356, .T. ) ;
#210 = ORIENTED_EDGE ( 'NONE', *, *, #211, .F. ) ;
#211 = EDGE_CURVE ( 'NONE', #212, #231, #2352, .T. ) ;
#212 = VERTEX_POINT ( 'NONE', #2348 ) ;
#213 = ORIENTED_EDGE ( 'NONE', *, *, #214, .T. ) ;
#214 = EDGE_CURVE ( 'NONE', #212, #227, #2347, .T. ) ;
#215 = ADVANCED_FACE ( 'NONE', ( #2343 ), #2342, .F. ) ;
#216 = EDGE_LOOP ( 'NONE', ( #217, #221, #5, #389 ) ) ;
#217 = ORIENTED_EDGE ( 'NONE', *, *, #218, .T. ) ;
#218 = EDGE_CURVE ( 'NONE', #219, #220, #2337, .T. ) ;
#219 = VERTEX_POINT ( 'NONE', #2313 ) ;
#220 = VERTEX_POINT ( 'NONE', #2312 ) ;
#221 = ORIENTED_EDGE ( 'NONE', *, *, #222, .F. ) ;
#222 = EDGE_CURVE ( 'NONE', #223, #220, #2311, .T. ) ;
#223 = VERTEX_POINT ( 'NONE', #2307 ) ;
#224 = EDGE_CURVE ( 'NONE', #659, #270, #2306, .T. ) ;
#225 = ORIENTED_EDGE ( 'NONE', *, *, #226, .T. ) ;
#226 = EDGE_CURVE ( 'NONE', #227, #228, #2332, .T. ) ;
#227 = VERTEX_POINT ( 'NONE', #2328 ) ;
#228 = VERTEX_POINT ( 'NONE', #2327 ) ;
#229 = ORIENTED_EDGE ( 'NONE', *, *, #230, .T. ) ;
#230 = EDGE_CURVE ( 'NONE', #228, #231, #2326, .T. ) ;
#231 = VERTEX_POINT ( 'NONE', #2322 ) ;
#232 = VERTEX_POINT ( 'NONE', #2321 ) ;
#233 = ORIENTED_EDGE ( 'NONE', *, *, #234, .F. ) ;
#234 = EDGE_CURVE ( 'NONE', #235, #232, #2320, .T. ) ;
#235 = VERTEX_POINT ( 'NONE', #2316 ) ;
#236 = ORIENTED_EDGE ( 'NONE', *, *, #237, .F. ) ;
#237 = EDGE_CURVE ( 'NONE', #206, #235, #2541, .T. ) ;
#238 = ORIENTED_EDGE ( 'NONE', *, *, #239, .T. ) ;
#239 = EDGE_CURVE ( 'NONE', #199, #240, #2537, .T. ) ;
#240 = VERTEX_POINT ( 'NONE', #2533 ) ;
#241 = ORIENTED_EDGE ( 'NONE', *, *, #207, .F. ) ;
#242 = EDGE_LOOP ( 'NONE', ( #243, #205, #143, #145 ) ) ;
#243 = ORIENTED_EDGE ( 'NONE', *, *, #244, .T. ) ;
#244 = EDGE_CURVE ( 'NONE', #432, #245, #2532, .T. ) ;
#245 = VERTEX_POINT ( 'NONE', #2528 ) ;
#246 = EDGE_LOOP ( 'NONE', ( #258, #262, #265, #268 ) ) ;
#247 = ORIENTED_EDGE ( 'NONE', *, *, #284, .T. ) ;
#248 = ADVANCED_FACE ( 'NONE', ( #2527 ), #2526, .F. ) ;
#249 = EDGE_LOOP ( 'NONE', ( #250, #253, #391, #393 ) ) ;
#250 = ORIENTED_EDGE ( 'NONE', *, *, #251, .T. ) ;
#251 = EDGE_CURVE ( 'NONE', #309, #252, #2477, .T. ) ;
#252 = VERTEX_POINT ( 'NONE', #2473 ) ;
#253 = ORIENTED_EDGE ( 'NONE', *, *, #254, .F. ) ;
#254 = EDGE_CURVE ( 'NONE', #255, #252, #2472, .T. ) ;
#255 = VERTEX_POINT ( 'NONE', #2468 ) ;
#256 = EDGE_CURVE ( 'NONE', #277, #407, #2521, .T. ) ;
#257 = ADVANCED_FACE ( 'NONE', ( #2517 ), #2516, .F. ) ;
#258 = ORIENTED_EDGE ( 'NONE', *, *, #259, .F. ) ;
#259 = EDGE_CURVE ( 'NONE', #260, #261, #2511, .T. ) ;
#260 = VERTEX_POINT ( 'NONE', #2507 ) ;
#261 = VERTEX_POINT ( 'NONE', #2506 ) ;
#262 = ORIENTED_EDGE ( 'NONE', *, *, #263, .T. ) ;
#263 = EDGE_CURVE ( 'NONE', #260, #264, #2505, .T. ) ;
#264 = VERTEX_POINT ( 'NONE', #2501 ) ;
#265 = ORIENTED_EDGE ( 'NONE', *, *, #266, .T. ) ;
#266 = EDGE_CURVE ( 'NONE', #264, #267, #2500, .T. ) ;
#267 = VERTEX_POINT ( 'NONE', #2496 ) ;
#268 = ORIENTED_EDGE ( 'NONE', *, *, #269, .T. ) ;
#269 = EDGE_CURVE ( 'NONE', #267, #261, #2495, .T. ) ;
#270 = VERTEX_POINT ( 'NONE', #2491 ) ;
#271 = ORIENTED_EDGE ( 'NONE', *, *, #254, .T. ) ;
#272 = ADVANCED_FACE ( 'NONE', ( #2490 ), #2465, .F. ) ;
#273 = EDGE_LOOP ( 'NONE', ( #274, #278, #405, #408 ) ) ;
#274 = ORIENTED_EDGE ( 'NONE', *, *, #275, .F. ) ;
#275 = EDGE_CURVE ( 'NONE', #276, #277, #2460, .T. ) ;
#276 = VERTEX_POINT ( 'NONE', #2456 ) ;
#277 = VERTEX_POINT ( 'NONE', #2455 ) ;
#278 = ORIENTED_EDGE ( 'NONE', *, *, #279, .T. ) ;
#279 = EDGE_CURVE ( 'NONE', #276, #404, #2454, .T. ) ;
#280 = ORIENTED_EDGE ( 'NONE', *, *, #281, .T. ) ;
#281 = EDGE_CURVE ( 'NONE', #387, #282, #2450, .T. ) ;
#282 = VERTEX_POINT ( 'NONE', #2446 ) ;
#283 = ORIENTED_EDGE ( 'NONE', *, *, #284, .F. ) ;
#284 = EDGE_CURVE ( 'NONE', #285, #282, #2445, .T. ) ;
#285 = VERTEX_POINT ( 'NONE', #2441 ) ;
#286 = ADVANCED_FACE ( 'NONE', ( #2440 ), #2439, .F. ) ;
#287 = EDGE_CURVE ( 'NONE', #370, #288, #2434, .T. ) ;
#288 = VERTEX_POINT ( 'NONE', #2430 ) ;
#289 = ORIENTED_EDGE ( 'NONE', *, *, #290, .T. ) ;
#290 = EDGE_CURVE ( 'NONE', #288, #291, #2429, .T. ) ;
#291 = VERTEX_POINT ( 'NONE', #2425 ) ;
#292 = ORIENTED_EDGE ( 'NONE', *, *, #293, .F. ) ;
#293 = EDGE_CURVE ( 'NONE', #371, #291, #2424, .T. ) ;
#294 = ADVANCED_FACE ( 'NONE', ( #2420 ), #2419, .F. ) ;
#295 = EDGE_LOOP ( 'NONE', ( #296, #299, #2, #382 ) ) ;
#296 = ORIENTED_EDGE ( 'NONE', *, *, #297, .T. ) ;
#297 = EDGE_CURVE ( 'NONE', #291, #298, #2414, .T. ) ;
#298 = VERTEX_POINT ( 'NONE', #2410 ) ;
#299 = ORIENTED_EDGE ( 'NONE', *, *, #300, .F. ) ;
#300 = EDGE_CURVE ( 'NONE', #301, #298, #2408, .T. ) ;
#301 = VERTEX_POINT ( 'NONE', #2607 ) ;
#302 = ORIENTED_EDGE ( 'NONE', *, *, #303, .F. ) ;
#303 = EDGE_CURVE ( 'NONE', #375, #285, #2763, .T. ) ;
#304 = ORIENTED_EDGE ( 'NONE', *, *, #374, .T. ) ;
#305 = ADVANCED_FACE ( 'NONE', ( #2759 ), #2758, .F. ) ;
#306 = EDGE_LOOP ( 'NONE', ( #307, #310, #313, #247 ) ) ;
#307 = ORIENTED_EDGE ( 'NONE', *, *, #308, .T. ) ;
#308 = EDGE_CURVE ( 'NONE', #282, #309, #2757, .T. ) ;
#309 = VERTEX_POINT ( 'NONE', #2692 ) ;
#310 = ORIENTED_EDGE ( 'NONE', *, *, #311, .F. ) ;
#311 = EDGE_CURVE ( 'NONE', #312, #309, #2691, .T. ) ;
#312 = VERTEX_POINT ( 'NONE', #2687 ) ;
#313 = ORIENTED_EDGE ( 'NONE', *, *, #314, .F. ) ;
#314 = EDGE_CURVE ( 'NONE', #285, #312, #2686, .T. ) ;
#315 = ORIENTED_EDGE ( 'NONE', *, *, #142, .T. ) ;
#316 = ADVANCED_FACE ( 'NONE', ( #2682 ), #2681, .F. ) ;
#317 = EDGE_LOOP ( 'NONE', ( #318, #321, #324, #326 ) ) ;
#318 = ORIENTED_EDGE ( 'NONE', *, *, #319, .T. ) ;
#319 = EDGE_CURVE ( 'NONE', #232, #320, #2676, .T. ) ;
#320 = VERTEX_POINT ( 'NONE', #2672 ) ;
#321 = ORIENTED_EDGE ( 'NONE', *, *, #322, .T. ) ;
#322 = EDGE_CURVE ( 'NONE', #320, #323, #2671, .T. ) ;
#323 = VERTEX_POINT ( 'NONE', #2667 ) ;
#324 = ORIENTED_EDGE ( 'NONE', *, *, #325, .F. ) ;
#325 = EDGE_CURVE ( 'NONE', #235, #323, #2798, .T. ) ;
#326 = ORIENTED_EDGE ( 'NONE', *, *, #234, .T. ) ;
#327 = EDGE_LOOP ( 'NONE', ( #225, #229, #210, #213 ) ) ;
#328 = ADVANCED_FACE ( 'NONE', ( #2794 ), #2793, .F. ) ;
#329 = EDGE_LOOP ( 'NONE', ( #330, #334, #337, #340 ) ) ;
#330 = ORIENTED_EDGE ( 'NONE', *, *, #331, .T. ) ;
#331 = EDGE_CURVE ( 'NONE', #332, #333, #2792, .T. ) ;
#332 = VERTEX_POINT ( 'NONE', #2574 ) ;
#333 = VERTEX_POINT ( 'NONE', #2573 ) ;
#334 = ORIENTED_EDGE ( 'NONE', *, *, #335, .T. ) ;
#335 = EDGE_CURVE ( 'NONE', #333, #336, #2572, .T. ) ;
#336 = VERTEX_POINT ( 'NONE', #2568 ) ;
#337 = ORIENTED_EDGE ( 'NONE', *, *, #338, .F. ) ;
#338 = EDGE_CURVE ( 'NONE', #339, #336, #2567, .T. ) ;
#339 = VERTEX_POINT ( 'NONE', #2562 ) ;
#340 = ORIENTED_EDGE ( 'NONE', *, *, #341, .T. ) ;
#341 = EDGE_CURVE ( 'NONE', #339, #332, #2561, .T. ) ;
#342 = ADVANCED_FACE ( 'NONE', ( #2557 ), #2556, .F. ) ;
#343 = EDGE_LOOP ( 'NONE', ( #344, #348, #351, #2034 ) ) ;
#344 = ORIENTED_EDGE ( 'NONE', *, *, #345, .F. ) ;
#345 = EDGE_CURVE ( 'NONE', #346, #347, #2551, .T. ) ;
#346 = VERTEX_POINT ( 'NONE', #2547 ) ;
#347 = VERTEX_POINT ( 'NONE', #2546 ) ;
#348 = ORIENTED_EDGE ( 'NONE', *, *, #349, .T. ) ;
#349 = EDGE_CURVE ( 'NONE', #346, #350, #2545, .T. ) ;
#350 = VERTEX_POINT ( 'NONE', #2782 ) ;
#351 = ORIENTED_EDGE ( 'NONE', *, *, #352, .T. ) ;
#352 = EDGE_CURVE ( 'NONE', #350, #353, #2781, .T. ) ;
#353 = VERTEX_POINT ( 'NONE', #2777 ) ;
#354 = ADVANCED_FACE ( 'NONE', ( #2776 ), #2774, .F. ) ;
#355 = EDGE_LOOP ( 'NONE', ( #179, #181, #184, #186 ) ) ;
#356 = VERTEX_POINT ( 'NONE', #2770 ) ;
#357 = ADVANCED_FACE ( 'NONE', ( #2769 ), #2768, .F. ) ;
#358 = ORIENTED_EDGE ( 'NONE', *, *, #359, .F. ) ;
#359 = EDGE_CURVE ( 'NONE', #360, #361, #2767, .T. ) ;
#360 = VERTEX_POINT ( 'NONE', #2602 ) ;
#361 = VERTEX_POINT ( 'NONE', #2601 ) ;
#362 = ORIENTED_EDGE ( 'NONE', *, *, #363, .T. ) ;
#363 = EDGE_CURVE ( 'NONE', #360, #364, #2600, .T. ) ;
#364 = VERTEX_POINT ( 'NONE', #2596 ) ;
#365 = ORIENTED_EDGE ( 'NONE', *, *, #366, .F. ) ;
#366 = EDGE_CURVE ( 'NONE', #169, #176, #2595, .T. ) ;
#367 = EDGE_LOOP ( 'NONE', ( #368, #372, #289, #292 ) ) ;
#368 = ORIENTED_EDGE ( 'NONE', *, *, #369, .F. ) ;
#369 = EDGE_CURVE ( 'NONE', #370, #371, #2591, .T. ) ;
#370 = VERTEX_POINT ( 'NONE', #2587 ) ;
#371 = VERTEX_POINT ( 'NONE', #2586 ) ;
#372 = ORIENTED_EDGE ( 'NONE', *, *, #287, .T. ) ;
#373 = ORIENTED_EDGE ( 'NONE', *, *, #374, .F. ) ;
#374 = EDGE_CURVE ( 'NONE', #375, #387, #2585, .T. ) ;
#375 = VERTEX_POINT ( 'NONE', #2581 ) ;
#376 = ORIENTED_EDGE ( 'NONE', *, *, #377, .F. ) ;
#377 = EDGE_CURVE ( 'NONE', #301, #375, #2580, .T. ) ;
#378 = ORIENTED_EDGE ( 'NONE', *, *, #300, .T. ) ;
#379 = ADVANCED_FACE ( 'NONE', ( #2727 ), #2726, .F. ) ;
#380 = EDGE_LOOP ( 'NONE', ( #280, #283, #302, #304 ) ) ;
#381 = ORIENTED_EDGE ( 'NONE', *, *, #997, .F. ) ;
#382 = ORIENTED_EDGE ( 'NONE', *, *, #293, .T. ) ;
#383 = ADVANCED_FACE ( 'NONE', ( #2721 ), #2720, .F. ) ;
#384 = EDGE_LOOP ( 'NONE', ( #385, #373, #376, #378 ) ) ;
#385 = ORIENTED_EDGE ( 'NONE', *, *, #386, .T. ) ;
#386 = EDGE_CURVE ( 'NONE', #298, #387, #2715, .T. ) ;
#387 = VERTEX_POINT ( 'NONE', #2711 ) ;
#388 = VERTEX_POINT ( 'NONE', #2710 ) ;
#389 = ORIENTED_EDGE ( 'NONE', *, *, #390, .T. ) ;
#390 = EDGE_CURVE ( 'NONE', #388, #219, #2709, .T. ) ;
#391 = ORIENTED_EDGE ( 'NONE', *, *, #392, .F. ) ;
#392 = EDGE_CURVE ( 'NONE', #312, #255, #2705, .T. ) ;
#393 = ORIENTED_EDGE ( 'NONE', *, *, #311, .T. ) ;
#394 = ADVANCED_FACE ( 'NONE', ( #2701 ), #2700, .F. ) ;
#395 = EDGE_LOOP ( 'NONE', ( #396, #399, #402, #271 ) ) ;
#396 = ORIENTED_EDGE ( 'NONE', *, *, #397, .T. ) ;
#397 = EDGE_CURVE ( 'NONE', #252, #398, #2666, .T. ) ;
#398 = VERTEX_POINT ( 'NONE', #2662 ) ;
#399 = ORIENTED_EDGE ( 'NONE', *, *, #400, .T. ) ;
#400 = EDGE_CURVE ( 'NONE', #398, #401, #2661, .T. ) ;
#401 = VERTEX_POINT ( 'NONE', #2657 ) ;
#402 = ORIENTED_EDGE ( 'NONE', *, *, #403, .F. ) ;
#403 = EDGE_CURVE ( 'NONE', #255, #401, #2656, .T. ) ;
#404 = VERTEX_POINT ( 'NONE', #2652 ) ;
#405 = ORIENTED_EDGE ( 'NONE', *, *, #406, .T. ) ;
#406 = EDGE_CURVE ( 'NONE', #404, #407, #2651, .T. ) ;
#407 = VERTEX_POINT ( 'NONE', #2647 ) ;
#408 = ORIENTED_EDGE ( 'NONE', *, *, #256, .F. ) ;
#409 = ADVANCED_FACE ( 'NONE', ( #2646 ), #2645, .F. ) ;
#410 = ADVANCED_FACE ( 'NONE', ( #2640 ), #2639, .F. ) ;
#411 = EDGE_LOOP ( 'NONE', ( #412, #416, #419, #422 ) ) ;
#412 = ORIENTED_EDGE ( 'NONE', *, *, #413, .F. ) ;
#413 = EDGE_CURVE ( 'NONE', #414, #415, #2634, .T. ) ;
#414 = VERTEX_POINT ( 'NONE', #2630 ) ;
#415 = VERTEX_POINT ( 'NONE', #2629 ) ;
#416 = ORIENTED_EDGE ( 'NONE', *, *, #417, .T. ) ;
#417 = EDGE_CURVE ( 'NONE', #414, #418, #2628, .T. ) ;
#418 = VERTEX_POINT ( 'NONE', #2624 ) ;
#419 = ORIENTED_EDGE ( 'NONE', *, *, #420, .T. ) ;
#420 = EDGE_CURVE ( 'NONE', #418, #421, #2623, .T. ) ;
#421 = VERTEX_POINT ( 'NONE', #2619 ) ;
#422 = ORIENTED_EDGE ( 'NONE', *, *, #423, .F. ) ;
#423 = EDGE_CURVE ( 'NONE', #415, #421, #2618, .T. ) ;
#424 = EDGE_LOOP ( 'NONE', ( #153, #157, #136, #139 ) ) ;
#425 = ORIENTED_EDGE ( 'NONE', *, *, #426, .F. ) ;
#426 = EDGE_CURVE ( 'NONE', #202, #208, #2614, .T. ) ;
#427 = ORIENTED_EDGE ( 'NONE', *, *, #201, .T. ) ;
#428 = ADVANCED_FACE ( 'NONE', ( #2610 ), #2608, .F. ) ;
#429 = EDGE_LOOP ( 'NONE', ( #430, #129, #132, #134 ) ) ;
#430 = ORIENTED_EDGE ( 'NONE', *, *, #431, .T. ) ;
#431 = EDGE_CURVE ( 'NONE', #240, #432, #2749, .T. ) ;
#432 = VERTEX_POINT ( 'NONE', #2745 ) ;
#433 = EDGE_CURVE ( 'NONE', #434, #2006, #2744, .T. ) ;
#434 = VERTEX_POINT ( 'NONE', #2739 ) ;
#435 = ORIENTED_EDGE ( 'NONE', *, *, #436, .T. ) ;
#436 = EDGE_CURVE ( 'NONE', #434, #437, #2738, .T. ) ;
#437 = VERTEX_POINT ( 'NONE', #2734 ) ;
#438 = ORIENTED_EDGE ( 'NONE', *, *, #439, .T. ) ;
#439 = EDGE_CURVE ( 'NONE', #2041, #440, #2732, .T. ) ;
#440 = VERTEX_POINT ( 'NONE', #2829 ) ;
#441 = ORIENTED_EDGE ( 'NONE', *, *, #442, .F. ) ;
#442 = EDGE_CURVE ( 'NONE', #443, #440, #2962, .T. ) ;
#443 = VERTEX_POINT ( 'NONE', #2961 ) ;
#444 = ORIENTED_EDGE ( 'NONE', *, *, #445, .T. ) ;
#445 = EDGE_CURVE ( 'NONE', #443, #2040, #2888, .T. ) ;
#446 = ADVANCED_FACE ( 'NONE', ( #2946 ), #2860, .F. ) ;
#447 = EDGE_LOOP ( 'NONE', ( #160, #164, #167, #171 ) ) ;
#448 = ORIENTED_EDGE ( 'NONE', *, *, #449, .T. ) ;
#449 = EDGE_CURVE ( 'NONE', #437, #2051, #2960, .T. ) ;
#450 = ORIENTED_EDGE ( 'NONE', *, *, #451, .F. ) ;
#451 = EDGE_CURVE ( 'NONE', #452, #721, #2955, .T. ) ;
#452 = VERTEX_POINT ( 'NONE', #2951 ) ;
#453 = EDGE_CURVE ( 'NONE', #454, #455, #2950, .T. ) ;
#454 = VERTEX_POINT ( 'NONE', #2977 ) ;
#455 = VERTEX_POINT ( 'NONE', #2976 ) ;
#456 = ORIENTED_EDGE ( 'NONE', *, *, #457, .T. ) ;
#457 = EDGE_CURVE ( 'NONE', #454, #458, #2975, .T. ) ;
#458 = VERTEX_POINT ( 'NONE', #2971 ) ;
#459 = ORIENTED_EDGE ( 'NONE', *, *, #460, .T. ) ;
#460 = EDGE_CURVE ( 'NONE', #458, #461, #2970, .T. ) ;
#461 = VERTEX_POINT ( 'NONE', #2966 ) ;
#462 = ORIENTED_EDGE ( 'NONE', *, *, #463, .T. ) ;
#463 = EDGE_CURVE ( 'NONE', #461, #455, #2945, .T. ) ;
#464 = ADVANCED_FACE ( 'NONE', ( #2941 ), #2940, .F. ) ;
#465 = EDGE_LOOP ( 'NONE', ( #607, #611, #614, #545 ) ) ;
#466 = ADVANCED_FACE ( 'NONE', ( #2935 ), #2934, .F. ) ;
#467 = ORIENTED_EDGE ( 'NONE', *, *, #453, .F. ) ;
#468 = ORIENTED_EDGE ( 'NONE', *, *, #469, .F. ) ;
#469 = EDGE_CURVE ( 'NONE', #14, #626, #2929, .T. ) ;
#470 = ORIENTED_EDGE ( 'NONE', *, *, #471, .F. ) ;
#471 = EDGE_CURVE ( 'NONE', #472, #14, #2925, .T. ) ;
#472 = VERTEX_POINT ( 'NONE', #2921 ) ;
#473 = ORIENTED_EDGE ( 'NONE', *, *, #474, .T. ) ;
#474 = EDGE_CURVE ( 'NONE', #472, #701, #2887, .T. ) ;
#475 = ORIENTED_EDGE ( 'NONE', *, *, #700, .T. ) ;
#476 = ADVANCED_FACE ( 'NONE', ( #2883 ), #2882, .T. ) ;
#477 = EDGE_LOOP ( 'NONE', ( #478, #481, #714, #716 ) ) ;
#478 = ORIENTED_EDGE ( 'NONE', *, *, #479, .F. ) ;
#479 = EDGE_CURVE ( 'NONE', #480, #14, #2877, .T. ) ;
#480 = VERTEX_POINT ( 'NONE', #2873 ) ;
#481 = ORIENTED_EDGE ( 'NONE', *, *, #482, .F. ) ;
#482 = EDGE_CURVE ( 'NONE', #483, #480, #2872, .T. ) ;
#483 = VERTEX_POINT ( 'NONE', #2868 ) ;
#484 = VERTEX_POINT ( 'NONE', #2855 ) ;
#485 = VERTEX_POINT ( 'NONE', #2854 ) ;
#486 = EDGE_CURVE ( 'NONE', #487, #488, #2853, .T. ) ;
#487 = VERTEX_POINT ( 'NONE', #2849 ) ;
#488 = VERTEX_POINT ( 'NONE', #2848 ) ;
#489 = ORIENTED_EDGE ( 'NONE', *, *, #490, .F. ) ;
#490 = EDGE_CURVE ( 'NONE', #491, #488, #2847, .T. ) ;
#491 = VERTEX_POINT ( 'NONE', #2843 ) ;
#492 = ORIENTED_EDGE ( 'NONE', *, *, #493, .T. ) ;
#493 = EDGE_CURVE ( 'NONE', #491, #494, #2842, .T. ) ;
#494 = VERTEX_POINT ( 'NONE', #2838 ) ;
#495 = ORIENTED_EDGE ( 'NONE', *, *, #496, .T. ) ;
#496 = EDGE_CURVE ( 'NONE', #494, #487, #2837, .T. ) ;
#497 = ADVANCED_FACE ( 'NONE', ( #2833 ), #2832, .F. ) ;
#498 = EDGE_LOOP ( 'NONE', ( #499, #575, #578, #581 ) ) ;
#499 = ORIENTED_EDGE ( 'NONE', *, *, #572, .F. ) ;
#500 = ORIENTED_EDGE ( 'NONE', *, *, #103, .F. ) ;
#501 = ORIENTED_EDGE ( 'NONE', *, *, #114, .F. ) ;
#502 = ORIENTED_EDGE ( 'NONE', *, *, #125, .F. ) ;
#503 = ORIENTED_EDGE ( 'NONE', *, *, #34, .F. ) ;
#504 = ORIENTED_EDGE ( 'NONE', *, *, #505, .T. ) ;
#505 = EDGE_CURVE ( 'NONE', #32, #1824, #2867, .T. ) ;
#506 = ORIENTED_EDGE ( 'NONE', *, *, #1822, .F. ) ;
#507 = ORIENTED_EDGE ( 'NONE', *, *, #508, .T. ) ;
#508 = EDGE_CURVE ( 'NONE', #1823, #66, #2920, .T. ) ;
#509 = ORIENTED_EDGE ( 'NONE', *, *, #531, .F. ) ;
#510 = ORIENTED_EDGE ( 'NONE', *, *, #511, .T. ) ;
#511 = EDGE_CURVE ( 'NONE', #713, #454, #2915, .T. ) ;
#512 = ORIENTED_EDGE ( 'NONE', *, *, #453, .T. ) ;
#513 = ORIENTED_EDGE ( 'NONE', *, *, #514, .T. ) ;
#514 = EDGE_CURVE ( 'NONE', #455, #616, #2910, .T. ) ;
#515 = ORIENTED_EDGE ( 'NONE', *, *, #615, .T. ) ;
#516 = ORIENTED_EDGE ( 'NONE', *, *, #517, .T. ) ;
#517 = EDGE_CURVE ( 'NONE', #613, #1954, #2905, .T. ) ;
#518 = ORIENTED_EDGE ( 'NONE', *, *, #1953, .F. ) ;
#519 = ORIENTED_EDGE ( 'NONE', *, *, #520, .T. ) ;
#520 = EDGE_CURVE ( 'NONE', #1950, #537, #2900, .T. ) ;
#521 = ORIENTED_EDGE ( 'NONE', *, *, #536, .F. ) ;
#522 = ORIENTED_EDGE ( 'NONE', *, *, #451, .T. ) ;
#523 = ADVANCED_FACE ( 'NONE', ( #2895 ), #2893, .T. ) ;
#524 = EDGE_LOOP ( 'NONE', ( #525, #528, #562, #564 ) ) ;
#525 = ORIENTED_EDGE ( 'NONE', *, *, #526, .F. ) ;
#526 = EDGE_CURVE ( 'NONE', #527, #710, #2894, .T. ) ;
#527 = VERTEX_POINT ( 'NONE', #2825 ) ;
#528 = ORIENTED_EDGE ( 'NONE', *, *, #529, .T. ) ;
#529 = EDGE_CURVE ( 'NONE', #527, #561, #2824, .T. ) ;
#530 = VERTEX_POINT ( 'NONE', #2820 ) ;
#531 = EDGE_CURVE ( 'NONE', #713, #66, #2819, .T. ) ;
#532 = ORIENTED_EDGE ( 'NONE', *, *, #533, .T. ) ;
#533 = EDGE_CURVE ( 'NONE', #484, #534, #2815, .T. ) ;
#534 = VERTEX_POINT ( 'NONE', #2811 ) ;
#535 = ORIENTED_EDGE ( 'NONE', *, *, #536, .T. ) ;
#536 = EDGE_CURVE ( 'NONE', #534, #537, #2810, .T. ) ;
#537 = VERTEX_POINT ( 'NONE', #2806 ) ;
#538 = ORIENTED_EDGE ( 'NONE', *, *, #539, .T. ) ;
#539 = EDGE_CURVE ( 'NONE', #537, #485, #2805, .T. ) ;
#540 = ADVANCED_FACE ( 'NONE', ( #2801 ), #2800, .T. ) ;
#541 = EDGE_LOOP ( 'NONE', ( #542, #695, #698, #620 ) ) ;
#542 = ORIENTED_EDGE ( 'NONE', *, *, #543, .T. ) ;
#543 = EDGE_CURVE ( 'NONE', #530, #694, #3040, .T. ) ;
#544 = EDGE_CURVE ( 'NONE', #616, #609, #3036, .T. ) ;
#545 = ORIENTED_EDGE ( 'NONE', *, *, #544, .T. ) ;
#546 = EDGE_CURVE ( 'NONE', #646, #547, #3032, .T. ) ;
#547 = VERTEX_POINT ( 'NONE', #3028 ) ;
#548 = VERTEX_POINT ( 'NONE', #3027 ) ;
#549 = ORIENTED_EDGE ( 'NONE', *, *, #275, .T. ) ;
#550 = ORIENTED_EDGE ( 'NONE', *, *, #551, .T. ) ;
#551 = EDGE_CURVE ( 'NONE', #277, #1945, #3026, .T. ) ;
#552 = ORIENTED_EDGE ( 'NONE', *, *, #1999, .T. ) ;
#553 = ORIENTED_EDGE ( 'NONE', *, *, #554, .T. ) ;
#554 = EDGE_CURVE ( 'NONE', #2000, #260, #3021, .T. ) ;
#555 = ORIENTED_EDGE ( 'NONE', *, *, #259, .T. ) ;
#556 = ORIENTED_EDGE ( 'NONE', *, *, #557, .T. ) ;
#557 = EDGE_CURVE ( 'NONE', #261, #81, #3015, .T. ) ;
#558 = ORIENTED_EDGE ( 'NONE', *, *, #80, .T. ) ;
#559 = ORIENTED_EDGE ( 'NONE', *, *, #592, .T. ) ;
#560 = ORIENTED_EDGE ( 'NONE', *, *, #486, .T. ) ;
#561 = VERTEX_POINT ( 'NONE', #3016 ) ;
#562 = ORIENTED_EDGE ( 'NONE', *, *, #563, .T. ) ;
#563 = EDGE_CURVE ( 'NONE', #561, #711, #3010, .T. ) ;
#564 = ORIENTED_EDGE ( 'NONE', *, *, #604, .T. ) ;
#565 = ADVANCED_FACE ( 'NONE', ( #3006 ), #3004, .T. ) ;
#566 = EDGE_LOOP ( 'NONE', ( #560, #489, #492, #495 ) ) ;
#567 = ORIENTED_EDGE ( 'NONE', *, *, #314, .T. ) ;
#568 = ORIENTED_EDGE ( 'NONE', *, *, #392, .T. ) ;
#569 = ORIENTED_EDGE ( 'NONE', *, *, #403, .T. ) ;
#570 = ORIENTED_EDGE ( 'NONE', *, *, #571, .T. ) ;
#571 = EDGE_CURVE ( 'NONE', #401, #276, #2999, .T. ) ;
#572 = EDGE_CURVE ( 'NONE', #573, #574, #2995, .T. ) ;
#573 = VERTEX_POINT ( 'NONE', #2990 ) ;
#574 = VERTEX_POINT ( 'NONE', #2989 ) ;
#575 = ORIENTED_EDGE ( 'NONE', *, *, #576, .T. ) ;
#576 = EDGE_CURVE ( 'NONE', #573, #577, #2988, .T. ) ;
#577 = VERTEX_POINT ( 'NONE', #2984 ) ;
#578 = ORIENTED_EDGE ( 'NONE', *, *, #579, .T. ) ;
#579 = EDGE_CURVE ( 'NONE', #577, #580, #2983, .T. ) ;
#580 = VERTEX_POINT ( 'NONE', #3122 ) ;
#581 = ORIENTED_EDGE ( 'NONE', *, *, #582, .T. ) ;
#582 = EDGE_CURVE ( 'NONE', #580, #574, #3162, .T. ) ;
#583 = ADVANCED_FACE ( 'NONE', ( #3260, #3259, #3258, #3257, #3049, #3048 ), #3163, .T. ) ;
#584 = EDGE_LOOP ( 'NONE', ( #585, #586, #588, #589, #590, #591, #567, #568, #569, #570, #549, #550, #552, #553, #555, #556, #558, #559, #593, #594, #596, #597, #598, #600, #601, #602, #500, #501, #502, #503, #504, #506, #507, #509, #510, #512, #513, #515, #516, #518, #519, #521, #688, #690, #691, #661, #662, #663, #664, #665, #666, #668, #669, #671, #672, #674, #675, #677, #678, #680, #681, #683, #684, #686, #687, #692, #693, #627, #628, #629, #630, #632, #633, #736, #737, #738, #740, #741, #743, #744, #746, #747 ) ) ;
#585 = ORIENTED_EDGE ( 'NONE', *, *, #1965, .T. ) ;
#586 = ORIENTED_EDGE ( 'NONE', *, *, #587, .T. ) ;
#587 = EDGE_CURVE ( 'NONE', #1963, #370, #3194, .T. ) ;
#588 = ORIENTED_EDGE ( 'NONE', *, *, #369, .T. ) ;
#589 = ORIENTED_EDGE ( 'NONE', *, *, #1, .T. ) ;
#590 = ORIENTED_EDGE ( 'NONE', *, *, #377, .T. ) ;
#591 = ORIENTED_EDGE ( 'NONE', *, *, #303, .T. ) ;
#592 = EDGE_CURVE ( 'NONE', #78, #1936, #3275, .T. ) ;
#593 = ORIENTED_EDGE ( 'NONE', *, *, #1935, .F. ) ;
#594 = ORIENTED_EDGE ( 'NONE', *, *, #595, .T. ) ;
#595 = EDGE_CURVE ( 'NONE', #1932, #1901, #3126, .T. ) ;
#596 = ORIENTED_EDGE ( 'NONE', *, *, #1884, .T. ) ;
#597 = ORIENTED_EDGE ( 'NONE', *, *, #73, .F. ) ;
#598 = ORIENTED_EDGE ( 'NONE', *, *, #599, .T. ) ;
#599 = EDGE_CURVE ( 'NONE', #63, #42, #3101, .T. ) ;
#600 = ORIENTED_EDGE ( 'NONE', *, *, #40, .F. ) ;
#601 = ORIENTED_EDGE ( 'NONE', *, *, #60, .F. ) ;
#602 = ORIENTED_EDGE ( 'NONE', *, *, #24, .F. ) ;
#603 = ORIENTED_EDGE ( 'NONE', *, *, #604, .F. ) ;
#604 = EDGE_CURVE ( 'NONE', #711, #710, #3096, .T. ) ;
#605 = ORIENTED_EDGE ( 'NONE', *, *, #606, .T. ) ;
#606 = EDGE_CURVE ( 'NONE', #711, #452, #3092, .T. ) ;
#607 = ORIENTED_EDGE ( 'NONE', *, *, #608, .T. ) ;
#608 = EDGE_CURVE ( 'NONE', #609, #610, #3088, .T. ) ;
#609 = VERTEX_POINT ( 'NONE', #3067 ) ;
#610 = VERTEX_POINT ( 'NONE', #3066 ) ;
#611 = ORIENTED_EDGE ( 'NONE', *, *, #612, .T. ) ;
#612 = EDGE_CURVE ( 'NONE', #610, #613, #3065, .T. ) ;
#613 = VERTEX_POINT ( 'NONE', #3061 ) ;
#614 = ORIENTED_EDGE ( 'NONE', *, *, #615, .F. ) ;
#615 = EDGE_CURVE ( 'NONE', #616, #613, #3060, .T. ) ;
#616 = VERTEX_POINT ( 'NONE', #3056 ) ;
#617 = EDGE_LOOP ( 'NONE', ( #8, #532, #535, #538 ) ) ;
#618 = EDGE_CURVE ( 'NONE', #619, #697, #3055, .T. ) ;
#619 = VERTEX_POINT ( 'NONE', #3051 ) ;
#620 = ORIENTED_EDGE ( 'NONE', *, *, #621, .F. ) ;
#621 = EDGE_CURVE ( 'NONE', #530, #619, #3050, .T. ) ;
#622 = ADVANCED_FACE ( 'NONE', ( #3118 ), #3117, .T. ) ;
#623 = EDGE_LOOP ( 'NONE', ( #624, #699, #702, #11 ) ) ;
#624 = ORIENTED_EDGE ( 'NONE', *, *, #625, .F. ) ;
#625 = EDGE_CURVE ( 'NONE', #626, #619, #3112, .T. ) ;
#626 = VERTEX_POINT ( 'NONE', #3108 ) ;
#627 = ORIENTED_EDGE ( 'NONE', *, *, #144, .T. ) ;
#628 = ORIENTED_EDGE ( 'NONE', *, *, #237, .T. ) ;
#629 = ORIENTED_EDGE ( 'NONE', *, *, #325, .T. ) ;
#630 = ORIENTED_EDGE ( 'NONE', *, *, #631, .T. ) ;
#631 = EDGE_CURVE ( 'NONE', #323, #414, #3107, .T. ) ;
#632 = ORIENTED_EDGE ( 'NONE', *, *, #413, .T. ) ;
#633 = ORIENTED_EDGE ( 'NONE', *, *, #634, .T. ) ;
#634 = EDGE_CURVE ( 'NONE', #415, #1879, #3102, .T. ) ;
#635 = EDGE_CURVE ( 'NONE', #223, #1966, #3155, .T. ) ;
#636 = EDGE_LOOP ( 'NONE', ( #637, #641, #644, #647, #748, #722, #725, #728, #731, #734, #650, #653 ) ) ;
#637 = ORIENTED_EDGE ( 'NONE', *, *, #638, .T. ) ;
#638 = EDGE_CURVE ( 'NONE', #639, #640, #3150, .T. ) ;
#639 = VERTEX_POINT ( 'NONE', #3145 ) ;
#640 = VERTEX_POINT ( 'NONE', #3144 ) ;
#641 = ORIENTED_EDGE ( 'NONE', *, *, #642, .T. ) ;
#642 = EDGE_CURVE ( 'NONE', #640, #643, #3143, .T. ) ;
#643 = VERTEX_POINT ( 'NONE', #3139 ) ;
#644 = ORIENTED_EDGE ( 'NONE', *, *, #645, .T. ) ;
#645 = EDGE_CURVE ( 'NONE', #643, #646, #3138, .T. ) ;
#646 = VERTEX_POINT ( 'NONE', #3133 ) ;
#647 = ORIENTED_EDGE ( 'NONE', *, *, #546, .T. ) ;
#648 = EDGE_CURVE ( 'NONE', #733, #649, #3132, .T. ) ;
#649 = VERTEX_POINT ( 'NONE', #3128 ) ;
#650 = ORIENTED_EDGE ( 'NONE', *, *, #651, .T. ) ;
#651 = EDGE_CURVE ( 'NONE', #649, #652, #3190, .T. ) ;
#652 = VERTEX_POINT ( 'NONE', #3185 ) ;
#653 = ORIENTED_EDGE ( 'NONE', *, *, #654, .T. ) ;
#654 = EDGE_CURVE ( 'NONE', #652, #639, #3184, .T. ) ;
#655 = EDGE_LOOP ( 'NONE', ( #656, #660, #767, #956, #953, #921, #924, #1045, #1048, #1051, #1054, #918 ) ) ;
#656 = ORIENTED_EDGE ( 'NONE', *, *, #657, .T. ) ;
#657 = EDGE_CURVE ( 'NONE', #658, #659, #3180, .T. ) ;
#658 = VERTEX_POINT ( 'NONE', #3175 ) ;
#659 = VERTEX_POINT ( 'NONE', #3174 ) ;
#660 = ORIENTED_EDGE ( 'NONE', *, *, #224, .T. ) ;
#661 = ORIENTED_EDGE ( 'NONE', *, *, #474, .F. ) ;
#662 = ORIENTED_EDGE ( 'NONE', *, *, #715, .F. ) ;
#663 = ORIENTED_EDGE ( 'NONE', *, *, #704, .F. ) ;
#664 = ORIENTED_EDGE ( 'NONE', *, *, #606, .F. ) ;
#665 = ORIENTED_EDGE ( 'NONE', *, *, #563, .F. ) ;
#666 = ORIENTED_EDGE ( 'NONE', *, *, #667, .T. ) ;
#667 = EDGE_CURVE ( 'NONE', #561, #1974, #3173, .T. ) ;
#668 = ORIENTED_EDGE ( 'NONE', *, *, #1972, .F. ) ;
#669 = ORIENTED_EDGE ( 'NONE', *, *, #670, .T. ) ;
#670 = EDGE_CURVE ( 'NONE', #1973, #487, #3168, .T. ) ;
#671 = ORIENTED_EDGE ( 'NONE', *, *, #496, .F. ) ;
#672 = ORIENTED_EDGE ( 'NONE', *, *, #673, .T. ) ;
#673 = EDGE_CURVE ( 'NONE', #494, #346, #3222, .T. ) ;
#674 = ORIENTED_EDGE ( 'NONE', *, *, #345, .T. ) ;
#675 = ORIENTED_EDGE ( 'NONE', *, *, #676, .T. ) ;
#676 = EDGE_CURVE ( 'NONE', #347, #443, #3217, .T. ) ;
#677 = ORIENTED_EDGE ( 'NONE', *, *, #442, .T. ) ;
#678 = ORIENTED_EDGE ( 'NONE', *, *, #679, .T. ) ;
#679 = EDGE_CURVE ( 'NONE', #440, #170, #3212, .T. ) ;
#680 = ORIENTED_EDGE ( 'NONE', *, *, #168, .T. ) ;
#681 = ORIENTED_EDGE ( 'NONE', *, *, #682, .T. ) ;
#682 = EDGE_CURVE ( 'NONE', #166, #169, #3087, .T. ) ;
#683 = ORIENTED_EDGE ( 'NONE', *, *, #366, .T. ) ;
#684 = ORIENTED_EDGE ( 'NONE', *, *, #685, .T. ) ;
#685 = EDGE_CURVE ( 'NONE', #176, #360, #3082, .T. ) ;
#686 = ORIENTED_EDGE ( 'NONE', *, *, #359, .T. ) ;
#687 = ORIENTED_EDGE ( 'NONE', *, *, #209, .T. ) ;
#688 = ORIENTED_EDGE ( 'NONE', *, *, #689, .T. ) ;
#689 = EDGE_CURVE ( 'NONE', #534, #694, #3077, .T. ) ;
#690 = ORIENTED_EDGE ( 'NONE', *, *, #543, .F. ) ;
#691 = ORIENTED_EDGE ( 'NONE', *, *, #10, .F. ) ;
#692 = ORIENTED_EDGE ( 'NONE', *, *, #426, .T. ) ;
#693 = ORIENTED_EDGE ( 'NONE', *, *, #133, .T. ) ;
#694 = VERTEX_POINT ( 'NONE', #3072 ) ;
#695 = ORIENTED_EDGE ( 'NONE', *, *, #696, .T. ) ;
#696 = EDGE_CURVE ( 'NONE', #694, #697, #3071, .T. ) ;
#697 = VERTEX_POINT ( 'NONE', #3253 ) ;
#698 = ORIENTED_EDGE ( 'NONE', *, *, #618, .F. ) ;
#699 = ORIENTED_EDGE ( 'NONE', *, *, #700, .F. ) ;
#700 = EDGE_CURVE ( 'NONE', #701, #626, #3252, .T. ) ;
#701 = VERTEX_POINT ( 'NONE', #3248 ) ;
#702 = ORIENTED_EDGE ( 'NONE', *, *, #10, .T. ) ;
#703 = ORIENTED_EDGE ( 'NONE', *, *, #704, .T. ) ;
#704 = EDGE_CURVE ( 'NONE', #452, #483, #3247, .T. ) ;
#705 = ORIENTED_EDGE ( 'NONE', *, *, #482, .T. ) ;
#706 = ADVANCED_FACE ( 'NONE', ( #3243 ), #3242, .T. ) ;
#707 = EDGE_LOOP ( 'NONE', ( #708, #603, #605, #522 ) ) ;
#708 = ORIENTED_EDGE ( 'NONE', *, *, #709, .F. ) ;
#709 = EDGE_CURVE ( 'NONE', #710, #721, #3237, .T. ) ;
#710 = VERTEX_POINT ( 'NONE', #3233 ) ;
#711 = VERTEX_POINT ( 'NONE', #3232 ) ;
#712 = EDGE_CURVE ( 'NONE', #70, #713, #3231, .T. ) ;
#713 = VERTEX_POINT ( 'NONE', #3227 ) ;
#714 = ORIENTED_EDGE ( 'NONE', *, *, #715, .T. ) ;
#715 = EDGE_CURVE ( 'NONE', #483, #472, #3226, .T. ) ;
#716 = ORIENTED_EDGE ( 'NONE', *, *, #471, .T. ) ;
#717 = ADVANCED_FACE ( 'NONE', ( #3272 ), #3271, .T. ) ;
#718 = EDGE_LOOP ( 'NONE', ( #719, #450, #703, #705 ) ) ;
#719 = ORIENTED_EDGE ( 'NONE', *, *, #720, .F. ) ;
#720 = EDGE_CURVE ( 'NONE', #721, #480, #3266, .T. ) ;
#721 = VERTEX_POINT ( 'NONE', #3262 ) ;
#722 = ORIENTED_EDGE ( 'NONE', *, *, #723, .T. ) ;
#723 = EDGE_CURVE ( 'NONE', #548, #724, #3207, .T. ) ;
#724 = VERTEX_POINT ( 'NONE', #3203 ) ;
#725 = ORIENTED_EDGE ( 'NONE', *, *, #726, .T. ) ;
#726 = EDGE_CURVE ( 'NONE', #724, #727, #3201, .T. ) ;
#727 = VERTEX_POINT ( 'NONE', #3512 ) ;
#728 = ORIENTED_EDGE ( 'NONE', *, *, #729, .T. ) ;
#729 = EDGE_CURVE ( 'NONE', #727, #730, #3330, .T. ) ;
#730 = VERTEX_POINT ( 'NONE', #3336 ) ;
#731 = ORIENTED_EDGE ( 'NONE', *, *, #732, .T. ) ;
#732 = EDGE_CURVE ( 'NONE', #730, #733, #3335, .T. ) ;
#733 = VERTEX_POINT ( 'NONE', #3434 ) ;
#734 = ORIENTED_EDGE ( 'NONE', *, *, #648, .T. ) ;
#735 = VERTEX_POINT ( 'NONE', #3433 ) ;
#736 = ORIENTED_EDGE ( 'NONE', *, *, #1878, .T. ) ;
#737 = ORIENTED_EDGE ( 'NONE', *, *, #1817, .T. ) ;
#738 = ORIENTED_EDGE ( 'NONE', *, *, #739, .T. ) ;
#739 = EDGE_CURVE ( 'NONE', #1818, #155, #3432, .T. ) ;
#740 = ORIENTED_EDGE ( 'NONE', *, *, #154, .T. ) ;
#741 = ORIENTED_EDGE ( 'NONE', *, *, #742, .T. ) ;
#742 = EDGE_CURVE ( 'NONE', #156, #212, #3427, .T. ) ;
#743 = ORIENTED_EDGE ( 'NONE', *, *, #211, .T. ) ;
#744 = ORIENTED_EDGE ( 'NONE', *, *, #745, .T. ) ;
#745 = EDGE_CURVE ( 'NONE', #231, #388, #3422, .T. ) ;
#746 = ORIENTED_EDGE ( 'NONE', *, *, #3, .T. ) ;
#747 = ORIENTED_EDGE ( 'NONE', *, *, #635, .T. ) ;
#748 = ORIENTED_EDGE ( 'NONE', *, *, #749, .T. ) ;
#749 = EDGE_CURVE ( 'NONE', #547, #548, #3305, .T. ) ;
#750 = VERTEX_POINT ( 'NONE', #3300 ) ;
#751 = ORIENTED_EDGE ( 'NONE', *, *, #752, .T. ) ;
#752 = EDGE_CURVE ( 'NONE', #750, #753, #3299, .T. ) ;
#753 = VERTEX_POINT ( 'NONE', #3295 ) ;
#754 = ORIENTED_EDGE ( 'NONE', *, *, #755, .T. ) ;
#755 = EDGE_CURVE ( 'NONE', #951, #952, #3294, .T. ) ;
#756 = ORIENTED_EDGE ( 'NONE', *, *, #757, .T. ) ;
#757 = EDGE_CURVE ( 'NONE', #952, #758, #3289, .T. ) ;
#758 = VERTEX_POINT ( 'NONE', #3285 ) ;
#759 = ORIENTED_EDGE ( 'NONE', *, *, #760, .T. ) ;
#760 = EDGE_CURVE ( 'NONE', #758, #770, #3284, .T. ) ;
#761 = ORIENTED_EDGE ( 'NONE', *, *, #762, .T. ) ;
#762 = EDGE_CURVE ( 'NONE', #735, #763, #3279, .T. ) ;
#763 = VERTEX_POINT ( 'NONE', #3399 ) ;
#764 = ORIENTED_EDGE ( 'NONE', *, *, #765, .T. ) ;
#765 = EDGE_CURVE ( 'NONE', #763, #766, #3398, .T. ) ;
#766 = VERTEX_POINT ( 'NONE', #3394 ) ;
#767 = ORIENTED_EDGE ( 'NONE', *, *, #768, .T. ) ;
#768 = EDGE_CURVE ( 'NONE', #270, #769, #3393, .T. ) ;
#769 = VERTEX_POINT ( 'NONE', #3388 ) ;
#770 = VERTEX_POINT ( 'NONE', #3387 ) ;
#771 = ORIENTED_EDGE ( 'NONE', *, *, #772, .T. ) ;
#772 = EDGE_CURVE ( 'NONE', #770, #773, #3386, .T. ) ;
#773 = VERTEX_POINT ( 'NONE', #3382 ) ;
#774 = ORIENTED_EDGE ( 'NONE', *, *, #775, .T. ) ;
#775 = EDGE_CURVE ( 'NONE', #773, #776, #3381, .T. ) ;
#776 = VERTEX_POINT ( 'NONE', #3376 ) ;
#777 = ORIENTED_EDGE ( 'NONE', *, *, #778, .T. ) ;
#778 = EDGE_CURVE ( 'NONE', #776, #735, #3375, .T. ) ;
#779 = VERTEX_POINT ( 'NONE', #3370 ) ;
#780 = ORIENTED_EDGE ( 'NONE', *, *, #1140, .T. ) ;
#781 = ORIENTED_EDGE ( 'NONE', *, *, #782, .T. ) ;
#782 = EDGE_CURVE ( 'NONE', #1139, #783, #3371, .T. ) ;
#783 = VERTEX_POINT ( 'NONE', #3414 ) ;
#784 = ORIENTED_EDGE ( 'NONE', *, *, #785, .T. ) ;
#785 = EDGE_CURVE ( 'NONE', #783, #786, #3413, .T. ) ;
#786 = VERTEX_POINT ( 'NONE', #3409 ) ;
#787 = ORIENTED_EDGE ( 'NONE', *, *, #788, .T. ) ;
#788 = EDGE_CURVE ( 'NONE', #786, #339, #3407, .T. ) ;
#789 = ORIENTED_EDGE ( 'NONE', *, *, #338, .T. ) ;
#790 = ORIENTED_EDGE ( 'NONE', *, *, #791, .T. ) ;
#791 = EDGE_CURVE ( 'NONE', #336, #792, #3511, .T. ) ;
#792 = VERTEX_POINT ( 'NONE', #3507 ) ;
#793 = ORIENTED_EDGE ( 'NONE', *, *, #794, .T. ) ;
#794 = EDGE_CURVE ( 'NONE', #792, #795, #3506, .T. ) ;
#795 = VERTEX_POINT ( 'NONE', #3502 ) ;
#796 = ORIENTED_EDGE ( 'NONE', *, *, #185, .T. ) ;
#797 = ORIENTED_EDGE ( 'NONE', *, *, #798, .T. ) ;
#798 = EDGE_CURVE ( 'NONE', #183, #1908, #3500, .T. ) ;
#799 = ORIENTED_EDGE ( 'NONE', *, *, #1907, .T. ) ;
#800 = ORIENTED_EDGE ( 'NONE', *, *, #801, .T. ) ;
#801 = EDGE_CURVE ( 'NONE', #1909, #1924, #3501, .T. ) ;
#802 = ORIENTED_EDGE ( 'NONE', *, *, #1923, .T. ) ;
#803 = ORIENTED_EDGE ( 'NONE', *, *, #804, .T. ) ;
#804 = EDGE_CURVE ( 'NONE', #1807, #805, #3463, .T. ) ;
#805 = VERTEX_POINT ( 'NONE', #3458 ) ;
#806 = ORIENTED_EDGE ( 'NONE', *, *, #807, .T. ) ;
#807 = EDGE_CURVE ( 'NONE', #805, #808, #3457, .T. ) ;
#808 = VERTEX_POINT ( 'NONE', #3453 ) ;
#809 = EDGE_CURVE ( 'NONE', #753, #810, #3452, .T. ) ;
#810 = VERTEX_POINT ( 'NONE', #3447 ) ;
#811 = VERTEX_POINT ( 'NONE', #3446 ) ;
#812 = ORIENTED_EDGE ( 'NONE', *, *, #813, .T. ) ;
#813 = EDGE_CURVE ( 'NONE', #811, #814, #3445, .T. ) ;
#814 = VERTEX_POINT ( 'NONE', #3441 ) ;
#815 = ORIENTED_EDGE ( 'NONE', *, *, #816, .T. ) ;
#816 = EDGE_CURVE ( 'NONE', #814, #817, #3440, .T. ) ;
#817 = VERTEX_POINT ( 'NONE', #3435 ) ;
#818 = ORIENTED_EDGE ( 'NONE', *, *, #819, .T. ) ;
#819 = EDGE_CURVE ( 'NONE', #817, #820, #3484, .T. ) ;
#820 = VERTEX_POINT ( 'NONE', #3480 ) ;
#821 = ORIENTED_EDGE ( 'NONE', *, *, #822, .T. ) ;
#822 = EDGE_CURVE ( 'NONE', #820, #823, #3479, .T. ) ;
#823 = VERTEX_POINT ( 'NONE', #3474 ) ;
#824 = ORIENTED_EDGE ( 'NONE', *, *, #825, .T. ) ;
#825 = EDGE_CURVE ( 'NONE', #779, #1017, #3473, .T. ) ;
#826 = ORIENTED_EDGE ( 'NONE', *, *, #1008, .T. ) ;
#827 = VERTEX_POINT ( 'NONE', #3468 ) ;
#828 = VERTEX_POINT ( 'NONE', #3467 ) ;
#829 = ORIENTED_EDGE ( 'NONE', *, *, #830, .F. ) ;
#830 = EDGE_CURVE ( 'NONE', #831, #827, #3495, .T. ) ;
#831 = VERTEX_POINT ( 'NONE', #3490 ) ;
#832 = ORIENTED_EDGE ( 'NONE', *, *, #833, .F. ) ;
#833 = EDGE_CURVE ( 'NONE', #834, #831, #3489, .T. ) ;
#834 = VERTEX_POINT ( 'NONE', #3485 ) ;
#835 = ORIENTED_EDGE ( 'NONE', *, *, #836, .F. ) ;
#836 = EDGE_CURVE ( 'NONE', #837, #834, #3328, .T. ) ;
#837 = VERTEX_POINT ( 'NONE', #3323 ) ;
#838 = ORIENTED_EDGE ( 'NONE', *, *, #839, .F. ) ;
#839 = EDGE_CURVE ( 'NONE', #840, #837, #3322, .T. ) ;
#840 = VERTEX_POINT ( 'NONE', #3318 ) ;
#841 = ORIENTED_EDGE ( 'NONE', *, *, #842, .F. ) ;
#842 = EDGE_CURVE ( 'NONE', #843, #979, #3317, .T. ) ;
#843 = VERTEX_POINT ( 'NONE', #3313 ) ;
#844 = ORIENTED_EDGE ( 'NONE', *, *, #845, .F. ) ;
#845 = EDGE_CURVE ( 'NONE', #846, #843, #3312, .T. ) ;
#846 = VERTEX_POINT ( 'NONE', #3307 ) ;
#847 = EDGE_CURVE ( 'NONE', #848, #849, #3369, .T. ) ;
#848 = VERTEX_POINT ( 'NONE', #3365 ) ;
#849 = VERTEX_POINT ( 'NONE', #3364 ) ;
#850 = ORIENTED_EDGE ( 'NONE', *, *, #851, .F. ) ;
#851 = EDGE_CURVE ( 'NONE', #852, #848, #3363, .T. ) ;
#852 = VERTEX_POINT ( 'NONE', #3358 ) ;
#853 = VERTEX_POINT ( 'NONE', #3357 ) ;
#854 = VERTEX_POINT ( 'NONE', #3356 ) ;
#855 = ORIENTED_EDGE ( 'NONE', *, *, #856, .F. ) ;
#856 = EDGE_CURVE ( 'NONE', #857, #854, #3355, .T. ) ;
#857 = VERTEX_POINT ( 'NONE', #3351 ) ;
#858 = ORIENTED_EDGE ( 'NONE', *, *, #859, .F. ) ;
#859 = EDGE_CURVE ( 'NONE', #828, #857, #3350, .T. ) ;
#860 = EDGE_LOOP ( 'NONE', ( #861, #865, #868, #1000, #381, #1095, #1180, #1083, #1086, #1089, #1072, #1075 ) ) ;
#861 = ORIENTED_EDGE ( 'NONE', *, *, #862, .F. ) ;
#862 = EDGE_CURVE ( 'NONE', #863, #864, #3345, .T. ) ;
#863 = VERTEX_POINT ( 'NONE', #3341 ) ;
#864 = VERTEX_POINT ( 'NONE', #3340 ) ;
#865 = ORIENTED_EDGE ( 'NONE', *, *, #866, .F. ) ;
#866 = EDGE_CURVE ( 'NONE', #867, #863, #3339, .T. ) ;
#867 = VERTEX_POINT ( 'NONE', #3518 ) ;
#868 = ORIENTED_EDGE ( 'NONE', *, *, #996, .F. ) ;
#869 = ORIENTED_EDGE ( 'NONE', *, *, #870, .T. ) ;
#870 = EDGE_CURVE ( 'NONE', #1032, #871, #3516, .T. ) ;
#871 = VERTEX_POINT ( 'NONE', #3583 ) ;
#872 = ORIENTED_EDGE ( 'NONE', *, *, #873, .T. ) ;
#873 = EDGE_CURVE ( 'NONE', #871, #434, #3672, .T. ) ;
#874 = EDGE_CURVE ( 'NONE', #875, #994, #3761, .T. ) ;
#875 = VERTEX_POINT ( 'NONE', #3541 ) ;
#876 = ORIENTED_EDGE ( 'NONE', *, *, #877, .F. ) ;
#877 = EDGE_CURVE ( 'NONE', #878, #875, #3540, .T. ) ;
#878 = VERTEX_POINT ( 'NONE', #3612 ) ;
#879 = ORIENTED_EDGE ( 'NONE', *, *, #880, .F. ) ;
#880 = EDGE_CURVE ( 'NONE', #1132, #878, #3611, .T. ) ;
#881 = EDGE_LOOP ( 'NONE', ( #882, #850, #1104, #1106, #1109, #1112, #1115, #883, #885, #888, #891, #894 ) ) ;
#882 = ORIENTED_EDGE ( 'NONE', *, *, #847, .F. ) ;
#883 = ORIENTED_EDGE ( 'NONE', *, *, #884, .F. ) ;
#884 = EDGE_CURVE ( 'NONE', #1118, #1117, #3695, .T. ) ;
#885 = ORIENTED_EDGE ( 'NONE', *, *, #886, .F. ) ;
#886 = EDGE_CURVE ( 'NONE', #887, #1118, #3691, .T. ) ;
#887 = VERTEX_POINT ( 'NONE', #3687 ) ;
#888 = ORIENTED_EDGE ( 'NONE', *, *, #889, .F. ) ;
#889 = EDGE_CURVE ( 'NONE', #890, #887, #3686, .T. ) ;
#890 = VERTEX_POINT ( 'NONE', #3681 ) ;
#891 = ORIENTED_EDGE ( 'NONE', *, *, #892, .F. ) ;
#892 = EDGE_CURVE ( 'NONE', #893, #890, #3680, .T. ) ;
#893 = VERTEX_POINT ( 'NONE', #3676 ) ;
#894 = ORIENTED_EDGE ( 'NONE', *, *, #895, .F. ) ;
#895 = EDGE_CURVE ( 'NONE', #849, #893, #3675, .T. ) ;
#896 = VERTEX_POINT ( 'NONE', #3537 ) ;
#897 = ORIENTED_EDGE ( 'NONE', *, *, #898, .T. ) ;
#898 = EDGE_CURVE ( 'NONE', #896, #899, #3536, .T. ) ;
#899 = VERTEX_POINT ( 'NONE', #3531 ) ;
#900 = ORIENTED_EDGE ( 'NONE', *, *, #901, .T. ) ;
#901 = EDGE_CURVE ( 'NONE', #899, #938, #3530, .T. ) ;
#902 = ORIENTED_EDGE ( 'NONE', *, *, #903, .T. ) ;
#903 = EDGE_CURVE ( 'NONE', #766, #904, #3526, .T. ) ;
#904 = VERTEX_POINT ( 'NONE', #3609 ) ;
#905 = ORIENTED_EDGE ( 'NONE', *, *, #1121, .T. ) ;
#906 = VERTEX_POINT ( 'NONE', #3608 ) ;
#907 = ORIENTED_EDGE ( 'NONE', *, *, #908, .T. ) ;
#908 = EDGE_CURVE ( 'NONE', #906, #909, #3607, .T. ) ;
#909 = VERTEX_POINT ( 'NONE', #3603 ) ;
#910 = EDGE_CURVE ( 'NONE', #935, #937, #3602, .T. ) ;
#911 = ORIENTED_EDGE ( 'NONE', *, *, #912, .T. ) ;
#912 = EDGE_CURVE ( 'NONE', #937, #913, #3598, .T. ) ;
#913 = VERTEX_POINT ( 'NONE', #3756 ) ;
#914 = ORIENTED_EDGE ( 'NONE', *, *, #915, .T. ) ;
#915 = EDGE_CURVE ( 'NONE', #913, #896, #3755, .T. ) ;
#916 = EDGE_CURVE ( 'NONE', #1053, #917, #3751, .T. ) ;
#917 = VERTEX_POINT ( 'NONE', #3746 ) ;
#918 = ORIENTED_EDGE ( 'NONE', *, *, #919, .T. ) ;
#919 = EDGE_CURVE ( 'NONE', #917, #658, #3745, .T. ) ;
#920 = EDGE_LOOP ( 'NONE', ( #959, #907, #927, #930, #933, #936, #911, #914, #897, #900, #939, #942 ) ) ;
#921 = ORIENTED_EDGE ( 'NONE', *, *, #922, .T. ) ;
#922 = EDGE_CURVE ( 'NONE', #955, #923, #3741, .T. ) ;
#923 = VERTEX_POINT ( 'NONE', #3737 ) ;
#924 = ORIENTED_EDGE ( 'NONE', *, *, #925, .T. ) ;
#925 = EDGE_CURVE ( 'NONE', #923, #926, #3736, .T. ) ;
#926 = VERTEX_POINT ( 'NONE', #3731 ) ;
#927 = ORIENTED_EDGE ( 'NONE', *, *, #928, .T. ) ;
#928 = EDGE_CURVE ( 'NONE', #909, #929, #3730, .T. ) ;
#929 = VERTEX_POINT ( 'NONE', #3593 ) ;
#930 = ORIENTED_EDGE ( 'NONE', *, *, #931, .T. ) ;
#931 = EDGE_CURVE ( 'NONE', #929, #932, #3592, .T. ) ;
#932 = VERTEX_POINT ( 'NONE', #3588 ) ;
#933 = ORIENTED_EDGE ( 'NONE', *, *, #934, .T. ) ;
#934 = EDGE_CURVE ( 'NONE', #932, #935, #3587, .T. ) ;
#935 = VERTEX_POINT ( 'NONE', #3652 ) ;
#936 = ORIENTED_EDGE ( 'NONE', *, *, #910, .T. ) ;
#937 = VERTEX_POINT ( 'NONE', #3651 ) ;
#938 = VERTEX_POINT ( 'NONE', #3650 ) ;
#939 = ORIENTED_EDGE ( 'NONE', *, *, #940, .T. ) ;
#940 = EDGE_CURVE ( 'NONE', #938, #941, #3649, .T. ) ;
#941 = VERTEX_POINT ( 'NONE', #3644 ) ;
#942 = ORIENTED_EDGE ( 'NONE', *, *, #943, .T. ) ;
#943 = EDGE_CURVE ( 'NONE', #941, #961, #3643, .T. ) ;
#944 = EDGE_LOOP ( 'NONE', ( #945, #949, #754, #756, #759, #771, #774, #777, #761, #764, #902, #905 ) ) ;
#945 = ORIENTED_EDGE ( 'NONE', *, *, #946, .T. ) ;
#946 = EDGE_CURVE ( 'NONE', #947, #948, #3582, .T. ) ;
#947 = VERTEX_POINT ( 'NONE', #3577 ) ;
#948 = VERTEX_POINT ( 'NONE', #3576 ) ;
#949 = ORIENTED_EDGE ( 'NONE', *, *, #950, .T. ) ;
#950 = EDGE_CURVE ( 'NONE', #948, #951, #3575, .T. ) ;
#951 = VERTEX_POINT ( 'NONE', #3571 ) ;
#952 = VERTEX_POINT ( 'NONE', #3570 ) ;
#953 = ORIENTED_EDGE ( 'NONE', *, *, #954, .T. ) ;
#954 = EDGE_CURVE ( 'NONE', #958, #955, #3569, .T. ) ;
#955 = VERTEX_POINT ( 'NONE', #3564 ) ;
#956 = ORIENTED_EDGE ( 'NONE', *, *, #957, .T. ) ;
#957 = EDGE_CURVE ( 'NONE', #769, #958, #3563, .T. ) ;
#958 = VERTEX_POINT ( 'NONE', #3559 ) ;
#959 = ORIENTED_EDGE ( 'NONE', *, *, #960, .T. ) ;
#960 = EDGE_CURVE ( 'NONE', #961, #906, #3558, .T. ) ;
#961 = VERTEX_POINT ( 'NONE', #3553 ) ;
#962 = ORIENTED_EDGE ( 'NONE', *, *, #2017, .F. ) ;
#963 = ORIENTED_EDGE ( 'NONE', *, *, #964, .F. ) ;
#964 = EDGE_CURVE ( 'NONE', #965, #840, #3552, .T. ) ;
#965 = VERTEX_POINT ( 'NONE', #3547 ) ;
#966 = ORIENTED_EDGE ( 'NONE', *, *, #967, .F. ) ;
#967 = EDGE_CURVE ( 'NONE', #968, #965, #3546, .T. ) ;
#968 = VERTEX_POINT ( 'NONE', #3728 ) ;
#969 = ORIENTED_EDGE ( 'NONE', *, *, #970, .F. ) ;
#970 = EDGE_CURVE ( 'NONE', #971, #968, #3727, .T. ) ;
#971 = VERTEX_POINT ( 'NONE', #3722 ) ;
#972 = ORIENTED_EDGE ( 'NONE', *, *, #973, .F. ) ;
#973 = EDGE_CURVE ( 'NONE', #974, #971, #3721, .T. ) ;
#974 = VERTEX_POINT ( 'NONE', #3717 ) ;
#975 = ORIENTED_EDGE ( 'NONE', *, *, #976, .F. ) ;
#976 = EDGE_CURVE ( 'NONE', #854, #974, #3716, .T. ) ;
#977 = ORIENTED_EDGE ( 'NONE', *, *, #978, .F. ) ;
#978 = EDGE_CURVE ( 'NONE', #979, #1131, #3711, .T. ) ;
#979 = VERTEX_POINT ( 'NONE', #3706 ) ;
#980 = ORIENTED_EDGE ( 'NONE', *, *, #981, .F. ) ;
#981 = EDGE_CURVE ( 'NONE', #982, #846, #3705, .T. ) ;
#982 = VERTEX_POINT ( 'NONE', #3638 ) ;
#983 = ORIENTED_EDGE ( 'NONE', *, *, #984, .F. ) ;
#984 = EDGE_CURVE ( 'NONE', #985, #982, #3637, .T. ) ;
#985 = VERTEX_POINT ( 'NONE', #3632 ) ;
#986 = ORIENTED_EDGE ( 'NONE', *, *, #987, .F. ) ;
#987 = EDGE_CURVE ( 'NONE', #988, #985, #3631, .T. ) ;
#988 = VERTEX_POINT ( 'NONE', #3627 ) ;
#989 = ORIENTED_EDGE ( 'NONE', *, *, #990, .F. ) ;
#990 = EDGE_CURVE ( 'NONE', #991, #988, #3626, .T. ) ;
#991 = VERTEX_POINT ( 'NONE', #3621 ) ;
#992 = ORIENTED_EDGE ( 'NONE', *, *, #993, .F. ) ;
#993 = EDGE_CURVE ( 'NONE', #994, #991, #3620, .T. ) ;
#994 = VERTEX_POINT ( 'NONE', #3616 ) ;
#995 = ORIENTED_EDGE ( 'NONE', *, *, #874, .F. ) ;
#996 = EDGE_CURVE ( 'NONE', #1070, #867, #3667, .T. ) ;
#997 = EDGE_CURVE ( 'NONE', #998, #1182, #3663, .T. ) ;
#998 = VERTEX_POINT ( 'NONE', #3659 ) ;
#999 = EDGE_CURVE ( 'NONE', #1182, #1070, #3658, .T. ) ;
#1000 = ORIENTED_EDGE ( 'NONE', *, *, #999, .F. ) ;
#1001 = ORIENTED_EDGE ( 'NONE', *, *, #1002, .F. ) ;
#1002 = EDGE_CURVE ( 'NONE', #163, #2018, #3196, .T. ) ;
#1003 = ORIENTED_EDGE ( 'NONE', *, *, #161, .F. ) ;
#1004 = ORIENTED_EDGE ( 'NONE', *, *, #1005, .T. ) ;
#1005 = EDGE_CURVE ( 'NONE', #162, #2041, #3923, .T. ) ;
#1006 = ORIENTED_EDGE ( 'NONE', *, *, #2039, .F. ) ;
#1007 = ORIENTED_EDGE ( 'NONE', *, *, #1055, .T. ) ;
#1008 = EDGE_CURVE ( 'NONE', #1017, #1009, #3931, .T. ) ;
#1009 = VERTEX_POINT ( 'NONE', #3873 ) ;
#1010 = ORIENTED_EDGE ( 'NONE', *, *, #1011, .T. ) ;
#1011 = EDGE_CURVE ( 'NONE', #1009, #573, #3928, .T. ) ;
#1012 = ORIENTED_EDGE ( 'NONE', *, *, #572, .T. ) ;
#1013 = ORIENTED_EDGE ( 'NONE', *, *, #1014, .T. ) ;
#1014 = EDGE_CURVE ( 'NONE', #574, #811, #3937, .T. ) ;
#1015 = ORIENTED_EDGE ( 'NONE', *, *, #1016, .T. ) ;
#1016 = EDGE_CURVE ( 'NONE', #1144, #779, #3939, .T. ) ;
#1017 = VERTEX_POINT ( 'NONE', #3932 ) ;
#1018 = ORIENTED_EDGE ( 'NONE', *, *, #1019, .T. ) ;
#1019 = EDGE_CURVE ( 'NONE', #795, #1020, #3965, .T. ) ;
#1020 = VERTEX_POINT ( 'NONE', #3960 ) ;
#1021 = ORIENTED_EDGE ( 'NONE', *, *, #1022, .T. ) ;
#1022 = EDGE_CURVE ( 'NONE', #1020, #1023, #3959, .T. ) ;
#1023 = VERTEX_POINT ( 'NONE', #3768 ) ;
#1024 = ORIENTED_EDGE ( 'NONE', *, *, #1025, .T. ) ;
#1025 = EDGE_CURVE ( 'NONE', #1023, #1026, #3767, .T. ) ;
#1026 = VERTEX_POINT ( 'NONE', #3762 ) ;
#1027 = ORIENTED_EDGE ( 'NONE', *, *, #1028, .T. ) ;
#1028 = EDGE_CURVE ( 'NONE', #1026, #1029, #3905, .T. ) ;
#1029 = VERTEX_POINT ( 'NONE', #3901 ) ;
#1030 = ORIENTED_EDGE ( 'NONE', *, *, #1031, .T. ) ;
#1031 = EDGE_CURVE ( 'NONE', #1029, #1032, #3900, .T. ) ;
#1032 = VERTEX_POINT ( 'NONE', #3895 ) ;
#1033 = ORIENTED_EDGE ( 'NONE', *, *, #1034, .T. ) ;
#1034 = EDGE_CURVE ( 'NONE', #823, #2009, #3894, .T. ) ;
#1035 = ORIENTED_EDGE ( 'NONE', *, *, #2008, .T. ) ;
#1036 = ORIENTED_EDGE ( 'NONE', *, *, #1037, .T. ) ;
#1037 = EDGE_CURVE ( 'NONE', #1920, #1038, #3890, .T. ) ;
#1038 = VERTEX_POINT ( 'NONE', #3885 ) ;
#1039 = ORIENTED_EDGE ( 'NONE', *, *, #1040, .T. ) ;
#1040 = EDGE_CURVE ( 'NONE', #1038, #1041, #3884, .T. ) ;
#1041 = VERTEX_POINT ( 'NONE', #3880 ) ;
#1042 = ORIENTED_EDGE ( 'NONE', *, *, #1043, .T. ) ;
#1043 = EDGE_CURVE ( 'NONE', #1041, #1896, #3879, .T. ) ;
#1044 = ORIENTED_EDGE ( 'NONE', *, *, #1895, .T. ) ;
#1045 = ORIENTED_EDGE ( 'NONE', *, *, #1046, .T. ) ;
#1046 = EDGE_CURVE ( 'NONE', #926, #1047, #3922, .T. ) ;
#1047 = VERTEX_POINT ( 'NONE', #3918 ) ;
#1048 = ORIENTED_EDGE ( 'NONE', *, *, #1049, .T. ) ;
#1049 = EDGE_CURVE ( 'NONE', #1047, #1050, #3917, .T. ) ;
#1050 = VERTEX_POINT ( 'NONE', #3912 ) ;
#1051 = ORIENTED_EDGE ( 'NONE', *, *, #1052, .T. ) ;
#1052 = EDGE_CURVE ( 'NONE', #1050, #1053, #3911, .T. ) ;
#1053 = VERTEX_POINT ( 'NONE', #3906 ) ;
#1054 = ORIENTED_EDGE ( 'NONE', *, *, #916, .T. ) ;
#1055 = EDGE_CURVE ( 'NONE', #2040, #353, #3907, .T. ) ;
#1056 = ORIENTED_EDGE ( 'NONE', *, *, #352, .F. ) ;
#1057 = ORIENTED_EDGE ( 'NONE', *, *, #1058, .T. ) ;
#1058 = EDGE_CURVE ( 'NONE', #350, #491, #3951, .T. ) ;
#1059 = ORIENTED_EDGE ( 'NONE', *, *, #490, .T. ) ;
#1060 = EDGE_CURVE ( 'NONE', #1977, #527, #3946, .T. ) ;
#1061 = ORIENTED_EDGE ( 'NONE', *, *, #526, .T. ) ;
#1062 = ORIENTED_EDGE ( 'NONE', *, *, #709, .T. ) ;
#1063 = ORIENTED_EDGE ( 'NONE', *, *, #720, .T. ) ;
#1064 = ORIENTED_EDGE ( 'NONE', *, *, #479, .T. ) ;
#1065 = ORIENTED_EDGE ( 'NONE', *, *, #469, .T. ) ;
#1066 = ORIENTED_EDGE ( 'NONE', *, *, #625, .T. ) ;
#1067 = ORIENTED_EDGE ( 'NONE', *, *, #618, .T. ) ;
#1068 = ORIENTED_EDGE ( 'NONE', *, *, #1069, .T. ) ;
#1069 = EDGE_CURVE ( 'NONE', #697, #484, #3871, .T. ) ;
#1070 = VERTEX_POINT ( 'NONE', #3866 ) ;
#1071 = VERTEX_POINT ( 'NONE', #3865 ) ;
#1072 = ORIENTED_EDGE ( 'NONE', *, *, #1073, .F. ) ;
#1073 = EDGE_CURVE ( 'NONE', #1074, #1071, #3864, .T. ) ;
#1074 = VERTEX_POINT ( 'NONE', #3860 ) ;
#1075 = ORIENTED_EDGE ( 'NONE', *, *, #1076, .F. ) ;
#1076 = EDGE_CURVE ( 'NONE', #864, #1074, #3859, .T. ) ;
#1077 = EDGE_LOOP ( 'NONE', ( #1078, #1079, #1081, #1457, #1459, #1460, #1462, #1463, #1177, #1178, #1447, #1448, #1449, #1451, #1452, #1454, #1455, #1456, #1097, #1098, #1099, #1100, #1101, #962, #1001, #1003, #1004, #1006, #1007, #1056, #1057, #1059, #1091, #1093, #1094, #1061, #1062, #1063, #1064, #1065, #1066, #1067, #1068, #1444, #1435, #1439, #1437, #1445, #1441, #1434, #1442, #1438, #5770, #1993, #1994, #1996, #1997, #1989, #1990, #1948, #5759, #5760, #5761, #5763, #5764, #5765, #5767, #5768, #5772, #5773, #5775, #5776, #5778, #5779, #5781, #5782, #5784, #5785, #5786, #5787, #5788, #5789 ) ) ;
#1078 = ORIENTED_EDGE ( 'NONE', *, *, #290, .F. ) ;
#1079 = ORIENTED_EDGE ( 'NONE', *, *, #1080, .T. ) ;
#1080 = EDGE_CURVE ( 'NONE', #288, #1960, #3850, .T. ) ;
#1081 = ORIENTED_EDGE ( 'NONE', *, *, #1958, .F. ) ;
#1082 = EDGE_CURVE ( 'NONE', #1181, #1179, #3851, .T. ) ;
#1083 = ORIENTED_EDGE ( 'NONE', *, *, #1084, .F. ) ;
#1084 = EDGE_CURVE ( 'NONE', #1085, #1181, #3842, .T. ) ;
#1085 = VERTEX_POINT ( 'NONE', #3837 ) ;
#1086 = ORIENTED_EDGE ( 'NONE', *, *, #1087, .F. ) ;
#1087 = EDGE_CURVE ( 'NONE', #1088, #1085, #3836, .T. ) ;
#1088 = VERTEX_POINT ( 'NONE', #3832 ) ;
#1089 = ORIENTED_EDGE ( 'NONE', *, *, #1090, .F. ) ;
#1090 = EDGE_CURVE ( 'NONE', #1071, #1088, #3831, .T. ) ;
#1091 = ORIENTED_EDGE ( 'NONE', *, *, #1092, .F. ) ;
#1092 = EDGE_CURVE ( 'NONE', #1980, #488, #3826, .T. ) ;
#1093 = ORIENTED_EDGE ( 'NONE', *, *, #1979, .T. ) ;
#1094 = ORIENTED_EDGE ( 'NONE', *, *, #1060, .T. ) ;
#1095 = ORIENTED_EDGE ( 'NONE', *, *, #1096, .F. ) ;
#1096 = EDGE_CURVE ( 'NONE', #1179, #998, #3790, .T. ) ;
#1097 = ORIENTED_EDGE ( 'NONE', *, *, #431, .F. ) ;
#1098 = ORIENTED_EDGE ( 'NONE', *, *, #239, .F. ) ;
#1099 = ORIENTED_EDGE ( 'NONE', *, *, #198, .F. ) ;
#1100 = ORIENTED_EDGE ( 'NONE', *, *, #191, .F. ) ;
#1101 = ORIENTED_EDGE ( 'NONE', *, *, #1102, .T. ) ;
#1102 = EDGE_CURVE ( 'NONE', #364, #2019, #3785, .T. ) ;
#1103 = EDGE_LOOP ( 'NONE', ( #1119, #829, #832, #835, #838, #963, #966, #969, #972, #975, #855, #858 ) ) ;
#1104 = ORIENTED_EDGE ( 'NONE', *, *, #1105, .F. ) ;
#1105 = EDGE_CURVE ( 'NONE', #853, #852, #3780, .T. ) ;
#1106 = ORIENTED_EDGE ( 'NONE', *, *, #1107, .F. ) ;
#1107 = EDGE_CURVE ( 'NONE', #1108, #853, #3776, .T. ) ;
#1108 = VERTEX_POINT ( 'NONE', #3771 ) ;
#1109 = ORIENTED_EDGE ( 'NONE', *, *, #1110, .F. ) ;
#1110 = EDGE_CURVE ( 'NONE', #1111, #1108, #3770, .T. ) ;
#1111 = VERTEX_POINT ( 'NONE', #3987 ) ;
#1112 = ORIENTED_EDGE ( 'NONE', *, *, #1113, .F. ) ;
#1113 = EDGE_CURVE ( 'NONE', #1114, #1111, #3986, .T. ) ;
#1114 = VERTEX_POINT ( 'NONE', #3981 ) ;
#1115 = ORIENTED_EDGE ( 'NONE', *, *, #1116, .F. ) ;
#1116 = EDGE_CURVE ( 'NONE', #1117, #1114, #3980, .T. ) ;
#1117 = VERTEX_POINT ( 'NONE', #3976 ) ;
#1118 = VERTEX_POINT ( 'NONE', #3821 ) ;
#1119 = ORIENTED_EDGE ( 'NONE', *, *, #1120, .F. ) ;
#1120 = EDGE_CURVE ( 'NONE', #827, #828, #3820, .T. ) ;
#1121 = EDGE_CURVE ( 'NONE', #904, #947, #3816, .T. ) ;
#1122 = EDGE_LOOP ( 'NONE', ( #1123, #1124, #1125, #751, #1133, #780, #1142, #1015, #824, #826, #1010, #1012, #1013, #812, #815, #818, #821, #1033, #1035, #1036, #1039, #1042, #1044, #796, #797, #799, #800, #802, #803, #806, #1134, #1137, #781, #784, #787, #789, #790, #793, #1018, #1021, #1024, #1027, #1030, #869, #872 ) ) ;
#1123 = ORIENTED_EDGE ( 'NONE', *, *, #433, .T. ) ;
#1124 = ORIENTED_EDGE ( 'NONE', *, *, #2047, .T. ) ;
#1125 = ORIENTED_EDGE ( 'NONE', *, *, #1126, .T. ) ;
#1126 = EDGE_CURVE ( 'NONE', #2048, #750, #3812, .T. ) ;
#1127 = ADVANCED_FACE ( 'NONE', ( #3807, #3806, #3805, #3804, #3803, #3802 ), #3801, .F. ) ;
#1128 = EDGE_LOOP ( 'NONE', ( #1129, #977, #841, #844, #980, #983, #986, #989, #992, #995, #876, #879 ) ) ;
#1129 = ORIENTED_EDGE ( 'NONE', *, *, #1130, .F. ) ;
#1130 = EDGE_CURVE ( 'NONE', #1131, #1132, #3796, .T. ) ;
#1131 = VERTEX_POINT ( 'NONE', #3792 ) ;
#1132 = VERTEX_POINT ( 'NONE', #3791 ) ;
#1133 = ORIENTED_EDGE ( 'NONE', *, *, #809, .T. ) ;
#1134 = ORIENTED_EDGE ( 'NONE', *, *, #1135, .T. ) ;
#1135 = EDGE_CURVE ( 'NONE', #808, #1136, #3975, .T. ) ;
#1136 = VERTEX_POINT ( 'NONE', #3970 ) ;
#1137 = ORIENTED_EDGE ( 'NONE', *, *, #1138, .T. ) ;
#1138 = EDGE_CURVE ( 'NONE', #1136, #1139, #3969, .T. ) ;
#1139 = VERTEX_POINT ( 'NONE', #4010 ) ;
#1140 = EDGE_CURVE ( 'NONE', #810, #1141, #4206, .T. ) ;
#1141 = VERTEX_POINT ( 'NONE', #4207 ) ;
#1142 = ORIENTED_EDGE ( 'NONE', *, *, #1143, .T. ) ;
#1143 = EDGE_CURVE ( 'NONE', #1141, #1144, #4210, .T. ) ;
#1144 = VERTEX_POINT ( 'NONE', #4231 ) ;
#1145 = ADVANCED_FACE ( 'NONE', ( #4230 ), #4229, .F. ) ;
#1146 = EDGE_LOOP ( 'NONE', ( #1147, #1148, #1149, #1150 ) ) ;
#1147 = ORIENTED_EDGE ( 'NONE', *, *, #782, .F. ) ;
#1148 = ORIENTED_EDGE ( 'NONE', *, *, #1370, .F. ) ;
#1149 = ORIENTED_EDGE ( 'NONE', *, *, #6013, .F. ) ;
#1150 = ORIENTED_EDGE ( 'NONE', *, *, #1380, .F. ) ;
#1151 = ADVANCED_FACE ( 'NONE', ( #4223 ), #4222, .F. ) ;
#1152 = EDGE_LOOP ( 'NONE', ( #1153, #1690, #1691, #1692 ) ) ;
#1153 = ORIENTED_EDGE ( 'NONE', *, *, #1019, .F. ) ;
#1154 = ORIENTED_EDGE ( 'NONE', *, *, #5995, .T. ) ;
#1155 = ORIENTED_EDGE ( 'NONE', *, *, #1349, .F. ) ;
#1156 = ADVANCED_FACE ( 'NONE', ( #4217 ), #4221, .F. ) ;
#1157 = EDGE_LOOP ( 'NONE', ( #1358, #1359, #1361, #1362 ) ) ;
#1158 = ORIENTED_EDGE ( 'NONE', *, *, #807, .F. ) ;
#1159 = ORIENTED_EDGE ( 'NONE', *, *, #1160, .T. ) ;
#1160 = EDGE_CURVE ( 'NONE', #805, #6023, #4212, .T. ) ;
#1161 = ORIENTED_EDGE ( 'NONE', *, *, #6022, .T. ) ;
#1162 = ORIENTED_EDGE ( 'NONE', *, *, #1172, .F. ) ;
#1163 = ADVANCED_FACE ( 'NONE', ( #4201 ), #4200, .F. ) ;
#1164 = EDGE_LOOP ( 'NONE', ( #1165, #1166, #1167, #1373 ) ) ;
#1165 = ORIENTED_EDGE ( 'NONE', *, *, #801, .F. ) ;
#1166 = ORIENTED_EDGE ( 'NONE', *, *, #1799, .T. ) ;
#1167 = ORIENTED_EDGE ( 'NONE', *, *, #6028, .T. ) ;
#1168 = EDGE_LOOP ( 'NONE', ( #1375, #1376, #1378, #1379 ) ) ;
#1169 = EDGE_CURVE ( 'NONE', #1136, #6015, #4195, .T. ) ;
#1170 = ORIENTED_EDGE ( 'NONE', *, *, #1135, .F. ) ;
#1171 = ORIENTED_EDGE ( 'NONE', *, *, #1172, .T. ) ;
#1172 = EDGE_CURVE ( 'NONE', #808, #6020, #4191, .T. ) ;
#1173 = ORIENTED_EDGE ( 'NONE', *, *, #6019, .T. ) ;
#1174 = ADVANCED_FACE ( 'NONE', ( #4187 ), #4186, .F. ) ;
#1175 = EDGE_LOOP ( 'NONE', ( #1158, #1159, #1161, #1162 ) ) ;
#1176 = ORIENTED_EDGE ( 'NONE', *, *, #1370, .T. ) ;
#1177 = ORIENTED_EDGE ( 'NONE', *, *, #137, .F. ) ;
#1178 = ORIENTED_EDGE ( 'NONE', *, *, #1446, .T. ) ;
#1179 = VERTEX_POINT ( 'NONE', #4181 ) ;
#1180 = ORIENTED_EDGE ( 'NONE', *, *, #1082, .F. ) ;
#1181 = VERTEX_POINT ( 'NONE', #4180 ) ;
#1182 = VERTEX_POINT ( 'NONE', #4179 ) ;
#1183 = EDGE_LOOP ( 'NONE', ( #1324, #1325, #1326, #1291 ) ) ;
#1184 = ORIENTED_EDGE ( 'NONE', *, *, #1185, .T. ) ;
#1185 = EDGE_CURVE ( 'NONE', #1902, #1209, #4178, .T. ) ;
#1186 = ORIENTED_EDGE ( 'NONE', *, *, #1187, .F. ) ;
#1187 = EDGE_CURVE ( 'NONE', #1188, #1209, #4173, .T. ) ;
#1188 = VERTEX_POINT ( 'NONE', #4000 ) ;
#1189 = ORIENTED_EDGE ( 'NONE', *, *, #1190, .T. ) ;
#1190 = EDGE_CURVE ( 'NONE', #1188, #1916, #3999, .T. ) ;
#1191 = ORIENTED_EDGE ( 'NONE', *, *, #1865, .T. ) ;
#1192 = ORIENTED_EDGE ( 'NONE', *, *, #1193, .F. ) ;
#1193 = EDGE_CURVE ( 'NONE', #1194, #1917, #3994, .T. ) ;
#1194 = VERTEX_POINT ( 'NONE', #3990 ) ;
#1195 = ORIENTED_EDGE ( 'NONE', *, *, #1196, .F. ) ;
#1196 = EDGE_CURVE ( 'NONE', #1413, #1194, #4139, .T. ) ;
#1197 = ORIENTED_EDGE ( 'NONE', *, *, #1198, .T. ) ;
#1198 = EDGE_CURVE ( 'NONE', #1221, #1222, #4134, .T. ) ;
#1199 = ORIENTED_EDGE ( 'NONE', *, *, #1200, .F. ) ;
#1200 = EDGE_CURVE ( 'NONE', #1201, #1222, #4129, .T. ) ;
#1201 = VERTEX_POINT ( 'NONE', #4125 ) ;
#1202 = ORIENTED_EDGE ( 'NONE', *, *, #1203, .F. ) ;
#1203 = EDGE_CURVE ( 'NONE', #1204, #1201, #4124, .T. ) ;
#1204 = VERTEX_POINT ( 'NONE', #4119 ) ;
#1205 = ORIENTED_EDGE ( 'NONE', *, *, #1206, .F. ) ;
#1206 = EDGE_CURVE ( 'NONE', #1223, #1204, #4118, .T. ) ;
#1207 = EDGE_CURVE ( 'NONE', #1912, #356, #4114, .T. ) ;
#1208 = ORIENTED_EDGE ( 'NONE', *, *, #1904, .T. ) ;
#1209 = VERTEX_POINT ( 'NONE', #4109 ) ;
#1210 = ORIENTED_EDGE ( 'NONE', *, *, #1211, .F. ) ;
#1211 = EDGE_CURVE ( 'NONE', #1212, #1419, #4058, .T. ) ;
#1212 = VERTEX_POINT ( 'NONE', #4054 ) ;
#1213 = ORIENTED_EDGE ( 'NONE', *, *, #1214, .T. ) ;
#1214 = EDGE_CURVE ( 'NONE', #1212, #580, #4053, .T. ) ;
#1215 = ORIENTED_EDGE ( 'NONE', *, *, #579, .F. ) ;
#1216 = ORIENTED_EDGE ( 'NONE', *, *, #1217, .T. ) ;
#1217 = EDGE_CURVE ( 'NONE', #577, #1218, #4048, .T. ) ;
#1218 = VERTEX_POINT ( 'NONE', #4043 ) ;
#1219 = ORIENTED_EDGE ( 'NONE', *, *, #1220, .F. ) ;
#1220 = EDGE_CURVE ( 'NONE', #1221, #1218, #4042, .T. ) ;
#1221 = VERTEX_POINT ( 'NONE', #4038 ) ;
#1222 = VERTEX_POINT ( 'NONE', #4037 ) ;
#1223 = VERTEX_POINT ( 'NONE', #4036 ) ;
#1224 = ORIENTED_EDGE ( 'NONE', *, *, #1225, .T. ) ;
#1225 = EDGE_CURVE ( 'NONE', #1223, #5794, #4035, .T. ) ;
#1226 = ADVANCED_FACE ( 'NONE', ( #4030 ), #4029, .T. ) ;
#1227 = EDGE_LOOP ( 'NONE', ( #1228, #1381, #1382, #1428 ) ) ;
#1228 = ORIENTED_EDGE ( 'NONE', *, *, #514, .F. ) ;
#1229 = EDGE_LOOP ( 'NONE', ( #1230, #1231, #1233, #1328 ) ) ;
#1230 = ORIENTED_EDGE ( 'NONE', *, *, #819, .F. ) ;
#1231 = ORIENTED_EDGE ( 'NONE', *, *, #1232, .T. ) ;
#1232 = EDGE_CURVE ( 'NONE', #817, #1416, #4028, .T. ) ;
#1233 = ORIENTED_EDGE ( 'NONE', *, *, #1415, .T. ) ;
#1234 = ORIENTED_EDGE ( 'NONE', *, *, #745, .F. ) ;
#1235 = ORIENTED_EDGE ( 'NONE', *, *, #230, .F. ) ;
#1236 = ORIENTED_EDGE ( 'NONE', *, *, #1461, .F. ) ;
#1237 = ORIENTED_EDGE ( 'NONE', *, *, #390, .F. ) ;
#1238 = ADVANCED_FACE ( 'NONE', ( #4020 ), #4018, .T. ) ;
#1239 = EDGE_LOOP ( 'NONE', ( #1240, #1241, #1242, #1243 ) ) ;
#1240 = ORIENTED_EDGE ( 'NONE', *, *, #739, .F. ) ;
#1241 = ORIENTED_EDGE ( 'NONE', *, *, #2013, .F. ) ;
#1242 = ORIENTED_EDGE ( 'NONE', *, *, #1446, .F. ) ;
#1243 = ORIENTED_EDGE ( 'NONE', *, *, #158, .F. ) ;
#1244 = ADVANCED_FACE ( 'NONE', ( #4013 ), #4011, .T. ) ;
#1245 = ORIENTED_EDGE ( 'NONE', *, *, #1140, .F. ) ;
#1246 = ORIENTED_EDGE ( 'NONE', *, *, #1247, .T. ) ;
#1247 = EDGE_CURVE ( 'NONE', #810, #1223, #4082, .T. ) ;
#1248 = ORIENTED_EDGE ( 'NONE', *, *, #1206, .T. ) ;
#1249 = ORIENTED_EDGE ( 'NONE', *, *, #1310, .F. ) ;
#1250 = ADVANCED_FACE ( 'NONE', ( #4078 ), #4077, .F. ) ;
#1251 = EDGE_LOOP ( 'NONE', ( #1252, #1253, #1317, #1318 ) ) ;
#1252 = ORIENTED_EDGE ( 'NONE', *, *, #752, .F. ) ;
#1253 = ORIENTED_EDGE ( 'NONE', *, *, #1254, .T. ) ;
#1254 = EDGE_CURVE ( 'NONE', #750, #5793, #4072, .T. ) ;
#1255 = ORIENTED_EDGE ( 'NONE', *, *, #2011, .F. ) ;
#1256 = ORIENTED_EDGE ( 'NONE', *, *, #5777, .F. ) ;
#1257 = ORIENTED_EDGE ( 'NONE', *, *, #1211, .T. ) ;
#1258 = ORIENTED_EDGE ( 'NONE', *, *, #1259, .T. ) ;
#1259 = EDGE_CURVE ( 'NONE', #1419, #814, #4068, .T. ) ;
#1260 = ADVANCED_FACE ( 'NONE', ( #4064 ), #4063, .F. ) ;
#1261 = EDGE_LOOP ( 'NONE', ( #1262, #1263, #1265, #1266 ) ) ;
#1262 = ORIENTED_EDGE ( 'NONE', *, *, #1187, .T. ) ;
#1263 = ORIENTED_EDGE ( 'NONE', *, *, #1264, .T. ) ;
#1264 = EDGE_CURVE ( 'NONE', #1209, #1041, #4169, .T. ) ;
#1265 = ORIENTED_EDGE ( 'NONE', *, *, #1040, .F. ) ;
#1266 = ORIENTED_EDGE ( 'NONE', *, *, #1267, .T. ) ;
#1267 = EDGE_CURVE ( 'NONE', #1038, #1188, #4165, .T. ) ;
#1268 = ADVANCED_FACE ( 'NONE', ( #4161 ), #4160, .F. ) ;
#1269 = EDGE_LOOP ( 'NONE', ( #1270, #1271, #1273, #1274 ) ) ;
#1270 = ORIENTED_EDGE ( 'NONE', *, *, #5989, .T. ) ;
#1271 = ORIENTED_EDGE ( 'NONE', *, *, #1272, .T. ) ;
#1272 = EDGE_CURVE ( 'NONE', #5803, #1029, #4155, .T. ) ;
#1273 = ORIENTED_EDGE ( 'NONE', *, *, #1028, .F. ) ;
#1274 = ORIENTED_EDGE ( 'NONE', *, *, #1275, .T. ) ;
#1275 = EDGE_CURVE ( 'NONE', #1026, #5990, #4151, .T. ) ;
#1276 = ADVANCED_FACE ( 'NONE', ( #4147 ), #4145, .F. ) ;
#1277 = EDGE_LOOP ( 'NONE', ( #1278, #1347, #1348, #1350 ) ) ;
#1278 = ORIENTED_EDGE ( 'NONE', *, *, #1275, .F. ) ;
#1279 = ADVANCED_FACE ( 'NONE', ( #4140 ), #4146, .F. ) ;
#1280 = EDGE_LOOP ( 'NONE', ( #1281, #1282, #1284, #1285 ) ) ;
#1281 = ORIENTED_EDGE ( 'NONE', *, *, #1200, .T. ) ;
#1282 = ORIENTED_EDGE ( 'NONE', *, *, #1283, .T. ) ;
#1283 = EDGE_CURVE ( 'NONE', #1222, #779, #4005, .T. ) ;
#1284 = ORIENTED_EDGE ( 'NONE', *, *, #1016, .F. ) ;
#1285 = ORIENTED_EDGE ( 'NONE', *, *, #1307, .T. ) ;
#1286 = ADVANCED_FACE ( 'NONE', ( #4001 ), #4108, .F. ) ;
#1287 = EDGE_LOOP ( 'NONE', ( #1288, #1289, #1367, #1368 ) ) ;
#1288 = ORIENTED_EDGE ( 'NONE', *, *, #5799, .T. ) ;
#1289 = ORIENTED_EDGE ( 'NONE', *, *, #1290, .T. ) ;
#1290 = EDGE_CURVE ( 'NONE', #5797, #871, #4103, .T. ) ;
#1291 = ORIENTED_EDGE ( 'NONE', *, *, #1292, .T. ) ;
#1292 = EDGE_CURVE ( 'NONE', #823, #1194, #4099, .T. ) ;
#1293 = ADVANCED_FACE ( 'NONE', ( #4095 ), #4093, .F. ) ;
#1294 = ORIENTED_EDGE ( 'NONE', *, *, #1292, .F. ) ;
#1295 = ORIENTED_EDGE ( 'NONE', *, *, #822, .F. ) ;
#1296 = ORIENTED_EDGE ( 'NONE', *, *, #554, .F. ) ;
#1297 = ORIENTED_EDGE ( 'NONE', *, *, #5769, .F. ) ;
#1298 = ORIENTED_EDGE ( 'NONE', *, *, #1938, .F. ) ;
#1299 = ORIENTED_EDGE ( 'NONE', *, *, #263, .F. ) ;
#1300 = ADVANCED_FACE ( 'NONE', ( #4088 ), #4087, .T. ) ;
#1301 = EDGE_LOOP ( 'NONE', ( #1234, #1235, #1236, #1237 ) ) ;
#1302 = ORIENTED_EDGE ( 'NONE', *, *, #1329, .T. ) ;
#1303 = ORIENTED_EDGE ( 'NONE', *, *, #1196, .T. ) ;
#1304 = ADVANCED_FACE ( 'NONE', ( #4254 ), #4271, .F. ) ;
#1305 = EDGE_LOOP ( 'NONE', ( #1306, #1308, #1309, #1311 ) ) ;
#1306 = ORIENTED_EDGE ( 'NONE', *, *, #1307, .F. ) ;
#1307 = EDGE_CURVE ( 'NONE', #1144, #1201, #4322, .T. ) ;
#1308 = ORIENTED_EDGE ( 'NONE', *, *, #1143, .F. ) ;
#1309 = ORIENTED_EDGE ( 'NONE', *, *, #1310, .T. ) ;
#1310 = EDGE_CURVE ( 'NONE', #1141, #1204, #4269, .T. ) ;
#1311 = ORIENTED_EDGE ( 'NONE', *, *, #1203, .T. ) ;
#1312 = ADVANCED_FACE ( 'NONE', ( #4265 ), #4396, .F. ) ;
#1313 = EDGE_LOOP ( 'NONE', ( #1245, #1246, #1248, #1249 ) ) ;
#1314 = ADVANCED_FACE ( 'NONE', ( #4391 ), #4390, .T. ) ;
#1315 = EDGE_LOOP ( 'NONE', ( #1296, #1255, #1256, #1299 ) ) ;
#1316 = ORIENTED_EDGE ( 'NONE', *, *, #23, .F. ) ;
#1317 = ORIENTED_EDGE ( 'NONE', *, *, #5792, .T. ) ;
#1318 = ORIENTED_EDGE ( 'NONE', *, *, #1319, .T. ) ;
#1319 = EDGE_CURVE ( 'NONE', #5794, #753, #4258, .T. ) ;
#1320 = ADVANCED_FACE ( 'NONE', ( #4246 ), #4245, .F. ) ;
#1321 = EDGE_LOOP ( 'NONE', ( #1322, #1356, #1344, #1345 ) ) ;
#1322 = ORIENTED_EDGE ( 'NONE', *, *, #1220, .T. ) ;
#1323 = ADVANCED_FACE ( 'NONE', ( #4240 ), #4239, .F. ) ;
#1324 = ORIENTED_EDGE ( 'NONE', *, *, #1193, .T. ) ;
#1325 = ORIENTED_EDGE ( 'NONE', *, *, #1808, .T. ) ;
#1326 = ORIENTED_EDGE ( 'NONE', *, *, #1034, .F. ) ;
#1327 = EDGE_LOOP ( 'NONE', ( #1294, #1295, #1302, #1303 ) ) ;
#1328 = ORIENTED_EDGE ( 'NONE', *, *, #1329, .F. ) ;
#1329 = EDGE_CURVE ( 'NONE', #820, #1413, #4451, .T. ) ;
#1330 = ADVANCED_FACE ( 'NONE', ( #4447 ), #4446, .F. ) ;
#1331 = EDGE_LOOP ( 'NONE', ( #1332, #1333, #1257, #1258 ) ) ;
#1332 = ORIENTED_EDGE ( 'NONE', *, *, #813, .F. ) ;
#1333 = ORIENTED_EDGE ( 'NONE', *, *, #1334, .T. ) ;
#1334 = EDGE_CURVE ( 'NONE', #811, #1212, #4441, .T. ) ;
#1335 = EDGE_LOOP ( 'NONE', ( #1336, #1337, #1338, #1339 ) ) ;
#1336 = ORIENTED_EDGE ( 'NONE', *, *, #679, .F. ) ;
#1337 = ORIENTED_EDGE ( 'NONE', *, *, #439, .F. ) ;
#1338 = ORIENTED_EDGE ( 'NONE', *, *, #1005, .F. ) ;
#1339 = ORIENTED_EDGE ( 'NONE', *, *, #172, .F. ) ;
#1340 = ADVANCED_FACE ( 'NONE', ( #4437 ), #4436, .F. ) ;
#1341 = ADVANCED_FACE ( 'NONE', ( #4431 ), #4430, .F. ) ;
#1342 = EDGE_LOOP ( 'NONE', ( #1343, #1176, #1371, #1372 ) ) ;
#1343 = ORIENTED_EDGE ( 'NONE', *, *, #6017, .T. ) ;
#1344 = ORIENTED_EDGE ( 'NONE', *, *, #1008, .F. ) ;
#1345 = ORIENTED_EDGE ( 'NONE', *, *, #1346, .T. ) ;
#1346 = EDGE_CURVE ( 'NONE', #1017, #1221, #4425, .T. ) ;
#1347 = ORIENTED_EDGE ( 'NONE', *, *, #1025, .F. ) ;
#1348 = ORIENTED_EDGE ( 'NONE', *, *, #1349, .T. ) ;
#1349 = EDGE_CURVE ( 'NONE', #1023, #5993, #4421, .T. ) ;
#1350 = ORIENTED_EDGE ( 'NONE', *, *, #5992, .T. ) ;
#1351 = ADVANCED_FACE ( 'NONE', ( #4286 ), #4285, .F. ) ;
#1352 = EDGE_LOOP ( 'NONE', ( #1353, #1354, #1154, #1155 ) ) ;
#1353 = ORIENTED_EDGE ( 'NONE', *, *, #1022, .F. ) ;
#1354 = ORIENTED_EDGE ( 'NONE', *, *, #1355, .T. ) ;
#1355 = EDGE_CURVE ( 'NONE', #1020, #5996, #4280, .T. ) ;
#1356 = ORIENTED_EDGE ( 'NONE', *, *, #1357, .T. ) ;
#1357 = EDGE_CURVE ( 'NONE', #1218, #1009, #4276, .T. ) ;
#1358 = ORIENTED_EDGE ( 'NONE', *, *, #794, .F. ) ;
#1359 = ORIENTED_EDGE ( 'NONE', *, *, #1360, .T. ) ;
#1360 = EDGE_CURVE ( 'NONE', #792, #6001, #4275, .T. ) ;
#1361 = ORIENTED_EDGE ( 'NONE', *, *, #6002, .T. ) ;
#1362 = ORIENTED_EDGE ( 'NONE', *, *, #1363, .T. ) ;
#1363 = EDGE_CURVE ( 'NONE', #5999, #795, #4479, .T. ) ;
#1364 = ADVANCED_FACE ( 'NONE', ( #4475 ), #4473, .F. ) ;
#1365 = EDGE_LOOP ( 'NONE', ( #1366, #1170, #1171, #1173 ) ) ;
#1366 = ORIENTED_EDGE ( 'NONE', *, *, #1169, .F. ) ;
#1367 = ORIENTED_EDGE ( 'NONE', *, *, #870, .F. ) ;
#1368 = ORIENTED_EDGE ( 'NONE', *, *, #1369, .T. ) ;
#1369 = EDGE_CURVE ( 'NONE', #1032, #5800, #4474, .T. ) ;
#1370 = EDGE_CURVE ( 'NONE', #6014, #1139, #4465, .T. ) ;
#1371 = ORIENTED_EDGE ( 'NONE', *, *, #1138, .F. ) ;
#1372 = ORIENTED_EDGE ( 'NONE', *, *, #1169, .T. ) ;
#1373 = ORIENTED_EDGE ( 'NONE', *, *, #1926, .T. ) ;
#1374 = ADVANCED_FACE ( 'NONE', ( #4461 ), #4460, .F. ) ;
#1375 = ORIENTED_EDGE ( 'NONE', *, *, #6010, .T. ) ;
#1376 = ORIENTED_EDGE ( 'NONE', *, *, #1377, .T. ) ;
#1377 = EDGE_CURVE ( 'NONE', #6008, #786, #4455, .T. ) ;
#1378 = ORIENTED_EDGE ( 'NONE', *, *, #785, .F. ) ;
#1379 = ORIENTED_EDGE ( 'NONE', *, *, #1380, .T. ) ;
#1380 = EDGE_CURVE ( 'NONE', #783, #6011, #4356, .T. ) ;
#1381 = ORIENTED_EDGE ( 'NONE', *, *, #463, .F. ) ;
#1382 = ORIENTED_EDGE ( 'NONE', *, *, #1433, .F. ) ;
#1383 = ORIENTED_EDGE ( 'NONE', *, *, #517, .F. ) ;
#1384 = ORIENTED_EDGE ( 'NONE', *, *, #612, .F. ) ;
#1385 = ORIENTED_EDGE ( 'NONE', *, *, #1440, .F. ) ;
#1386 = ORIENTED_EDGE ( 'NONE', *, *, #1810, .F. ) ;
#1387 = ADVANCED_FACE ( 'NONE', ( #4352 ), #4350, .T. ) ;
#1388 = ORIENTED_EDGE ( 'NONE', *, *, #5774, .F. ) ;
#1389 = ORIENTED_EDGE ( 'NONE', *, *, #83, .F. ) ;
#1390 = ADVANCED_FACE ( 'NONE', ( #4345 ), #4344, .T. ) ;
#1391 = EDGE_LOOP ( 'NONE', ( #1392, #1393, #1394, #1395 ) ) ;
#1392 = ORIENTED_EDGE ( 'NONE', *, *, #742, .F. ) ;
#1393 = ORIENTED_EDGE ( 'NONE', *, *, #140, .F. ) ;
#1394 = ORIENTED_EDGE ( 'NONE', *, *, #1464, .F. ) ;
#1395 = ORIENTED_EDGE ( 'NONE', *, *, #214, .F. ) ;
#1396 = ADVANCED_FACE ( 'NONE', ( #4339 ), #4338, .T. ) ;
#1397 = EDGE_LOOP ( 'NONE', ( #1400, #1401, #1402, #1403 ) ) ;
#1398 = ORIENTED_EDGE ( 'NONE', *, *, #1947, .T. ) ;
#1399 = ORIENTED_EDGE ( 'NONE', *, *, #180, .F. ) ;
#1400 = ORIENTED_EDGE ( 'NONE', *, *, #676, .F. ) ;
#1401 = ORIENTED_EDGE ( 'NONE', *, *, #2035, .F. ) ;
#1402 = ORIENTED_EDGE ( 'NONE', *, *, #1055, .F. ) ;
#1403 = ORIENTED_EDGE ( 'NONE', *, *, #445, .F. ) ;
#1404 = ADVANCED_FACE ( 'NONE', ( #4333 ), #4332, .T. ) ;
#1405 = EDGE_LOOP ( 'NONE', ( #1406, #1407, #1424, #1425 ) ) ;
#1406 = ORIENTED_EDGE ( 'NONE', *, *, #673, .F. ) ;
#1407 = ORIENTED_EDGE ( 'NONE', *, *, #493, .F. ) ;
#1408 = ORIENTED_EDGE ( 'NONE', *, *, #1443, .F. ) ;
#1409 = ORIENTED_EDGE ( 'NONE', *, *, #457, .F. ) ;
#1410 = ADVANCED_FACE ( 'NONE', ( #4327 ), #4326, .T. ) ;
#1411 = EDGE_LOOP ( 'NONE', ( #1412, #1316, #1297, #1298 ) ) ;
#1412 = ORIENTED_EDGE ( 'NONE', *, *, #592, .F. ) ;
#1413 = VERTEX_POINT ( 'NONE', #4253 ) ;
#1414 = ORIENTED_EDGE ( 'NONE', *, *, #1415, .F. ) ;
#1415 = EDGE_CURVE ( 'NONE', #1416, #1413, #4252, .T. ) ;
#1416 = VERTEX_POINT ( 'NONE', #4248 ) ;
#1417 = ORIENTED_EDGE ( 'NONE', *, *, #1418, .T. ) ;
#1418 = EDGE_CURVE ( 'NONE', #1416, #1419, #4318, .T. ) ;
#1419 = VERTEX_POINT ( 'NONE', #4313 ) ;
#1420 = ORIENTED_EDGE ( 'NONE', *, *, #1207, .T. ) ;
#1421 = EDGE_LOOP ( 'NONE', ( #1422, #1423, #1408, #1409 ) ) ;
#1422 = ORIENTED_EDGE ( 'NONE', *, *, #511, .F. ) ;
#1423 = ORIENTED_EDGE ( 'NONE', *, *, #712, .F. ) ;
#1424 = ORIENTED_EDGE ( 'NONE', *, *, #1058, .F. ) ;
#1425 = ORIENTED_EDGE ( 'NONE', *, *, #349, .F. ) ;
#1426 = ADVANCED_FACE ( 'NONE', ( #4312 ), #4311, .T. ) ;
#1427 = EDGE_LOOP ( 'NONE', ( #1383, #1384, #1385, #1386 ) ) ;
#1428 = ORIENTED_EDGE ( 'NONE', *, *, #544, .F. ) ;
#1429 = ADVANCED_FACE ( 'NONE', ( #4305 ), #4304, .T. ) ;
#1430 = EDGE_LOOP ( 'NONE', ( #1431, #1432, #1388, #1389 ) ) ;
#1431 = ORIENTED_EDGE ( 'NONE', *, *, #557, .F. ) ;
#1432 = ORIENTED_EDGE ( 'NONE', *, *, #269, .F. ) ;
#1433 = EDGE_CURVE ( 'NONE', #609, #461, #4299, .T. ) ;
#1434 = ORIENTED_EDGE ( 'NONE', *, *, #460, .F. ) ;
#1435 = ORIENTED_EDGE ( 'NONE', *, *, #1436, .F. ) ;
#1436 = EDGE_CURVE ( 'NONE', #1951, #485, #4294, .T. ) ;
#1437 = ORIENTED_EDGE ( 'NONE', *, *, #1440, .T. ) ;
#1438 = ORIENTED_EDGE ( 'NONE', *, *, #69, .T. ) ;
#1439 = ORIENTED_EDGE ( 'NONE', *, *, #1813, .T. ) ;
#1440 = EDGE_CURVE ( 'NONE', #1811, #610, #4420, .T. ) ;
#1441 = ORIENTED_EDGE ( 'NONE', *, *, #1433, .T. ) ;
#1442 = ORIENTED_EDGE ( 'NONE', *, *, #1443, .T. ) ;
#1443 = EDGE_CURVE ( 'NONE', #458, #70, #4416, .T. ) ;
#1444 = ORIENTED_EDGE ( 'NONE', *, *, #9, .T. ) ;
#1445 = ORIENTED_EDGE ( 'NONE', *, *, #608, .F. ) ;
#1446 = EDGE_CURVE ( 'NONE', #159, #2045, #4411, .T. ) ;
#1447 = ORIENTED_EDGE ( 'NONE', *, *, #2044, .F. ) ;
#1448 = ORIENTED_EDGE ( 'NONE', *, *, #1888, .F. ) ;
#1449 = ORIENTED_EDGE ( 'NONE', *, *, #1450, .F. ) ;
#1450 = EDGE_CURVE ( 'NONE', #421, #1881, #4406, .T. ) ;
#1451 = ORIENTED_EDGE ( 'NONE', *, *, #420, .F. ) ;
#1452 = ORIENTED_EDGE ( 'NONE', *, *, #1453, .T. ) ;
#1453 = EDGE_CURVE ( 'NONE', #418, #320, #4400, .T. ) ;
#1454 = ORIENTED_EDGE ( 'NONE', *, *, #319, .F. ) ;
#1455 = ORIENTED_EDGE ( 'NONE', *, *, #149, .F. ) ;
#1456 = ORIENTED_EDGE ( 'NONE', *, *, #244, .F. ) ;
#1457 = ORIENTED_EDGE ( 'NONE', *, *, #1458, .F. ) ;
#1458 = EDGE_CURVE ( 'NONE', #220, #1959, #4388, .T. ) ;
#1459 = ORIENTED_EDGE ( 'NONE', *, *, #218, .F. ) ;
#1460 = ORIENTED_EDGE ( 'NONE', *, *, #1461, .T. ) ;
#1461 = EDGE_CURVE ( 'NONE', #219, #228, #4384, .T. ) ;
#1462 = ORIENTED_EDGE ( 'NONE', *, *, #226, .F. ) ;
#1463 = ORIENTED_EDGE ( 'NONE', *, *, #1464, .T. ) ;
#1464 = EDGE_CURVE ( 'NONE', #227, #138, #4379, .T. ) ;
#1465 = EDGE_LOOP ( 'NONE', ( #1466, #1467, #1468, #1470 ) ) ;
#1466 = ORIENTED_EDGE ( 'NONE', *, *, #5960, .F. ) ;
#1467 = ORIENTED_EDGE ( 'NONE', *, *, #954, .F. ) ;
#1468 = ORIENTED_EDGE ( 'NONE', *, *, #1469, .T. ) ;
#1469 = EDGE_CURVE ( 'NONE', #958, #890, #4374, .T. ) ;
#1470 = ORIENTED_EDGE ( 'NONE', *, *, #889, .T. ) ;
#1471 = ADVANCED_FACE ( 'NONE', ( #4370 ), #4369, .F. ) ;
#1472 = EDGE_LOOP ( 'NONE', ( #6061, #6062, #6063, #6065 ) ) ;
#1473 = ORIENTED_EDGE ( 'NONE', *, *, #884, .T. ) ;
#1474 = ADVANCED_FACE ( 'NONE', ( #4364 ), #4361, .F. ) ;
#1475 = EDGE_LOOP ( 'NONE', ( #1476, #6032, #6033, #5961 ) ) ;
#1476 = ORIENTED_EDGE ( 'NONE', *, *, #5873, .F. ) ;
#1477 = ADVANCED_FACE ( 'NONE', ( #4673 ), #4665, .F. ) ;
#1478 = ORIENTED_EDGE ( 'NONE', *, *, #1479, .F. ) ;
#1479 = EDGE_CURVE ( 'NONE', #640, #1131, #4677, .T. ) ;
#1480 = ORIENTED_EDGE ( 'NONE', *, *, #638, .F. ) ;
#1481 = ORIENTED_EDGE ( 'NONE', *, *, #1482, .T. ) ;
#1482 = EDGE_CURVE ( 'NONE', #639, #979, #4598, .T. ) ;
#1483 = ORIENTED_EDGE ( 'NONE', *, *, #978, .T. ) ;
#1484 = ORIENTED_EDGE ( 'NONE', *, *, #1485, .T. ) ;
#1485 = EDGE_CURVE ( 'NONE', #938, #837, #4594, .T. ) ;
#1486 = ORIENTED_EDGE ( 'NONE', *, *, #836, .T. ) ;
#1487 = ADVANCED_FACE ( 'NONE', ( #4590 ), #4589, .F. ) ;
#1488 = EDGE_LOOP ( 'NONE', ( #1489, #1490, #1491, #1493 ) ) ;
#1489 = ORIENTED_EDGE ( 'NONE', *, *, #1485, .F. ) ;
#1490 = ORIENTED_EDGE ( 'NONE', *, *, #901, .F. ) ;
#1491 = ORIENTED_EDGE ( 'NONE', *, *, #1492, .T. ) ;
#1492 = EDGE_CURVE ( 'NONE', #899, #840, #4584, .T. ) ;
#1493 = ORIENTED_EDGE ( 'NONE', *, *, #839, .T. ) ;
#1494 = ADVANCED_FACE ( 'NONE', ( #4611 ), #4609, .F. ) ;
#1495 = EDGE_LOOP ( 'NONE', ( #1518, #1519, #1520, #1522 ) ) ;
#1496 = ORIENTED_EDGE ( 'NONE', *, *, #919, .F. ) ;
#1497 = ORIENTED_EDGE ( 'NONE', *, *, #1498, .T. ) ;
#1498 = EDGE_CURVE ( 'NONE', #917, #853, #4610, .T. ) ;
#1499 = ORIENTED_EDGE ( 'NONE', *, *, #1105, .T. ) ;
#1500 = ADVANCED_FACE ( 'NONE', ( #4601 ), #4600, .F. ) ;
#1501 = EDGE_LOOP ( 'NONE', ( #1502, #1508, #1509, #1511 ) ) ;
#1502 = ORIENTED_EDGE ( 'NONE', *, *, #1498, .F. ) ;
#1503 = ORIENTED_EDGE ( 'NONE', *, *, #970, .T. ) ;
#1504 = ADVANCED_FACE ( 'NONE', ( #4636 ), #4640, .F. ) ;
#1505 = ORIENTED_EDGE ( 'NONE', *, *, #1612, .F. ) ;
#1506 = ORIENTED_EDGE ( 'NONE', *, *, #910, .F. ) ;
#1507 = ORIENTED_EDGE ( 'NONE', *, *, #940, .F. ) ;
#1508 = ORIENTED_EDGE ( 'NONE', *, *, #916, .F. ) ;
#1509 = ORIENTED_EDGE ( 'NONE', *, *, #1510, .T. ) ;
#1510 = EDGE_CURVE ( 'NONE', #1053, #1108, #4631, .T. ) ;
#1511 = ORIENTED_EDGE ( 'NONE', *, *, #1107, .T. ) ;
#1512 = ADVANCED_FACE ( 'NONE', ( #4627 ), #4626, .F. ) ;
#1513 = EDGE_LOOP ( 'NONE', ( #1514, #1515, #1516, #5840 ) ) ;
#1514 = ORIENTED_EDGE ( 'NONE', *, *, #1510, .F. ) ;
#1515 = ORIENTED_EDGE ( 'NONE', *, *, #1052, .F. ) ;
#1516 = ORIENTED_EDGE ( 'NONE', *, *, #1517, .T. ) ;
#1517 = EDGE_CURVE ( 'NONE', #1050, #1111, #4621, .T. ) ;
#1518 = ORIENTED_EDGE ( 'NONE', *, *, #1492, .F. ) ;
#1519 = ORIENTED_EDGE ( 'NONE', *, *, #898, .F. ) ;
#1520 = ORIENTED_EDGE ( 'NONE', *, *, #1521, .T. ) ;
#1521 = EDGE_CURVE ( 'NONE', #896, #965, #4617, .T. ) ;
#1522 = ORIENTED_EDGE ( 'NONE', *, *, #964, .T. ) ;
#1523 = ADVANCED_FACE ( 'NONE', ( #4671 ), #4670, .F. ) ;
#1524 = EDGE_LOOP ( 'NONE', ( #1525, #1526, #1527, #1529 ) ) ;
#1525 = ORIENTED_EDGE ( 'NONE', *, *, #1521, .F. ) ;
#1526 = ORIENTED_EDGE ( 'NONE', *, *, #915, .F. ) ;
#1527 = ORIENTED_EDGE ( 'NONE', *, *, #1528, .T. ) ;
#1528 = EDGE_CURVE ( 'NONE', #913, #968, #4515, .T. ) ;
#1529 = ORIENTED_EDGE ( 'NONE', *, *, #967, .T. ) ;
#1530 = EDGE_LOOP ( 'NONE', ( #1609, #1610, #1611, #1503 ) ) ;
#1531 = ORIENTED_EDGE ( 'NONE', *, *, #1532, .T. ) ;
#1532 = EDGE_CURVE ( 'NONE', #935, #974, #4511, .T. ) ;
#1533 = ORIENTED_EDGE ( 'NONE', *, *, #973, .T. ) ;
#1534 = ADVANCED_FACE ( 'NONE', ( #4507 ), #4505, .T. ) ;
#1535 = EDGE_LOOP ( 'NONE', ( #1536, #1578, #1579, #1581 ) ) ;
#1536 = ORIENTED_EDGE ( 'NONE', *, *, #1532, .F. ) ;
#1537 = ORIENTED_EDGE ( 'NONE', *, *, #341, .F. ) ;
#1538 = ADVANCED_FACE ( 'NONE', ( #4506 ), #4579, .T. ) ;
#1539 = EDGE_LOOP ( 'NONE', ( #1540, #1702, #1703, #1704 ) ) ;
#1540 = ORIENTED_EDGE ( 'NONE', *, *, #1911, .F. ) ;
#1541 = EDGE_LOOP ( 'NONE', ( #1666, #1636, #1637, #1654 ) ) ;
#1542 = ORIENTED_EDGE ( 'NONE', *, *, #950, .F. ) ;
#1543 = ORIENTED_EDGE ( 'NONE', *, *, #1755, .T. ) ;
#1544 = ORIENTED_EDGE ( 'NONE', *, *, #862, .T. ) ;
#1545 = ADVANCED_FACE ( 'NONE', ( #4578 ), #4716, .F. ) ;
#1546 = EDGE_LOOP ( 'NONE', ( #1547, #1549, #1550, #1651 ) ) ;
#1547 = ORIENTED_EDGE ( 'NONE', *, *, #1548, .F. ) ;
#1548 = EDGE_CURVE ( 'NONE', #906, #827, #4715, .T. ) ;
#1549 = ORIENTED_EDGE ( 'NONE', *, *, #960, .F. ) ;
#1550 = ORIENTED_EDGE ( 'NONE', *, *, #1650, .T. ) ;
#1551 = EDGE_CURVE ( 'NONE', #947, #867, #4707, .T. ) ;
#1552 = ORIENTED_EDGE ( 'NONE', *, *, #1553, .T. ) ;
#1553 = EDGE_CURVE ( 'NONE', #773, #1085, #4703, .T. ) ;
#1554 = ORIENTED_EDGE ( 'NONE', *, *, #1084, .T. ) ;
#1555 = ADVANCED_FACE ( 'NONE', ( #4699 ), #4698, .F. ) ;
#1556 = EDGE_LOOP ( 'NONE', ( #1557, #1558, #1559, #1561 ) ) ;
#1557 = ORIENTED_EDGE ( 'NONE', *, *, #1553, .F. ) ;
#1558 = ORIENTED_EDGE ( 'NONE', *, *, #772, .F. ) ;
#1559 = ORIENTED_EDGE ( 'NONE', *, *, #1560, .T. ) ;
#1560 = EDGE_CURVE ( 'NONE', #770, #1088, #4693, .T. ) ;
#1561 = ORIENTED_EDGE ( 'NONE', *, *, #1087, .T. ) ;
#1562 = ADVANCED_FACE ( 'NONE', ( #4689 ), #4688, .F. ) ;
#1563 = EDGE_LOOP ( 'NONE', ( #1667, #1668, #1669, #1671 ) ) ;
#1564 = ORIENTED_EDGE ( 'NONE', *, *, #757, .F. ) ;
#1565 = ORIENTED_EDGE ( 'NONE', *, *, #1566, .T. ) ;
#1566 = EDGE_CURVE ( 'NONE', #952, #1074, #4683, .T. ) ;
#1567 = ORIENTED_EDGE ( 'NONE', *, *, #1073, .T. ) ;
#1568 = ADVANCED_FACE ( 'NONE', ( #4679 ), #4549, .F. ) ;
#1569 = EDGE_LOOP ( 'NONE', ( #1570, #1571, #1572, #1574 ) ) ;
#1570 = ORIENTED_EDGE ( 'NONE', *, *, #1566, .F. ) ;
#1571 = ORIENTED_EDGE ( 'NONE', *, *, #755, .F. ) ;
#1572 = ORIENTED_EDGE ( 'NONE', *, *, #1573, .T. ) ;
#1573 = EDGE_CURVE ( 'NONE', #951, #864, #4678, .T. ) ;
#1574 = ORIENTED_EDGE ( 'NONE', *, *, #1076, .T. ) ;
#1575 = ADVANCED_FACE ( 'NONE', ( #4541 ), #4540, .F. ) ;
#1576 = EDGE_LOOP ( 'NONE', ( #1577, #1542, #1543, #1544 ) ) ;
#1577 = ORIENTED_EDGE ( 'NONE', *, *, #1573, .F. ) ;
#1578 = ORIENTED_EDGE ( 'NONE', *, *, #934, .F. ) ;
#1579 = ORIENTED_EDGE ( 'NONE', *, *, #1580, .T. ) ;
#1580 = EDGE_CURVE ( 'NONE', #932, #854, #4535, .T. ) ;
#1581 = ORIENTED_EDGE ( 'NONE', *, *, #976, .T. ) ;
#1582 = ADVANCED_FACE ( 'NONE', ( #4531 ), #4530, .F. ) ;
#1583 = EDGE_LOOP ( 'NONE', ( #1596, #1597, #1598, #1600 ) ) ;
#1584 = ORIENTED_EDGE ( 'NONE', *, *, #1120, .T. ) ;
#1585 = ADVANCED_FACE ( 'NONE', ( #4525 ), #4524, .F. ) ;
#1586 = EDGE_LOOP ( 'NONE', ( #1587, #1589, #1590, #1592 ) ) ;
#1587 = ORIENTED_EDGE ( 'NONE', *, *, #1588, .F. ) ;
#1588 = EDGE_CURVE ( 'NONE', #659, #848, #4523, .T. ) ;
#1589 = ORIENTED_EDGE ( 'NONE', *, *, #657, .F. ) ;
#1590 = ORIENTED_EDGE ( 'NONE', *, *, #1591, .T. ) ;
#1591 = EDGE_CURVE ( 'NONE', #658, #852, #4660, .T. ) ;
#1592 = ORIENTED_EDGE ( 'NONE', *, *, #851, .T. ) ;
#1593 = ADVANCED_FACE ( 'NONE', ( #4656 ), #4655, .F. ) ;
#1594 = EDGE_LOOP ( 'NONE', ( #1595, #1496, #1497, #1499 ) ) ;
#1595 = ORIENTED_EDGE ( 'NONE', *, *, #1591, .F. ) ;
#1596 = ORIENTED_EDGE ( 'NONE', *, *, #1580, .F. ) ;
#1597 = ORIENTED_EDGE ( 'NONE', *, *, #931, .F. ) ;
#1598 = ORIENTED_EDGE ( 'NONE', *, *, #1599, .T. ) ;
#1599 = EDGE_CURVE ( 'NONE', #929, #857, #4650, .T. ) ;
#1600 = ORIENTED_EDGE ( 'NONE', *, *, #856, .T. ) ;
#1601 = ADVANCED_FACE ( 'NONE', ( #4646 ), #4645, .F. ) ;
#1602 = EDGE_LOOP ( 'NONE', ( #1603, #1604, #1605, #1614 ) ) ;
#1603 = ORIENTED_EDGE ( 'NONE', *, *, #1599, .F. ) ;
#1604 = ORIENTED_EDGE ( 'NONE', *, *, #928, .F. ) ;
#1605 = ORIENTED_EDGE ( 'NONE', *, *, #1606, .T. ) ;
#1606 = EDGE_CURVE ( 'NONE', #909, #828, #4504, .T. ) ;
#1607 = EDGE_LOOP ( 'NONE', ( #1616, #1617, #1618, #1584 ) ) ;
#1608 = ADVANCED_FACE ( 'NONE', ( #4500 ), #4499, .F. ) ;
#1609 = ORIENTED_EDGE ( 'NONE', *, *, #1528, .F. ) ;
#1610 = ORIENTED_EDGE ( 'NONE', *, *, #912, .F. ) ;
#1611 = ORIENTED_EDGE ( 'NONE', *, *, #1612, .T. ) ;
#1612 = EDGE_CURVE ( 'NONE', #937, #971, #4494, .T. ) ;
#1613 = EDGE_LOOP ( 'NONE', ( #1505, #1506, #1531, #1533 ) ) ;
#1614 = ORIENTED_EDGE ( 'NONE', *, *, #859, .T. ) ;
#1615 = ADVANCED_FACE ( 'NONE', ( #4490 ), #4489, .F. ) ;
#1616 = ORIENTED_EDGE ( 'NONE', *, *, #1606, .F. ) ;
#1617 = ORIENTED_EDGE ( 'NONE', *, *, #908, .F. ) ;
#1618 = ORIENTED_EDGE ( 'NONE', *, *, #1548, .T. ) ;
#1619 = EDGE_LOOP ( 'NONE', ( #1620, #1621, #1622, #1624 ) ) ;
#1620 = ORIENTED_EDGE ( 'NONE', *, *, #1675, .F. ) ;
#1621 = ORIENTED_EDGE ( 'NONE', *, *, #762, .F. ) ;
#1622 = ORIENTED_EDGE ( 'NONE', *, *, #1623, .T. ) ;
#1623 = EDGE_CURVE ( 'NONE', #735, #1179, #4484, .T. ) ;
#1624 = ORIENTED_EDGE ( 'NONE', *, *, #1096, .T. ) ;
#1625 = ADVANCED_FACE ( 'NONE', ( #4571 ), #4570, .F. ) ;
#1626 = EDGE_LOOP ( 'NONE', ( #1627, #1628, #1629, #1631 ) ) ;
#1627 = ORIENTED_EDGE ( 'NONE', *, *, #1623, .F. ) ;
#1628 = ORIENTED_EDGE ( 'NONE', *, *, #778, .F. ) ;
#1629 = ORIENTED_EDGE ( 'NONE', *, *, #1630, .T. ) ;
#1630 = EDGE_CURVE ( 'NONE', #776, #1181, #4565, .T. ) ;
#1631 = ORIENTED_EDGE ( 'NONE', *, *, #1082, .T. ) ;
#1632 = ADVANCED_FACE ( 'NONE', ( #4561 ), #4559, .T. ) ;
#1633 = EDGE_LOOP ( 'NONE', ( #1634, #1635, #1552, #1554 ) ) ;
#1634 = ORIENTED_EDGE ( 'NONE', *, *, #1630, .F. ) ;
#1635 = ORIENTED_EDGE ( 'NONE', *, *, #775, .F. ) ;
#1636 = ORIENTED_EDGE ( 'NONE', *, *, #1121, .F. ) ;
#1637 = ORIENTED_EDGE ( 'NONE', *, *, #1638, .T. ) ;
#1638 = EDGE_CURVE ( 'NONE', #904, #1070, #4560, .T. ) ;
#1639 = EDGE_LOOP ( 'NONE', ( #1640, #1564, #1565, #1567 ) ) ;
#1640 = ORIENTED_EDGE ( 'NONE', *, *, #1670, .F. ) ;
#1641 = EDGE_LOOP ( 'NONE', ( #1642, #1643, #1644, #1646 ) ) ;
#1642 = ORIENTED_EDGE ( 'NONE', *, *, #1650, .F. ) ;
#1643 = ORIENTED_EDGE ( 'NONE', *, *, #943, .F. ) ;
#1644 = ORIENTED_EDGE ( 'NONE', *, *, #1645, .T. ) ;
#1645 = EDGE_CURVE ( 'NONE', #941, #834, #4835, .T. ) ;
#1646 = ORIENTED_EDGE ( 'NONE', *, *, #833, .T. ) ;
#1647 = ADVANCED_FACE ( 'NONE', ( #4836 ), #4786, .F. ) ;
#1648 = EDGE_LOOP ( 'NONE', ( #1649, #1507, #1484, #1486 ) ) ;
#1649 = ORIENTED_EDGE ( 'NONE', *, *, #1645, .F. ) ;
#1650 = EDGE_CURVE ( 'NONE', #961, #831, #4924, .T. ) ;
#1651 = ORIENTED_EDGE ( 'NONE', *, *, #830, .T. ) ;
#1652 = ADVANCED_FACE ( 'NONE', ( #4920 ), #4942, .F. ) ;
#1653 = ORIENTED_EDGE ( 'NONE', *, *, #866, .T. ) ;
#1654 = ORIENTED_EDGE ( 'NONE', *, *, #996, .T. ) ;
#1655 = ADVANCED_FACE ( 'NONE', ( #4943 ), #4876, .F. ) ;
#1656 = EDGE_LOOP ( 'NONE', ( #1657, #1658, #1659, #1661 ) ) ;
#1657 = ORIENTED_EDGE ( 'NONE', *, *, #1638, .F. ) ;
#1658 = ORIENTED_EDGE ( 'NONE', *, *, #903, .F. ) ;
#1659 = ORIENTED_EDGE ( 'NONE', *, *, #1660, .T. ) ;
#1660 = EDGE_CURVE ( 'NONE', #766, #1182, #4871, .T. ) ;
#1661 = ORIENTED_EDGE ( 'NONE', *, *, #999, .T. ) ;
#1662 = ADVANCED_FACE ( 'NONE', ( #4867 ), #4866, .F. ) ;
#1663 = EDGE_LOOP ( 'NONE', ( #1664, #1673, #1674, #1676 ) ) ;
#1664 = ORIENTED_EDGE ( 'NONE', *, *, #1660, .F. ) ;
#1665 = ADVANCED_FACE ( 'NONE', ( #4861 ), #4937, .F. ) ;
#1666 = ORIENTED_EDGE ( 'NONE', *, *, #1551, .F. ) ;
#1667 = ORIENTED_EDGE ( 'NONE', *, *, #1560, .F. ) ;
#1668 = ORIENTED_EDGE ( 'NONE', *, *, #760, .F. ) ;
#1669 = ORIENTED_EDGE ( 'NONE', *, *, #1670, .T. ) ;
#1670 = EDGE_CURVE ( 'NONE', #758, #1071, #4932, .T. ) ;
#1671 = ORIENTED_EDGE ( 'NONE', *, *, #1090, .T. ) ;
#1672 = ADVANCED_FACE ( 'NONE', ( #4928 ), #4927, .F. ) ;
#1673 = ORIENTED_EDGE ( 'NONE', *, *, #765, .F. ) ;
#1674 = ORIENTED_EDGE ( 'NONE', *, *, #1675, .T. ) ;
#1675 = EDGE_CURVE ( 'NONE', #763, #998, #4747, .T. ) ;
#1676 = ORIENTED_EDGE ( 'NONE', *, *, #997, .T. ) ;
#1677 = ADVANCED_FACE ( 'NONE', ( #4743 ), #4742, .F. ) ;
#1678 = ORIENTED_EDGE ( 'NONE', *, *, #1126, .F. ) ;
#1679 = ORIENTED_EDGE ( 'NONE', *, *, #2056, .F. ) ;
#1680 = ORIENTED_EDGE ( 'NONE', *, *, #5984, .F. ) ;
#1681 = ORIENTED_EDGE ( 'NONE', *, *, #1254, .F. ) ;
#1682 = ADVANCED_FACE ( 'NONE', ( #4736 ), #4735, .T. ) ;
#1683 = EDGE_LOOP ( 'NONE', ( #1684, #1685, #1686, #1687 ) ) ;
#1684 = ORIENTED_EDGE ( 'NONE', *, *, #873, .F. ) ;
#1685 = ORIENTED_EDGE ( 'NONE', *, *, #1290, .F. ) ;
#1686 = ORIENTED_EDGE ( 'NONE', *, *, #5796, .F. ) ;
#1687 = ORIENTED_EDGE ( 'NONE', *, *, #436, .F. ) ;
#1688 = ADVANCED_FACE ( 'NONE', ( #4730 ), #4729, .T. ) ;
#1689 = EDGE_LOOP ( 'NONE', ( #1758, #1759, #1760, #1761 ) ) ;
#1690 = ORIENTED_EDGE ( 'NONE', *, *, #1363, .F. ) ;
#1691 = ORIENTED_EDGE ( 'NONE', *, *, #5998, .F. ) ;
#1692 = ORIENTED_EDGE ( 'NONE', *, *, #1355, .F. ) ;
#1693 = ADVANCED_FACE ( 'NONE', ( #4724 ), #4723, .F. ) ;
#1694 = EDGE_LOOP ( 'NONE', ( #1695, #1696, #1697, #1698 ) ) ;
#1695 = ORIENTED_EDGE ( 'NONE', *, *, #809, .F. ) ;
#1696 = ORIENTED_EDGE ( 'NONE', *, *, #1319, .F. ) ;
#1697 = ORIENTED_EDGE ( 'NONE', *, *, #1225, .F. ) ;
#1698 = ORIENTED_EDGE ( 'NONE', *, *, #1247, .F. ) ;
#1699 = ADVANCED_FACE ( 'NONE', ( #4718 ), #4717, .F. ) ;
#1700 = EDGE_LOOP ( 'NONE', ( #1701, #1746, #1747, #1748 ) ) ;
#1701 = ORIENTED_EDGE ( 'NONE', *, *, #1919, .F. ) ;
#1702 = ORIENTED_EDGE ( 'NONE', *, *, #798, .F. ) ;
#1703 = ORIENTED_EDGE ( 'NONE', *, *, #182, .F. ) ;
#1704 = ORIENTED_EDGE ( 'NONE', *, *, #1207, .F. ) ;
#1705 = ADVANCED_FACE ( 'NONE', ( #4813 ), #4812, .T. ) ;
#1706 = EDGE_LOOP ( 'NONE', ( #1707, #1708, #1709, #1710 ) ) ;
#1707 = ORIENTED_EDGE ( 'NONE', *, *, #1899, .F. ) ;
#1708 = ORIENTED_EDGE ( 'NONE', *, *, #1043, .F. ) ;
#1709 = ORIENTED_EDGE ( 'NONE', *, *, #1264, .F. ) ;
#1710 = ORIENTED_EDGE ( 'NONE', *, *, #1185, .F. ) ;
#1711 = ORIENTED_EDGE ( 'NONE', *, *, #6025, .F. ) ;
#1712 = ORIENTED_EDGE ( 'NONE', *, *, #1160, .F. ) ;
#1713 = ORIENTED_EDGE ( 'NONE', *, *, #804, .F. ) ;
#1714 = ADVANCED_FACE ( 'NONE', ( #4807 ), #4806, .F. ) ;
#1715 = EDGE_LOOP ( 'NONE', ( #1716, #1717, #1718, #1719 ) ) ;
#1716 = ORIENTED_EDGE ( 'NONE', *, *, #1031, .F. ) ;
#1717 = ORIENTED_EDGE ( 'NONE', *, *, #1272, .F. ) ;
#1718 = ORIENTED_EDGE ( 'NONE', *, *, #5802, .F. ) ;
#1719 = ORIENTED_EDGE ( 'NONE', *, *, #1369, .F. ) ;
#1720 = ADVANCED_FACE ( 'NONE', ( #4801 ), #4800, .F. ) ;
#1721 = EDGE_LOOP ( 'NONE', ( #1722, #1723, #1724, #1725 ) ) ;
#1722 = ORIENTED_EDGE ( 'NONE', *, *, #816, .F. ) ;
#1723 = ORIENTED_EDGE ( 'NONE', *, *, #1259, .F. ) ;
#1724 = ORIENTED_EDGE ( 'NONE', *, *, #1418, .F. ) ;
#1725 = ORIENTED_EDGE ( 'NONE', *, *, #1232, .F. ) ;
#1726 = ADVANCED_FACE ( 'NONE', ( #4795 ), #4794, .F. ) ;
#1727 = EDGE_LOOP ( 'NONE', ( #1728, #1729, #1730, #1731 ) ) ;
#1728 = ORIENTED_EDGE ( 'NONE', *, *, #825, .F. ) ;
#1729 = ORIENTED_EDGE ( 'NONE', *, *, #1283, .F. ) ;
#1730 = ORIENTED_EDGE ( 'NONE', *, *, #1198, .F. ) ;
#1731 = ORIENTED_EDGE ( 'NONE', *, *, #1346, .F. ) ;
#1732 = ADVANCED_FACE ( 'NONE', ( #4789 ), #4788, .T. ) ;
#1733 = EDGE_LOOP ( 'NONE', ( #1678, #1679, #1680, #1681 ) ) ;
#1734 = ADVANCED_FACE ( 'NONE', ( #4779 ), #4778, .T. ) ;
#1735 = EDGE_LOOP ( 'NONE', ( #1736, #1737, #1738, #1739 ) ) ;
#1736 = ORIENTED_EDGE ( 'NONE', *, *, #1011, .F. ) ;
#1737 = ORIENTED_EDGE ( 'NONE', *, *, #1357, .F. ) ;
#1738 = ORIENTED_EDGE ( 'NONE', *, *, #1217, .F. ) ;
#1739 = ORIENTED_EDGE ( 'NONE', *, *, #576, .F. ) ;
#1740 = ADVANCED_FACE ( 'NONE', ( #4773 ), #4772, .T. ) ;
#1741 = EDGE_LOOP ( 'NONE', ( #1742, #1743, #1744, #1745 ) ) ;
#1742 = ORIENTED_EDGE ( 'NONE', *, *, #1014, .F. ) ;
#1743 = ORIENTED_EDGE ( 'NONE', *, *, #582, .F. ) ;
#1744 = ORIENTED_EDGE ( 'NONE', *, *, #1214, .F. ) ;
#1745 = ORIENTED_EDGE ( 'NONE', *, *, #1334, .F. ) ;
#1746 = ORIENTED_EDGE ( 'NONE', *, *, #1190, .F. ) ;
#1747 = ORIENTED_EDGE ( 'NONE', *, *, #1267, .F. ) ;
#1748 = ORIENTED_EDGE ( 'NONE', *, *, #1037, .F. ) ;
#1749 = ADVANCED_FACE ( 'NONE', ( #4767 ), #4766, .F. ) ;
#1750 = EDGE_LOOP ( 'NONE', ( #1751, #1711, #1712, #1713 ) ) ;
#1751 = ORIENTED_EDGE ( 'NONE', *, *, #1921, .F. ) ;
#1752 = ADVANCED_FACE ( 'NONE', ( #4856 ), #4855, .F. ) ;
#1753 = EDGE_LOOP ( 'NONE', ( #1754, #1756, #1757, #1653 ) ) ;
#1754 = ORIENTED_EDGE ( 'NONE', *, *, #1755, .F. ) ;
#1755 = EDGE_CURVE ( 'NONE', #948, #863, #4854, .T. ) ;
#1756 = ORIENTED_EDGE ( 'NONE', *, *, #946, .F. ) ;
#1757 = ORIENTED_EDGE ( 'NONE', *, *, #1551, .T. ) ;
#1758 = ORIENTED_EDGE ( 'NONE', *, *, #791, .F. ) ;
#1759 = ORIENTED_EDGE ( 'NONE', *, *, #335, .F. ) ;
#1760 = ORIENTED_EDGE ( 'NONE', *, *, #6004, .F. ) ;
#1761 = ORIENTED_EDGE ( 'NONE', *, *, #1360, .F. ) ;
#1762 = ADVANCED_FACE ( 'NONE', ( #4847 ), #4765, .T. ) ;
#1763 = EDGE_LOOP ( 'NONE', ( #1764, #1765, #1766, #1537 ) ) ;
#1764 = ORIENTED_EDGE ( 'NONE', *, *, #788, .F. ) ;
#1765 = ORIENTED_EDGE ( 'NONE', *, *, #1377, .F. ) ;
#1766 = ORIENTED_EDGE ( 'NONE', *, *, #6007, .F. ) ;
#1767 = CARTESIAN_POINT ( 'NONE',  ( 4.000000000000003600, -13.29999999999999900, 0.0000000000000000000 ) ) ;
#1768 = DIRECTION ( 'NONE',  ( 0.0000000000000000000, -1.000000000000000000, 0.0000000000000000000 ) ) ;
#1769 = VECTOR ( 'NONE', #1768, 1000.000000000000000 ) ;
#1770 = CARTESIAN_POINT ( 'NONE',  ( 4.000000000000003600, -13.00000000000000000, 0.0000000000000000000 ) ) ;
#1771 = LINE ( 'NONE', #1770, #1769 ) ;
#1772 = DIRECTION ( 'NONE',  ( 0.0000000000000000000, 0.0000000000000000000, -1.000000000000000000 ) ) ;
#1773 = DIRECTION ( 'NONE',  ( 1.000000000000000000, 0.0000000000000000000, 0.0000000000000000000 ) ) ;
#1774 = CARTESIAN_POINT ( 'NONE',  ( -4.000000000000003600, -14.99999999999999800, -500.0000000000000000 ) ) ;
#1775 = AXIS2_PLACEMENT_3D ( 'NONE', #1774, #1773, #1772 ) ;
#1776 = PLANE ( 'NONE',  #1775 ) ;
#1777 = FACE_OUTER_BOUND ( 'NONE', #37, .T. ) ;
#1778 = DIRECTION ( 'NONE',  ( -1.000000000000000000, 0.0000000000000000000, 0.0000000000000000000 ) ) ;
#1779 = VECTOR ( 'NONE', #1778, 1000.000000000000000 ) ;
#1780 = CARTESIAN_POINT ( 'NONE',  ( -4.000000000000003600, -13.00000000000000000, -500.0000000000000000 ) ) ;
#1781 = LINE ( 'NONE', #1780, #1779 ) ;
#1782 = CARTESIAN_POINT ( 'NONE',  ( -4.300000000000003400, -13.00000000000000000, -500.0000000000000000 ) ) ;
#1783 = DIRECTION ( 'NONE',  ( 0.0000000000000000000, 0.0000000000000000000, -1.000000000000000000 ) ) ;
#1784 = VECTOR ( 'NONE', #1783, 1000.000000000000000 ) ;
#1785 = CARTESIAN_POINT ( 'NONE',  ( -4.300000000000003400, -13.00000000000000000, -500.0000000000000000 ) ) ;
#1786 = LINE ( 'NONE', #1785, #1784 ) ;
#1787 = CARTESIAN_POINT ( 'NONE',  ( -4.300000000000003400, -13.00000000000000000, 0.0000000000000000000 ) ) ;
#1788 = DIRECTION ( 'NONE',  ( -1.000000000000000000, 0.0000000000000000000, 0.0000000000000000000 ) ) ;
#1789 = VECTOR ( 'NONE', #1788, 1000.000000000000000 ) ;
#1790 = CARTESIAN_POINT ( 'NONE',  ( -4.000000000000003600, -13.00000000000000000, 0.0000000000000000000 ) ) ;
#1791 = LINE ( 'NONE', #1790, #1789 ) ;
#1792 = DIRECTION ( 'NONE',  ( 0.0000000000000000000, 0.0000000000000000000, -1.000000000000000000 ) ) ;
#1793 = DIRECTION ( 'NONE',  ( 0.0000000000000000000, -1.000000000000000000, 0.0000000000000000000 ) ) ;
#1794 = CARTESIAN_POINT ( 'NONE',  ( -4.585000000000001700, -6.000000000000007100, -500.0000000000000000 ) ) ;
#1795 = AXIS2_PLACEMENT_3D ( 'NONE', #1794, #1793, #1792 ) ;
#1796 = FACE_OUTER_BOUND ( 'NONE', #6, .T. ) ;
#1797 = VERTEX_POINT ( 'NONE', #4760 ) ;
#1798 = ORIENTED_EDGE ( 'NONE', *, *, #1799, .F. ) ;
#1799 = EDGE_CURVE ( 'NONE', #1909, #1797, #4759, .T. ) ;
#1800 = ADVANCED_FACE ( 'NONE', ( #4755 ), #4754, .F. ) ;
#1801 = EDGE_LOOP ( 'NONE', ( #1802, #1806, #1922, #1925 ) ) ;
#1802 = ORIENTED_EDGE ( 'NONE', *, *, #1803, .F. ) ;
#1803 = EDGE_CURVE ( 'NONE', #1804, #1805, #4954, .T. ) ;
#1804 = VERTEX_POINT ( 'NONE', #4950 ) ;
#1805 = VERTEX_POINT ( 'NONE', #4949 ) ;
#1806 = ORIENTED_EDGE ( 'NONE', *, *, #1921, .T. ) ;
#1807 = VERTEX_POINT ( 'NONE', #4948 ) ;
#1808 = EDGE_CURVE ( 'NONE', #1917, #2009, #4947, .T. ) ;
#1809 = EDGE_LOOP ( 'NONE', ( #2005, #2049, #2052, #2055 ) ) ;
#1810 = EDGE_CURVE ( 'NONE', #1954, #1811, #4833, .T. ) ;
#1811 = VERTEX_POINT ( 'NONE', #4829 ) ;
#1812 = ORIENTED_EDGE ( 'NONE', *, *, #1813, .F. ) ;
#1813 = EDGE_CURVE ( 'NONE', #1951, #1811, #4828, .T. ) ;
#1814 = ADVANCED_FACE ( 'NONE', ( #4824 ), #4823, .F. ) ;
#1815 = EDGE_LOOP ( 'NONE', ( #1816, #2042, #2043, #2046 ) ) ;
#1816 = ORIENTED_EDGE ( 'NONE', *, *, #1817, .F. ) ;
#1817 = EDGE_CURVE ( 'NONE', #1880, #1818, #4818, .T. ) ;
#1818 = VERTEX_POINT ( 'NONE', #4843 ) ;
#1819 = ADVANCED_FACE ( 'NONE', ( #4842 ), #4841, .T. ) ;
#1820 = EDGE_LOOP ( 'NONE', ( #1821, #1825, #1828, #1831 ) ) ;
#1821 = ORIENTED_EDGE ( 'NONE', *, *, #1822, .T. ) ;
#1822 = EDGE_CURVE ( 'NONE', #1823, #1824, #4969, .T. ) ;
#1823 = VERTEX_POINT ( 'NONE', #4965 ) ;
#1824 = VERTEX_POINT ( 'NONE', #4964 ) ;
#1825 = ORIENTED_EDGE ( 'NONE', *, *, #1826, .T. ) ;
#1826 = EDGE_CURVE ( 'NONE', #1824, #1827, #4963, .T. ) ;
#1827 = VERTEX_POINT ( 'NONE', #4959 ) ;
#1828 = ORIENTED_EDGE ( 'NONE', *, *, #1829, .F. ) ;
#1829 = EDGE_CURVE ( 'NONE', #1830, #1827, #4908, .T. ) ;
#1830 = VERTEX_POINT ( 'NONE', #4904 ) ;
#1831 = ORIENTED_EDGE ( 'NONE', *, *, #1832, .F. ) ;
#1832 = EDGE_CURVE ( 'NONE', #1823, #1830, #4903, .T. ) ;
#1833 = ADVANCED_FACE ( 'NONE', ( #4899 ), #4898, .T. ) ;
#1834 = PLANE ( 'NONE',  #1795 ) ;
#1835 = DIRECTION ( 'NONE',  ( 0.7071067811865462400, -0.7071067811865489100, 0.0000000000000000000 ) ) ;
#1836 = VECTOR ( 'NONE', #1835, 999.9999999999998900 ) ;
#1837 = CARTESIAN_POINT ( 'NONE',  ( 4.585000000000001700, -6.000000000000007100, -500.0000000000000000 ) ) ;
#1838 = LINE ( 'NONE', #1837, #1836 ) ;
#1839 = DIRECTION ( 'NONE',  ( 0.0000000000000000000, 0.0000000000000000000, -1.000000000000000000 ) ) ;
#1840 = VECTOR ( 'NONE', #1839, 1000.000000000000000 ) ;
#1841 = CARTESIAN_POINT ( 'NONE',  ( 4.300000000000003400, -14.99999999999999800, -500.0000000000000000 ) ) ;
#1842 = LINE ( 'NONE', #1841, #1840 ) ;
#1843 = CARTESIAN_POINT ( 'NONE',  ( 4.300000000000003400, -14.99999999999999800, 0.0000000000000000000 ) ) ;
#1844 = CARTESIAN_POINT ( 'NONE',  ( 12.99999999999999800, -15.00000000000000500, 0.0000000000000000000 ) ) ;
#1845 = DIRECTION ( 'NONE',  ( -1.000000000000000000, 7.885106708985490000E-016, 0.0000000000000000000 ) ) ;
#1846 = VECTOR ( 'NONE', #1845, 1000.000000000000000 ) ;
#1847 = CARTESIAN_POINT ( 'NONE',  ( 15.00000000000000000, -15.00000000000000700, 0.0000000000000000000 ) ) ;
#1848 = LINE ( 'NONE', #1847, #1846 ) ;
#1849 = CARTESIAN_POINT ( 'NONE',  ( -6.000000000000000000, -4.585000000000001700, 0.0000000000000000000 ) ) ;
#1850 = DIRECTION ( 'NONE',  ( -0.7071067811865490200, -0.7071067811865460200, 0.0000000000000000000 ) ) ;
#1851 = DIRECTION ( 'NONE',  ( -0.7071067811865460200, 0.7071067811865490200, 0.0000000000000000000 ) ) ;
#1852 = CARTESIAN_POINT ( 'NONE',  ( -6.000000000000000000, -4.585000000000001700, -500.0000000000000000 ) ) ;
#1853 = AXIS2_PLACEMENT_3D ( 'NONE', #1852, #1851, #1850 ) ;
#1854 = PLANE ( 'NONE',  #1853 ) ;
#1855 = FACE_OUTER_BOUND ( 'NONE', #13, .T. ) ;
#1856 = DIRECTION ( 'NONE',  ( -1.000000000000000000, -1.560470892932669400E-015, 0.0000000000000000000 ) ) ;
#1857 = VECTOR ( 'NONE', #1856, 1000.000000000000000 ) ;
#1858 = CARTESIAN_POINT ( 'NONE',  ( -9.665000000000018700, -8.250000000000003600, -500.0000000000000000 ) ) ;
#1859 = LINE ( 'NONE', #1858, #1857 ) ;
#1860 = DIRECTION ( 'NONE',  ( -1.000000000000000000, 0.0000000000000000000, 0.0000000000000000000 ) ) ;
#1861 = VECTOR ( 'NONE', #1860, 1000.000000000000000 ) ;
#1862 = CARTESIAN_POINT ( 'NONE',  ( -13.00000000000000000, -4.000000000000005300, 0.0000000000000000000 ) ) ;
#1863 = DIRECTION ( 'NONE',  ( 0.0000000000000000000, 0.0000000000000000000, 1.000000000000000000 ) ) ;
#1864 = DIRECTION ( 'NONE',  ( 0.0000000000000000000, 1.000000000000000000, 0.0000000000000000000 ) ) ;
#1865 = EDGE_CURVE ( 'NONE', #1916, #1917, #4893, .T. ) ;
#1866 = VERTEX_POINT ( 'NONE', #4888 ) ;
#1867 = ORIENTED_EDGE ( 'NONE', *, *, #1868, .T. ) ;
#1868 = EDGE_CURVE ( 'NONE', #1901, #1869, #4887, .T. ) ;
#1869 = VERTEX_POINT ( 'NONE', #4883 ) ;
#1870 = ORIENTED_EDGE ( 'NONE', *, *, #1871, .T. ) ;
#1871 = EDGE_CURVE ( 'NONE', #1869, #1872, #4882, .T. ) ;
#1872 = VERTEX_POINT ( 'NONE', #4877 ) ;
#1873 = ORIENTED_EDGE ( 'NONE', *, *, #1874, .F. ) ;
#1874 = EDGE_CURVE ( 'NONE', #1866, #1872, #4919, .T. ) ;
#1875 = ADVANCED_FACE ( 'NONE', ( #4915 ), #4913, .F. ) ;
#1876 = EDGE_LOOP ( 'NONE', ( #1877, #1885, #1887, #1890 ) ) ;
#1877 = ORIENTED_EDGE ( 'NONE', *, *, #1878, .F. ) ;
#1878 = EDGE_CURVE ( 'NONE', #1879, #1880, #5158, .T. ) ;
#1879 = VERTEX_POINT ( 'NONE', #5041 ) ;
#1880 = VERTEX_POINT ( 'NONE', #5040 ) ;
#1881 = VERTEX_POINT ( 'NONE', #5039 ) ;
#1882 = ADVANCED_FACE ( 'NONE', ( #5038 ), #5037, .F. ) ;
#1883 = EDGE_LOOP ( 'NONE', ( #1992, #1867, #1870, #1873 ) ) ;
#1884 = EDGE_CURVE ( 'NONE', #1901, #1866, #5187, .T. ) ;
#1885 = ORIENTED_EDGE ( 'NONE', *, *, #1886, .T. ) ;
#1886 = EDGE_CURVE ( 'NONE', #1879, #1881, #5178, .T. ) ;
#1887 = ORIENTED_EDGE ( 'NONE', *, *, #1888, .T. ) ;
#1888 = EDGE_CURVE ( 'NONE', #1881, #1889, #5174, .T. ) ;
#1889 = VERTEX_POINT ( 'NONE', #5169 ) ;
#1890 = ORIENTED_EDGE ( 'NONE', *, *, #1891, .F. ) ;
#1891 = EDGE_CURVE ( 'NONE', #1880, #1889, #5168, .T. ) ;
#1892 = ADVANCED_FACE ( 'NONE', ( #5164 ), #5163, .T. ) ;
#1893 = EDGE_LOOP ( 'NONE', ( #1894, #1898, #1903, #1913 ) ) ;
#1894 = ORIENTED_EDGE ( 'NONE', *, *, #1895, .F. ) ;
#1895 = EDGE_CURVE ( 'NONE', #1896, #1897, #5055, .T. ) ;
#1896 = VERTEX_POINT ( 'NONE', #5050 ) ;
#1897 = VERTEX_POINT ( 'NONE', #5049 ) ;
#1898 = ORIENTED_EDGE ( 'NONE', *, *, #1899, .T. ) ;
#1899 = EDGE_CURVE ( 'NONE', #1896, #1902, #5048, .T. ) ;
#1900 = MANIFOLD_SOLID_BREP ( 'NONE', #6029 ) ;
#1901 = VERTEX_POINT ( 'NONE', #5218 ) ;
#1902 = VERTEX_POINT ( 'NONE', #5217 ) ;
#1903 = ORIENTED_EDGE ( 'NONE', *, *, #1904, .F. ) ;
#1904 = EDGE_CURVE ( 'NONE', #1991, #1902, #5216, .T. ) ;
#1905 = ADVANCED_FACE ( 'NONE', ( #5211 ), #5210, .T. ) ;
#1906 = ORIENTED_EDGE ( 'NONE', *, *, #1907, .F. ) ;
#1907 = EDGE_CURVE ( 'NONE', #1908, #1909, #5204, .T. ) ;
#1908 = VERTEX_POINT ( 'NONE', #5200 ) ;
#1909 = VERTEX_POINT ( 'NONE', #5199 ) ;
#1910 = ORIENTED_EDGE ( 'NONE', *, *, #1911, .T. ) ;
#1911 = EDGE_CURVE ( 'NONE', #1908, #1912, #5198, .T. ) ;
#1912 = VERTEX_POINT ( 'NONE', #5194 ) ;
#1913 = ORIENTED_EDGE ( 'NONE', *, *, #1914, .F. ) ;
#1914 = EDGE_CURVE ( 'NONE', #1897, #1991, #5193, .T. ) ;
#1915 = EDGE_LOOP ( 'NONE', ( #1906, #1910, #1946, #1798 ) ) ;
#1916 = VERTEX_POINT ( 'NONE', #5189 ) ;
#1917 = VERTEX_POINT ( 'NONE', #5188 ) ;
#1918 = ORIENTED_EDGE ( 'NONE', *, *, #1919, .T. ) ;
#1919 = EDGE_CURVE ( 'NONE', #1916, #1920, #5157, .T. ) ;
#1920 = VERTEX_POINT ( 'NONE', #5153 ) ;
#1921 = EDGE_CURVE ( 'NONE', #1804, #1807, #5152, .T. ) ;
#1922 = ORIENTED_EDGE ( 'NONE', *, *, #1923, .F. ) ;
#1923 = EDGE_CURVE ( 'NONE', #1924, #1807, #5148, .T. ) ;
#1924 = VERTEX_POINT ( 'NONE', #5143 ) ;
#1925 = ORIENTED_EDGE ( 'NONE', *, *, #1926, .F. ) ;
#1926 = EDGE_CURVE ( 'NONE', #1805, #1924, #5142, .T. ) ;
#1927 = ADVANCED_FACE ( 'NONE', ( #5138 ), #5136, .F. ) ;
#1928 = EDGE_LOOP ( 'NONE', ( #1929, #1918, #2007, #2057 ) ) ;
#1929 = ORIENTED_EDGE ( 'NONE', *, *, #1865, .F. ) ;
#1930 = ORIENTED_EDGE ( 'NONE', *, *, #1931, .F. ) ;
#1931 = EDGE_CURVE ( 'NONE', #1932, #1933, #5137, .T. ) ;
#1932 = VERTEX_POINT ( 'NONE', #5095 ) ;
#1933 = VERTEX_POINT ( 'NONE', #5094 ) ;
#1934 = ORIENTED_EDGE ( 'NONE', *, *, #1935, .T. ) ;
#1935 = EDGE_CURVE ( 'NONE', #1932, #1936, #5093, .T. ) ;
#1936 = VERTEX_POINT ( 'NONE', #5089 ) ;
#1937 = ORIENTED_EDGE ( 'NONE', *, *, #1938, .T. ) ;
#1938 = EDGE_CURVE ( 'NONE', #1936, #1939, #5088, .T. ) ;
#1939 = VERTEX_POINT ( 'NONE', #5127 ) ;
#1940 = ORIENTED_EDGE ( 'NONE', *, *, #1941, .F. ) ;
#1941 = EDGE_CURVE ( 'NONE', #1933, #1939, #5126, .T. ) ;
#1942 = ADVANCED_FACE ( 'NONE', ( #5122 ), #5121, .F. ) ;
#1943 = EDGE_LOOP ( 'NONE', ( #1944, #2001, #1986, #2010 ) ) ;
#1944 = ORIENTED_EDGE ( 'NONE', *, *, #1999, .F. ) ;
#1945 = VERTEX_POINT ( 'NONE', #5116 ) ;
#1946 = ORIENTED_EDGE ( 'NONE', *, *, #1947, .F. ) ;
#1947 = EDGE_CURVE ( 'NONE', #1797, #1912, #5114, .T. ) ;
#1948 = ORIENTED_EDGE ( 'NONE', *, *, #94, .T. ) ;
#1949 = EDGE_CURVE ( 'NONE', #1950, #1951, #5115, .T. ) ;
#1950 = VERTEX_POINT ( 'NONE', #5106 ) ;
#1951 = VERTEX_POINT ( 'NONE', #5105 ) ;
#1952 = ORIENTED_EDGE ( 'NONE', *, *, #1953, .T. ) ;
#1953 = EDGE_CURVE ( 'NONE', #1950, #1954, #5104, .T. ) ;
#1954 = VERTEX_POINT ( 'NONE', #5100 ) ;
#1955 = ORIENTED_EDGE ( 'NONE', *, *, #1810, .T. ) ;
#1956 = EDGE_LOOP ( 'NONE', ( #1957, #1961, #1964, #1967 ) ) ;
#1957 = ORIENTED_EDGE ( 'NONE', *, *, #1958, .T. ) ;
#1958 = EDGE_CURVE ( 'NONE', #1959, #1960, #5099, .T. ) ;
#1959 = VERTEX_POINT ( 'NONE', #5085 ) ;
#1960 = VERTEX_POINT ( 'NONE', #5084 ) ;
#1961 = ORIENTED_EDGE ( 'NONE', *, *, #1962, .T. ) ;
#1962 = EDGE_CURVE ( 'NONE', #1960, #1963, #5083, .T. ) ;
#1963 = VERTEX_POINT ( 'NONE', #5079 ) ;
#1964 = ORIENTED_EDGE ( 'NONE', *, *, #1965, .F. ) ;
#1965 = EDGE_CURVE ( 'NONE', #1966, #1963, #5078, .T. ) ;
#1966 = VERTEX_POINT ( 'NONE', #5074 ) ;
#1967 = ORIENTED_EDGE ( 'NONE', *, *, #1968, .T. ) ;
#1968 = EDGE_CURVE ( 'NONE', #1966, #1959, #5073, .T. ) ;
#1969 = ADVANCED_FACE ( 'NONE', ( #5069 ), #5068, .T. ) ;
#1970 = EDGE_LOOP ( 'NONE', ( #1971, #1975, #1978, #1981 ) ) ;
#1971 = ORIENTED_EDGE ( 'NONE', *, *, #1972, .T. ) ;
#1972 = EDGE_CURVE ( 'NONE', #1973, #1974, #5033, .T. ) ;
#1973 = VERTEX_POINT ( 'NONE', #5029 ) ;
#1974 = VERTEX_POINT ( 'NONE', #5028 ) ;
#1975 = ORIENTED_EDGE ( 'NONE', *, *, #1976, .T. ) ;
#1976 = EDGE_CURVE ( 'NONE', #1974, #1977, #5027, .T. ) ;
#1977 = VERTEX_POINT ( 'NONE', #5023 ) ;
#1978 = ORIENTED_EDGE ( 'NONE', *, *, #1979, .F. ) ;
#1979 = EDGE_CURVE ( 'NONE', #1980, #1977, #5022, .T. ) ;
#1980 = VERTEX_POINT ( 'NONE', #5018 ) ;
#1981 = ORIENTED_EDGE ( 'NONE', *, *, #1982, .F. ) ;
#1982 = EDGE_CURVE ( 'NONE', #1973, #1980, #5017, .T. ) ;
#1983 = ADVANCED_FACE ( 'NONE', ( #5013 ), #5012, .T. ) ;
#1984 = EDGE_LOOP ( 'NONE', ( #1985, #1952, #1955, #1812 ) ) ;
#1985 = ORIENTED_EDGE ( 'NONE', *, *, #1949, .F. ) ;
#1986 = ORIENTED_EDGE ( 'NONE', *, *, #1987, .T. ) ;
#1987 = EDGE_CURVE ( 'NONE', #2003, #1988, #5007, .T. ) ;
#1988 = VERTEX_POINT ( 'NONE', #5003 ) ;
#1989 = ORIENTED_EDGE ( 'NONE', *, *, #108, .T. ) ;
#1990 = ORIENTED_EDGE ( 'NONE', *, *, #87, .T. ) ;
#1991 = VERTEX_POINT ( 'NONE', #5066 ) ;
#1992 = ORIENTED_EDGE ( 'NONE', *, *, #1884, .F. ) ;
#1993 = ORIENTED_EDGE ( 'NONE', *, *, #1829, .T. ) ;
#1994 = ORIENTED_EDGE ( 'NONE', *, *, #1995, .T. ) ;
#1995 = EDGE_CURVE ( 'NONE', #1827, #29, #5064, .T. ) ;
#1996 = ORIENTED_EDGE ( 'NONE', *, *, #28, .T. ) ;
#1997 = ORIENTED_EDGE ( 'NONE', *, *, #119, .T. ) ;
#1998 = EDGE_LOOP ( 'NONE', ( #1930, #1934, #1937, #1940 ) ) ;
#1999 = EDGE_CURVE ( 'NONE', #1945, #2000, #5065, .T. ) ;
#2000 = VERTEX_POINT ( 'NONE', #5056 ) ;
#2001 = ORIENTED_EDGE ( 'NONE', *, *, #2002, .T. ) ;
#2002 = EDGE_CURVE ( 'NONE', #1945, #2003, #5002, .T. ) ;
#2003 = VERTEX_POINT ( 'NONE', #4998 ) ;
#2004 = ADVANCED_FACE ( 'NONE', ( #4997 ), #4995, .F. ) ;
#2005 = ORIENTED_EDGE ( 'NONE', *, *, #2047, .F. ) ;
#2006 = VERTEX_POINT ( 'NONE', #4991 ) ;
#2007 = ORIENTED_EDGE ( 'NONE', *, *, #2008, .F. ) ;
#2008 = EDGE_CURVE ( 'NONE', #2009, #1920, #4990, .T. ) ;
#2009 = VERTEX_POINT ( 'NONE', #4985 ) ;
#2010 = ORIENTED_EDGE ( 'NONE', *, *, #2011, .T. ) ;
#2011 = EDGE_CURVE ( 'NONE', #1988, #2000, #4984, .T. ) ;
#2012 = ADVANCED_FACE ( 'NONE', ( #4980 ), #4979, .F. ) ;
#2013 = EDGE_CURVE ( 'NONE', #2045, #1818, #4974, .T. ) ;
#2014 = ADVANCED_FACE ( 'NONE', ( #4970 ), #4363, .F. ) ;
#2015 = EDGE_LOOP ( 'NONE', ( #2016, #174, #365, #177 ) ) ;
#2016 = ORIENTED_EDGE ( 'NONE', *, *, #2017, .T. ) ;
#2017 = EDGE_CURVE ( 'NONE', #2018, #2019, #5280, .T. ) ;
#2018 = VERTEX_POINT ( 'NONE', #5251 ) ;
#2019 = VERTEX_POINT ( 'NONE', #5250 ) ;
#2020 = ORIENTED_EDGE ( 'NONE', *, *, #712, .T. ) ;
#2021 = CARTESIAN_POINT ( 'NONE',  ( -13.00000000000000000, -4.000000000000005300, -500.0000000000000000 ) ) ;
#2022 = AXIS2_PLACEMENT_3D ( 'NONE', #2021, #1864, #1863 ) ;
#2023 = PLANE ( 'NONE',  #2022 ) ;
#2024 = LINE ( 'NONE', #1862, #1861 ) ;
#2025 = FACE_OUTER_BOUND ( 'NONE', #617, .T. ) ;
#2026 = DIRECTION ( 'NONE',  ( -1.000000000000000000, -8.673617379884035500E-016, 0.0000000000000000000 ) ) ;
#2027 = VECTOR ( 'NONE', #2026, 1000.000000000000000 ) ;
#2028 = CARTESIAN_POINT ( 'NONE',  ( 14.99999999999999800, 4.000000000000007100, -500.0000000000000000 ) ) ;
#2029 = LINE ( 'NONE', #2028, #2027 ) ;
#2030 = DIRECTION ( 'NONE',  ( -1.000000000000000000, -1.560470892932669400E-015, 0.0000000000000000000 ) ) ;
#2031 = VECTOR ( 'NONE', #2030, 1000.000000000000000 ) ;
#2032 = CARTESIAN_POINT ( 'NONE',  ( 12.99999999999999800, 8.250000000000008900, -500.0000000000000000 ) ) ;
#2033 = LINE ( 'NONE', #2032, #2031 ) ;
#2034 = ORIENTED_EDGE ( 'NONE', *, *, #2035, .T. ) ;
#2035 = EDGE_CURVE ( 'NONE', #353, #347, #5249, .T. ) ;
#2036 = ADVANCED_FACE ( 'NONE', ( #5245 ), #5244, .F. ) ;
#2037 = EDGE_LOOP ( 'NONE', ( #2038, #438, #441, #444 ) ) ;
#2038 = ORIENTED_EDGE ( 'NONE', *, *, #2039, .T. ) ;
#2039 = EDGE_CURVE ( 'NONE', #2040, #2041, #5239, .T. ) ;
#2040 = VERTEX_POINT ( 'NONE', #5235 ) ;
#2041 = VERTEX_POINT ( 'NONE', #5234 ) ;
#2042 = ORIENTED_EDGE ( 'NONE', *, *, #1891, .T. ) ;
#2043 = ORIENTED_EDGE ( 'NONE', *, *, #2044, .T. ) ;
#2044 = EDGE_CURVE ( 'NONE', #1889, #2045, #5233, .T. ) ;
#2045 = VERTEX_POINT ( 'NONE', #5229 ) ;
#2046 = ORIENTED_EDGE ( 'NONE', *, *, #2013, .T. ) ;
#2047 = EDGE_CURVE ( 'NONE', #2006, #2048, #5228, .T. ) ;
#2048 = VERTEX_POINT ( 'NONE', #5223 ) ;
#2049 = ORIENTED_EDGE ( 'NONE', *, *, #2050, .T. ) ;
#2050 = EDGE_CURVE ( 'NONE', #2006, #2051, #5222, .T. ) ;
#2051 = VERTEX_POINT ( 'NONE', #5275 ) ;
#2052 = ORIENTED_EDGE ( 'NONE', *, *, #2053, .T. ) ;
#2053 = EDGE_CURVE ( 'NONE', #2051, #2054, #5274, .T. ) ;
#2054 = VERTEX_POINT ( 'NONE', #5269 ) ;
#2055 = ORIENTED_EDGE ( 'NONE', *, *, #2056, .T. ) ;
#2056 = EDGE_CURVE ( 'NONE', #2054, #2048, #5268, .T. ) ;
#2057 = ORIENTED_EDGE ( 'NONE', *, *, #1808, .F. ) ;
#2058 = FACE_OUTER_BOUND ( 'NONE', #424, .T. ) ;
#2059 = DIRECTION ( 'NONE',  ( 0.0000000000000000000, 1.000000000000000000, 0.0000000000000000000 ) ) ;
#2060 = VECTOR ( 'NONE', #2059, 1000.000000000000000 ) ;
#2061 = CARTESIAN_POINT ( 'NONE',  ( 8.250000000000000000, 9.665000000000020500, 0.0000000000000000000 ) ) ;
#2062 = LINE ( 'NONE', #2061, #2060 ) ;
#2063 = DIRECTION ( 'NONE',  ( 0.0000000000000000000, 0.0000000000000000000, -1.000000000000000000 ) ) ;
#2064 = DIRECTION ( 'NONE',  ( 1.000000000000000000, 0.0000000000000000000, 0.0000000000000000000 ) ) ;
#2065 = CARTESIAN_POINT ( 'NONE',  ( 8.250000000000000000, 9.665000000000020500, -500.0000000000000000 ) ) ;
#2066 = AXIS2_PLACEMENT_3D ( 'NONE', #2065, #2064, #2063 ) ;
#2067 = PLANE ( 'NONE',  #2066 ) ;
#2068 = FACE_OUTER_BOUND ( 'NONE', #147, .T. ) ;
#2069 = DIRECTION ( 'NONE',  ( 0.0000000000000000000, -1.000000000000000000, 0.0000000000000000000 ) ) ;
#2070 = VECTOR ( 'NONE', #2069, 1000.000000000000000 ) ;
#2071 = CARTESIAN_POINT ( 'NONE',  ( -4.000000000000000000, 14.99999999999999800, 0.0000000000000000000 ) ) ;
#2072 = LINE ( 'NONE', #2071, #2070 ) ;
#2073 = CARTESIAN_POINT ( 'NONE',  ( 4.299999999999999800, 14.99999999999999800, 0.0000000000000000000 ) ) ;
#2074 = DIRECTION ( 'NONE',  ( 0.0000000000000000000, 0.0000000000000000000, 1.000000000000000000 ) ) ;
#2075 = VECTOR ( 'NONE', #2074, 1000.000000000000000 ) ;
#2076 = CARTESIAN_POINT ( 'NONE',  ( 4.299999999999999800, 14.99999999999999800, -500.0000000000000000 ) ) ;
#2077 = LINE ( 'NONE', #2076, #2075 ) ;
#2078 = CARTESIAN_POINT ( 'NONE',  ( 13.00000000000000200, 15.00000000000000000, -500.0000000000000000 ) ) ;
#2079 = CARTESIAN_POINT ( 'NONE',  ( 4.299999999999999800, 14.99999999999999800, -500.0000000000000000 ) ) ;
#2080 = DIRECTION ( 'NONE',  ( 1.000000000000000000, 1.577021341797097100E-016, 0.0000000000000000000 ) ) ;
#2081 = VECTOR ( 'NONE', #2080, 1000.000000000000000 ) ;
#2082 = CARTESIAN_POINT ( 'NONE',  ( 4.000000000000000000, 14.99999999999999800, -500.0000000000000000 ) ) ;
#2083 = LINE ( 'NONE', #2082, #2081 ) ;
#2084 = DIRECTION ( 'NONE',  ( 1.000000000000000000, 1.577021341797097100E-016, 0.0000000000000000000 ) ) ;
#2085 = DIRECTION ( 'NONE',  ( 1.577021341797097100E-016, -1.000000000000000000, 0.0000000000000000000 ) ) ;
#2086 = CARTESIAN_POINT ( 'NONE',  ( 4.000000000000000000, 14.99999999999999800, -500.0000000000000000 ) ) ;
#2087 = AXIS2_PLACEMENT_3D ( 'NONE', #2086, #2085, #2084 ) ;
#2088 = PLANE ( 'NONE',  #2087 ) ;
#2089 = DIRECTION ( 'NONE',  ( 0.0000000000000000000, 0.0000000000000000000, 1.000000000000000000 ) ) ;
#2090 = VECTOR ( 'NONE', #2089, 1000.000000000000000 ) ;
#2091 = CARTESIAN_POINT ( 'NONE',  ( 4.585000000000001700, -6.000000000000007100, -500.0000000000000000 ) ) ;
#2092 = LINE ( 'NONE', #2091, #2090 ) ;
#2093 = CARTESIAN_POINT ( 'NONE',  ( 4.585000000000001700, -6.000000000000007100, 0.0000000000000000000 ) ) ;
#2094 = DIRECTION ( 'NONE',  ( 0.7071067811865462400, -0.7071067811865489100, 0.0000000000000000000 ) ) ;
#2095 = VECTOR ( 'NONE', #2094, 999.9999999999998900 ) ;
#2096 = CARTESIAN_POINT ( 'NONE',  ( 4.585000000000001700, -6.000000000000007100, 0.0000000000000000000 ) ) ;
#2097 = LINE ( 'NONE', #2096, #2095 ) ;
#2098 = DIRECTION ( 'NONE',  ( 0.7071067811865462400, -0.7071067811865489100, 0.0000000000000000000 ) ) ;
#2099 = DIRECTION ( 'NONE',  ( -0.7071067811865489100, -0.7071067811865462400, 0.0000000000000000000 ) ) ;
#2100 = CARTESIAN_POINT ( 'NONE',  ( 4.585000000000001700, -6.000000000000007100, -500.0000000000000000 ) ) ;
#2101 = AXIS2_PLACEMENT_3D ( 'NONE', #2100, #2099, #2098 ) ;
#2102 = PLANE ( 'NONE',  #2101 ) ;
#2103 = FACE_OUTER_BOUND ( 'NONE', #92, .T. ) ;
#2104 = CARTESIAN_POINT ( 'NONE',  ( -4.585000000000001700, -6.000000000000007100, 0.0000000000000000000 ) ) ;
#2105 = DIRECTION ( 'NONE',  ( 1.000000000000000000, 0.0000000000000000000, 0.0000000000000000000 ) ) ;
#2106 = VECTOR ( 'NONE', #2105, 1000.000000000000000 ) ;
#2107 = CARTESIAN_POINT ( 'NONE',  ( -4.585000000000001700, -6.000000000000007100, 0.0000000000000000000 ) ) ;
#2108 = LINE ( 'NONE', #2107, #2106 ) ;
#2109 = DIRECTION ( 'NONE',  ( 0.0000000000000000000, 0.0000000000000000000, 1.000000000000000000 ) ) ;
#2110 = DIRECTION ( 'NONE',  ( -1.000000000000000000, 0.0000000000000000000, 0.0000000000000000000 ) ) ;
#2111 = CARTESIAN_POINT ( 'NONE',  ( 4.000000000000003600, -13.00000000000000000, -500.0000000000000000 ) ) ;
#2112 = AXIS2_PLACEMENT_3D ( 'NONE', #2111, #2110, #2109 ) ;
#2113 = PLANE ( 'NONE',  #2112 ) ;
#2114 = FACE_OUTER_BOUND ( 'NONE', #85, .T. ) ;
#2115 = DIRECTION ( 'NONE',  ( 0.0000000000000000000, 0.0000000000000000000, 1.000000000000000000 ) ) ;
#2116 = VECTOR ( 'NONE', #2115, 1000.000000000000000 ) ;
#2117 = CARTESIAN_POINT ( 'NONE',  ( 12.99999999999999800, -15.00000000000000500, -500.0000000000000000 ) ) ;
#2118 = LINE ( 'NONE', #2117, #2116 ) ;
#2119 = CARTESIAN_POINT ( 'NONE',  ( 12.99999999999999800, -15.00000000000000500, -500.0000000000000000 ) ) ;
#2120 = DIRECTION ( 'NONE',  ( -1.000000000000000000, 7.885106708985490000E-016, 0.0000000000000000000 ) ) ;
#2121 = VECTOR ( 'NONE', #2120, 1000.000000000000000 ) ;
#2122 = VECTOR ( 'NONE', #2252, 1000.000000000000000 ) ;
#2123 = CARTESIAN_POINT ( 'NONE',  ( 8.250000000000003600, -13.00000000000000000, -500.0000000000000000 ) ) ;
#2124 = DIRECTION ( 'NONE',  ( 0.7071067811865462400, 0.7071067811865489100, 0.0000000000000000000 ) ) ;
#2125 = VECTOR ( 'NONE', #2124, 999.9999999999998900 ) ;
#2126 = CARTESIAN_POINT ( 'NONE',  ( -8.250000000000001800, -9.665000000000020500, -500.0000000000000000 ) ) ;
#2127 = LINE ( 'NONE', #2126, #2125 ) ;
#2128 = CARTESIAN_POINT ( 'NONE',  ( -8.250000000000001800, -9.665000000000020500, -500.0000000000000000 ) ) ;
#2129 = DIRECTION ( 'NONE',  ( 0.0000000000000000000, 0.0000000000000000000, 1.000000000000000000 ) ) ;
#2130 = VECTOR ( 'NONE', #2129, 1000.000000000000000 ) ;
#2131 = CARTESIAN_POINT ( 'NONE',  ( -8.250000000000001800, -9.665000000000020500, -500.0000000000000000 ) ) ;
#2132 = LINE ( 'NONE', #2131, #2130 ) ;
#2133 = CARTESIAN_POINT ( 'NONE',  ( -8.250000000000001800, -9.665000000000020500, 0.0000000000000000000 ) ) ;
#2134 = DIRECTION ( 'NONE',  ( 0.7071067811865462400, 0.7071067811865489100, 0.0000000000000000000 ) ) ;
#2135 = VECTOR ( 'NONE', #2134, 999.9999999999998900 ) ;
#2136 = CARTESIAN_POINT ( 'NONE',  ( -8.250000000000001800, -9.665000000000020500, 0.0000000000000000000 ) ) ;
#2137 = LINE ( 'NONE', #2136, #2135 ) ;
#2138 = DIRECTION ( 'NONE',  ( 0.7071067811865462400, 0.7071067811865489100, 0.0000000000000000000 ) ) ;
#2139 = DIRECTION ( 'NONE',  ( 0.7071067811865489100, -0.7071067811865462400, 0.0000000000000000000 ) ) ;
#2140 = CARTESIAN_POINT ( 'NONE',  ( -8.250000000000001800, -9.665000000000020500, -500.0000000000000000 ) ) ;
#2141 = AXIS2_PLACEMENT_3D ( 'NONE', #2140, #2139, #2138 ) ;
#2142 = PLANE ( 'NONE',  #2141 ) ;
#2143 = FACE_OUTER_BOUND ( 'NONE', #106, .T. ) ;
#2144 = DIRECTION ( 'NONE',  ( 1.000000000000000000, 0.0000000000000000000, 0.0000000000000000000 ) ) ;
#2145 = VECTOR ( 'NONE', #2144, 1000.000000000000000 ) ;
#2146 = CARTESIAN_POINT ( 'NONE',  ( -4.585000000000001700, -6.000000000000007100, -500.0000000000000000 ) ) ;
#2147 = LINE ( 'NONE', #2146, #2145 ) ;
#2148 = CARTESIAN_POINT ( 'NONE',  ( -4.585000000000001700, -6.000000000000007100, -500.0000000000000000 ) ) ;
#2149 = DIRECTION ( 'NONE',  ( 0.0000000000000000000, 0.0000000000000000000, 1.000000000000000000 ) ) ;
#2150 = VECTOR ( 'NONE', #2149, 1000.000000000000000 ) ;
#2151 = CARTESIAN_POINT ( 'NONE',  ( -4.585000000000001700, -6.000000000000007100, -500.0000000000000000 ) ) ;
#2152 = LINE ( 'NONE', #2151, #2150 ) ;
#2153 = CARTESIAN_POINT ( 'NONE',  ( 4.585000000000001700, -6.000000000000007100, -500.0000000000000000 ) ) ;
#2154 = LINE ( 'NONE', #2478, #2467 ) ;
#2155 = DIRECTION ( 'NONE',  ( 0.0000000000000000000, 0.0000000000000000000, 1.000000000000000000 ) ) ;
#2156 = CARTESIAN_POINT ( 'NONE',  ( -4.000000000000000000, 14.69999999999999800, -500.0000000000000000 ) ) ;
#2157 = CARTESIAN_POINT ( 'NONE',  ( -4.000000000000000900, 13.54174243050441500, -500.0000000000000000 ) ) ;
#2158 = DIRECTION ( 'NONE',  ( 0.0000000000000000000, -1.000000000000000000, 0.0000000000000000000 ) ) ;
#2159 = VECTOR ( 'NONE', #2158, 1000.000000000000000 ) ;
#2160 = CARTESIAN_POINT ( 'NONE',  ( -4.000000000000000000, 14.99999999999999800, -500.0000000000000000 ) ) ;
#2161 = LINE ( 'NONE', #2160, #2159 ) ;
#2162 = CARTESIAN_POINT ( 'NONE',  ( -4.000000000000000900, 14.45825756949558100, -500.0000000000000000 ) ) ;
#2163 = DIRECTION ( 'NONE',  ( 0.0000000000000000000, 0.0000000000000000000, 1.000000000000000000 ) ) ;
#2164 = VECTOR ( 'NONE', #2163, 1000.000000000000000 ) ;
#2165 = CARTESIAN_POINT ( 'NONE',  ( -4.000000000000000900, 14.45825756949558100, -500.0000000000000000 ) ) ;
#2166 = LINE ( 'NONE', #2165, #2164 ) ;
#2167 = CARTESIAN_POINT ( 'NONE',  ( -4.000000000000000000, 14.45825756949558100, 0.0000000000000000000 ) ) ;
#2168 = CARTESIAN_POINT ( 'NONE',  ( -4.000000000000000000, 14.69999999999999800, 0.0000000000000000000 ) ) ;
#2169 = CARTESIAN_POINT ( 'NONE',  ( 15.00000000000000000, -15.00000000000000700, -500.0000000000000000 ) ) ;
#2170 = LINE ( 'NONE', #2169, #2121 ) ;
#2171 = CARTESIAN_POINT ( 'NONE',  ( 4.300000000000003400, -14.99999999999999800, -500.0000000000000000 ) ) ;
#2172 = DIRECTION ( 'NONE',  ( 0.0000000000000000000, 0.0000000000000000000, 1.000000000000000000 ) ) ;
#2173 = DIRECTION ( 'NONE',  ( 0.0000000000000000000, 1.000000000000000000, 0.0000000000000000000 ) ) ;
#2174 = CARTESIAN_POINT ( 'NONE',  ( 8.250000000000003600, -13.00000000000000000, -500.0000000000000000 ) ) ;
#2175 = AXIS2_PLACEMENT_3D ( 'NONE', #2174, #2173, #2172 ) ;
#2176 = PLANE ( 'NONE',  #2175 ) ;
#2177 = FACE_OUTER_BOUND ( 'NONE', #76, .T. ) ;
#2178 = DIRECTION ( 'NONE',  ( 0.0000000000000000000, -1.000000000000000000, 0.0000000000000000000 ) ) ;
#2179 = VECTOR ( 'NONE', #2178, 1000.000000000000000 ) ;
#2180 = CARTESIAN_POINT ( 'NONE',  ( 4.000000000000003600, -13.00000000000000000, -500.0000000000000000 ) ) ;
#2181 = LINE ( 'NONE', #2180, #2179 ) ;
#2182 = DIRECTION ( 'NONE',  ( -1.000000000000000000, 7.885106708985490000E-016, 0.0000000000000000000 ) ) ;
#2183 = DIRECTION ( 'NONE',  ( 7.885106708985490000E-016, 1.000000000000000000, 0.0000000000000000000 ) ) ;
#2184 = CARTESIAN_POINT ( 'NONE',  ( 15.00000000000000000, -15.00000000000000700, -500.0000000000000000 ) ) ;
#2185 = AXIS2_PLACEMENT_3D ( 'NONE', #2184, #2183, #2182 ) ;
#2186 = FACE_OUTER_BOUND ( 'NONE', #327, .T. ) ;
#2187 = DIRECTION ( 'NONE',  ( 0.0000000000000000000, 0.0000000000000000000, -1.000000000000000000 ) ) ;
#2188 = VECTOR ( 'NONE', #2187, 1000.000000000000000 ) ;
#2189 = CARTESIAN_POINT ( 'NONE',  ( 13.00000000000000200, 15.00000000000000000, -500.0000000000000000 ) ) ;
#2190 = LINE ( 'NONE', #2189, #2188 ) ;
#2191 = CARTESIAN_POINT ( 'NONE',  ( 13.00000000000000200, 15.00000000000000000, 0.0000000000000000000 ) ) ;
#2192 = DIRECTION ( 'NONE',  ( 1.000000000000000000, 1.577021341797097100E-016, 0.0000000000000000000 ) ) ;
#2193 = VECTOR ( 'NONE', #2192, 1000.000000000000000 ) ;
#2194 = CARTESIAN_POINT ( 'NONE',  ( 4.000000000000000000, 14.99999999999999800, 0.0000000000000000000 ) ) ;
#2195 = LINE ( 'NONE', #2194, #2193 ) ;
#2196 = DIRECTION ( 'NONE',  ( 0.7071067811865462400, 0.7071067811865489100, 0.0000000000000000000 ) ) ;
#2197 = DIRECTION ( 'NONE',  ( 0.7071067811865489100, -0.7071067811865462400, 0.0000000000000000000 ) ) ;
#2198 = CARTESIAN_POINT ( 'NONE',  ( 4.585000000000000000, 6.000000000000005300, -500.0000000000000000 ) ) ;
#2199 = AXIS2_PLACEMENT_3D ( 'NONE', #2198, #2197, #2196 ) ;
#2200 = PLANE ( 'NONE',  #2199 ) ;
#2201 = FACE_OUTER_BOUND ( 'NONE', #242, .T. ) ;
#2202 = DIRECTION ( 'NONE',  ( 1.000000000000000000, 0.0000000000000000000, 0.0000000000000000000 ) ) ;
#2203 = VECTOR ( 'NONE', #2202, 1000.000000000000000 ) ;
#2204 = CARTESIAN_POINT ( 'NONE',  ( -4.585000000000000000, 6.000000000000005300, -500.0000000000000000 ) ) ;
#2205 = LINE ( 'NONE', #2204, #2203 ) ;
#2206 = CARTESIAN_POINT ( 'NONE',  ( 4.585000000000000000, 6.000000000000005300, -500.0000000000000000 ) ) ;
#2207 = DIRECTION ( 'NONE',  ( 0.0000000000000000000, 0.0000000000000000000, 1.000000000000000000 ) ) ;
#2208 = VECTOR ( 'NONE', #2207, 1000.000000000000000 ) ;
#2209 = CARTESIAN_POINT ( 'NONE',  ( 4.585000000000000000, 6.000000000000005300, -500.0000000000000000 ) ) ;
#2210 = LINE ( 'NONE', #2209, #2208 ) ;
#2211 = DIRECTION ( 'NONE',  ( 0.0000000000000000000, 0.0000000000000000000, 1.000000000000000000 ) ) ;
#2212 = DIRECTION ( 'NONE',  ( 0.0000000000000000000, 1.000000000000000000, 0.0000000000000000000 ) ) ;
#2213 = CARTESIAN_POINT ( 'NONE',  ( -4.000000000000003600, -13.00000000000000000, -500.0000000000000000 ) ) ;
#2214 = AXIS2_PLACEMENT_3D ( 'NONE', #2213, #2212, #2211 ) ;
#2215 = PLANE ( 'NONE',  #2214 ) ;
#2216 = FACE_OUTER_BOUND ( 'NONE', #128, .T. ) ;
#2217 = DIRECTION ( 'NONE',  ( 5.201569643108900700E-016, 1.000000000000000000, 0.0000000000000000000 ) ) ;
#2218 = VECTOR ( 'NONE', #2217, 1000.000000000000000 ) ;
#2219 = DIRECTION ( 'NONE',  ( 0.7071067811865462400, 0.7071067811865489100, 0.0000000000000000000 ) ) ;
#2220 = VECTOR ( 'NONE', #2219, 1000.000000000000000 ) ;
#2221 = CARTESIAN_POINT ( 'NONE',  ( 4.585000000000000000, 6.000000000000005300, -500.0000000000000000 ) ) ;
#2222 = LINE ( 'NONE', #2221, #2220 ) ;
#2223 = DIRECTION ( 'NONE',  ( 0.0000000000000000000, 0.0000000000000000000, 1.000000000000000000 ) ) ;
#2224 = VECTOR ( 'NONE', #2223, 1000.000000000000000 ) ;
#2225 = CARTESIAN_POINT ( 'NONE',  ( 8.250000000000000000, 9.665000000000020500, -500.0000000000000000 ) ) ;
#2226 = LINE ( 'NONE', #2225, #2224 ) ;
#2227 = DIRECTION ( 'NONE',  ( -4.731064025391295400E-016, -1.000000000000000000, 0.0000000000000000000 ) ) ;
#2228 = DIRECTION ( 'NONE',  ( -1.000000000000000000, 4.731064025391295400E-016, 0.0000000000000000000 ) ) ;
#2229 = CARTESIAN_POINT ( 'NONE',  ( 15.00000000000000400, 15.00000000000000000, -500.0000000000000000 ) ) ;
#2230 = AXIS2_PLACEMENT_3D ( 'NONE', #2229, #2228, #2227 ) ;
#2231 = PLANE ( 'NONE',  #2230 ) ;
#2232 = CARTESIAN_POINT ( 'NONE',  ( -8.250000000000003600, -13.00000000000000000, -500.0000000000000000 ) ) ;
#2233 = LINE ( 'NONE', #2232, #2218 ) ;
#2234 = CARTESIAN_POINT ( 'NONE',  ( -8.250000000000003600, -13.00000000000000000, -500.0000000000000000 ) ) ;
#2235 = DIRECTION ( 'NONE',  ( 0.0000000000000000000, 0.0000000000000000000, 1.000000000000000000 ) ) ;
#2236 = VECTOR ( 'NONE', #2235, 1000.000000000000000 ) ;
#2237 = CARTESIAN_POINT ( 'NONE',  ( -8.250000000000003600, -13.00000000000000000, -500.0000000000000000 ) ) ;
#2238 = LINE ( 'NONE', #2237, #2236 ) ;
#2239 = CARTESIAN_POINT ( 'NONE',  ( -8.250000000000003600, -13.00000000000000000, 0.0000000000000000000 ) ) ;
#2240 = DIRECTION ( 'NONE',  ( 5.201569643108900700E-016, 1.000000000000000000, 0.0000000000000000000 ) ) ;
#2241 = VECTOR ( 'NONE', #2240, 1000.000000000000000 ) ;
#2242 = CARTESIAN_POINT ( 'NONE',  ( -8.250000000000003600, -13.00000000000000000, 0.0000000000000000000 ) ) ;
#2243 = LINE ( 'NONE', #2242, #2241 ) ;
#2244 = DIRECTION ( 'NONE',  ( 5.201569643108900700E-016, 1.000000000000000000, 0.0000000000000000000 ) ) ;
#2245 = DIRECTION ( 'NONE',  ( 1.000000000000000000, -5.201569643108900700E-016, 0.0000000000000000000 ) ) ;
#2246 = CARTESIAN_POINT ( 'NONE',  ( -8.250000000000003600, -13.00000000000000000, -500.0000000000000000 ) ) ;
#2247 = AXIS2_PLACEMENT_3D ( 'NONE', #2246, #2245, #2244 ) ;
#2248 = PLANE ( 'NONE',  #2247 ) ;
#2249 = FACE_OUTER_BOUND ( 'NONE', #117, .T. ) ;
#2250 = CARTESIAN_POINT ( 'NONE',  ( 4.300000000000003400, -13.00000000000000000, -500.0000000000000000 ) ) ;
#2251 = CARTESIAN_POINT ( 'NONE',  ( 8.250000000000003600, -13.00000000000000000, -500.0000000000000000 ) ) ;
#2252 = DIRECTION ( 'NONE',  ( -1.000000000000000000, 0.0000000000000000000, 0.0000000000000000000 ) ) ;
#2253 = CARTESIAN_POINT ( 'NONE',  ( 4.300000000000003400, -13.00000000000000000, 0.0000000000000000000 ) ) ;
#2254 = LINE ( 'NONE', #2123, #2122 ) ;
#2255 = DIRECTION ( 'NONE',  ( 0.0000000000000000000, 0.0000000000000000000, 1.000000000000000000 ) ) ;
#2256 = VECTOR ( 'NONE', #2255, 1000.000000000000000 ) ;
#2257 = CARTESIAN_POINT ( 'NONE',  ( 4.300000000000003400, -13.00000000000000000, -500.0000000000000000 ) ) ;
#2258 = LINE ( 'NONE', #2257, #2256 ) ;
#2259 = CARTESIAN_POINT ( 'NONE',  ( 8.250000000000001800, -9.665000000000020500, -500.0000000000000000 ) ) ;
#2260 = DIRECTION ( 'NONE',  ( 0.0000000000000000000, 0.0000000000000000000, 1.000000000000000000 ) ) ;
#2261 = VECTOR ( 'NONE', #2260, 1000.000000000000000 ) ;
#2262 = CARTESIAN_POINT ( 'NONE',  ( 8.250000000000001800, -9.665000000000020500, -500.0000000000000000 ) ) ;
#2263 = LINE ( 'NONE', #2262, #2261 ) ;
#2264 = CARTESIAN_POINT ( 'NONE',  ( 8.250000000000001800, -9.665000000000020500, 0.0000000000000000000 ) ) ;
#2265 = DIRECTION ( 'NONE',  ( 5.201569643108900700E-016, -1.000000000000000000, 0.0000000000000000000 ) ) ;
#2266 = VECTOR ( 'NONE', #2265, 1000.000000000000000 ) ;
#2267 = CARTESIAN_POINT ( 'NONE',  ( 8.250000000000001800, -9.665000000000020500, 0.0000000000000000000 ) ) ;
#2268 = LINE ( 'NONE', #2267, #2266 ) ;
#2269 = DIRECTION ( 'NONE',  ( 5.201569643108900700E-016, -1.000000000000000000, 0.0000000000000000000 ) ) ;
#2270 = DIRECTION ( 'NONE',  ( -1.000000000000000000, -5.201569643108900700E-016, 0.0000000000000000000 ) ) ;
#2271 = CARTESIAN_POINT ( 'NONE',  ( 8.250000000000001800, -9.665000000000020500, -500.0000000000000000 ) ) ;
#2272 = AXIS2_PLACEMENT_3D ( 'NONE', #2271, #2270, #2269 ) ;
#2273 = PLANE ( 'NONE',  #2272 ) ;
#2274 = FACE_OUTER_BOUND ( 'NONE', #52, .T. ) ;
#2275 = DIRECTION ( 'NONE',  ( 0.0000000000000000000, 0.0000000000000000000, 1.000000000000000000 ) ) ;
#2276 = VECTOR ( 'NONE', #2275, 1000.000000000000000 ) ;
#2277 = CARTESIAN_POINT ( 'NONE',  ( 8.250000000000003600, -13.00000000000000000, -500.0000000000000000 ) ) ;
#2278 = LINE ( 'NONE', #2277, #2276 ) ;
#2279 = CARTESIAN_POINT ( 'NONE',  ( 8.250000000000003600, -13.00000000000000000, 0.0000000000000000000 ) ) ;
#2280 = DIRECTION ( 'NONE',  ( -1.000000000000000000, 0.0000000000000000000, 0.0000000000000000000 ) ) ;
#2281 = VECTOR ( 'NONE', #2280, 1000.000000000000000 ) ;
#2282 = CARTESIAN_POINT ( 'NONE',  ( 8.250000000000003600, -13.00000000000000000, 0.0000000000000000000 ) ) ;
#2283 = LINE ( 'NONE', #2282, #2281 ) ;
#2284 = PLANE ( 'NONE',  #2185 ) ;
#2285 = FACE_OUTER_BOUND ( 'NONE', #17, .T. ) ;
#2286 = CARTESIAN_POINT ( 'NONE',  ( -4.000000000000003600, -14.69999999999999800, 0.0000000000000000000 ) ) ;
#2287 = DIRECTION ( 'NONE',  ( 0.0000000000000000000, 1.000000000000000000, 0.0000000000000000000 ) ) ;
#2288 = VECTOR ( 'NONE', #2287, 1000.000000000000000 ) ;
#2289 = CARTESIAN_POINT ( 'NONE',  ( -4.000000000000003600, -14.99999999999999800, 0.0000000000000000000 ) ) ;
#2290 = LINE ( 'NONE', #2289, #2288 ) ;
#2291 = CARTESIAN_POINT ( 'NONE',  ( -4.000000000000000900, -14.45825756949558100, 0.0000000000000000000 ) ) ;
#2292 = CARTESIAN_POINT ( 'NONE',  ( -4.000000000000000900, -14.45825756949558100, -500.0000000000000000 ) ) ;
#2293 = DIRECTION ( 'NONE',  ( 0.0000000000000000000, 0.0000000000000000000, 1.000000000000000000 ) ) ;
#2294 = VECTOR ( 'NONE', #2293, 1000.000000000000000 ) ;
#2295 = CARTESIAN_POINT ( 'NONE',  ( -4.000000000000000900, -14.45825756949558100, -500.0000000000000000 ) ) ;
#2296 = LINE ( 'NONE', #2295, #2294 ) ;
#2297 = CARTESIAN_POINT ( 'NONE',  ( 4.000000000000003600, -13.29999999999999900, -500.0000000000000000 ) ) ;
#2298 = DIRECTION ( 'NONE',  ( 0.0000000000000000000, 0.0000000000000000000, -1.000000000000000000 ) ) ;
#2299 = VECTOR ( 'NONE', #2298, 1000.000000000000000 ) ;
#2300 = CARTESIAN_POINT ( 'NONE',  ( 4.000000000000003600, -13.29999999999999900, -500.0000000000000000 ) ) ;
#2301 = LINE ( 'NONE', #2300, #2299 ) ;
#2302 = DIRECTION ( 'NONE',  ( 5.201569643108900700E-016, -1.000000000000000000, 0.0000000000000000000 ) ) ;
#2303 = VECTOR ( 'NONE', #2302, 1000.000000000000000 ) ;
#2304 = CARTESIAN_POINT ( 'NONE',  ( 8.250000000000001800, -9.665000000000020500, -500.0000000000000000 ) ) ;
#2305 = LINE ( 'NONE', #2304, #2303 ) ;
#2306 = LINE ( 'NONE', #2335, #2334 ) ;
#2307 = CARTESIAN_POINT ( 'NONE',  ( 14.45825756949558100, 3.999999999999989800, -500.0000000000000000 ) ) ;
#2308 = DIRECTION ( 'NONE',  ( 0.0000000000000000000, 0.0000000000000000000, 1.000000000000000000 ) ) ;
#2309 = VECTOR ( 'NONE', #2308, 1000.000000000000000 ) ;
#2310 = CARTESIAN_POINT ( 'NONE',  ( 14.45825756949558100, 3.999999999999989800, -500.0000000000000000 ) ) ;
#2311 = LINE ( 'NONE', #2310, #2309 ) ;
#2312 = CARTESIAN_POINT ( 'NONE',  ( 14.45825756949558100, 4.000000000000006200, 0.0000000000000000000 ) ) ;
#2313 = CARTESIAN_POINT ( 'NONE',  ( 14.69999999999999800, 4.000000000000007100, 0.0000000000000000000 ) ) ;
#2314 = DIRECTION ( 'NONE',  ( -1.000000000000000000, -8.673617379884035500E-016, 0.0000000000000000000 ) ) ;
#2315 = VECTOR ( 'NONE', #2314, 1000.000000000000000 ) ;
#2316 = CARTESIAN_POINT ( 'NONE',  ( 8.250000000000000000, 13.00000000000000000, -500.0000000000000000 ) ) ;
#2317 = DIRECTION ( 'NONE',  ( 0.0000000000000000000, 0.0000000000000000000, 1.000000000000000000 ) ) ;
#2318 = VECTOR ( 'NONE', #2317, 1000.000000000000000 ) ;
#2319 = CARTESIAN_POINT ( 'NONE',  ( 8.250000000000000000, 13.00000000000000000, -500.0000000000000000 ) ) ;
#2320 = LINE ( 'NONE', #2319, #2318 ) ;
#2321 = CARTESIAN_POINT ( 'NONE',  ( 8.250000000000000000, 13.00000000000000000, 0.0000000000000000000 ) ) ;
#2322 = CARTESIAN_POINT ( 'NONE',  ( 14.99999999999999800, 4.300000000000006900, -500.0000000000000000 ) ) ;
#2323 = DIRECTION ( 'NONE',  ( 0.0000000000000000000, 0.0000000000000000000, -1.000000000000000000 ) ) ;
#2324 = VECTOR ( 'NONE', #2323, 1000.000000000000000 ) ;
#2325 = CARTESIAN_POINT ( 'NONE',  ( 14.99999999999999800, 4.300000000000006900, -500.0000000000000000 ) ) ;
#2326 = LINE ( 'NONE', #2325, #2324 ) ;
#2327 = CARTESIAN_POINT ( 'NONE',  ( 14.99999999999999800, 4.300000000000006900, 0.0000000000000000000 ) ) ;
#2328 = CARTESIAN_POINT ( 'NONE',  ( 15.00000000000000200, 12.99999999999999800, 0.0000000000000000000 ) ) ;
#2329 = DIRECTION ( 'NONE',  ( -4.731064025391295400E-016, -1.000000000000000000, 0.0000000000000000000 ) ) ;
#2330 = VECTOR ( 'NONE', #2329, 1000.000000000000000 ) ;
#2331 = CARTESIAN_POINT ( 'NONE',  ( 15.00000000000000400, 15.00000000000000000, 0.0000000000000000000 ) ) ;
#2332 = LINE ( 'NONE', #2331, #2330 ) ;
#2333 = DIRECTION ( 'NONE',  ( 0.0000000000000000000, -1.000000000000000000, 0.0000000000000000000 ) ) ;
#2334 = VECTOR ( 'NONE', #2333, 1000.000000000000000 ) ;
#2335 = CARTESIAN_POINT ( 'NONE',  ( 9.449999999999999300, -13.00000000000000200, -500.0000000000000000 ) ) ;
#2336 = CARTESIAN_POINT ( 'NONE',  ( 14.99999999999999800, 4.000000000000007100, 0.0000000000000000000 ) ) ;
#2337 = LINE ( 'NONE', #2336, #2315 ) ;
#2338 = DIRECTION ( 'NONE',  ( -1.000000000000000000, -8.673617379884035500E-016, 0.0000000000000000000 ) ) ;
#2339 = DIRECTION ( 'NONE',  ( -8.673617379884035500E-016, 1.000000000000000000, 0.0000000000000000000 ) ) ;
#2340 = CARTESIAN_POINT ( 'NONE',  ( 14.99999999999999800, 4.000000000000007100, -500.0000000000000000 ) ) ;
#2341 = AXIS2_PLACEMENT_3D ( 'NONE', #2340, #2339, #2338 ) ;
#2342 = PLANE ( 'NONE',  #2341 ) ;
#2343 = FACE_OUTER_BOUND ( 'NONE', #216, .T. ) ;
#2344 = DIRECTION ( 'NONE',  ( 0.0000000000000000000, 0.0000000000000000000, 1.000000000000000000 ) ) ;
#2345 = VECTOR ( 'NONE', #2344, 1000.000000000000000 ) ;
#2346 = CARTESIAN_POINT ( 'NONE',  ( 15.00000000000000200, 12.99999999999999800, -500.0000000000000000 ) ) ;
#2347 = LINE ( 'NONE', #2346, #2345 ) ;
#2348 = CARTESIAN_POINT ( 'NONE',  ( 15.00000000000000200, 12.99999999999999800, -500.0000000000000000 ) ) ;
#2349 = DIRECTION ( 'NONE',  ( -4.731064025391295400E-016, -1.000000000000000000, 0.0000000000000000000 ) ) ;
#2350 = VECTOR ( 'NONE', #2349, 1000.000000000000000 ) ;
#2351 = CARTESIAN_POINT ( 'NONE',  ( 15.00000000000000400, 15.00000000000000000, -500.0000000000000000 ) ) ;
#2352 = LINE ( 'NONE', #2351, #2350 ) ;
#2353 = DIRECTION ( 'NONE',  ( 0.0000000000000000000, -1.000000000000000000, 0.0000000000000000000 ) ) ;
#2354 = VECTOR ( 'NONE', #2353, 1000.000000000000000 ) ;
#2355 = CARTESIAN_POINT ( 'NONE',  ( -8.250000000000000000, 13.00000000000000000, -500.0000000000000000 ) ) ;
#2356 = LINE ( 'NONE', #2355, #2354 ) ;
#2357 = CARTESIAN_POINT ( 'NONE',  ( -4.585000000000000000, 6.000000000000005300, -500.0000000000000000 ) ) ;
#2358 = DIRECTION ( 'NONE',  ( 0.0000000000000000000, 0.0000000000000000000, 1.000000000000000000 ) ) ;
#2359 = VECTOR ( 'NONE', #2358, 1000.000000000000000 ) ;
#2360 = CARTESIAN_POINT ( 'NONE',  ( -4.585000000000000000, 6.000000000000005300, -500.0000000000000000 ) ) ;
#2361 = LINE ( 'NONE', #2360, #2359 ) ;
#2362 = CARTESIAN_POINT ( 'NONE',  ( 8.250000000000000000, 9.665000000000020500, -500.0000000000000000 ) ) ;
#2363 = CARTESIAN_POINT ( 'NONE',  ( -8.250000000000000000, 9.665000000000020500, -500.0000000000000000 ) ) ;
#2364 = DIRECTION ( 'NONE',  ( 0.0000000000000000000, 0.0000000000000000000, 1.000000000000000000 ) ) ;
#2365 = VECTOR ( 'NONE', #2364, 1000.000000000000000 ) ;
#2366 = CARTESIAN_POINT ( 'NONE',  ( -8.250000000000000000, 9.665000000000020500, -500.0000000000000000 ) ) ;
#2367 = LINE ( 'NONE', #2366, #2365 ) ;
#2368 = CARTESIAN_POINT ( 'NONE',  ( -8.250000000000000000, 9.665000000000020500, 0.0000000000000000000 ) ) ;
#2369 = DIRECTION ( 'NONE',  ( 0.0000000000000000000, -1.000000000000000000, 0.0000000000000000000 ) ) ;
#2370 = VECTOR ( 'NONE', #2369, 1000.000000000000000 ) ;
#2371 = CARTESIAN_POINT ( 'NONE',  ( -8.250000000000000000, 13.00000000000000000, 0.0000000000000000000 ) ) ;
#2372 = LINE ( 'NONE', #2371, #2370 ) ;
#2373 = DIRECTION ( 'NONE',  ( 0.0000000000000000000, 0.0000000000000000000, 1.000000000000000000 ) ) ;
#2374 = DIRECTION ( 'NONE',  ( -1.000000000000000000, 0.0000000000000000000, 0.0000000000000000000 ) ) ;
#2375 = CARTESIAN_POINT ( 'NONE',  ( -8.250000000000000000, 13.00000000000000000, -500.0000000000000000 ) ) ;
#2376 = AXIS2_PLACEMENT_3D ( 'NONE', #2375, #2374, #2373 ) ;
#2377 = PLANE ( 'NONE',  #2376 ) ;
#2378 = FACE_OUTER_BOUND ( 'NONE', #196, .T. ) ;
#2379 = DIRECTION ( 'NONE',  ( 0.0000000000000000000, 0.0000000000000000000, 1.000000000000000000 ) ) ;
#2380 = VECTOR ( 'NONE', #2379, 1000.000000000000000 ) ;
#2381 = CARTESIAN_POINT ( 'NONE',  ( -8.250000000000000000, 13.00000000000000000, -500.0000000000000000 ) ) ;
#2382 = LINE ( 'NONE', #2381, #2380 ) ;
#2383 = CARTESIAN_POINT ( 'NONE',  ( -8.250000000000000000, 13.00000000000000000, 0.0000000000000000000 ) ) ;
#2384 = DIRECTION ( 'NONE',  ( -1.000000000000000000, 0.0000000000000000000, 0.0000000000000000000 ) ) ;
#2385 = VECTOR ( 'NONE', #2384, 1000.000000000000000 ) ;
#2386 = CARTESIAN_POINT ( 'NONE',  ( -4.000000000000000000, 13.00000000000000000, 0.0000000000000000000 ) ) ;
#2387 = DIRECTION ( 'NONE',  ( 1.000000000000000000, 0.0000000000000000000, 0.0000000000000000000 ) ) ;
#2388 = DIRECTION ( 'NONE',  ( 0.0000000000000000000, 0.0000000000000000000, 1.000000000000000000 ) ) ;
#2389 = AXIS2_PLACEMENT_3D ( 'NONE', #2392, #2388, #2387 ) ;
#2390 = CYLINDRICAL_SURFACE ( 'NONE', #2389, 3.399999999999999900 ) ;
#2391 = LINE ( 'NONE', #2386, #2385 ) ;
#2392 = CARTESIAN_POINT ( 'NONE',  ( 0.0000000000000000000, 0.0000000000000000000, -500.0000000000000000 ) ) ;
#2393 = DIRECTION ( 'NONE',  ( 1.000000000000000000, 0.0000000000000000000, 0.0000000000000000000 ) ) ;
#2394 = DIRECTION ( 'NONE',  ( 0.0000000000000000000, 0.0000000000000000000, 1.000000000000000000 ) ) ;
#2395 = CARTESIAN_POINT ( 'NONE',  ( 0.0000000000000000000, 0.0000000000000000000, -500.0000000000000000 ) ) ;
#2396 = AXIS2_PLACEMENT_3D ( 'NONE', #2395, #2394, #2393 ) ;
#2397 = CIRCLE ( 'NONE', #2396, 3.399999999999999900 ) ;
#2398 = FACE_OUTER_BOUND ( 'NONE', #188, .T. ) ;
#2399 = DIRECTION ( 'NONE',  ( 0.0000000000000000000, 0.0000000000000000000, 1.000000000000000000 ) ) ;
#2400 = VECTOR ( 'NONE', #2399, 1000.000000000000000 ) ;
#2401 = CARTESIAN_POINT ( 'NONE',  ( -4.000000000000000900, 13.54174243050441500, -500.0000000000000000 ) ) ;
#2402 = LINE ( 'NONE', #2401, #2400 ) ;
#2403 = CARTESIAN_POINT ( 'NONE',  ( -4.000000000000000000, 13.29999999999999900, -500.0000000000000000 ) ) ;
#2404 = AXIS2_PLACEMENT_3D ( 'NONE', #2733, #2728, #3517 ) ;
#2405 = DIRECTION ( 'NONE',  ( 0.0000000000000000000, 0.0000000000000000000, 1.000000000000000000 ) ) ;
#2406 = VECTOR ( 'NONE', #2405, 1000.000000000000000 ) ;
#2407 = CARTESIAN_POINT ( 'NONE',  ( 9.665000000000016900, 8.250000000000003600, -500.0000000000000000 ) ) ;
#2408 = LINE ( 'NONE', #2407, #2406 ) ;
#2409 = DIRECTION ( 'NONE',  ( 1.000000000000000000, 0.0000000000000000000, 0.0000000000000000000 ) ) ;
#2410 = CARTESIAN_POINT ( 'NONE',  ( 9.665000000000016900, 8.250000000000003600, 0.0000000000000000000 ) ) ;
#2411 = DIRECTION ( 'NONE',  ( -1.000000000000000000, -1.560470892932669400E-015, 0.0000000000000000000 ) ) ;
#2412 = VECTOR ( 'NONE', #2411, 1000.000000000000000 ) ;
#2413 = CARTESIAN_POINT ( 'NONE',  ( 12.99999999999999800, 8.250000000000008900, 0.0000000000000000000 ) ) ;
#2414 = LINE ( 'NONE', #2413, #2412 ) ;
#2415 = DIRECTION ( 'NONE',  ( -1.000000000000000000, -1.560470892932669400E-015, 0.0000000000000000000 ) ) ;
#2416 = DIRECTION ( 'NONE',  ( -1.560470892932669400E-015, 1.000000000000000000, 0.0000000000000000000 ) ) ;
#2417 = CARTESIAN_POINT ( 'NONE',  ( 12.99999999999999800, 8.250000000000008900, -500.0000000000000000 ) ) ;
#2418 = AXIS2_PLACEMENT_3D ( 'NONE', #2417, #2416, #2415 ) ;
#2419 = PLANE ( 'NONE',  #2418 ) ;
#2420 = FACE_OUTER_BOUND ( 'NONE', #295, .T. ) ;
#2421 = DIRECTION ( 'NONE',  ( 0.0000000000000000000, 0.0000000000000000000, 1.000000000000000000 ) ) ;
#2422 = VECTOR ( 'NONE', #2421, 1000.000000000000000 ) ;
#2423 = CARTESIAN_POINT ( 'NONE',  ( 12.99999999999999800, 8.250000000000008900, -500.0000000000000000 ) ) ;
#2424 = LINE ( 'NONE', #2423, #2422 ) ;
#2425 = CARTESIAN_POINT ( 'NONE',  ( 12.99999999999999800, 8.250000000000008900, 0.0000000000000000000 ) ) ;
#2426 = DIRECTION ( 'NONE',  ( 0.0000000000000000000, 1.000000000000000000, 0.0000000000000000000 ) ) ;
#2427 = VECTOR ( 'NONE', #2426, 1000.000000000000000 ) ;
#2428 = CARTESIAN_POINT ( 'NONE',  ( 12.99999999999999800, 4.000000000000005300, 0.0000000000000000000 ) ) ;
#2429 = LINE ( 'NONE', #2428, #2427 ) ;
#2430 = CARTESIAN_POINT ( 'NONE',  ( 12.99999999999999800, 4.300000000000005200, 0.0000000000000000000 ) ) ;
#2431 = DIRECTION ( 'NONE',  ( 0.0000000000000000000, 0.0000000000000000000, 1.000000000000000000 ) ) ;
#2432 = VECTOR ( 'NONE', #2431, 1000.000000000000000 ) ;
#2433 = CARTESIAN_POINT ( 'NONE',  ( 12.99999999999999800, 4.300000000000005200, -500.0000000000000000 ) ) ;
#2434 = LINE ( 'NONE', #2433, #2432 ) ;
#2435 = DIRECTION ( 'NONE',  ( 0.0000000000000000000, 0.0000000000000000000, -1.000000000000000000 ) ) ;
#2436 = DIRECTION ( 'NONE',  ( 1.000000000000000000, 0.0000000000000000000, 0.0000000000000000000 ) ) ;
#2437 = CARTESIAN_POINT ( 'NONE',  ( 12.99999999999999800, 4.000000000000005300, -500.0000000000000000 ) ) ;
#2438 = AXIS2_PLACEMENT_3D ( 'NONE', #2437, #2436, #2435 ) ;
#2439 = PLANE ( 'NONE',  #2438 ) ;
#2440 = FACE_OUTER_BOUND ( 'NONE', #367, .T. ) ;
#2441 = CARTESIAN_POINT ( 'NONE',  ( 6.000000000000000000, -4.585000000000001700, -500.0000000000000000 ) ) ;
#2442 = DIRECTION ( 'NONE',  ( 0.0000000000000000000, 0.0000000000000000000, 1.000000000000000000 ) ) ;
#2443 = VECTOR ( 'NONE', #2442, 1000.000000000000000 ) ;
#2444 = CARTESIAN_POINT ( 'NONE',  ( 6.000000000000000000, -4.585000000000001700, -500.0000000000000000 ) ) ;
#2445 = LINE ( 'NONE', #2444, #2443 ) ;
#2446 = CARTESIAN_POINT ( 'NONE',  ( 6.000000000000000000, -4.585000000000001700, 0.0000000000000000000 ) ) ;
#2447 = DIRECTION ( 'NONE',  ( 9.458688527681608000E-017, -1.000000000000000000, 0.0000000000000000000 ) ) ;
#2448 = VECTOR ( 'NONE', #2447, 1000.000000000000000 ) ;
#2449 = CARTESIAN_POINT ( 'NONE',  ( 5.999999999999999100, 4.585000000000000000, 0.0000000000000000000 ) ) ;
#2450 = LINE ( 'NONE', #2449, #2448 ) ;
#2451 = DIRECTION ( 'NONE',  ( 0.0000000000000000000, 0.0000000000000000000, 1.000000000000000000 ) ) ;
#2452 = VECTOR ( 'NONE', #2451, 1000.000000000000000 ) ;
#2453 = CARTESIAN_POINT ( 'NONE',  ( 13.29999999999999900, -4.000000000000005300, -500.0000000000000000 ) ) ;
#2454 = LINE ( 'NONE', #2453, #2452 ) ;
#2455 = CARTESIAN_POINT ( 'NONE',  ( 13.54174243050440800, -4.000000000000014200, -500.0000000000000000 ) ) ;
#2456 = CARTESIAN_POINT ( 'NONE',  ( 13.29999999999999900, -4.000000000000005300, -500.0000000000000000 ) ) ;
#2457 = DIRECTION ( 'NONE',  ( 1.000000000000000000, 0.0000000000000000000, 0.0000000000000000000 ) ) ;
#2458 = VECTOR ( 'NONE', #2457, 1000.000000000000000 ) ;
#2459 = CARTESIAN_POINT ( 'NONE',  ( 13.00000000000000000, -4.000000000000005300, -500.0000000000000000 ) ) ;
#2460 = LINE ( 'NONE', #2459, #2458 ) ;
#2461 = DIRECTION ( 'NONE',  ( 0.0000000000000000000, 0.0000000000000000000, -1.000000000000000000 ) ) ;
#2462 = DIRECTION ( 'NONE',  ( 0.0000000000000000000, -1.000000000000000000, 0.0000000000000000000 ) ) ;
#2463 = CARTESIAN_POINT ( 'NONE',  ( 13.00000000000000000, -4.000000000000005300, -500.0000000000000000 ) ) ;
#2464 = AXIS2_PLACEMENT_3D ( 'NONE', #2463, #2462, #2461 ) ;
#2465 = PLANE ( 'NONE',  #2464 ) ;
#2466 = DIRECTION ( 'NONE',  ( 0.0000000000000000000, 0.0000000000000000000, 1.000000000000000000 ) ) ;
#2467 = VECTOR ( 'NONE', #2466, 1000.000000000000000 ) ;
#2468 = CARTESIAN_POINT ( 'NONE',  ( 13.00000000000000000, -8.250000000000008900, -500.0000000000000000 ) ) ;
#2469 = DIRECTION ( 'NONE',  ( 0.0000000000000000000, 0.0000000000000000000, 1.000000000000000000 ) ) ;
#2470 = VECTOR ( 'NONE', #2469, 1000.000000000000000 ) ;
#2471 = CARTESIAN_POINT ( 'NONE',  ( 13.00000000000000000, -8.250000000000008900, -500.0000000000000000 ) ) ;
#2472 = LINE ( 'NONE', #2471, #2470 ) ;
#2473 = CARTESIAN_POINT ( 'NONE',  ( 13.00000000000000000, -8.250000000000008900, 0.0000000000000000000 ) ) ;
#2474 = DIRECTION ( 'NONE',  ( 1.000000000000000000, -1.560470892932669400E-015, 0.0000000000000000000 ) ) ;
#2475 = VECTOR ( 'NONE', #2474, 1000.000000000000000 ) ;
#2476 = CARTESIAN_POINT ( 'NONE',  ( 9.665000000000018700, -8.250000000000003600, 0.0000000000000000000 ) ) ;
#2477 = LINE ( 'NONE', #2476, #2475 ) ;
#2478 = CARTESIAN_POINT ( 'NONE',  ( -4.000000000000000000, 14.69999999999999800, -500.0000000000000000 ) ) ;
#2479 = DIRECTION ( 'NONE',  ( 0.0000000000000000000, 0.0000000000000000000, -1.000000000000000000 ) ) ;
#2480 = VECTOR ( 'NONE', #2479, 1000.000000000000000 ) ;
#2481 = CARTESIAN_POINT ( 'NONE',  ( -4.000000000000000000, 13.29999999999999900, -500.0000000000000000 ) ) ;
#2482 = LINE ( 'NONE', #2481, #2480 ) ;
#2483 = CARTESIAN_POINT ( 'NONE',  ( -3.065665561074688600, -1.470270270270269900, -500.0000000000000000 ) ) ;
#2484 = DIRECTION ( 'NONE',  ( 0.0000000000000000000, 0.0000000000000000000, -1.000000000000000000 ) ) ;
#2485 = VECTOR ( 'NONE', #2484, 1000.000000000000000 ) ;
#2486 = CARTESIAN_POINT ( 'NONE',  ( -3.065665561074689000, -1.470270270270269900, -500.0000000000000000 ) ) ;
#2487 = DIRECTION ( 'NONE',  ( 1.000000000000000000, 0.0000000000000000000, 0.0000000000000000000 ) ) ;
#2488 = DIRECTION ( 'NONE',  ( 0.0000000000000000000, 0.0000000000000000000, 1.000000000000000000 ) ) ;
#2489 = CARTESIAN_POINT ( 'NONE',  ( 0.0000000000000000000, 0.0000000000000000000, 0.0000000000000000000 ) ) ;
#2490 = FACE_OUTER_BOUND ( 'NONE', #273, .T. ) ;
#2491 = CARTESIAN_POINT ( 'NONE',  ( 9.449999999999999300, -13.00000000000000000, -500.0000000000000000 ) ) ;
#2492 = DIRECTION ( 'NONE',  ( 0.0000000000000000000, 0.0000000000000000000, -1.000000000000000000 ) ) ;
#2493 = VECTOR ( 'NONE', #2492, 1000.000000000000000 ) ;
#2494 = CARTESIAN_POINT ( 'NONE',  ( 15.00000000000000000, -13.00000000000000500, -500.0000000000000000 ) ) ;
#2495 = LINE ( 'NONE', #2494, #2493 ) ;
#2496 = CARTESIAN_POINT ( 'NONE',  ( 15.00000000000000000, -13.00000000000000500, 0.0000000000000000000 ) ) ;
#2497 = DIRECTION ( 'NONE',  ( 0.0000000000000000000, -1.000000000000000000, 0.0000000000000000000 ) ) ;
#2498 = VECTOR ( 'NONE', #2497, 1000.000000000000000 ) ;
#2499 = CARTESIAN_POINT ( 'NONE',  ( 15.00000000000000000, -4.000000000000005300, 0.0000000000000000000 ) ) ;
#2500 = LINE ( 'NONE', #2499, #2498 ) ;
#2501 = CARTESIAN_POINT ( 'NONE',  ( 15.00000000000000000, -4.300000000000005200, 0.0000000000000000000 ) ) ;
#2502 = DIRECTION ( 'NONE',  ( 0.0000000000000000000, 0.0000000000000000000, 1.000000000000000000 ) ) ;
#2503 = VECTOR ( 'NONE', #2502, 1000.000000000000000 ) ;
#2504 = CARTESIAN_POINT ( 'NONE',  ( 15.00000000000000000, -4.300000000000005200, -500.0000000000000000 ) ) ;
#2505 = LINE ( 'NONE', #2504, #2503 ) ;
#2506 = CARTESIAN_POINT ( 'NONE',  ( 15.00000000000000000, -13.00000000000000500, -500.0000000000000000 ) ) ;
#2507 = CARTESIAN_POINT ( 'NONE',  ( 15.00000000000000000, -4.300000000000005200, -500.0000000000000000 ) ) ;
#2508 = DIRECTION ( 'NONE',  ( 0.0000000000000000000, -1.000000000000000000, 0.0000000000000000000 ) ) ;
#2509 = VECTOR ( 'NONE', #2508, 1000.000000000000000 ) ;
#2510 = CARTESIAN_POINT ( 'NONE',  ( 15.00000000000000000, -4.000000000000005300, -500.0000000000000000 ) ) ;
#2511 = LINE ( 'NONE', #2510, #2509 ) ;
#2512 = DIRECTION ( 'NONE',  ( 0.0000000000000000000, 0.0000000000000000000, 1.000000000000000000 ) ) ;
#2513 = DIRECTION ( 'NONE',  ( -1.000000000000000000, 0.0000000000000000000, 0.0000000000000000000 ) ) ;
#2514 = CARTESIAN_POINT ( 'NONE',  ( 15.00000000000000000, -4.000000000000005300, -500.0000000000000000 ) ) ;
#2515 = AXIS2_PLACEMENT_3D ( 'NONE', #2514, #2513, #2512 ) ;
#2516 = PLANE ( 'NONE',  #2515 ) ;
#2517 = FACE_OUTER_BOUND ( 'NONE', #246, .T. ) ;
#2518 = DIRECTION ( 'NONE',  ( 0.0000000000000000000, 0.0000000000000000000, 1.000000000000000000 ) ) ;
#2519 = VECTOR ( 'NONE', #2518, 1000.000000000000000 ) ;
#2520 = CARTESIAN_POINT ( 'NONE',  ( 13.54174243050440800, -4.000000000000014200, -500.0000000000000000 ) ) ;
#2521 = LINE ( 'NONE', #2520, #2519 ) ;
#2522 = DIRECTION ( 'NONE',  ( 1.000000000000000000, -1.560470892932669400E-015, 0.0000000000000000000 ) ) ;
#2523 = DIRECTION ( 'NONE',  ( -1.560470892932669400E-015, -1.000000000000000000, 0.0000000000000000000 ) ) ;
#2524 = CARTESIAN_POINT ( 'NONE',  ( 9.665000000000018700, -8.250000000000003600, -500.0000000000000000 ) ) ;
#2525 = AXIS2_PLACEMENT_3D ( 'NONE', #2524, #2523, #2522 ) ;
#2526 = PLANE ( 'NONE',  #2525 ) ;
#2527 = FACE_OUTER_BOUND ( 'NONE', #249, .T. ) ;
#2528 = CARTESIAN_POINT ( 'NONE',  ( 8.250000000000000000, 9.665000000000020500, 0.0000000000000000000 ) ) ;
#2529 = DIRECTION ( 'NONE',  ( 0.7071067811865462400, 0.7071067811865489100, 0.0000000000000000000 ) ) ;
#2530 = VECTOR ( 'NONE', #2529, 1000.000000000000000 ) ;
#2531 = CARTESIAN_POINT ( 'NONE',  ( 4.585000000000000000, 6.000000000000005300, 0.0000000000000000000 ) ) ;
#2532 = LINE ( 'NONE', #2531, #2530 ) ;
#2533 = CARTESIAN_POINT ( 'NONE',  ( -4.585000000000000000, 6.000000000000005300, 0.0000000000000000000 ) ) ;
#2534 = DIRECTION ( 'NONE',  ( 0.7071067811865462400, -0.7071067811865489100, 0.0000000000000000000 ) ) ;
#2535 = VECTOR ( 'NONE', #2534, 1000.000000000000000 ) ;
#2536 = CARTESIAN_POINT ( 'NONE',  ( -8.250000000000000000, 9.665000000000020500, 0.0000000000000000000 ) ) ;
#2537 = LINE ( 'NONE', #2536, #2535 ) ;
#2538 = DIRECTION ( 'NONE',  ( 0.0000000000000000000, 1.000000000000000000, 0.0000000000000000000 ) ) ;
#2539 = VECTOR ( 'NONE', #2538, 1000.000000000000000 ) ;
#2540 = CARTESIAN_POINT ( 'NONE',  ( 8.250000000000000000, 9.665000000000020500, -500.0000000000000000 ) ) ;
#2541 = LINE ( 'NONE', #2540, #2539 ) ;
#2542 = AXIS2_PLACEMENT_3D ( 'NONE', #2489, #2488, #2487 ) ;
#2543 = CIRCLE ( 'NONE', #2542, 3.399999999999999900 ) ;
#2544 = LINE ( 'NONE', #2486, #2485 ) ;
#2545 = LINE ( 'NONE', #2785, #2784 ) ;
#2546 = CARTESIAN_POINT ( 'NONE',  ( -15.00000000000000400, 13.00000000000000000, -500.0000000000000000 ) ) ;
#2547 = CARTESIAN_POINT ( 'NONE',  ( -15.00000000000000200, 4.299999999999998000, -500.0000000000000000 ) ) ;
#2548 = DIRECTION ( 'NONE',  ( -1.577021341797097300E-016, 1.000000000000000000, 0.0000000000000000000 ) ) ;
#2549 = VECTOR ( 'NONE', #2548, 1000.000000000000000 ) ;
#2550 = CARTESIAN_POINT ( 'NONE',  ( -15.00000000000000200, 3.999999999999998200, -500.0000000000000000 ) ) ;
#2551 = LINE ( 'NONE', #2550, #2549 ) ;
#2552 = DIRECTION ( 'NONE',  ( -1.577021341797097300E-016, 1.000000000000000000, 0.0000000000000000000 ) ) ;
#2553 = DIRECTION ( 'NONE',  ( 1.000000000000000000, 1.577021341797097300E-016, 0.0000000000000000000 ) ) ;
#2554 = CARTESIAN_POINT ( 'NONE',  ( -15.00000000000000200, 3.999999999999998200, -500.0000000000000000 ) ) ;
#2555 = AXIS2_PLACEMENT_3D ( 'NONE', #2554, #2553, #2552 ) ;
#2556 = PLANE ( 'NONE',  #2555 ) ;
#2557 = FACE_OUTER_BOUND ( 'NONE', #343, .T. ) ;
#2558 = DIRECTION ( 'NONE',  ( 0.0000000000000000000, 0.0000000000000000000, 1.000000000000000000 ) ) ;
#2559 = VECTOR ( 'NONE', #2558, 1000.000000000000000 ) ;
#2560 = CARTESIAN_POINT ( 'NONE',  ( -1.470270270270267700, -3.065665561074689900, -500.0000000000000000 ) ) ;
#2561 = LINE ( 'NONE', #2560, #2559 ) ;
#2562 = CARTESIAN_POINT ( 'NONE',  ( -1.470270270270267700, -3.065665561074689900, -500.0000000000000000 ) ) ;
#2563 = DIRECTION ( 'NONE',  ( 1.000000000000000000, 0.0000000000000000000, 0.0000000000000000000 ) ) ;
#2564 = DIRECTION ( 'NONE',  ( 0.0000000000000000000, 0.0000000000000000000, 1.000000000000000000 ) ) ;
#2565 = CARTESIAN_POINT ( 'NONE',  ( 0.0000000000000000000, 0.0000000000000000000, -500.0000000000000000 ) ) ;
#2566 = AXIS2_PLACEMENT_3D ( 'NONE', #2565, #2564, #2563 ) ;
#2567 = CIRCLE ( 'NONE', #2566, 3.399999999999999900 ) ;
#2568 = CARTESIAN_POINT ( 'NONE',  ( 1.470270270270269000, -3.065665561074689000, -500.0000000000000000 ) ) ;
#2569 = DIRECTION ( 'NONE',  ( 0.0000000000000000000, 0.0000000000000000000, -1.000000000000000000 ) ) ;
#2570 = VECTOR ( 'NONE', #2569, 1000.000000000000000 ) ;
#2571 = CARTESIAN_POINT ( 'NONE',  ( 1.470270270270269500, -3.065665561074689900, -500.0000000000000000 ) ) ;
#2572 = LINE ( 'NONE', #2571, #2570 ) ;
#2573 = CARTESIAN_POINT ( 'NONE',  ( 1.470270270270269000, -3.065665561074689000, 0.0000000000000000000 ) ) ;
#2574 = CARTESIAN_POINT ( 'NONE',  ( -1.470270270270267700, -3.065665561074689900, 0.0000000000000000000 ) ) ;
#2575 = DIRECTION ( 'NONE',  ( 1.000000000000000000, 0.0000000000000000000, 0.0000000000000000000 ) ) ;
#2576 = DIRECTION ( 'NONE',  ( 0.0000000000000000000, 0.0000000000000000000, 1.000000000000000000 ) ) ;
#2577 = DIRECTION ( 'NONE',  ( -0.7071067811865489100, -0.7071067811865462400, 0.0000000000000000000 ) ) ;
#2578 = VECTOR ( 'NONE', #2577, 1000.000000000000000 ) ;
#2579 = CARTESIAN_POINT ( 'NONE',  ( 9.665000000000016900, 8.250000000000003600, -500.0000000000000000 ) ) ;
#2580 = LINE ( 'NONE', #2579, #2578 ) ;
#2581 = CARTESIAN_POINT ( 'NONE',  ( 5.999999999999999100, 4.585000000000000000, -500.0000000000000000 ) ) ;
#2582 = DIRECTION ( 'NONE',  ( 0.0000000000000000000, 0.0000000000000000000, 1.000000000000000000 ) ) ;
#2583 = VECTOR ( 'NONE', #2582, 1000.000000000000000 ) ;
#2584 = CARTESIAN_POINT ( 'NONE',  ( 5.999999999999999100, 4.585000000000000000, -500.0000000000000000 ) ) ;
#2585 = LINE ( 'NONE', #2584, #2583 ) ;
#2586 = CARTESIAN_POINT ( 'NONE',  ( 12.99999999999999800, 8.250000000000008900, -500.0000000000000000 ) ) ;
#2587 = CARTESIAN_POINT ( 'NONE',  ( 12.99999999999999800, 4.300000000000005200, -500.0000000000000000 ) ) ;
#2588 = DIRECTION ( 'NONE',  ( 0.0000000000000000000, 1.000000000000000000, 0.0000000000000000000 ) ) ;
#2589 = VECTOR ( 'NONE', #2588, 1000.000000000000000 ) ;
#2590 = CARTESIAN_POINT ( 'NONE',  ( 12.99999999999999800, 4.000000000000005300, -500.0000000000000000 ) ) ;
#2591 = LINE ( 'NONE', #2590, #2589 ) ;
#2592 = DIRECTION ( 'NONE',  ( 0.0000000000000000000, -1.000000000000000000, 0.0000000000000000000 ) ) ;
#2593 = VECTOR ( 'NONE', #2592, 1000.000000000000000 ) ;
#2594 = CARTESIAN_POINT ( 'NONE',  ( -4.000000000000000000, 14.99999999999999800, -500.0000000000000000 ) ) ;
#2595 = LINE ( 'NONE', #2594, #2593 ) ;
#2596 = CARTESIAN_POINT ( 'NONE',  ( -4.299999999999999800, 13.00000000000000000, 0.0000000000000000000 ) ) ;
#2597 = DIRECTION ( 'NONE',  ( 0.0000000000000000000, 0.0000000000000000000, 1.000000000000000000 ) ) ;
#2598 = VECTOR ( 'NONE', #2597, 1000.000000000000000 ) ;
#2599 = CARTESIAN_POINT ( 'NONE',  ( -4.299999999999999800, 13.00000000000000000, -500.0000000000000000 ) ) ;
#2600 = LINE ( 'NONE', #2599, #2598 ) ;
#2601 = CARTESIAN_POINT ( 'NONE',  ( -8.250000000000000000, 13.00000000000000000, -500.0000000000000000 ) ) ;
#2602 = CARTESIAN_POINT ( 'NONE',  ( -4.299999999999999800, 13.00000000000000000, -500.0000000000000000 ) ) ;
#2603 = DIRECTION ( 'NONE',  ( -1.000000000000000000, 0.0000000000000000000, 0.0000000000000000000 ) ) ;
#2604 = VECTOR ( 'NONE', #2603, 1000.000000000000000 ) ;
#2605 = CARTESIAN_POINT ( 'NONE',  ( -4.000000000000000000, 13.00000000000000000, -500.0000000000000000 ) ) ;
#2606 = DIRECTION ( 'NONE',  ( 0.0000000000000000000, 0.0000000000000000000, 1.000000000000000000 ) ) ;
#2607 = CARTESIAN_POINT ( 'NONE',  ( 9.665000000000016900, 8.250000000000003600, -500.0000000000000000 ) ) ;
#2608 = PLANE ( 'NONE',  #2609 ) ;
#2609 = AXIS2_PLACEMENT_3D ( 'NONE', #2752, #2751, #2750 ) ;
#2610 = FACE_OUTER_BOUND ( 'NONE', #429, .T. ) ;
#2611 = DIRECTION ( 'NONE',  ( 0.7071067811865462400, -0.7071067811865489100, 0.0000000000000000000 ) ) ;
#2612 = VECTOR ( 'NONE', #2611, 1000.000000000000000 ) ;
#2613 = CARTESIAN_POINT ( 'NONE',  ( -8.250000000000000000, 9.665000000000020500, -500.0000000000000000 ) ) ;
#2614 = LINE ( 'NONE', #2613, #2612 ) ;
#2615 = DIRECTION ( 'NONE',  ( 0.0000000000000000000, 0.0000000000000000000, 1.000000000000000000 ) ) ;
#2616 = VECTOR ( 'NONE', #2615, 1000.000000000000000 ) ;
#2617 = CARTESIAN_POINT ( 'NONE',  ( 4.000000000000000900, 13.54174243050441500, -500.0000000000000000 ) ) ;
#2618 = LINE ( 'NONE', #2617, #2616 ) ;
#2619 = CARTESIAN_POINT ( 'NONE',  ( 4.000000000000000000, 13.54174243050441500, 0.0000000000000000000 ) ) ;
#2620 = DIRECTION ( 'NONE',  ( 0.0000000000000000000, 1.000000000000000000, 0.0000000000000000000 ) ) ;
#2621 = VECTOR ( 'NONE', #2620, 1000.000000000000000 ) ;
#2622 = CARTESIAN_POINT ( 'NONE',  ( 4.000000000000000000, 13.00000000000000000, 0.0000000000000000000 ) ) ;
#2623 = LINE ( 'NONE', #2622, #2621 ) ;
#2624 = CARTESIAN_POINT ( 'NONE',  ( 4.000000000000000000, 13.29999999999999900, 0.0000000000000000000 ) ) ;
#2625 = DIRECTION ( 'NONE',  ( 0.0000000000000000000, 0.0000000000000000000, 1.000000000000000000 ) ) ;
#2626 = VECTOR ( 'NONE', #2625, 1000.000000000000000 ) ;
#2627 = CARTESIAN_POINT ( 'NONE',  ( 4.000000000000000000, 13.29999999999999900, -500.0000000000000000 ) ) ;
#2628 = LINE ( 'NONE', #2627, #2626 ) ;
#2629 = CARTESIAN_POINT ( 'NONE',  ( 4.000000000000000900, 13.54174243050441500, -500.0000000000000000 ) ) ;
#2630 = CARTESIAN_POINT ( 'NONE',  ( 4.000000000000000000, 13.29999999999999900, -500.0000000000000000 ) ) ;
#2631 = DIRECTION ( 'NONE',  ( 0.0000000000000000000, 1.000000000000000000, 0.0000000000000000000 ) ) ;
#2632 = VECTOR ( 'NONE', #2631, 1000.000000000000000 ) ;
#2633 = CARTESIAN_POINT ( 'NONE',  ( 4.000000000000000000, 13.00000000000000000, -500.0000000000000000 ) ) ;
#2634 = LINE ( 'NONE', #2633, #2632 ) ;
#2635 = DIRECTION ( 'NONE',  ( 0.0000000000000000000, 0.0000000000000000000, -1.000000000000000000 ) ) ;
#2636 = DIRECTION ( 'NONE',  ( 1.000000000000000000, 0.0000000000000000000, 0.0000000000000000000 ) ) ;
#2637 = CARTESIAN_POINT ( 'NONE',  ( 4.000000000000000000, 13.00000000000000000, -500.0000000000000000 ) ) ;
#2638 = AXIS2_PLACEMENT_3D ( 'NONE', #2637, #2636, #2635 ) ;
#2639 = PLANE ( 'NONE',  #2638 ) ;
#2640 = FACE_OUTER_BOUND ( 'NONE', #411, .T. ) ;
#2641 = DIRECTION ( 'NONE',  ( 0.7071067811865462400, -0.7071067811865489100, 0.0000000000000000000 ) ) ;
#2642 = DIRECTION ( 'NONE',  ( -0.7071067811865489100, -0.7071067811865462400, 0.0000000000000000000 ) ) ;
#2643 = CARTESIAN_POINT ( 'NONE',  ( -8.250000000000000000, 9.665000000000020500, -500.0000000000000000 ) ) ;
#2644 = AXIS2_PLACEMENT_3D ( 'NONE', #2643, #2642, #2641 ) ;
#2645 = PLANE ( 'NONE',  #2644 ) ;
#2646 = FACE_OUTER_BOUND ( 'NONE', #151, .T. ) ;
#2647 = CARTESIAN_POINT ( 'NONE',  ( 13.54174243050440800, -4.000000000000005300, 0.0000000000000000000 ) ) ;
#2648 = DIRECTION ( 'NONE',  ( 1.000000000000000000, 0.0000000000000000000, 0.0000000000000000000 ) ) ;
#2649 = VECTOR ( 'NONE', #2648, 1000.000000000000000 ) ;
#2650 = CARTESIAN_POINT ( 'NONE',  ( 13.00000000000000000, -4.000000000000005300, 0.0000000000000000000 ) ) ;
#2651 = LINE ( 'NONE', #2650, #2649 ) ;
#2652 = CARTESIAN_POINT ( 'NONE',  ( 13.29999999999999900, -4.000000000000005300, 0.0000000000000000000 ) ) ;
#2653 = DIRECTION ( 'NONE',  ( 0.0000000000000000000, 1.000000000000000000, 0.0000000000000000000 ) ) ;
#2654 = VECTOR ( 'NONE', #2653, 1000.000000000000000 ) ;
#2655 = CARTESIAN_POINT ( 'NONE',  ( 13.00000000000000000, -8.250000000000008900, -500.0000000000000000 ) ) ;
#2656 = LINE ( 'NONE', #2655, #2654 ) ;
#2657 = CARTESIAN_POINT ( 'NONE',  ( 13.00000000000000000, -4.300000000000005200, -500.0000000000000000 ) ) ;
#2658 = DIRECTION ( 'NONE',  ( 0.0000000000000000000, 0.0000000000000000000, -1.000000000000000000 ) ) ;
#2659 = VECTOR ( 'NONE', #2658, 1000.000000000000000 ) ;
#2660 = CARTESIAN_POINT ( 'NONE',  ( 13.00000000000000000, -4.300000000000005200, -500.0000000000000000 ) ) ;
#2661 = LINE ( 'NONE', #2660, #2659 ) ;
#2662 = CARTESIAN_POINT ( 'NONE',  ( 13.00000000000000000, -4.300000000000005200, 0.0000000000000000000 ) ) ;
#2663 = DIRECTION ( 'NONE',  ( 0.0000000000000000000, 1.000000000000000000, 0.0000000000000000000 ) ) ;
#2664 = VECTOR ( 'NONE', #2663, 1000.000000000000000 ) ;
#2665 = CARTESIAN_POINT ( 'NONE',  ( 13.00000000000000000, -8.250000000000008900, 0.0000000000000000000 ) ) ;
#2666 = LINE ( 'NONE', #2665, #2664 ) ;
#2667 = CARTESIAN_POINT ( 'NONE',  ( 4.299999999999999800, 13.00000000000000000, -500.0000000000000000 ) ) ;
#2668 = DIRECTION ( 'NONE',  ( 0.0000000000000000000, 0.0000000000000000000, -1.000000000000000000 ) ) ;
#2669 = VECTOR ( 'NONE', #2668, 1000.000000000000000 ) ;
#2670 = CARTESIAN_POINT ( 'NONE',  ( 4.299999999999999800, 13.00000000000000000, -500.0000000000000000 ) ) ;
#2671 = LINE ( 'NONE', #2670, #2669 ) ;
#2672 = CARTESIAN_POINT ( 'NONE',  ( 4.299999999999999800, 13.00000000000000000, 0.0000000000000000000 ) ) ;
#2673 = DIRECTION ( 'NONE',  ( -1.000000000000000000, 0.0000000000000000000, 0.0000000000000000000 ) ) ;
#2674 = VECTOR ( 'NONE', #2673, 1000.000000000000000 ) ;
#2675 = CARTESIAN_POINT ( 'NONE',  ( 8.250000000000000000, 13.00000000000000000, 0.0000000000000000000 ) ) ;
#2676 = LINE ( 'NONE', #2675, #2674 ) ;
#2677 = DIRECTION ( 'NONE',  ( 0.0000000000000000000, 0.0000000000000000000, 1.000000000000000000 ) ) ;
#2678 = DIRECTION ( 'NONE',  ( 0.0000000000000000000, 1.000000000000000000, 0.0000000000000000000 ) ) ;
#2679 = CARTESIAN_POINT ( 'NONE',  ( 8.250000000000000000, 13.00000000000000000, -500.0000000000000000 ) ) ;
#2680 = AXIS2_PLACEMENT_3D ( 'NONE', #2679, #2678, #2677 ) ;
#2681 = PLANE ( 'NONE',  #2680 ) ;
#2682 = FACE_OUTER_BOUND ( 'NONE', #317, .T. ) ;
#2683 = DIRECTION ( 'NONE',  ( 0.7071067811865490200, -0.7071067811865460200, 0.0000000000000000000 ) ) ;
#2684 = VECTOR ( 'NONE', #2683, 1000.000000000000100 ) ;
#2685 = CARTESIAN_POINT ( 'NONE',  ( 6.000000000000000000, -4.585000000000001700, -500.0000000000000000 ) ) ;
#2686 = LINE ( 'NONE', #2685, #2684 ) ;
#2687 = CARTESIAN_POINT ( 'NONE',  ( 9.665000000000018700, -8.250000000000003600, -500.0000000000000000 ) ) ;
#2688 = DIRECTION ( 'NONE',  ( 0.0000000000000000000, 0.0000000000000000000, 1.000000000000000000 ) ) ;
#2689 = VECTOR ( 'NONE', #2688, 1000.000000000000000 ) ;
#2690 = CARTESIAN_POINT ( 'NONE',  ( 9.665000000000018700, -8.250000000000003600, -500.0000000000000000 ) ) ;
#2691 = LINE ( 'NONE', #2690, #2689 ) ;
#2692 = CARTESIAN_POINT ( 'NONE',  ( 9.665000000000018700, -8.250000000000003600, 0.0000000000000000000 ) ) ;
#2693 = DIRECTION ( 'NONE',  ( 0.7071067811865490200, -0.7071067811865460200, 0.0000000000000000000 ) ) ;
#2694 = VECTOR ( 'NONE', #2693, 1000.000000000000100 ) ;
#2695 = CARTESIAN_POINT ( 'NONE',  ( 6.000000000000000000, -4.585000000000001700, 0.0000000000000000000 ) ) ;
#2696 = DIRECTION ( 'NONE',  ( 0.0000000000000000000, 0.0000000000000000000, -1.000000000000000000 ) ) ;
#2697 = DIRECTION ( 'NONE',  ( 1.000000000000000000, 0.0000000000000000000, 0.0000000000000000000 ) ) ;
#2698 = CARTESIAN_POINT ( 'NONE',  ( 13.00000000000000000, -8.250000000000008900, -500.0000000000000000 ) ) ;
#2699 = AXIS2_PLACEMENT_3D ( 'NONE', #2698, #2697, #2696 ) ;
#2700 = PLANE ( 'NONE',  #2699 ) ;
#2701 = FACE_OUTER_BOUND ( 'NONE', #395, .T. ) ;
#2702 = DIRECTION ( 'NONE',  ( 1.000000000000000000, -1.560470892932669400E-015, 0.0000000000000000000 ) ) ;
#2703 = VECTOR ( 'NONE', #2702, 1000.000000000000000 ) ;
#2704 = CARTESIAN_POINT ( 'NONE',  ( 9.665000000000018700, -8.250000000000003600, -500.0000000000000000 ) ) ;
#2705 = LINE ( 'NONE', #2704, #2703 ) ;
#2706 = DIRECTION ( 'NONE',  ( 0.0000000000000000000, 0.0000000000000000000, 1.000000000000000000 ) ) ;
#2707 = VECTOR ( 'NONE', #2706, 1000.000000000000000 ) ;
#2708 = CARTESIAN_POINT ( 'NONE',  ( 14.69999999999999800, 4.000000000000007100, -500.0000000000000000 ) ) ;
#2709 = LINE ( 'NONE', #2708, #2707 ) ;
#2710 = CARTESIAN_POINT ( 'NONE',  ( 14.69999999999999800, 4.000000000000007100, -500.0000000000000000 ) ) ;
#2711 = CARTESIAN_POINT ( 'NONE',  ( 5.999999999999999100, 4.585000000000000000, 0.0000000000000000000 ) ) ;
#2712 = DIRECTION ( 'NONE',  ( -0.7071067811865489100, -0.7071067811865462400, 0.0000000000000000000 ) ) ;
#2713 = VECTOR ( 'NONE', #2712, 1000.000000000000000 ) ;
#2714 = CARTESIAN_POINT ( 'NONE',  ( 9.665000000000016900, 8.250000000000003600, 0.0000000000000000000 ) ) ;
#2715 = LINE ( 'NONE', #2714, #2713 ) ;
#2716 = DIRECTION ( 'NONE',  ( -0.7071067811865489100, -0.7071067811865462400, 0.0000000000000000000 ) ) ;
#2717 = DIRECTION ( 'NONE',  ( -0.7071067811865462400, 0.7071067811865489100, 0.0000000000000000000 ) ) ;
#2718 = CARTESIAN_POINT ( 'NONE',  ( 9.665000000000016900, 8.250000000000003600, -500.0000000000000000 ) ) ;
#2719 = AXIS2_PLACEMENT_3D ( 'NONE', #2718, #2717, #2716 ) ;
#2720 = PLANE ( 'NONE',  #2719 ) ;
#2721 = FACE_OUTER_BOUND ( 'NONE', #384, .T. ) ;
#2722 = DIRECTION ( 'NONE',  ( 9.458688527681608000E-017, -1.000000000000000000, 0.0000000000000000000 ) ) ;
#2723 = DIRECTION ( 'NONE',  ( -1.000000000000000000, -9.458688527681608000E-017, 0.0000000000000000000 ) ) ;
#2724 = CARTESIAN_POINT ( 'NONE',  ( 5.999999999999999100, 4.585000000000000000, -500.0000000000000000 ) ) ;
#2725 = AXIS2_PLACEMENT_3D ( 'NONE', #2724, #2723, #2722 ) ;
#2726 = PLANE ( 'NONE',  #2725 ) ;
#2727 = FACE_OUTER_BOUND ( 'NONE', #380, .T. ) ;
#2728 = DIRECTION ( 'NONE',  ( 0.0000000000000000000, 0.0000000000000000000, 1.000000000000000000 ) ) ;
#2729 = DIRECTION ( 'NONE',  ( 0.0000000000000000000, 0.0000000000000000000, -1.000000000000000000 ) ) ;
#2730 = VECTOR ( 'NONE', #2729, 1000.000000000000000 ) ;
#2731 = CARTESIAN_POINT ( 'NONE',  ( -4.299999999999999800, 14.99999999999999800, -500.0000000000000000 ) ) ;
#2732 = LINE ( 'NONE', #2731, #2730 ) ;
#2733 = CARTESIAN_POINT ( 'NONE',  ( -3.799999999999999400, 13.99999999999999800, 0.0000000000000000000 ) ) ;
#2734 = CARTESIAN_POINT ( 'NONE',  ( 3.065665561074689000, -1.470270270270269500, 0.0000000000000000000 ) ) ;
#2735 = DIRECTION ( 'NONE',  ( 0.0000000000000000000, 0.0000000000000000000, 1.000000000000000000 ) ) ;
#2736 = VECTOR ( 'NONE', #2735, 1000.000000000000000 ) ;
#2737 = CARTESIAN_POINT ( 'NONE',  ( 3.065665561074689000, -1.470270270270269500, -500.0000000000000000 ) ) ;
#2738 = LINE ( 'NONE', #2737, #2736 ) ;
#2739 = CARTESIAN_POINT ( 'NONE',  ( 3.065665561074689000, -1.470270270270269500, -500.0000000000000000 ) ) ;
#2740 = DIRECTION ( 'NONE',  ( 1.000000000000000000, 0.0000000000000000000, 0.0000000000000000000 ) ) ;
#2741 = DIRECTION ( 'NONE',  ( 0.0000000000000000000, 0.0000000000000000000, 1.000000000000000000 ) ) ;
#2742 = CARTESIAN_POINT ( 'NONE',  ( 0.0000000000000000000, 0.0000000000000000000, -500.0000000000000000 ) ) ;
#2743 = AXIS2_PLACEMENT_3D ( 'NONE', #2742, #2741, #2740 ) ;
#2744 = CIRCLE ( 'NONE', #2743, 3.399999999999999900 ) ;
#2745 = CARTESIAN_POINT ( 'NONE',  ( 4.585000000000000000, 6.000000000000005300, 0.0000000000000000000 ) ) ;
#2746 = DIRECTION ( 'NONE',  ( 1.000000000000000000, 0.0000000000000000000, 0.0000000000000000000 ) ) ;
#2747 = VECTOR ( 'NONE', #2746, 1000.000000000000000 ) ;
#2748 = CARTESIAN_POINT ( 'NONE',  ( -4.585000000000000000, 6.000000000000005300, 0.0000000000000000000 ) ) ;
#2749 = LINE ( 'NONE', #2748, #2747 ) ;
#2750 = DIRECTION ( 'NONE',  ( 0.0000000000000000000, 0.0000000000000000000, -1.000000000000000000 ) ) ;
#2751 = DIRECTION ( 'NONE',  ( 0.0000000000000000000, -1.000000000000000000, 0.0000000000000000000 ) ) ;
#2752 = CARTESIAN_POINT ( 'NONE',  ( -4.585000000000000000, 6.000000000000005300, -500.0000000000000000 ) ) ;
#2753 = DIRECTION ( 'NONE',  ( 0.7071067811865490200, -0.7071067811865460200, 0.0000000000000000000 ) ) ;
#2754 = DIRECTION ( 'NONE',  ( -0.7071067811865460200, -0.7071067811865490200, 0.0000000000000000000 ) ) ;
#2755 = CARTESIAN_POINT ( 'NONE',  ( 6.000000000000000000, -4.585000000000001700, -500.0000000000000000 ) ) ;
#2756 = AXIS2_PLACEMENT_3D ( 'NONE', #2755, #2754, #2753 ) ;
#2757 = LINE ( 'NONE', #2695, #2694 ) ;
#2758 = PLANE ( 'NONE',  #2756 ) ;
#2759 = FACE_OUTER_BOUND ( 'NONE', #306, .T. ) ;
#2760 = DIRECTION ( 'NONE',  ( 9.458688527681608000E-017, -1.000000000000000000, 0.0000000000000000000 ) ) ;
#2761 = VECTOR ( 'NONE', #2760, 1000.000000000000000 ) ;
#2762 = CARTESIAN_POINT ( 'NONE',  ( 5.999999999999999100, 4.585000000000000000, -500.0000000000000000 ) ) ;
#2763 = LINE ( 'NONE', #2762, #2761 ) ;
#2764 = DIRECTION ( 'NONE',  ( 0.0000000000000000000, 1.000000000000000000, 0.0000000000000000000 ) ) ;
#2765 = CARTESIAN_POINT ( 'NONE',  ( -4.000000000000000000, 13.00000000000000000, -500.0000000000000000 ) ) ;
#2766 = AXIS2_PLACEMENT_3D ( 'NONE', #2765, #2764, #2606 ) ;
#2767 = LINE ( 'NONE', #2605, #2604 ) ;
#2768 = PLANE ( 'NONE',  #2766 ) ;
#2769 = FACE_OUTER_BOUND ( 'NONE', #173, .T. ) ;
#2770 = CARTESIAN_POINT ( 'NONE',  ( -3.065665561074688600, -1.470270270270269900, 0.0000000000000000000 ) ) ;
#2771 = DIRECTION ( 'NONE',  ( 1.000000000000000000, 0.0000000000000000000, 0.0000000000000000000 ) ) ;
#2772 = DIRECTION ( 'NONE',  ( 0.0000000000000000000, 0.0000000000000000000, 1.000000000000000000 ) ) ;
#2773 = AXIS2_PLACEMENT_3D ( 'NONE', #2775, #2772, #2771 ) ;
#2774 = CYLINDRICAL_SURFACE ( 'NONE', #2773, 3.399999999999999900 ) ;
#2775 = CARTESIAN_POINT ( 'NONE',  ( 0.0000000000000000000, 0.0000000000000000000, -500.0000000000000000 ) ) ;
#2776 = FACE_OUTER_BOUND ( 'NONE', #355, .T. ) ;
#2777 = CARTESIAN_POINT ( 'NONE',  ( -15.00000000000000400, 13.00000000000000000, 0.0000000000000000000 ) ) ;
#2778 = DIRECTION ( 'NONE',  ( -1.577021341797097300E-016, 1.000000000000000000, 0.0000000000000000000 ) ) ;
#2779 = VECTOR ( 'NONE', #2778, 1000.000000000000000 ) ;
#2780 = CARTESIAN_POINT ( 'NONE',  ( -15.00000000000000200, 3.999999999999998200, 0.0000000000000000000 ) ) ;
#2781 = LINE ( 'NONE', #2780, #2779 ) ;
#2782 = CARTESIAN_POINT ( 'NONE',  ( -15.00000000000000200, 4.299999999999998000, 0.0000000000000000000 ) ) ;
#2783 = DIRECTION ( 'NONE',  ( 0.0000000000000000000, 0.0000000000000000000, 1.000000000000000000 ) ) ;
#2784 = VECTOR ( 'NONE', #2783, 1000.000000000000000 ) ;
#2785 = CARTESIAN_POINT ( 'NONE',  ( -15.00000000000000200, 4.299999999999998000, 0.0000000000000000000 ) ) ;
#2786 = CARTESIAN_POINT ( 'NONE',  ( 0.0000000000000000000, 0.0000000000000000000, 0.0000000000000000000 ) ) ;
#2787 = AXIS2_PLACEMENT_3D ( 'NONE', #2786, #2576, #2575 ) ;
#2788 = DIRECTION ( 'NONE',  ( 1.000000000000000000, 0.0000000000000000000, 0.0000000000000000000 ) ) ;
#2789 = DIRECTION ( 'NONE',  ( 0.0000000000000000000, 0.0000000000000000000, 1.000000000000000000 ) ) ;
#2790 = CARTESIAN_POINT ( 'NONE',  ( 0.0000000000000000000, 0.0000000000000000000, -500.0000000000000000 ) ) ;
#2791 = AXIS2_PLACEMENT_3D ( 'NONE', #2790, #2789, #2788 ) ;
#2792 = CIRCLE ( 'NONE', #2787, 3.399999999999999900 ) ;
#2793 = CYLINDRICAL_SURFACE ( 'NONE', #2791, 3.399999999999999900 ) ;
#2794 = FACE_OUTER_BOUND ( 'NONE', #329, .T. ) ;
#2795 = DIRECTION ( 'NONE',  ( -1.000000000000000000, 0.0000000000000000000, 0.0000000000000000000 ) ) ;
#2796 = VECTOR ( 'NONE', #2795, 1000.000000000000000 ) ;
#2797 = CARTESIAN_POINT ( 'NONE',  ( 8.250000000000000000, 13.00000000000000000, -500.0000000000000000 ) ) ;
#2798 = LINE ( 'NONE', #2797, #2796 ) ;
#2799 = AXIS2_PLACEMENT_3D ( 'NONE', #3043, #3042, #3041 ) ;
#2800 = PLANE ( 'NONE',  #2799 ) ;
#2801 = FACE_OUTER_BOUND ( 'NONE', #541, .T. ) ;
#2802 = DIRECTION ( 'NONE',  ( 0.0000000000000000000, 0.0000000000000000000, 1.000000000000000000 ) ) ;
#2803 = VECTOR ( 'NONE', #2802, 1000.000000000000000 ) ;
#2804 = CARTESIAN_POINT ( 'NONE',  ( -13.54174243050440800, -4.000000000000014200, -500.0000000000000000 ) ) ;
#2805 = LINE ( 'NONE', #2804, #2803 ) ;
#2806 = CARTESIAN_POINT ( 'NONE',  ( -13.54174243050440800, -4.000000000000014200, -500.0000000000000000 ) ) ;
#2807 = DIRECTION ( 'NONE',  ( -1.000000000000000000, 0.0000000000000000000, 0.0000000000000000000 ) ) ;
#2808 = VECTOR ( 'NONE', #2807, 1000.000000000000000 ) ;
#2809 = CARTESIAN_POINT ( 'NONE',  ( -13.00000000000000000, -4.000000000000005300, -500.0000000000000000 ) ) ;
#2810 = LINE ( 'NONE', #2809, #2808 ) ;
#2811 = CARTESIAN_POINT ( 'NONE',  ( -13.29999999999999900, -4.000000000000005300, -500.0000000000000000 ) ) ;
#2812 = DIRECTION ( 'NONE',  ( 0.0000000000000000000, 0.0000000000000000000, -1.000000000000000000 ) ) ;
#2813 = VECTOR ( 'NONE', #2812, 1000.000000000000000 ) ;
#2814 = CARTESIAN_POINT ( 'NONE',  ( -13.29999999999999900, -4.000000000000005300, -500.0000000000000000 ) ) ;
#2815 = LINE ( 'NONE', #2814, #2813 ) ;
#2816 = DIRECTION ( 'NONE',  ( 0.0000000000000000000, 1.000000000000000000, 0.0000000000000000000 ) ) ;
#2817 = VECTOR ( 'NONE', #2816, 1000.000000000000000 ) ;
#2818 = CARTESIAN_POINT ( 'NONE',  ( -4.000000000000003600, -14.99999999999999800, -500.0000000000000000 ) ) ;
#2819 = LINE ( 'NONE', #2818, #2817 ) ;
#2820 = CARTESIAN_POINT ( 'NONE',  ( -13.00000000000000000, -8.250000000000008900, -500.0000000000000000 ) ) ;
#2821 = DIRECTION ( 'NONE',  ( 0.0000000000000000000, 0.0000000000000000000, -1.000000000000000000 ) ) ;
#2822 = VECTOR ( 'NONE', #2821, 1000.000000000000000 ) ;
#2823 = CARTESIAN_POINT ( 'NONE',  ( -13.00000000000000200, 4.299999999999999800, -500.0000000000000000 ) ) ;
#2824 = LINE ( 'NONE', #2823, #2822 ) ;
#2825 = CARTESIAN_POINT ( 'NONE',  ( -13.00000000000000200, 4.299999999999999800, 0.0000000000000000000 ) ) ;
#2826 = DIRECTION ( 'NONE',  ( 0.0000000000000000000, 1.000000000000000000, 0.0000000000000000000 ) ) ;
#2827 = VECTOR ( 'NONE', #2826, 1000.000000000000000 ) ;
#2828 = CARTESIAN_POINT ( 'NONE',  ( -13.00000000000000200, 4.000000000000000000, 0.0000000000000000000 ) ) ;
#2829 = CARTESIAN_POINT ( 'NONE',  ( -4.299999999999999800, 14.99999999999999800, -500.0000000000000000 ) ) ;
#2830 = CARTESIAN_POINT ( 'NONE',  ( 0.0000000000000000000, 0.0000000000000000000, -500.0000000000000000 ) ) ;
#2831 = AXIS2_PLACEMENT_3D ( 'NONE', #2830, #2866, #2865 ) ;
#2832 = CYLINDRICAL_SURFACE ( 'NONE', #2831, 3.399999999999999900 ) ;
#2833 = FACE_OUTER_BOUND ( 'NONE', #498, .T. ) ;
#2834 = DIRECTION ( 'NONE',  ( 1.000000000000000000, 8.673617379884035500E-016, 0.0000000000000000000 ) ) ;
#2835 = VECTOR ( 'NONE', #2834, 1000.000000000000000 ) ;
#2836 = CARTESIAN_POINT ( 'NONE',  ( -15.00000000000000200, 3.999999999999998200, -500.0000000000000000 ) ) ;
#2837 = LINE ( 'NONE', #2836, #2835 ) ;
#2838 = CARTESIAN_POINT ( 'NONE',  ( -14.70000000000000100, 3.999999999999998200, -500.0000000000000000 ) ) ;
#2839 = DIRECTION ( 'NONE',  ( 0.0000000000000000000, 0.0000000000000000000, -1.000000000000000000 ) ) ;
#2840 = VECTOR ( 'NONE', #2839, 1000.000000000000000 ) ;
#2841 = CARTESIAN_POINT ( 'NONE',  ( -14.70000000000000100, 3.999999999999998200, -500.0000000000000000 ) ) ;
#2842 = LINE ( 'NONE', #2841, #2840 ) ;
#2843 = CARTESIAN_POINT ( 'NONE',  ( -14.70000000000000100, 3.999999999999998200, 0.0000000000000000000 ) ) ;
#2844 = DIRECTION ( 'NONE',  ( 1.000000000000000000, 8.673617379884035500E-016, 0.0000000000000000000 ) ) ;
#2845 = VECTOR ( 'NONE', #2844, 1000.000000000000000 ) ;
#2846 = CARTESIAN_POINT ( 'NONE',  ( -15.00000000000000200, 3.999999999999998200, 0.0000000000000000000 ) ) ;
#2847 = LINE ( 'NONE', #2846, #2845 ) ;
#2848 = CARTESIAN_POINT ( 'NONE',  ( -14.45825756949558100, 3.999999999999989800, 0.0000000000000000000 ) ) ;
#2849 = CARTESIAN_POINT ( 'NONE',  ( -14.45825756949558100, 3.999999999999989800, -500.0000000000000000 ) ) ;
#2850 = DIRECTION ( 'NONE',  ( 0.0000000000000000000, 0.0000000000000000000, 1.000000000000000000 ) ) ;
#2851 = VECTOR ( 'NONE', #2850, 1000.000000000000000 ) ;
#2852 = CARTESIAN_POINT ( 'NONE',  ( -14.45825756949558100, 3.999999999999989800, -500.0000000000000000 ) ) ;
#2853 = LINE ( 'NONE', #2852, #2851 ) ;
#2854 = CARTESIAN_POINT ( 'NONE',  ( -13.54174243050440800, -4.000000000000014200, 0.0000000000000000000 ) ) ;
#2855 = CARTESIAN_POINT ( 'NONE',  ( -13.29999999999999900, -4.000000000000005300, 0.0000000000000000000 ) ) ;
#2856 = DIRECTION ( 'NONE',  ( 0.0000000000000000000, 0.0000000000000000000, 1.000000000000000000 ) ) ;
#2857 = DIRECTION ( 'NONE',  ( -1.000000000000000000, 0.0000000000000000000, 0.0000000000000000000 ) ) ;
#2858 = CARTESIAN_POINT ( 'NONE',  ( -4.000000000000000000, 14.99999999999999800, -500.0000000000000000 ) ) ;
#2859 = AXIS2_PLACEMENT_3D ( 'NONE', #2858, #2857, #2856 ) ;
#2860 = PLANE ( 'NONE',  #2859 ) ;
#2861 = DIRECTION ( 'NONE',  ( -1.000000000000000000, 0.0000000000000000000, 0.0000000000000000000 ) ) ;
#2862 = DIRECTION ( 'NONE',  ( 0.0000000000000000000, 0.0000000000000000000, -1.000000000000000000 ) ) ;
#2863 = CARTESIAN_POINT ( 'NONE',  ( -4.300000000000003400, -13.29999999999999900, -500.0000000000000000 ) ) ;
#2864 = AXIS2_PLACEMENT_3D ( 'NONE', #2863, #2862, #2861 ) ;
#2865 = DIRECTION ( 'NONE',  ( 1.000000000000000000, 0.0000000000000000000, 0.0000000000000000000 ) ) ;
#2866 = DIRECTION ( 'NONE',  ( 0.0000000000000000000, 0.0000000000000000000, 1.000000000000000000 ) ) ;
#2867 = CIRCLE ( 'NONE', #2864, 0.2999999999999999300 ) ;
#2868 = CARTESIAN_POINT ( 'NONE',  ( -6.000000000000000900, 4.584999999999998200, -500.0000000000000000 ) ) ;
#2869 = DIRECTION ( 'NONE',  ( 0.0000000000000000000, 0.0000000000000000000, 1.000000000000000000 ) ) ;
#2870 = VECTOR ( 'NONE', #2869, 1000.000000000000000 ) ;
#2871 = CARTESIAN_POINT ( 'NONE',  ( -6.000000000000000900, 4.584999999999998200, -500.0000000000000000 ) ) ;
#2872 = LINE ( 'NONE', #2871, #2870 ) ;
#2873 = CARTESIAN_POINT ( 'NONE',  ( -6.000000000000000900, 4.584999999999998200, 0.0000000000000000000 ) ) ;
#2874 = DIRECTION ( 'NONE',  ( 9.458688527681609200E-017, -1.000000000000000000, 0.0000000000000000000 ) ) ;
#2875 = VECTOR ( 'NONE', #2874, 1000.000000000000000 ) ;
#2876 = CARTESIAN_POINT ( 'NONE',  ( -6.000000000000000900, 4.584999999999998200, 0.0000000000000000000 ) ) ;
#2877 = LINE ( 'NONE', #2876, #2875 ) ;
#2878 = DIRECTION ( 'NONE',  ( 9.458688527681609200E-017, -1.000000000000000000, 0.0000000000000000000 ) ) ;
#2879 = DIRECTION ( 'NONE',  ( -1.000000000000000000, -9.458688527681609200E-017, 0.0000000000000000000 ) ) ;
#2880 = CARTESIAN_POINT ( 'NONE',  ( -6.000000000000000900, 4.584999999999998200, -500.0000000000000000 ) ) ;
#2881 = AXIS2_PLACEMENT_3D ( 'NONE', #2880, #2879, #2878 ) ;
#2882 = PLANE ( 'NONE',  #2881 ) ;
#2883 = FACE_OUTER_BOUND ( 'NONE', #477, .T. ) ;
#2884 = DIRECTION ( 'NONE',  ( -0.7071067811865490200, -0.7071067811865460200, 0.0000000000000000000 ) ) ;
#2885 = VECTOR ( 'NONE', #2884, 1000.000000000000100 ) ;
#2886 = CARTESIAN_POINT ( 'NONE',  ( -6.000000000000000000, -4.585000000000001700, -500.0000000000000000 ) ) ;
#2887 = LINE ( 'NONE', #2886, #2885 ) ;
#2888 = LINE ( 'NONE', #2949, #2948 ) ;
#2889 = DIRECTION ( 'NONE',  ( 0.0000000000000000000, 0.0000000000000000000, -1.000000000000000000 ) ) ;
#2890 = DIRECTION ( 'NONE',  ( 1.000000000000000000, 0.0000000000000000000, 0.0000000000000000000 ) ) ;
#2891 = CARTESIAN_POINT ( 'NONE',  ( -13.00000000000000200, 4.000000000000000000, -500.0000000000000000 ) ) ;
#2892 = AXIS2_PLACEMENT_3D ( 'NONE', #2891, #2890, #2889 ) ;
#2893 = PLANE ( 'NONE',  #2892 ) ;
#2894 = LINE ( 'NONE', #2828, #2827 ) ;
#2895 = FACE_OUTER_BOUND ( 'NONE', #524, .T. ) ;
#2896 = DIRECTION ( 'NONE',  ( 1.000000000000000000, 0.0000000000000000000, 0.0000000000000000000 ) ) ;
#2897 = DIRECTION ( 'NONE',  ( 0.0000000000000000000, 0.0000000000000000000, 1.000000000000000000 ) ) ;
#2898 = CARTESIAN_POINT ( 'NONE',  ( -13.99999999999999300, -3.800000000000011800, -500.0000000000000000 ) ) ;
#2899 = AXIS2_PLACEMENT_3D ( 'NONE', #2898, #2897, #2896 ) ;
#2900 = CIRCLE ( 'NONE', #2899, 0.5000000000000022200 ) ;
#2901 = DIRECTION ( 'NONE',  ( -1.000000000000000000, 0.0000000000000000000, 0.0000000000000000000 ) ) ;
#2902 = DIRECTION ( 'NONE',  ( 0.0000000000000000000, 0.0000000000000000000, -1.000000000000000000 ) ) ;
#2903 = CARTESIAN_POINT ( 'NONE',  ( -14.69999999999999900, -4.300000000000005200, -500.0000000000000000 ) ) ;
#2904 = AXIS2_PLACEMENT_3D ( 'NONE', #2903, #2902, #2901 ) ;
#2905 = CIRCLE ( 'NONE', #2904, 0.2999999999999999300 ) ;
#2906 = DIRECTION ( 'NONE',  ( -1.000000000000000000, 0.0000000000000000000, 0.0000000000000000000 ) ) ;
#2907 = DIRECTION ( 'NONE',  ( 0.0000000000000000000, 0.0000000000000000000, -1.000000000000000000 ) ) ;
#2908 = CARTESIAN_POINT ( 'NONE',  ( -13.00000000000000000, -13.00000000000000500, -500.0000000000000000 ) ) ;
#2909 = AXIS2_PLACEMENT_3D ( 'NONE', #2908, #2907, #2906 ) ;
#2910 = CIRCLE ( 'NONE', #2909, 2.000000000000000000 ) ;
#2911 = DIRECTION ( 'NONE',  ( -1.000000000000000000, 0.0000000000000000000, 0.0000000000000000000 ) ) ;
#2912 = DIRECTION ( 'NONE',  ( 0.0000000000000000000, 0.0000000000000000000, -1.000000000000000000 ) ) ;
#2913 = CARTESIAN_POINT ( 'NONE',  ( -4.300000000000003400, -14.69999999999999800, -500.0000000000000000 ) ) ;
#2914 = AXIS2_PLACEMENT_3D ( 'NONE', #2913, #2912, #2911 ) ;
#2915 = CIRCLE ( 'NONE', #2914, 0.2999999999999999300 ) ;
#2916 = DIRECTION ( 'NONE',  ( -1.000000000000000000, 0.0000000000000000000, 0.0000000000000000000 ) ) ;
#2917 = DIRECTION ( 'NONE',  ( 0.0000000000000000000, 0.0000000000000000000, 1.000000000000000000 ) ) ;
#2918 = CARTESIAN_POINT ( 'NONE',  ( -3.799999999999999400, -13.99999999999999800, -500.0000000000000000 ) ) ;
#2919 = AXIS2_PLACEMENT_3D ( 'NONE', #2918, #2917, #2916 ) ;
#2920 = CIRCLE ( 'NONE', #2919, 0.4999999999999995600 ) ;
#2921 = CARTESIAN_POINT ( 'NONE',  ( -6.000000000000000000, -4.585000000000001700, -500.0000000000000000 ) ) ;
#2922 = DIRECTION ( 'NONE',  ( 0.0000000000000000000, 0.0000000000000000000, 1.000000000000000000 ) ) ;
#2923 = VECTOR ( 'NONE', #2922, 1000.000000000000000 ) ;
#2924 = CARTESIAN_POINT ( 'NONE',  ( -6.000000000000000000, -4.585000000000001700, -500.0000000000000000 ) ) ;
#2925 = LINE ( 'NONE', #2924, #2923 ) ;
#2926 = DIRECTION ( 'NONE',  ( -0.7071067811865490200, -0.7071067811865460200, 0.0000000000000000000 ) ) ;
#2927 = VECTOR ( 'NONE', #2926, 1000.000000000000100 ) ;
#2928 = CARTESIAN_POINT ( 'NONE',  ( -6.000000000000000000, -4.585000000000001700, 0.0000000000000000000 ) ) ;
#2929 = LINE ( 'NONE', #2928, #2927 ) ;
#2930 = DIRECTION ( 'NONE',  ( -1.000000000000000000, -7.885106708985490000E-016, 0.0000000000000000000 ) ) ;
#2931 = DIRECTION ( 'NONE',  ( -7.885106708985490000E-016, 1.000000000000000000, 0.0000000000000000000 ) ) ;
#2932 = CARTESIAN_POINT ( 'NONE',  ( -4.000000000000003600, -14.99999999999999800, -500.0000000000000000 ) ) ;
#2933 = AXIS2_PLACEMENT_3D ( 'NONE', #2932, #2931, #2930 ) ;
#2934 = PLANE ( 'NONE',  #2933 ) ;
#2935 = FACE_OUTER_BOUND ( 'NONE', #16, .T. ) ;
#2936 = DIRECTION ( 'NONE',  ( 0.0000000000000000000, 0.0000000000000000000, -1.000000000000000000 ) ) ;
#2937 = DIRECTION ( 'NONE',  ( 1.000000000000000000, 0.0000000000000000000, 0.0000000000000000000 ) ) ;
#2938 = CARTESIAN_POINT ( 'NONE',  ( -15.00000000000000000, -15.00000000000000700, -500.0000000000000000 ) ) ;
#2939 = AXIS2_PLACEMENT_3D ( 'NONE', #2938, #2937, #2936 ) ;
#2940 = PLANE ( 'NONE',  #2939 ) ;
#2941 = FACE_OUTER_BOUND ( 'NONE', #465, .T. ) ;
#2942 = DIRECTION ( 'NONE',  ( 0.0000000000000000000, 0.0000000000000000000, -1.000000000000000000 ) ) ;
#2943 = VECTOR ( 'NONE', #2942, 1000.000000000000000 ) ;
#2944 = CARTESIAN_POINT ( 'NONE',  ( -12.99999999999999800, -15.00000000000000500, -500.0000000000000000 ) ) ;
#2945 = LINE ( 'NONE', #2944, #2943 ) ;
#2946 = FACE_OUTER_BOUND ( 'NONE', #447, .T. ) ;
#2947 = DIRECTION ( 'NONE',  ( 0.0000000000000000000, 0.0000000000000000000, 1.000000000000000000 ) ) ;
#2948 = VECTOR ( 'NONE', #2947, 1000.000000000000000 ) ;
#2949 = CARTESIAN_POINT ( 'NONE',  ( -13.00000000000000400, 15.00000000000000000, -500.0000000000000000 ) ) ;
#2950 = LINE ( 'NONE', #2980, #2979 ) ;
#2951 = CARTESIAN_POINT ( 'NONE',  ( -9.665000000000025800, 8.250000000000000000, -500.0000000000000000 ) ) ;
#2952 = DIRECTION ( 'NONE',  ( 0.0000000000000000000, 0.0000000000000000000, 1.000000000000000000 ) ) ;
#2953 = VECTOR ( 'NONE', #2952, 1000.000000000000000 ) ;
#2954 = CARTESIAN_POINT ( 'NONE',  ( -9.665000000000025800, 8.250000000000000000, -500.0000000000000000 ) ) ;
#2955 = LINE ( 'NONE', #2954, #2953 ) ;
#2956 = DIRECTION ( 'NONE',  ( 1.000000000000000000, 0.0000000000000000000, 0.0000000000000000000 ) ) ;
#2957 = DIRECTION ( 'NONE',  ( 0.0000000000000000000, 0.0000000000000000000, 1.000000000000000000 ) ) ;
#2958 = CARTESIAN_POINT ( 'NONE',  ( 0.0000000000000000000, 0.0000000000000000000, 0.0000000000000000000 ) ) ;
#2959 = AXIS2_PLACEMENT_3D ( 'NONE', #2958, #2957, #2956 ) ;
#2960 = CIRCLE ( 'NONE', #2959, 3.399999999999999900 ) ;
#2961 = CARTESIAN_POINT ( 'NONE',  ( -13.00000000000000400, 15.00000000000000000, -500.0000000000000000 ) ) ;
#2962 = LINE ( 'NONE', #2965, #2964 ) ;
#2963 = DIRECTION ( 'NONE',  ( 1.000000000000000000, -1.577021341797097100E-016, 0.0000000000000000000 ) ) ;
#2964 = VECTOR ( 'NONE', #2963, 1000.000000000000000 ) ;
#2965 = CARTESIAN_POINT ( 'NONE',  ( -15.00000000000000400, 15.00000000000000000, -500.0000000000000000 ) ) ;
#2966 = CARTESIAN_POINT ( 'NONE',  ( -12.99999999999999800, -15.00000000000000500, 0.0000000000000000000 ) ) ;
#2967 = DIRECTION ( 'NONE',  ( -1.000000000000000000, -7.885106708985490000E-016, 0.0000000000000000000 ) ) ;
#2968 = VECTOR ( 'NONE', #2967, 1000.000000000000000 ) ;
#2969 = CARTESIAN_POINT ( 'NONE',  ( -4.000000000000003600, -14.99999999999999800, 0.0000000000000000000 ) ) ;
#2970 = LINE ( 'NONE', #2969, #2968 ) ;
#2971 = CARTESIAN_POINT ( 'NONE',  ( -4.300000000000003400, -14.99999999999999800, 0.0000000000000000000 ) ) ;
#2972 = DIRECTION ( 'NONE',  ( 0.0000000000000000000, 0.0000000000000000000, 1.000000000000000000 ) ) ;
#2973 = VECTOR ( 'NONE', #2972, 1000.000000000000000 ) ;
#2974 = CARTESIAN_POINT ( 'NONE',  ( -4.300000000000003400, -14.99999999999999800, 0.0000000000000000000 ) ) ;
#2975 = LINE ( 'NONE', #2974, #2973 ) ;
#2976 = CARTESIAN_POINT ( 'NONE',  ( -12.99999999999999800, -15.00000000000000500, -500.0000000000000000 ) ) ;
#2977 = CARTESIAN_POINT ( 'NONE',  ( -4.300000000000003400, -14.99999999999999800, -500.0000000000000000 ) ) ;
#2978 = DIRECTION ( 'NONE',  ( -1.000000000000000000, -7.885106708985490000E-016, 0.0000000000000000000 ) ) ;
#2979 = VECTOR ( 'NONE', #2978, 1000.000000000000000 ) ;
#2980 = CARTESIAN_POINT ( 'NONE',  ( -4.000000000000003600, -14.99999999999999800, -500.0000000000000000 ) ) ;
#2981 = CARTESIAN_POINT ( 'NONE',  ( 0.0000000000000000000, 0.0000000000000000000, 0.0000000000000000000 ) ) ;
#2982 = AXIS2_PLACEMENT_3D ( 'NONE', #2981, #2155, #2409 ) ;
#2983 = CIRCLE ( 'NONE', #2982, 3.399999999999999900 ) ;
#2984 = CARTESIAN_POINT ( 'NONE',  ( 1.470270270270269000, 3.065665561074689000, 0.0000000000000000000 ) ) ;
#2985 = DIRECTION ( 'NONE',  ( 0.0000000000000000000, 0.0000000000000000000, 1.000000000000000000 ) ) ;
#2986 = VECTOR ( 'NONE', #2985, 1000.000000000000000 ) ;
#2987 = CARTESIAN_POINT ( 'NONE',  ( 1.470270270270269500, 3.065665561074689900, -500.0000000000000000 ) ) ;
#2988 = LINE ( 'NONE', #2987, #2986 ) ;
#2989 = CARTESIAN_POINT ( 'NONE',  ( -1.470270270270269000, 3.065665561074689000, -500.0000000000000000 ) ) ;
#2990 = CARTESIAN_POINT ( 'NONE',  ( 1.470270270270269000, 3.065665561074689000, -500.0000000000000000 ) ) ;
#2991 = DIRECTION ( 'NONE',  ( 1.000000000000000000, 0.0000000000000000000, 0.0000000000000000000 ) ) ;
#2992 = DIRECTION ( 'NONE',  ( 0.0000000000000000000, 0.0000000000000000000, 1.000000000000000000 ) ) ;
#2993 = CARTESIAN_POINT ( 'NONE',  ( 0.0000000000000000000, 0.0000000000000000000, -500.0000000000000000 ) ) ;
#2994 = AXIS2_PLACEMENT_3D ( 'NONE', #2993, #2992, #2991 ) ;
#2995 = CIRCLE ( 'NONE', #2994, 3.399999999999999900 ) ;
#2996 = DIRECTION ( 'NONE',  ( -1.000000000000000000, 0.0000000000000000000, 0.0000000000000000000 ) ) ;
#2997 = DIRECTION ( 'NONE',  ( 0.0000000000000000000, 0.0000000000000000000, -1.000000000000000000 ) ) ;
#2998 = AXIS2_PLACEMENT_3D ( 'NONE', #3005, #2997, #2996 ) ;
#2999 = CIRCLE ( 'NONE', #2998, 0.2999999999999999300 ) ;
#3000 = DIRECTION ( 'NONE',  ( 1.000000000000000000, 8.673617379884035500E-016, 0.0000000000000000000 ) ) ;
#3001 = DIRECTION ( 'NONE',  ( 8.673617379884035500E-016, -1.000000000000000000, 0.0000000000000000000 ) ) ;
#3002 = CARTESIAN_POINT ( 'NONE',  ( -15.00000000000000200, 3.999999999999998200, -500.0000000000000000 ) ) ;
#3003 = AXIS2_PLACEMENT_3D ( 'NONE', #3002, #3001, #3000 ) ;
#3004 = PLANE ( 'NONE',  #3003 ) ;
#3005 = CARTESIAN_POINT ( 'NONE',  ( 13.29999999999999900, -4.300000000000005200, -500.0000000000000000 ) ) ;
#3006 = FACE_OUTER_BOUND ( 'NONE', #566, .T. ) ;
#3007 = DIRECTION ( 'NONE',  ( 0.0000000000000000000, 1.000000000000000000, 0.0000000000000000000 ) ) ;
#3008 = VECTOR ( 'NONE', #3007, 1000.000000000000000 ) ;
#3009 = CARTESIAN_POINT ( 'NONE',  ( -13.00000000000000200, 4.000000000000000000, -500.0000000000000000 ) ) ;
#3010 = LINE ( 'NONE', #3009, #3008 ) ;
#3011 = DIRECTION ( 'NONE',  ( -1.000000000000000000, 0.0000000000000000000, 0.0000000000000000000 ) ) ;
#3012 = DIRECTION ( 'NONE',  ( 0.0000000000000000000, 0.0000000000000000000, -1.000000000000000000 ) ) ;
#3013 = CARTESIAN_POINT ( 'NONE',  ( 13.00000000000000000, -13.00000000000000500, -500.0000000000000000 ) ) ;
#3014 = AXIS2_PLACEMENT_3D ( 'NONE', #3013, #3012, #3011 ) ;
#3015 = CIRCLE ( 'NONE', #3014, 2.000000000000000000 ) ;
#3016 = CARTESIAN_POINT ( 'NONE',  ( -13.00000000000000200, 4.299999999999999800, -500.0000000000000000 ) ) ;
#3017 = DIRECTION ( 'NONE',  ( -1.000000000000000000, 0.0000000000000000000, 0.0000000000000000000 ) ) ;
#3018 = DIRECTION ( 'NONE',  ( 0.0000000000000000000, 0.0000000000000000000, -1.000000000000000000 ) ) ;
#3019 = CARTESIAN_POINT ( 'NONE',  ( 14.69999999999999900, -4.300000000000005200, -500.0000000000000000 ) ) ;
#3020 = AXIS2_PLACEMENT_3D ( 'NONE', #3019, #3018, #3017 ) ;
#3021 = CIRCLE ( 'NONE', #3020, 0.2999999999999999300 ) ;
#3022 = DIRECTION ( 'NONE',  ( -1.000000000000000000, 0.0000000000000000000, 0.0000000000000000000 ) ) ;
#3023 = DIRECTION ( 'NONE',  ( 0.0000000000000000000, 0.0000000000000000000, 1.000000000000000000 ) ) ;
#3024 = CARTESIAN_POINT ( 'NONE',  ( 13.99999999999999300, -3.800000000000011800, -500.0000000000000000 ) ) ;
#3025 = AXIS2_PLACEMENT_3D ( 'NONE', #3024, #3023, #3022 ) ;
#3026 = CIRCLE ( 'NONE', #3025, 0.5000000000000022200 ) ;
#3027 = CARTESIAN_POINT ( 'NONE',  ( -12.29546421160165100, -12.64901760219492900, -500.0000000000000000 ) ) ;
#3028 = CARTESIAN_POINT ( 'NONE',  ( -12.64901760219492400, -12.29546421160165800, -500.0000000000000000 ) ) ;
#3029 = DIRECTION ( 'NONE',  ( 0.9659258262890700900, -0.2588190451025141900, 0.0000000000000000000 ) ) ;
#3030 = VECTOR ( 'NONE', #3029, 1000.000000000000000 ) ;
#3031 = CARTESIAN_POINT ( 'NONE',  ( -12.64901760219492400, -12.29546421160165600, -500.0000000000000000 ) ) ;
#3032 = LINE ( 'NONE', #3031, #3030 ) ;
#3033 = DIRECTION ( 'NONE',  ( 0.0000000000000000000, 0.0000000000000000000, 1.000000000000000000 ) ) ;
#3034 = VECTOR ( 'NONE', #3033, 1000.000000000000000 ) ;
#3035 = CARTESIAN_POINT ( 'NONE',  ( -15.00000000000000000, -13.00000000000000500, -500.0000000000000000 ) ) ;
#3036 = LINE ( 'NONE', #3035, #3034 ) ;
#3037 = DIRECTION ( 'NONE',  ( 0.0000000000000000000, 1.000000000000000000, 0.0000000000000000000 ) ) ;
#3038 = VECTOR ( 'NONE', #3037, 1000.000000000000000 ) ;
#3039 = CARTESIAN_POINT ( 'NONE',  ( -13.00000000000000000, -8.250000000000008900, -500.0000000000000000 ) ) ;
#3040 = LINE ( 'NONE', #3039, #3038 ) ;
#3041 = DIRECTION ( 'NONE',  ( 0.0000000000000000000, 0.0000000000000000000, -1.000000000000000000 ) ) ;
#3042 = DIRECTION ( 'NONE',  ( 1.000000000000000000, 0.0000000000000000000, 0.0000000000000000000 ) ) ;
#3043 = CARTESIAN_POINT ( 'NONE',  ( -13.00000000000000000, -8.250000000000008900, -500.0000000000000000 ) ) ;
#3044 = DIRECTION ( 'NONE',  ( -1.000000000000000000, 0.0000000000000000000, 0.0000000000000000000 ) ) ;
#3045 = DIRECTION ( 'NONE',  ( 0.0000000000000000000, 0.0000000000000000000, -1.000000000000000000 ) ) ;
#3046 = CARTESIAN_POINT ( 'NONE',  ( -15.00000000000000400, 14.99999999999999500, -500.0000000000000000 ) ) ;
#3047 = AXIS2_PLACEMENT_3D ( 'NONE', #3046, #3045, #3044 ) ;
#3048 = FACE_BOUND ( 'NONE', #1122, .T. ) ;
#3049 = FACE_BOUND ( 'NONE', #944, .T. ) ;
#3050 = LINE ( 'NONE', #3121, #3120 ) ;
#3051 = CARTESIAN_POINT ( 'NONE',  ( -13.00000000000000000, -8.250000000000008900, 0.0000000000000000000 ) ) ;
#3052 = DIRECTION ( 'NONE',  ( 0.0000000000000000000, 1.000000000000000000, 0.0000000000000000000 ) ) ;
#3053 = VECTOR ( 'NONE', #3052, 1000.000000000000000 ) ;
#3054 = CARTESIAN_POINT ( 'NONE',  ( -13.00000000000000000, -8.250000000000008900, 0.0000000000000000000 ) ) ;
#3055 = LINE ( 'NONE', #3054, #3053 ) ;
#3056 = CARTESIAN_POINT ( 'NONE',  ( -15.00000000000000000, -13.00000000000000500, -500.0000000000000000 ) ) ;
#3057 = DIRECTION ( 'NONE',  ( 0.0000000000000000000, 1.000000000000000000, 0.0000000000000000000 ) ) ;
#3058 = VECTOR ( 'NONE', #3057, 1000.000000000000000 ) ;
#3059 = CARTESIAN_POINT ( 'NONE',  ( -15.00000000000000000, -15.00000000000000700, -500.0000000000000000 ) ) ;
#3060 = LINE ( 'NONE', #3059, #3058 ) ;
#3061 = CARTESIAN_POINT ( 'NONE',  ( -15.00000000000000000, -4.300000000000005200, -500.0000000000000000 ) ) ;
#3062 = DIRECTION ( 'NONE',  ( 0.0000000000000000000, 0.0000000000000000000, -1.000000000000000000 ) ) ;
#3063 = VECTOR ( 'NONE', #3062, 1000.000000000000000 ) ;
#3064 = CARTESIAN_POINT ( 'NONE',  ( -15.00000000000000000, -4.300000000000005200, -500.0000000000000000 ) ) ;
#3065 = LINE ( 'NONE', #3064, #3063 ) ;
#3066 = CARTESIAN_POINT ( 'NONE',  ( -15.00000000000000000, -4.300000000000005200, 0.0000000000000000000 ) ) ;
#3067 = CARTESIAN_POINT ( 'NONE',  ( -15.00000000000000000, -13.00000000000000500, 0.0000000000000000000 ) ) ;
#3068 = DIRECTION ( 'NONE',  ( 0.0000000000000000000, 1.000000000000000000, 0.0000000000000000000 ) ) ;
#3069 = VECTOR ( 'NONE', #3068, 1000.000000000000000 ) ;
#3070 = CARTESIAN_POINT ( 'NONE',  ( -15.00000000000000000, -15.00000000000000700, 0.0000000000000000000 ) ) ;
#3071 = LINE ( 'NONE', #3256, #3255 ) ;
#3072 = CARTESIAN_POINT ( 'NONE',  ( -13.00000000000000000, -4.300000000000005200, -500.0000000000000000 ) ) ;
#3073 = DIRECTION ( 'NONE',  ( -1.000000000000000000, 0.0000000000000000000, 0.0000000000000000000 ) ) ;
#3074 = DIRECTION ( 'NONE',  ( 0.0000000000000000000, 0.0000000000000000000, -1.000000000000000000 ) ) ;
#3075 = CARTESIAN_POINT ( 'NONE',  ( -13.29999999999999900, -4.300000000000005200, -500.0000000000000000 ) ) ;
#3076 = AXIS2_PLACEMENT_3D ( 'NONE', #3075, #3074, #3073 ) ;
#3077 = CIRCLE ( 'NONE', #3076, 0.2999999999999999300 ) ;
#3078 = DIRECTION ( 'NONE',  ( -1.000000000000000000, 0.0000000000000000000, 0.0000000000000000000 ) ) ;
#3079 = DIRECTION ( 'NONE',  ( 0.0000000000000000000, 0.0000000000000000000, -1.000000000000000000 ) ) ;
#3080 = CARTESIAN_POINT ( 'NONE',  ( -4.299999999999999800, 13.29999999999999900, -500.0000000000000000 ) ) ;
#3081 = AXIS2_PLACEMENT_3D ( 'NONE', #3080, #3079, #3078 ) ;
#3082 = CIRCLE ( 'NONE', #3081, 0.2999999999999999300 ) ;
#3083 = DIRECTION ( 'NONE',  ( 1.000000000000000000, 0.0000000000000000000, 0.0000000000000000000 ) ) ;
#3084 = DIRECTION ( 'NONE',  ( 0.0000000000000000000, 0.0000000000000000000, 1.000000000000000000 ) ) ;
#3085 = CARTESIAN_POINT ( 'NONE',  ( -3.799999999999999400, 13.99999999999999800, -500.0000000000000000 ) ) ;
#3086 = AXIS2_PLACEMENT_3D ( 'NONE', #3085, #3084, #3083 ) ;
#3087 = CIRCLE ( 'NONE', #3086, 0.4999999999999995600 ) ;
#3088 = LINE ( 'NONE', #3070, #3069 ) ;
#3089 = DIRECTION ( 'NONE',  ( 1.000000000000000000, -5.201569643108905700E-016, 0.0000000000000000000 ) ) ;
#3090 = VECTOR ( 'NONE', #3089, 1000.000000000000000 ) ;
#3091 = CARTESIAN_POINT ( 'NONE',  ( -13.00000000000000200, 8.250000000000001800, -500.0000000000000000 ) ) ;
#3092 = LINE ( 'NONE', #3091, #3090 ) ;
#3093 = DIRECTION ( 'NONE',  ( 0.0000000000000000000, 0.0000000000000000000, 1.000000000000000000 ) ) ;
#3094 = VECTOR ( 'NONE', #3093, 1000.000000000000000 ) ;
#3095 = CARTESIAN_POINT ( 'NONE',  ( -13.00000000000000200, 8.250000000000001800, -500.0000000000000000 ) ) ;
#3096 = LINE ( 'NONE', #3095, #3094 ) ;
#3097 = DIRECTION ( 'NONE',  ( -1.000000000000000000, 0.0000000000000000000, 0.0000000000000000000 ) ) ;
#3098 = DIRECTION ( 'NONE',  ( 0.0000000000000000000, 0.0000000000000000000, -1.000000000000000000 ) ) ;
#3099 = CARTESIAN_POINT ( 'NONE',  ( 4.300000000000003400, -13.29999999999999900, -500.0000000000000000 ) ) ;
#3100 = AXIS2_PLACEMENT_3D ( 'NONE', #3099, #3098, #3097 ) ;
#3101 = CIRCLE ( 'NONE', #3100, 0.2999999999999999300 ) ;
#3102 = CIRCLE ( 'NONE', #3159, 0.4999999999999995600 ) ;
#3103 = DIRECTION ( 'NONE',  ( -1.000000000000000000, 0.0000000000000000000, 0.0000000000000000000 ) ) ;
#3104 = DIRECTION ( 'NONE',  ( 0.0000000000000000000, 0.0000000000000000000, -1.000000000000000000 ) ) ;
#3105 = CARTESIAN_POINT ( 'NONE',  ( 4.299999999999999800, 13.29999999999999900, -500.0000000000000000 ) ) ;
#3106 = AXIS2_PLACEMENT_3D ( 'NONE', #3105, #3104, #3103 ) ;
#3107 = CIRCLE ( 'NONE', #3106, 0.2999999999999999300 ) ;
#3108 = CARTESIAN_POINT ( 'NONE',  ( -9.665000000000018700, -8.250000000000003600, 0.0000000000000000000 ) ) ;
#3109 = DIRECTION ( 'NONE',  ( -1.000000000000000000, -1.560470892932669400E-015, 0.0000000000000000000 ) ) ;
#3110 = VECTOR ( 'NONE', #3109, 1000.000000000000000 ) ;
#3111 = CARTESIAN_POINT ( 'NONE',  ( -9.665000000000018700, -8.250000000000003600, 0.0000000000000000000 ) ) ;
#3112 = LINE ( 'NONE', #3111, #3110 ) ;
#3113 = DIRECTION ( 'NONE',  ( -1.000000000000000000, -1.560470892932669400E-015, 0.0000000000000000000 ) ) ;
#3114 = DIRECTION ( 'NONE',  ( -1.560470892932669400E-015, 1.000000000000000000, 0.0000000000000000000 ) ) ;
#3115 = CARTESIAN_POINT ( 'NONE',  ( -9.665000000000018700, -8.250000000000003600, -500.0000000000000000 ) ) ;
#3116 = AXIS2_PLACEMENT_3D ( 'NONE', #3115, #3114, #3113 ) ;
#3117 = PLANE ( 'NONE',  #3116 ) ;
#3118 = FACE_OUTER_BOUND ( 'NONE', #623, .T. ) ;
#3119 = DIRECTION ( 'NONE',  ( 0.0000000000000000000, 0.0000000000000000000, 1.000000000000000000 ) ) ;
#3120 = VECTOR ( 'NONE', #3119, 1000.000000000000000 ) ;
#3121 = CARTESIAN_POINT ( 'NONE',  ( -13.00000000000000000, -8.250000000000008900, -500.0000000000000000 ) ) ;
#3122 = CARTESIAN_POINT ( 'NONE',  ( -1.470270270270269000, 3.065665561074689000, 0.0000000000000000000 ) ) ;
#3123 = DIRECTION ( 'NONE',  ( 1.000000000000000000, 0.0000000000000000000, 0.0000000000000000000 ) ) ;
#3124 = DIRECTION ( 'NONE',  ( 0.0000000000000000000, 0.0000000000000000000, 1.000000000000000000 ) ) ;
#3125 = AXIS2_PLACEMENT_3D ( 'NONE', #3276, #3124, #3123 ) ;
#3126 = CIRCLE ( 'NONE', #3125, 0.4999999999999995600 ) ;
#3127 = DIRECTION ( 'NONE',  ( -1.000000000000000000, 0.0000000000000000000, 0.0000000000000000000 ) ) ;
#3128 = CARTESIAN_POINT ( 'NONE',  ( -9.449999999999995700, -9.950000000000002800, -500.0000000000000000 ) ) ;
#3129 = DIRECTION ( 'NONE',  ( 0.0000000000000000000, 1.000000000000000000, 0.0000000000000000000 ) ) ;
#3130 = VECTOR ( 'NONE', #3129, 1000.000000000000000 ) ;
#3131 = CARTESIAN_POINT ( 'NONE',  ( -9.449999999999995700, -13.00000000000000400, -500.0000000000000000 ) ) ;
#3132 = LINE ( 'NONE', #3131, #3130 ) ;
#3133 = CARTESIAN_POINT ( 'NONE',  ( -12.92940952255126200, -12.22033342297796600, -500.0000000000000000 ) ) ;
#3134 = DIRECTION ( 'NONE',  ( 1.000000000000000000, 0.0000000000000000000, 0.0000000000000000000 ) ) ;
#3135 = DIRECTION ( 'NONE',  ( 0.0000000000000000000, 0.0000000000000000000, 1.000000000000000000 ) ) ;
#3136 = CARTESIAN_POINT ( 'NONE',  ( -12.79999999999999900, -11.73737050983343300, -500.0000000000000000 ) ) ;
#3137 = AXIS2_PLACEMENT_3D ( 'NONE', #3136, #3135, #3134 ) ;
#3138 = CIRCLE ( 'NONE', #3137, 0.5000000000000004400 ) ;
#3139 = CARTESIAN_POINT ( 'NONE',  ( -13.29999999999999900, -11.73737050983343100, -500.0000000000000000 ) ) ;
#3140 = DIRECTION ( 'NONE',  ( -1.745747425951496900E-015, -1.000000000000000000, 0.0000000000000000000 ) ) ;
#3141 = VECTOR ( 'NONE', #3140, 1000.000000000000000 ) ;
#3142 = CARTESIAN_POINT ( 'NONE',  ( -13.29999999999999900, -11.73737050983343100, -500.0000000000000000 ) ) ;
#3143 = LINE ( 'NONE', #3142, #3141 ) ;
#3144 = CARTESIAN_POINT ( 'NONE',  ( -13.29999999999999500, -9.750000000000007100, -500.0000000000000000 ) ) ;
#3145 = CARTESIAN_POINT ( 'NONE',  ( -12.99999999999999500, -9.450000000000006400, -500.0000000000000000 ) ) ;
#3146 = DIRECTION ( 'NONE',  ( 1.000000000000000000, 0.0000000000000000000, 0.0000000000000000000 ) ) ;
#3147 = DIRECTION ( 'NONE',  ( 0.0000000000000000000, 0.0000000000000000000, 1.000000000000000000 ) ) ;
#3148 = CARTESIAN_POINT ( 'NONE',  ( -12.99999999999999600, -9.750000000000007100, -500.0000000000000000 ) ) ;
#3149 = AXIS2_PLACEMENT_3D ( 'NONE', #3148, #3147, #3146 ) ;
#3150 = CIRCLE ( 'NONE', #3149, 0.2999999999999999300 ) ;
#3151 = DIRECTION ( 'NONE',  ( 1.000000000000000000, 0.0000000000000000000, 0.0000000000000000000 ) ) ;
#3152 = DIRECTION ( 'NONE',  ( 0.0000000000000000000, 0.0000000000000000000, 1.000000000000000000 ) ) ;
#3153 = CARTESIAN_POINT ( 'NONE',  ( 13.99999999999999600, 3.799999999999987400, -500.0000000000000000 ) ) ;
#3154 = AXIS2_PLACEMENT_3D ( 'NONE', #3153, #3152, #3151 ) ;
#3155 = CIRCLE ( 'NONE', #3154, 0.5000000000000004400 ) ;
#3156 = DIRECTION ( 'NONE',  ( -1.000000000000000000, 0.0000000000000000000, 0.0000000000000000000 ) ) ;
#3157 = DIRECTION ( 'NONE',  ( 0.0000000000000000000, 0.0000000000000000000, 1.000000000000000000 ) ) ;
#3158 = CARTESIAN_POINT ( 'NONE',  ( 3.799999999999999400, 13.99999999999999800, -500.0000000000000000 ) ) ;
#3159 = AXIS2_PLACEMENT_3D ( 'NONE', #3158, #3157, #3156 ) ;
#3160 = VECTOR ( 'NONE', #3261, 1000.000000000000000 ) ;
#3161 = CARTESIAN_POINT ( 'NONE',  ( -1.470270270270269500, 3.065665561074689900, -500.0000000000000000 ) ) ;
#3162 = LINE ( 'NONE', #3161, #3160 ) ;
#3163 = PLANE ( 'NONE',  #3047 ) ;
#3164 = DIRECTION ( 'NONE',  ( -1.000000000000000000, 0.0000000000000000000, 0.0000000000000000000 ) ) ;
#3165 = DIRECTION ( 'NONE',  ( 0.0000000000000000000, 0.0000000000000000000, 1.000000000000000000 ) ) ;
#3166 = CARTESIAN_POINT ( 'NONE',  ( -13.99999999999999600, 3.799999999999987400, -500.0000000000000000 ) ) ;
#3167 = AXIS2_PLACEMENT_3D ( 'NONE', #3166, #3165, #3164 ) ;
#3168 = CIRCLE ( 'NONE', #3167, 0.5000000000000004400 ) ;
#3169 = DIRECTION ( 'NONE',  ( -1.000000000000000000, 0.0000000000000000000, 0.0000000000000000000 ) ) ;
#3170 = DIRECTION ( 'NONE',  ( 0.0000000000000000000, 0.0000000000000000000, -1.000000000000000000 ) ) ;
#3171 = CARTESIAN_POINT ( 'NONE',  ( -13.30000000000000100, 4.299999999999999800, -500.0000000000000000 ) ) ;
#3172 = AXIS2_PLACEMENT_3D ( 'NONE', #3171, #3170, #3169 ) ;
#3173 = CIRCLE ( 'NONE', #3172, 0.2999999999999999300 ) ;
#3174 = CARTESIAN_POINT ( 'NONE',  ( 9.449999999999999300, -9.950000000000001100, -500.0000000000000000 ) ) ;
#3175 = CARTESIAN_POINT ( 'NONE',  ( 9.949999999999997500, -9.449999999999992200, -500.0000000000000000 ) ) ;
#3176 = DIRECTION ( 'NONE',  ( -1.000000000000000000, 0.0000000000000000000, 0.0000000000000000000 ) ) ;
#3177 = DIRECTION ( 'NONE',  ( 0.0000000000000000000, 0.0000000000000000000, 1.000000000000000000 ) ) ;
#3178 = CARTESIAN_POINT ( 'NONE',  ( 9.950000000000002800, -9.949999999999995700, -500.0000000000000000 ) ) ;
#3179 = AXIS2_PLACEMENT_3D ( 'NONE', #3178, #3177, #3176 ) ;
#3180 = CIRCLE ( 'NONE', #3179, 0.5000000000000022200 ) ;
#3181 = DIRECTION ( 'NONE',  ( -1.000000000000000000, -4.550094363217854100E-015, 0.0000000000000000000 ) ) ;
#3182 = VECTOR ( 'NONE', #3181, 1000.000000000000000 ) ;
#3183 = CARTESIAN_POINT ( 'NONE',  ( -12.99999999999999500, -9.450000000000006400, -500.0000000000000000 ) ) ;
#3184 = LINE ( 'NONE', #3183, #3182 ) ;
#3185 = CARTESIAN_POINT ( 'NONE',  ( -9.949999999999994000, -9.449999999999994000, -500.0000000000000000 ) ) ;
#3186 = DIRECTION ( 'NONE',  ( 1.000000000000000000, 0.0000000000000000000, 0.0000000000000000000 ) ) ;
#3187 = DIRECTION ( 'NONE',  ( 0.0000000000000000000, 0.0000000000000000000, 1.000000000000000000 ) ) ;
#3188 = CARTESIAN_POINT ( 'NONE',  ( -9.949999999999999300, -9.949999999999997500, -500.0000000000000000 ) ) ;
#3189 = AXIS2_PLACEMENT_3D ( 'NONE', #3188, #3187, #3186 ) ;
#3190 = CIRCLE ( 'NONE', #3189, 0.5000000000000022200 ) ;
#3191 = DIRECTION ( 'NONE',  ( 0.0000000000000000000, 0.0000000000000000000, -1.000000000000000000 ) ) ;
#3192 = CARTESIAN_POINT ( 'NONE',  ( 13.29999999999999700, 4.300000000000005200, -500.0000000000000000 ) ) ;
#3193 = AXIS2_PLACEMENT_3D ( 'NONE', #3192, #3191, #3277 ) ;
#3194 = CIRCLE ( 'NONE', #3193, 0.2999999999999999300 ) ;
#3195 = CARTESIAN_POINT ( 'NONE',  ( 4.300000000000003400, -14.69999999999999800, -500.0000000000000000 ) ) ;
#3196 = CIRCLE ( 'NONE', #2404, 0.4999999999999995600 ) ;
#3197 = DIRECTION ( 'NONE',  ( -1.000000000000000000, 0.0000000000000000000, 0.0000000000000000000 ) ) ;
#3198 = DIRECTION ( 'NONE',  ( 0.0000000000000000000, 0.0000000000000000000, 1.000000000000000000 ) ) ;
#3199 = CARTESIAN_POINT ( 'NONE',  ( -11.73737050983342600, -12.80000000000000600, -500.0000000000000000 ) ) ;
#3200 = AXIS2_PLACEMENT_3D ( 'NONE', #3199, #3198, #3197 ) ;
#3201 = CIRCLE ( 'NONE', #3200, 0.5000000000000004400 ) ;
#3202 = DIRECTION ( 'NONE',  ( 1.000000000000000000, 0.0000000000000000000, 0.0000000000000000000 ) ) ;
#3203 = CARTESIAN_POINT ( 'NONE',  ( -12.22033342297796000, -12.92940952255126800, -500.0000000000000000 ) ) ;
#3204 = DIRECTION ( 'NONE',  ( 0.2588190451025141900, -0.9659258262890700900, 0.0000000000000000000 ) ) ;
#3205 = VECTOR ( 'NONE', #3204, 1000.000000000000000 ) ;
#3206 = CARTESIAN_POINT ( 'NONE',  ( -12.29546421160165100, -12.64901760219492900, -500.0000000000000000 ) ) ;
#3207 = LINE ( 'NONE', #3206, #3205 ) ;
#3208 = DIRECTION ( 'NONE',  ( -1.000000000000000000, 0.0000000000000000000, 0.0000000000000000000 ) ) ;
#3209 = DIRECTION ( 'NONE',  ( 0.0000000000000000000, 0.0000000000000000000, -1.000000000000000000 ) ) ;
#3210 = CARTESIAN_POINT ( 'NONE',  ( -4.299999999999999800, 14.69999999999999800, -500.0000000000000000 ) ) ;
#3211 = AXIS2_PLACEMENT_3D ( 'NONE', #3210, #3209, #3208 ) ;
#3212 = CIRCLE ( 'NONE', #3211, 0.2999999999999999300 ) ;
#3213 = DIRECTION ( 'NONE',  ( -1.000000000000000000, 0.0000000000000000000, 0.0000000000000000000 ) ) ;
#3214 = DIRECTION ( 'NONE',  ( 0.0000000000000000000, 0.0000000000000000000, -1.000000000000000000 ) ) ;
#3215 = CARTESIAN_POINT ( 'NONE',  ( -13.00000000000000400, 13.00000000000000000, -500.0000000000000000 ) ) ;
#3216 = AXIS2_PLACEMENT_3D ( 'NONE', #3215, #3214, #3213 ) ;
#3217 = CIRCLE ( 'NONE', #3216, 2.000000000000000000 ) ;
#3218 = DIRECTION ( 'NONE',  ( -1.000000000000000000, 0.0000000000000000000, 0.0000000000000000000 ) ) ;
#3219 = DIRECTION ( 'NONE',  ( 0.0000000000000000000, 0.0000000000000000000, -1.000000000000000000 ) ) ;
#3220 = CARTESIAN_POINT ( 'NONE',  ( -14.70000000000000100, 4.299999999999998000, -500.0000000000000000 ) ) ;
#3221 = AXIS2_PLACEMENT_3D ( 'NONE', #3220, #3219, #3218 ) ;
#3222 = CIRCLE ( 'NONE', #3221, 0.2999999999999999300 ) ;
#3223 = DIRECTION ( 'NONE',  ( 9.458688527681609200E-017, -1.000000000000000000, 0.0000000000000000000 ) ) ;
#3224 = VECTOR ( 'NONE', #3223, 1000.000000000000000 ) ;
#3225 = CARTESIAN_POINT ( 'NONE',  ( -6.000000000000000900, 4.584999999999998200, -500.0000000000000000 ) ) ;
#3226 = LINE ( 'NONE', #3225, #3224 ) ;
#3227 = CARTESIAN_POINT ( 'NONE',  ( -4.000000000000003600, -14.69999999999999800, -500.0000000000000000 ) ) ;
#3228 = DIRECTION ( 'NONE',  ( 0.0000000000000000000, 0.0000000000000000000, -1.000000000000000000 ) ) ;
#3229 = VECTOR ( 'NONE', #3228, 1000.000000000000000 ) ;
#3230 = CARTESIAN_POINT ( 'NONE',  ( -4.000000000000003600, -14.69999999999999800, -500.0000000000000000 ) ) ;
#3231 = LINE ( 'NONE', #3230, #3229 ) ;
#3232 = CARTESIAN_POINT ( 'NONE',  ( -13.00000000000000200, 8.250000000000001800, -500.0000000000000000 ) ) ;
#3233 = CARTESIAN_POINT ( 'NONE',  ( -13.00000000000000200, 8.250000000000001800, 0.0000000000000000000 ) ) ;
#3234 = DIRECTION ( 'NONE',  ( 1.000000000000000000, -5.201569643108905700E-016, 0.0000000000000000000 ) ) ;
#3235 = VECTOR ( 'NONE', #3234, 1000.000000000000000 ) ;
#3236 = CARTESIAN_POINT ( 'NONE',  ( -13.00000000000000200, 8.250000000000001800, 0.0000000000000000000 ) ) ;
#3237 = LINE ( 'NONE', #3236, #3235 ) ;
#3238 = DIRECTION ( 'NONE',  ( 1.000000000000000000, -5.201569643108905700E-016, 0.0000000000000000000 ) ) ;
#3239 = DIRECTION ( 'NONE',  ( -5.201569643108905700E-016, -1.000000000000000000, 0.0000000000000000000 ) ) ;
#3240 = CARTESIAN_POINT ( 'NONE',  ( -13.00000000000000200, 8.250000000000001800, -500.0000000000000000 ) ) ;
#3241 = AXIS2_PLACEMENT_3D ( 'NONE', #3240, #3239, #3238 ) ;
#3242 = PLANE ( 'NONE',  #3241 ) ;
#3243 = FACE_OUTER_BOUND ( 'NONE', #707, .T. ) ;
#3244 = DIRECTION ( 'NONE',  ( 0.7071067811865496800, -0.7071067811865453500, 0.0000000000000000000 ) ) ;
#3245 = VECTOR ( 'NONE', #3244, 1000.000000000000000 ) ;
#3246 = CARTESIAN_POINT ( 'NONE',  ( -9.665000000000025800, 8.250000000000000000, -500.0000000000000000 ) ) ;
#3247 = LINE ( 'NONE', #3246, #3245 ) ;
#3248 = CARTESIAN_POINT ( 'NONE',  ( -9.665000000000018700, -8.250000000000003600, -500.0000000000000000 ) ) ;
#3249 = DIRECTION ( 'NONE',  ( 0.0000000000000000000, 0.0000000000000000000, 1.000000000000000000 ) ) ;
#3250 = VECTOR ( 'NONE', #3249, 1000.000000000000000 ) ;
#3251 = CARTESIAN_POINT ( 'NONE',  ( -9.665000000000018700, -8.250000000000003600, -500.0000000000000000 ) ) ;
#3252 = LINE ( 'NONE', #3251, #3250 ) ;
#3253 = CARTESIAN_POINT ( 'NONE',  ( -13.00000000000000000, -4.300000000000005200, 0.0000000000000000000 ) ) ;
#3254 = DIRECTION ( 'NONE',  ( 0.0000000000000000000, 0.0000000000000000000, 1.000000000000000000 ) ) ;
#3255 = VECTOR ( 'NONE', #3254, 1000.000000000000000 ) ;
#3256 = CARTESIAN_POINT ( 'NONE',  ( -13.00000000000000000, -4.300000000000005200, -500.0000000000000000 ) ) ;
#3257 = FACE_BOUND ( 'NONE', #920, .T. ) ;
#3258 = FACE_BOUND ( 'NONE', #655, .T. ) ;
#3259 = FACE_BOUND ( 'NONE', #636, .T. ) ;
#3260 = FACE_OUTER_BOUND ( 'NONE', #584, .T. ) ;
#3261 = DIRECTION ( 'NONE',  ( 0.0000000000000000000, 0.0000000000000000000, -1.000000000000000000 ) ) ;
#3262 = CARTESIAN_POINT ( 'NONE',  ( -9.665000000000025800, 8.250000000000000000, 0.0000000000000000000 ) ) ;
#3263 = DIRECTION ( 'NONE',  ( 0.7071067811865496800, -0.7071067811865453500, 0.0000000000000000000 ) ) ;
#3264 = VECTOR ( 'NONE', #3263, 1000.000000000000000 ) ;
#3265 = CARTESIAN_POINT ( 'NONE',  ( -9.665000000000025800, 8.250000000000000000, 0.0000000000000000000 ) ) ;
#3266 = LINE ( 'NONE', #3265, #3264 ) ;
#3267 = DIRECTION ( 'NONE',  ( 0.7071067811865496800, -0.7071067811865453500, 0.0000000000000000000 ) ) ;
#3268 = DIRECTION ( 'NONE',  ( -0.7071067811865453500, -0.7071067811865496800, 0.0000000000000000000 ) ) ;
#3269 = CARTESIAN_POINT ( 'NONE',  ( -9.665000000000025800, 8.250000000000000000, -500.0000000000000000 ) ) ;
#3270 = AXIS2_PLACEMENT_3D ( 'NONE', #3269, #3268, #3267 ) ;
#3271 = PLANE ( 'NONE',  #3270 ) ;
#3272 = FACE_OUTER_BOUND ( 'NONE', #718, .T. ) ;
#3273 = DIRECTION ( 'NONE',  ( 0.0000000000000000000, 0.0000000000000000000, -1.000000000000000000 ) ) ;
#3274 = AXIS2_PLACEMENT_3D ( 'NONE', #3195, #3273, #3127 ) ;
#3275 = CIRCLE ( 'NONE', #3274, 0.2999999999999999300 ) ;
#3276 = CARTESIAN_POINT ( 'NONE',  ( 3.799999999999999400, -13.99999999999999800, -500.0000000000000000 ) ) ;
#3277 = DIRECTION ( 'NONE',  ( -1.000000000000000000, 0.0000000000000000000, 0.0000000000000000000 ) ) ;
#3278 = AXIS2_PLACEMENT_3D ( 'NONE', #3402, #3401, #3400 ) ;
#3279 = CIRCLE ( 'NONE', #3278, 0.5000000000000004400 ) ;
#3280 = DIRECTION ( 'NONE',  ( 1.000000000000000000, 0.0000000000000000000, 0.0000000000000000000 ) ) ;
#3281 = DIRECTION ( 'NONE',  ( 0.0000000000000000000, 0.0000000000000000000, 1.000000000000000000 ) ) ;
#3282 = CARTESIAN_POINT ( 'NONE',  ( -11.73737050983342900, 12.79999999999999900, -500.0000000000000000 ) ) ;
#3283 = AXIS2_PLACEMENT_3D ( 'NONE', #3282, #3281, #3280 ) ;
#3284 = CIRCLE ( 'NONE', #3283, 0.5000000000000004400 ) ;
#3285 = CARTESIAN_POINT ( 'NONE',  ( -11.73737050983342900, 13.29999999999999900, -500.0000000000000000 ) ) ;
#3286 = DIRECTION ( 'NONE',  ( -1.000000000000000000, 0.0000000000000000000, 0.0000000000000000000 ) ) ;
#3287 = VECTOR ( 'NONE', #3286, 1000.000000000000000 ) ;
#3288 = CARTESIAN_POINT ( 'NONE',  ( -11.73737050983342900, 13.29999999999999900, -500.0000000000000000 ) ) ;
#3289 = LINE ( 'NONE', #3288, #3287 ) ;
#3290 = DIRECTION ( 'NONE',  ( 1.000000000000000000, 0.0000000000000000000, 0.0000000000000000000 ) ) ;
#3291 = DIRECTION ( 'NONE',  ( 0.0000000000000000000, 0.0000000000000000000, 1.000000000000000000 ) ) ;
#3292 = CARTESIAN_POINT ( 'NONE',  ( -9.750000000000000000, 13.00000000000000000, -500.0000000000000000 ) ) ;
#3293 = AXIS2_PLACEMENT_3D ( 'NONE', #3292, #3291, #3290 ) ;
#3294 = CIRCLE ( 'NONE', #3293, 0.2999999999999999300 ) ;
#3295 = CARTESIAN_POINT ( 'NONE',  ( 4.409032388147642800, 1.899999999999999700, -500.0000000000000000 ) ) ;
#3296 = DIRECTION ( 'NONE',  ( 1.000000000000000000, 6.569510263935087600E-016, 0.0000000000000000000 ) ) ;
#3297 = VECTOR ( 'NONE', #3296, 1000.000000000000000 ) ;
#3298 = CARTESIAN_POINT ( 'NONE',  ( 2.819574435974338700, 1.899999999999998800, -500.0000000000000000 ) ) ;
#3299 = LINE ( 'NONE', #3298, #3297 ) ;
#3300 = CARTESIAN_POINT ( 'NONE',  ( 3.336165463522455400, 1.899999999999999000, -500.0000000000000000 ) ) ;
#3301 = DIRECTION ( 'NONE',  ( 1.000000000000000000, 0.0000000000000000000, 0.0000000000000000000 ) ) ;
#3302 = DIRECTION ( 'NONE',  ( 0.0000000000000000000, 0.0000000000000000000, -1.000000000000000000 ) ) ;
#3303 = CARTESIAN_POINT ( 'NONE',  ( -12.77842712474617800, -12.77842712474619100, -500.0000000000000000 ) ) ;
#3304 = AXIS2_PLACEMENT_3D ( 'NONE', #3303, #3302, #3301 ) ;
#3305 = CIRCLE ( 'NONE', #3304, 0.4999999999999970000 ) ;
#3306 = DIRECTION ( 'NONE',  ( -1.000000000000000000, 0.0000000000000000000, 0.0000000000000000000 ) ) ;
#3307 = CARTESIAN_POINT ( 'NONE',  ( -9.449999999999995700, -9.950000000000002800, 0.0000000000000000000 ) ) ;
#3308 = DIRECTION ( 'NONE',  ( 1.000000000000000000, 0.0000000000000000000, 0.0000000000000000000 ) ) ;
#3309 = DIRECTION ( 'NONE',  ( 0.0000000000000000000, 0.0000000000000000000, 1.000000000000000000 ) ) ;
#3310 = CARTESIAN_POINT ( 'NONE',  ( -9.949999999999999300, -9.949999999999997500, 0.0000000000000000000 ) ) ;
#3311 = AXIS2_PLACEMENT_3D ( 'NONE', #3310, #3309, #3308 ) ;
#3312 = CIRCLE ( 'NONE', #3311, 0.5000000000000022200 ) ;
#3313 = CARTESIAN_POINT ( 'NONE',  ( -9.949999999999994000, -9.449999999999994000, 0.0000000000000000000 ) ) ;
#3314 = DIRECTION ( 'NONE',  ( -1.000000000000000000, -4.550094363217854100E-015, 0.0000000000000000000 ) ) ;
#3315 = VECTOR ( 'NONE', #3314, 1000.000000000000000 ) ;
#3316 = CARTESIAN_POINT ( 'NONE',  ( -12.99999999999999500, -9.450000000000006400, 0.0000000000000000000 ) ) ;
#3317 = LINE ( 'NONE', #3316, #3315 ) ;
#3318 = CARTESIAN_POINT ( 'NONE',  ( 9.449999999999999300, 13.00000000000000200, 0.0000000000000000000 ) ) ;
#3319 = DIRECTION ( 'NONE',  ( 0.0000000000000000000, -1.000000000000000000, 0.0000000000000000000 ) ) ;
#3320 = VECTOR ( 'NONE', #3319, 1000.000000000000000 ) ;
#3321 = CARTESIAN_POINT ( 'NONE',  ( 9.449999999999999300, 13.00000000000000200, 0.0000000000000000000 ) ) ;
#3322 = LINE ( 'NONE', #3321, #3320 ) ;
#3323 = CARTESIAN_POINT ( 'NONE',  ( 9.449999999999995700, 9.950000000000001100, 0.0000000000000000000 ) ) ;
#3324 = DIRECTION ( 'NONE',  ( 1.000000000000000000, 0.0000000000000000000, 0.0000000000000000000 ) ) ;
#3325 = DIRECTION ( 'NONE',  ( 0.0000000000000000000, 0.0000000000000000000, 1.000000000000000000 ) ) ;
#3326 = CARTESIAN_POINT ( 'NONE',  ( 9.949999999999999300, 9.950000000000001100, 0.0000000000000000000 ) ) ;
#3327 = AXIS2_PLACEMENT_3D ( 'NONE', #3326, #3325, #3324 ) ;
#3328 = CIRCLE ( 'NONE', #3327, 0.5000000000000038900 ) ;
#3329 = CARTESIAN_POINT ( 'NONE',  ( -11.73737050983342600, -13.30000000000000600, -500.0000000000000000 ) ) ;
#3330 = LINE ( 'NONE', #3329, #3338 ) ;
#3331 = DIRECTION ( 'NONE',  ( -1.000000000000000000, 0.0000000000000000000, 0.0000000000000000000 ) ) ;
#3332 = DIRECTION ( 'NONE',  ( 0.0000000000000000000, 0.0000000000000000000, 1.000000000000000000 ) ) ;
#3333 = CARTESIAN_POINT ( 'NONE',  ( -9.749999999999996400, -13.00000000000000400, -500.0000000000000000 ) ) ;
#3334 = AXIS2_PLACEMENT_3D ( 'NONE', #3333, #3332, #3331 ) ;
#3335 = CIRCLE ( 'NONE', #3334, 0.2999999999999999300 ) ;
#3336 = CARTESIAN_POINT ( 'NONE',  ( -9.749999999999996400, -13.30000000000000200, -500.0000000000000000 ) ) ;
#3337 = DIRECTION ( 'NONE',  ( 1.000000000000000000, 1.745747425951492200E-015, 0.0000000000000000000 ) ) ;
#3338 = VECTOR ( 'NONE', #3337, 1000.000000000000000 ) ;
#3339 = CIRCLE ( 'NONE', #3522, 0.4999999999999987200 ) ;
#3340 = CARTESIAN_POINT ( 'NONE',  ( -9.449999999999999300, 13.00000000000000000, 0.0000000000000000000 ) ) ;
#3341 = CARTESIAN_POINT ( 'NONE',  ( -9.449999999999999300, 9.949999999999999300, 0.0000000000000000000 ) ) ;
#3342 = DIRECTION ( 'NONE',  ( 0.0000000000000000000, 1.000000000000000000, 0.0000000000000000000 ) ) ;
#3343 = VECTOR ( 'NONE', #3342, 1000.000000000000000 ) ;
#3344 = CARTESIAN_POINT ( 'NONE',  ( -9.449999999999999300, 13.00000000000000000, 0.0000000000000000000 ) ) ;
#3345 = LINE ( 'NONE', #3344, #3343 ) ;
#3346 = DIRECTION ( 'NONE',  ( 1.000000000000000000, 0.0000000000000000000, 0.0000000000000000000 ) ) ;
#3347 = DIRECTION ( 'NONE',  ( 0.0000000000000000000, 0.0000000000000000000, 1.000000000000000000 ) ) ;
#3348 = CARTESIAN_POINT ( 'NONE',  ( 12.80000000000000200, 11.73737050983342900, 0.0000000000000000000 ) ) ;
#3349 = AXIS2_PLACEMENT_3D ( 'NONE', #3348, #3347, #3346 ) ;
#3350 = CIRCLE ( 'NONE', #3349, 0.5000000000000004400 ) ;
#3351 = CARTESIAN_POINT ( 'NONE',  ( 12.92940952255126600, 12.22033342297796200, 0.0000000000000000000 ) ) ;
#3352 = DIRECTION ( 'NONE',  ( -0.9659258262890700900, 0.2588190451025141900, 0.0000000000000000000 ) ) ;
#3353 = VECTOR ( 'NONE', #3352, 1000.000000000000000 ) ;
#3354 = CARTESIAN_POINT ( 'NONE',  ( 12.64901760219492700, 12.29546421160165300, 0.0000000000000000000 ) ) ;
#3355 = LINE ( 'NONE', #3354, #3353 ) ;
#3356 = CARTESIAN_POINT ( 'NONE',  ( 12.64901760219492700, 12.29546421160165300, 0.0000000000000000000 ) ) ;
#3357 = CARTESIAN_POINT ( 'NONE',  ( 12.99999999999999800, -9.450000000000002800, 0.0000000000000000000 ) ) ;
#3358 = CARTESIAN_POINT ( 'NONE',  ( 9.949999999999997500, -9.449999999999992200, 0.0000000000000000000 ) ) ;
#3359 = DIRECTION ( 'NONE',  ( -1.000000000000000000, 0.0000000000000000000, 0.0000000000000000000 ) ) ;
#3360 = DIRECTION ( 'NONE',  ( 0.0000000000000000000, 0.0000000000000000000, 1.000000000000000000 ) ) ;
#3361 = CARTESIAN_POINT ( 'NONE',  ( 9.950000000000002800, -9.949999999999995700, 0.0000000000000000000 ) ) ;
#3362 = AXIS2_PLACEMENT_3D ( 'NONE', #3361, #3360, #3359 ) ;
#3363 = CIRCLE ( 'NONE', #3362, 0.5000000000000022200 ) ;
#3364 = CARTESIAN_POINT ( 'NONE',  ( 9.449999999999999300, -13.00000000000000200, 0.0000000000000000000 ) ) ;
#3365 = CARTESIAN_POINT ( 'NONE',  ( 9.449999999999999300, -9.950000000000002800, 0.0000000000000000000 ) ) ;
#3366 = DIRECTION ( 'NONE',  ( 0.0000000000000000000, -1.000000000000000000, 0.0000000000000000000 ) ) ;
#3367 = VECTOR ( 'NONE', #3366, 1000.000000000000000 ) ;
#3368 = CARTESIAN_POINT ( 'NONE',  ( 9.449999999999999300, -13.00000000000000200, 0.0000000000000000000 ) ) ;
#3369 = LINE ( 'NONE', #3368, #3367 ) ;
#3370 = CARTESIAN_POINT ( 'NONE',  ( 2.277645713530756800, 4.698810136034364100, -500.0000000000000000 ) ) ;
#3371 = CIRCLE ( 'NONE', #3418, 0.2999999999999999300 ) ;
#3372 = DIRECTION ( 'NONE',  ( -0.9659258262890686500, -0.2588190451025197400, 0.0000000000000000000 ) ) ;
#3373 = VECTOR ( 'NONE', #3372, 999.9999999999998900 ) ;
#3374 = CARTESIAN_POINT ( 'NONE',  ( -12.64901760219492700, 12.29546421160165100, -500.0000000000000000 ) ) ;
#3375 = LINE ( 'NONE', #3374, #3373 ) ;
#3376 = CARTESIAN_POINT ( 'NONE',  ( -12.64901760219492700, 12.29546421160164900, -500.0000000000000000 ) ) ;
#3377 = DIRECTION ( 'NONE',  ( -1.000000000000000000, 0.0000000000000000000, 0.0000000000000000000 ) ) ;
#3378 = DIRECTION ( 'NONE',  ( 0.0000000000000000000, 0.0000000000000000000, -1.000000000000000000 ) ) ;
#3379 = CARTESIAN_POINT ( 'NONE',  ( -12.77842712474618900, 12.77842712474618400, -500.0000000000000000 ) ) ;
#3380 = AXIS2_PLACEMENT_3D ( 'NONE', #3379, #3378, #3377 ) ;
#3381 = CIRCLE ( 'NONE', #3380, 0.5000000000000004400 ) ;
#3382 = CARTESIAN_POINT ( 'NONE',  ( -12.29546421160165400, 12.64901760219492200, -500.0000000000000000 ) ) ;
#3383 = DIRECTION ( 'NONE',  ( -0.2588190451025141900, -0.9659258262890700900, 0.0000000000000000000 ) ) ;
#3384 = VECTOR ( 'NONE', #3383, 1000.000000000000000 ) ;
#3385 = CARTESIAN_POINT ( 'NONE',  ( -12.29546421160165400, 12.64901760219492200, -500.0000000000000000 ) ) ;
#3386 = LINE ( 'NONE', #3385, #3384 ) ;
#3387 = CARTESIAN_POINT ( 'NONE',  ( -12.22033342297796400, 12.92940952255126100, -500.0000000000000000 ) ) ;
#3388 = CARTESIAN_POINT ( 'NONE',  ( 9.750000000000000000, -13.30000000000000100, -500.0000000000000000 ) ) ;
#3389 = DIRECTION ( 'NONE',  ( 1.000000000000000000, 0.0000000000000000000, 0.0000000000000000000 ) ) ;
#3390 = DIRECTION ( 'NONE',  ( 0.0000000000000000000, 0.0000000000000000000, 1.000000000000000000 ) ) ;
#3391 = CARTESIAN_POINT ( 'NONE',  ( 9.750000000000000000, -13.00000000000000200, -500.0000000000000000 ) ) ;
#3392 = AXIS2_PLACEMENT_3D ( 'NONE', #3391, #3390, #3389 ) ;
#3393 = CIRCLE ( 'NONE', #3392, 0.2999999999999999300 ) ;
#3394 = CARTESIAN_POINT ( 'NONE',  ( -13.29999999999999900, 9.750000000000000000, -500.0000000000000000 ) ) ;
#3395 = DIRECTION ( 'NONE',  ( 1.745747425951496900E-015, -1.000000000000000000, 0.0000000000000000000 ) ) ;
#3396 = VECTOR ( 'NONE', #3395, 1000.000000000000000 ) ;
#3397 = CARTESIAN_POINT ( 'NONE',  ( -13.30000000000000200, 11.73737050983342400, -500.0000000000000000 ) ) ;
#3398 = LINE ( 'NONE', #3397, #3396 ) ;
#3399 = CARTESIAN_POINT ( 'NONE',  ( -13.30000000000000200, 11.73737050983342400, -500.0000000000000000 ) ) ;
#3400 = DIRECTION ( 'NONE',  ( -1.000000000000000000, 0.0000000000000000000, 0.0000000000000000000 ) ) ;
#3401 = DIRECTION ( 'NONE',  ( 0.0000000000000000000, 0.0000000000000000000, 1.000000000000000000 ) ) ;
#3402 = CARTESIAN_POINT ( 'NONE',  ( -12.80000000000000200, 11.73737050983342600, -500.0000000000000000 ) ) ;
#3403 = DIRECTION ( 'NONE',  ( -1.000000000000000000, 0.0000000000000000000, 0.0000000000000000000 ) ) ;
#3404 = DIRECTION ( 'NONE',  ( 0.0000000000000000000, 0.0000000000000000000, -1.000000000000000000 ) ) ;
#3405 = CARTESIAN_POINT ( 'NONE',  ( -1.599999999999997000, -3.336165463522456200, -500.0000000000000000 ) ) ;
#3406 = AXIS2_PLACEMENT_3D ( 'NONE', #3405, #3404, #3403 ) ;
#3407 = CIRCLE ( 'NONE', #3406, 0.2999999999999999300 ) ;
#3408 = CARTESIAN_POINT ( 'NONE',  ( 1.599999999999998800, -3.336165463522455800, -500.0000000000000000 ) ) ;
#3409 = CARTESIAN_POINT ( 'NONE',  ( -1.899999999999997000, -3.336165463522456200, -500.0000000000000000 ) ) ;
#3410 = DIRECTION ( 'NONE',  ( 4.379673509290051300E-016, 1.000000000000000000, 0.0000000000000000000 ) ) ;
#3411 = VECTOR ( 'NONE', #3410, 1000.000000000000000 ) ;
#3412 = CARTESIAN_POINT ( 'NONE',  ( -1.899999999999996800, -2.819574435974337300, -500.0000000000000000 ) ) ;
#3413 = LINE ( 'NONE', #3412, #3411 ) ;
#3414 = CARTESIAN_POINT ( 'NONE',  ( -1.899999999999997500, -4.409032388147644500, -500.0000000000000000 ) ) ;
#3415 = DIRECTION ( 'NONE',  ( -1.000000000000000000, 0.0000000000000000000, 0.0000000000000000000 ) ) ;
#3416 = DIRECTION ( 'NONE',  ( 0.0000000000000000000, 0.0000000000000000000, 1.000000000000000000 ) ) ;
#3417 = CARTESIAN_POINT ( 'NONE',  ( -2.199999999999997500, -4.409032388147644500, -500.0000000000000000 ) ) ;
#3418 = AXIS2_PLACEMENT_3D ( 'NONE', #3417, #3416, #3415 ) ;
#3419 = DIRECTION ( 'NONE',  ( 0.0000000000000000000, 0.0000000000000000000, -1.000000000000000000 ) ) ;
#3420 = CARTESIAN_POINT ( 'NONE',  ( 14.69999999999999800, 4.300000000000006900, -500.0000000000000000 ) ) ;
#3421 = AXIS2_PLACEMENT_3D ( 'NONE', #3420, #3419, #3306 ) ;
#3422 = CIRCLE ( 'NONE', #3421, 0.2999999999999999300 ) ;
#3423 = DIRECTION ( 'NONE',  ( -1.000000000000000000, 0.0000000000000000000, 0.0000000000000000000 ) ) ;
#3424 = DIRECTION ( 'NONE',  ( 0.0000000000000000000, 0.0000000000000000000, -1.000000000000000000 ) ) ;
#3425 = CARTESIAN_POINT ( 'NONE',  ( 13.00000000000000200, 13.00000000000000000, -500.0000000000000000 ) ) ;
#3426 = AXIS2_PLACEMENT_3D ( 'NONE', #3425, #3424, #3423 ) ;
#3427 = CIRCLE ( 'NONE', #3426, 2.000000000000000000 ) ;
#3428 = DIRECTION ( 'NONE',  ( -1.000000000000000000, 0.0000000000000000000, 0.0000000000000000000 ) ) ;
#3429 = DIRECTION ( 'NONE',  ( 0.0000000000000000000, 0.0000000000000000000, -1.000000000000000000 ) ) ;
#3430 = CARTESIAN_POINT ( 'NONE',  ( 4.299999999999999800, 14.69999999999999800, -500.0000000000000000 ) ) ;
#3431 = AXIS2_PLACEMENT_3D ( 'NONE', #3430, #3429, #3428 ) ;
#3432 = CIRCLE ( 'NONE', #3431, 0.2999999999999999300 ) ;
#3433 = CARTESIAN_POINT ( 'NONE',  ( -12.92940952255126600, 12.22033342297795900, -500.0000000000000000 ) ) ;
#3434 = CARTESIAN_POINT ( 'NONE',  ( -9.449999999999995700, -13.00000000000000400, -500.0000000000000000 ) ) ;
#3435 = CARTESIAN_POINT ( 'NONE',  ( -2.277645713530756800, 4.698810136034363300, -500.0000000000000000 ) ) ;
#3436 = DIRECTION ( 'NONE',  ( -1.000000000000000000, 0.0000000000000000000, 0.0000000000000000000 ) ) ;
#3437 = DIRECTION ( 'NONE',  ( 0.0000000000000000000, 0.0000000000000000000, 1.000000000000000000 ) ) ;
#3438 = CARTESIAN_POINT ( 'NONE',  ( -2.199999999999999300, 4.409032388147642800, -500.0000000000000000 ) ) ;
#3439 = AXIS2_PLACEMENT_3D ( 'NONE', #3438, #3437, #3436 ) ;
#3440 = CIRCLE ( 'NONE', #3439, 0.2999999999999999300 ) ;
#3441 = CARTESIAN_POINT ( 'NONE',  ( -1.899999999999999200, 4.409032388147642800, -500.0000000000000000 ) ) ;
#3442 = DIRECTION ( 'NONE',  ( -8.759347018580106600E-016, 1.000000000000000000, 0.0000000000000000000 ) ) ;
#3443 = VECTOR ( 'NONE', #3442, 1000.000000000000000 ) ;
#3444 = CARTESIAN_POINT ( 'NONE',  ( -1.899999999999998100, 2.819574435974336400, -500.0000000000000000 ) ) ;
#3445 = LINE ( 'NONE', #3444, #3443 ) ;
#3446 = CARTESIAN_POINT ( 'NONE',  ( -1.899999999999998600, 3.336165463522454900, -500.0000000000000000 ) ) ;
#3447 = CARTESIAN_POINT ( 'NONE',  ( 4.698810136034363300, 2.277645713530756800, -500.0000000000000000 ) ) ;
#3448 = DIRECTION ( 'NONE',  ( -1.000000000000000000, 0.0000000000000000000, 0.0000000000000000000 ) ) ;
#3449 = DIRECTION ( 'NONE',  ( 0.0000000000000000000, 0.0000000000000000000, 1.000000000000000000 ) ) ;
#3450 = CARTESIAN_POINT ( 'NONE',  ( 4.409032388147642800, 2.199999999999999700, -500.0000000000000000 ) ) ;
#3451 = AXIS2_PLACEMENT_3D ( 'NONE', #3450, #3449, #3448 ) ;
#3452 = CIRCLE ( 'NONE', #3451, 0.2999999999999999300 ) ;
#3453 = CARTESIAN_POINT ( 'NONE',  ( -4.336587135686296600, -3.629480354499754900, -500.0000000000000000 ) ) ;
#3454 = DIRECTION ( 'NONE',  ( 0.2588190451025240100, -0.9659258262890673100, 0.0000000000000000000 ) ) ;
#3455 = VECTOR ( 'NONE', #3454, 1000.000000000000100 ) ;
#3456 = CARTESIAN_POINT ( 'NONE',  ( -4.800000000000004300, -1.900000000000001000, -500.0000000000000000 ) ) ;
#3457 = LINE ( 'NONE', #3456, #3455 ) ;
#3458 = CARTESIAN_POINT ( 'NONE',  ( -4.698810136034361500, -2.277645713530757700, -500.0000000000000000 ) ) ;
#3459 = DIRECTION ( 'NONE',  ( -1.000000000000000000, 0.0000000000000000000, 0.0000000000000000000 ) ) ;
#3460 = DIRECTION ( 'NONE',  ( 0.0000000000000000000, 0.0000000000000000000, 1.000000000000000000 ) ) ;
#3461 = CARTESIAN_POINT ( 'NONE',  ( -4.409032388147641000, -2.200000000000000600, -500.0000000000000000 ) ) ;
#3462 = AXIS2_PLACEMENT_3D ( 'NONE', #3461, #3460, #3459 ) ;
#3463 = CIRCLE ( 'NONE', #3462, 0.2999999999999999300 ) ;
#3464 = DIRECTION ( 'NONE',  ( -1.000000000000000000, -8.759347018580116400E-016, 0.0000000000000000000 ) ) ;
#3465 = VECTOR ( 'NONE', #3464, 1000.000000000000000 ) ;
#3466 = CARTESIAN_POINT ( 'NONE',  ( -2.819574435974336900, -1.899999999999999200, -500.0000000000000000 ) ) ;
#3467 = CARTESIAN_POINT ( 'NONE',  ( 13.30000000000000200, 11.73737050983342700, 0.0000000000000000000 ) ) ;
#3468 = CARTESIAN_POINT ( 'NONE',  ( 13.30000000000000100, 9.750000000000003600, 0.0000000000000000000 ) ) ;
#3469 = DIRECTION ( 'NONE',  ( -1.000000000000000000, 2.891205793294679000E-015, 0.0000000000000000000 ) ) ;
#3470 = DIRECTION ( 'NONE',  ( 0.0000000000000000000, 0.0000000000000000000, 1.000000000000000000 ) ) ;
#3471 = CARTESIAN_POINT ( 'NONE',  ( 2.199999999999999300, 4.409032388147642800, -500.0000000000000000 ) ) ;
#3472 = AXIS2_PLACEMENT_3D ( 'NONE', #3471, #3470, #3469 ) ;
#3473 = CIRCLE ( 'NONE', #3472, 0.2999999999999999300 ) ;
#3474 = CARTESIAN_POINT ( 'NONE',  ( -4.336587135686298400, 3.629480354499753100, -500.0000000000000000 ) ) ;
#3475 = DIRECTION ( 'NONE',  ( 1.000000000000000000, 0.0000000000000000000, 0.0000000000000000000 ) ) ;
#3476 = DIRECTION ( 'NONE',  ( 0.0000000000000000000, 0.0000000000000000000, 1.000000000000000000 ) ) ;
#3477 = CARTESIAN_POINT ( 'NONE',  ( -3.370661309397229700, 3.370661309397228900, -500.0000000000000000 ) ) ;
#3478 = AXIS2_PLACEMENT_3D ( 'NONE', #3477, #3476, #3475 ) ;
#3479 = CIRCLE ( 'NONE', #3478, 1.000000000000001300 ) ;
#3480 = CARTESIAN_POINT ( 'NONE',  ( -3.629480354499754500, 4.336587135686297500, -500.0000000000000000 ) ) ;
#3481 = DIRECTION ( 'NONE',  ( -0.9659258262890673100, -0.2588190451025244000, 0.0000000000000000000 ) ) ;
#3482 = VECTOR ( 'NONE', #3481, 1000.000000000000000 ) ;
#3483 = CARTESIAN_POINT ( 'NONE',  ( -1.899999999999999700, 4.800000000000006000, -500.0000000000000000 ) ) ;
#3484 = LINE ( 'NONE', #3483, #3482 ) ;
#3485 = CARTESIAN_POINT ( 'NONE',  ( 9.949999999999997500, 9.449999999999992200, 0.0000000000000000000 ) ) ;
#3486 = DIRECTION ( 'NONE',  ( 1.000000000000000000, 3.981332567815622700E-015, 0.0000000000000000000 ) ) ;
#3487 = VECTOR ( 'NONE', #3486, 1000.000000000000000 ) ;
#3488 = CARTESIAN_POINT ( 'NONE',  ( 12.99999999999999800, 9.450000000000002800, 0.0000000000000000000 ) ) ;
#3489 = LINE ( 'NONE', #3488, #3487 ) ;
#3490 = CARTESIAN_POINT ( 'NONE',  ( 12.99999999999999800, 9.450000000000002800, 0.0000000000000000000 ) ) ;
#3491 = DIRECTION ( 'NONE',  ( 1.000000000000000000, 0.0000000000000000000, 0.0000000000000000000 ) ) ;
#3492 = DIRECTION ( 'NONE',  ( 0.0000000000000000000, 0.0000000000000000000, 1.000000000000000000 ) ) ;
#3493 = CARTESIAN_POINT ( 'NONE',  ( 13.00000000000000000, 9.750000000000003600, 0.0000000000000000000 ) ) ;
#3494 = AXIS2_PLACEMENT_3D ( 'NONE', #3493, #3492, #3491 ) ;
#3495 = CIRCLE ( 'NONE', #3494, 0.2999999999999999300 ) ;
#3496 = DIRECTION ( 'NONE',  ( -1.000000000000000000, 0.0000000000000000000, 0.0000000000000000000 ) ) ;
#3497 = DIRECTION ( 'NONE',  ( 0.0000000000000000000, 0.0000000000000000000, -1.000000000000000000 ) ) ;
#3498 = CARTESIAN_POINT ( 'NONE',  ( -3.336165463522454900, -1.599999999999999900, -500.0000000000000000 ) ) ;
#3499 = AXIS2_PLACEMENT_3D ( 'NONE', #3498, #3497, #3496 ) ;
#3500 = CIRCLE ( 'NONE', #3499, 0.2999999999999999300 ) ;
#3501 = LINE ( 'NONE', #3466, #3465 ) ;
#3502 = CARTESIAN_POINT ( 'NONE',  ( 1.899999999999999500, -4.409032388147643600, -500.0000000000000000 ) ) ;
#3503 = DIRECTION ( 'NONE',  ( 6.569510263935078700E-016, -1.000000000000000000, 0.0000000000000000000 ) ) ;
#3504 = VECTOR ( 'NONE', #3503, 1000.000000000000000 ) ;
#3505 = CARTESIAN_POINT ( 'NONE',  ( 1.899999999999998600, -2.819574435974336900, -500.0000000000000000 ) ) ;
#3506 = LINE ( 'NONE', #3505, #3504 ) ;
#3507 = CARTESIAN_POINT ( 'NONE',  ( 1.899999999999999000, -3.336165463522455800, -500.0000000000000000 ) ) ;
#3508 = DIRECTION ( 'NONE',  ( -1.000000000000000000, 0.0000000000000000000, 0.0000000000000000000 ) ) ;
#3509 = DIRECTION ( 'NONE',  ( 0.0000000000000000000, 0.0000000000000000000, -1.000000000000000000 ) ) ;
#3510 = AXIS2_PLACEMENT_3D ( 'NONE', #3408, #3509, #3508 ) ;
#3511 = CIRCLE ( 'NONE', #3510, 0.2999999999999999300 ) ;
#3512 = CARTESIAN_POINT ( 'NONE',  ( -11.73737050983342600, -13.30000000000000600, -500.0000000000000000 ) ) ;
#3513 = DIRECTION ( 'NONE',  ( -1.000000000000000000, 6.569510263935087600E-016, 0.0000000000000000000 ) ) ;
#3514 = VECTOR ( 'NONE', #3513, 1000.000000000000000 ) ;
#3515 = CARTESIAN_POINT ( 'NONE',  ( 2.819574435974338700, -1.899999999999998800, -500.0000000000000000 ) ) ;
#3516 = LINE ( 'NONE', #3515, #3514 ) ;
#3517 = DIRECTION ( 'NONE',  ( 1.000000000000000000, 0.0000000000000000000, 0.0000000000000000000 ) ) ;
#3518 = CARTESIAN_POINT ( 'NONE',  ( -9.949999999999999300, 9.449999999999999300, 0.0000000000000000000 ) ) ;
#3519 = DIRECTION ( 'NONE',  ( -1.000000000000000000, 0.0000000000000000000, 0.0000000000000000000 ) ) ;
#3520 = DIRECTION ( 'NONE',  ( 0.0000000000000000000, 0.0000000000000000000, 1.000000000000000000 ) ) ;
#3521 = CARTESIAN_POINT ( 'NONE',  ( -9.949999999999999300, 9.949999999999999300, 0.0000000000000000000 ) ) ;
#3522 = AXIS2_PLACEMENT_3D ( 'NONE', #3521, #3520, #3519 ) ;
#3523 = DIRECTION ( 'NONE',  ( 0.0000000000000000000, 0.0000000000000000000, 1.000000000000000000 ) ) ;
#3524 = CARTESIAN_POINT ( 'NONE',  ( -13.00000000000000000, 9.750000000000000000, -500.0000000000000000 ) ) ;
#3525 = AXIS2_PLACEMENT_3D ( 'NONE', #3524, #3523, #3610 ) ;
#3526 = CIRCLE ( 'NONE', #3525, 0.2999999999999999300 ) ;
#3527 = DIRECTION ( 'NONE',  ( 0.0000000000000000000, -1.000000000000000000, 0.0000000000000000000 ) ) ;
#3528 = VECTOR ( 'NONE', #3527, 1000.000000000000000 ) ;
#3529 = CARTESIAN_POINT ( 'NONE',  ( 9.449999999999999300, 13.00000000000000200, -500.0000000000000000 ) ) ;
#3530 = LINE ( 'NONE', #3529, #3528 ) ;
#3531 = CARTESIAN_POINT ( 'NONE',  ( 9.449999999999999300, 13.00000000000000200, -500.0000000000000000 ) ) ;
#3532 = DIRECTION ( 'NONE',  ( -1.000000000000000000, 0.0000000000000000000, 0.0000000000000000000 ) ) ;
#3533 = DIRECTION ( 'NONE',  ( 0.0000000000000000000, 0.0000000000000000000, 1.000000000000000000 ) ) ;
#3534 = CARTESIAN_POINT ( 'NONE',  ( 9.750000000000000000, 13.00000000000000200, -500.0000000000000000 ) ) ;
#3535 = AXIS2_PLACEMENT_3D ( 'NONE', #3534, #3533, #3532 ) ;
#3536 = CIRCLE ( 'NONE', #3535, 0.2999999999999999300 ) ;
#3537 = CARTESIAN_POINT ( 'NONE',  ( 9.750000000000000000, 13.30000000000000100, -500.0000000000000000 ) ) ;
#3538 = DIRECTION ( 'NONE',  ( 1.000000000000000000, 0.0000000000000000000, 0.0000000000000000000 ) ) ;
#3539 = DIRECTION ( 'NONE',  ( 0.0000000000000000000, 0.0000000000000000000, 1.000000000000000000 ) ) ;
#3540 = LINE ( 'NONE', #3615, #3614 ) ;
#3541 = CARTESIAN_POINT ( 'NONE',  ( -12.64901760219492400, -12.29546421160165800, 0.0000000000000000000 ) ) ;
#3542 = DIRECTION ( 'NONE',  ( 1.000000000000000000, 0.0000000000000000000, 0.0000000000000000000 ) ) ;
#3543 = DIRECTION ( 'NONE',  ( 0.0000000000000000000, 0.0000000000000000000, -1.000000000000000000 ) ) ;
#3544 = VECTOR ( 'NONE', #3729, 1000.000000000000000 ) ;
#3545 = CARTESIAN_POINT ( 'NONE',  ( 11.73737050983342900, 13.30000000000000200, 0.0000000000000000000 ) ) ;
#3546 = LINE ( 'NONE', #3545, #3544 ) ;
#3547 = CARTESIAN_POINT ( 'NONE',  ( 9.750000000000000000, 13.30000000000000100, 0.0000000000000000000 ) ) ;
#3548 = DIRECTION ( 'NONE',  ( -1.000000000000000000, 0.0000000000000000000, 0.0000000000000000000 ) ) ;
#3549 = DIRECTION ( 'NONE',  ( 0.0000000000000000000, 0.0000000000000000000, 1.000000000000000000 ) ) ;
#3550 = CARTESIAN_POINT ( 'NONE',  ( 9.750000000000000000, 13.00000000000000200, 0.0000000000000000000 ) ) ;
#3551 = AXIS2_PLACEMENT_3D ( 'NONE', #3550, #3549, #3548 ) ;
#3552 = CIRCLE ( 'NONE', #3551, 0.2999999999999999300 ) ;
#3553 = CARTESIAN_POINT ( 'NONE',  ( 12.99999999999999800, 9.450000000000002800, -500.0000000000000000 ) ) ;
#3554 = DIRECTION ( 'NONE',  ( 1.000000000000000000, 0.0000000000000000000, 0.0000000000000000000 ) ) ;
#3555 = DIRECTION ( 'NONE',  ( 0.0000000000000000000, 0.0000000000000000000, 1.000000000000000000 ) ) ;
#3556 = CARTESIAN_POINT ( 'NONE',  ( 13.00000000000000000, 9.750000000000003600, -500.0000000000000000 ) ) ;
#3557 = AXIS2_PLACEMENT_3D ( 'NONE', #3556, #3555, #3554 ) ;
#3558 = CIRCLE ( 'NONE', #3557, 0.2999999999999999300 ) ;
#3559 = CARTESIAN_POINT ( 'NONE',  ( 11.73737050983342900, -13.30000000000000200, -500.0000000000000000 ) ) ;
#3560 = DIRECTION ( 'NONE',  ( 1.000000000000000000, -8.728737129757460800E-016, 0.0000000000000000000 ) ) ;
#3561 = VECTOR ( 'NONE', #3560, 1000.000000000000000 ) ;
#3562 = CARTESIAN_POINT ( 'NONE',  ( 11.73737050983342900, -13.30000000000000200, -500.0000000000000000 ) ) ;
#3563 = LINE ( 'NONE', #3562, #3561 ) ;
#3564 = CARTESIAN_POINT ( 'NONE',  ( 12.22033342297796400, -12.92940952255126400, -500.0000000000000000 ) ) ;
#3565 = DIRECTION ( 'NONE',  ( 1.000000000000000000, 0.0000000000000000000, 0.0000000000000000000 ) ) ;
#3566 = DIRECTION ( 'NONE',  ( 0.0000000000000000000, 0.0000000000000000000, 1.000000000000000000 ) ) ;
#3567 = CARTESIAN_POINT ( 'NONE',  ( 11.73737050983342900, -12.80000000000000200, -500.0000000000000000 ) ) ;
#3568 = AXIS2_PLACEMENT_3D ( 'NONE', #3567, #3566, #3565 ) ;
#3569 = CIRCLE ( 'NONE', #3568, 0.5000000000000004400 ) ;
#3570 = CARTESIAN_POINT ( 'NONE',  ( -9.750000000000000000, 13.29999999999999900, -500.0000000000000000 ) ) ;
#3571 = CARTESIAN_POINT ( 'NONE',  ( -9.449999999999999300, 13.00000000000000000, -500.0000000000000000 ) ) ;
#3572 = DIRECTION ( 'NONE',  ( 0.0000000000000000000, 1.000000000000000000, 0.0000000000000000000 ) ) ;
#3573 = VECTOR ( 'NONE', #3572, 1000.000000000000000 ) ;
#3574 = CARTESIAN_POINT ( 'NONE',  ( -9.449999999999999300, 13.00000000000000000, -500.0000000000000000 ) ) ;
#3575 = LINE ( 'NONE', #3574, #3573 ) ;
#3576 = CARTESIAN_POINT ( 'NONE',  ( -9.449999999999999300, 9.949999999999999300, -500.0000000000000000 ) ) ;
#3577 = CARTESIAN_POINT ( 'NONE',  ( -9.949999999999999300, 9.449999999999999300, -500.0000000000000000 ) ) ;
#3578 = DIRECTION ( 'NONE',  ( -1.000000000000000000, 0.0000000000000000000, 0.0000000000000000000 ) ) ;
#3579 = DIRECTION ( 'NONE',  ( 0.0000000000000000000, 0.0000000000000000000, 1.000000000000000000 ) ) ;
#3580 = CARTESIAN_POINT ( 'NONE',  ( -9.949999999999999300, 9.949999999999999300, -500.0000000000000000 ) ) ;
#3581 = AXIS2_PLACEMENT_3D ( 'NONE', #3580, #3579, #3578 ) ;
#3582 = CIRCLE ( 'NONE', #3581, 0.4999999999999987200 ) ;
#3583 = CARTESIAN_POINT ( 'NONE',  ( 3.336165463522455400, -1.899999999999999000, -500.0000000000000000 ) ) ;
#3584 = DIRECTION ( 'NONE',  ( 0.0000000000000000000, 0.0000000000000000000, -1.000000000000000000 ) ) ;
#3585 = CARTESIAN_POINT ( 'NONE',  ( 12.77842712474618900, 12.77842712474618700, -500.0000000000000000 ) ) ;
#3586 = AXIS2_PLACEMENT_3D ( 'NONE', #3585, #3584, #3653 ) ;
#3587 = CIRCLE ( 'NONE', #3586, 0.5000000000000022200 ) ;
#3588 = CARTESIAN_POINT ( 'NONE',  ( 12.64901760219492700, 12.29546421160165300, -500.0000000000000000 ) ) ;
#3589 = DIRECTION ( 'NONE',  ( -0.9659258262890700900, 0.2588190451025141900, 0.0000000000000000000 ) ) ;
#3590 = VECTOR ( 'NONE', #3589, 1000.000000000000000 ) ;
#3591 = CARTESIAN_POINT ( 'NONE',  ( 12.64901760219492700, 12.29546421160165300, -500.0000000000000000 ) ) ;
#3592 = LINE ( 'NONE', #3591, #3590 ) ;
#3593 = CARTESIAN_POINT ( 'NONE',  ( 12.92940952255126600, 12.22033342297796200, -500.0000000000000000 ) ) ;
#3594 = DIRECTION ( 'NONE',  ( 1.000000000000000000, 0.0000000000000000000, 0.0000000000000000000 ) ) ;
#3595 = DIRECTION ( 'NONE',  ( 0.0000000000000000000, 0.0000000000000000000, 1.000000000000000000 ) ) ;
#3596 = CARTESIAN_POINT ( 'NONE',  ( 12.80000000000000200, 11.73737050983342900, -500.0000000000000000 ) ) ;
#3597 = AXIS2_PLACEMENT_3D ( 'NONE', #3596, #3595, #3594 ) ;
#3598 = CIRCLE ( 'NONE', #3760, 0.5000000000000004400 ) ;
#3599 = DIRECTION ( 'NONE',  ( -0.2588190451025141900, 0.9659258262890700900, 0.0000000000000000000 ) ) ;
#3600 = VECTOR ( 'NONE', #3599, 1000.000000000000000 ) ;
#3601 = CARTESIAN_POINT ( 'NONE',  ( 12.29546421160165400, 12.64901760219492600, -500.0000000000000000 ) ) ;
#3602 = LINE ( 'NONE', #3601, #3600 ) ;
#3603 = CARTESIAN_POINT ( 'NONE',  ( 13.30000000000000400, 11.73737050983342700, -500.0000000000000000 ) ) ;
#3604 = DIRECTION ( 'NONE',  ( 1.745747425951496900E-015, 1.000000000000000000, 0.0000000000000000000 ) ) ;
#3605 = VECTOR ( 'NONE', #3604, 1000.000000000000000 ) ;
#3606 = CARTESIAN_POINT ( 'NONE',  ( 13.30000000000000200, 11.73737050983342700, -500.0000000000000000 ) ) ;
#3607 = LINE ( 'NONE', #3606, #3605 ) ;
#3608 = CARTESIAN_POINT ( 'NONE',  ( 13.29999999999999900, 9.750000000000003600, -500.0000000000000000 ) ) ;
#3609 = CARTESIAN_POINT ( 'NONE',  ( -12.99999999999999800, 9.449999999999999300, -500.0000000000000000 ) ) ;
#3610 = DIRECTION ( 'NONE',  ( -1.000000000000000000, 0.0000000000000000000, 0.0000000000000000000 ) ) ;
#3611 = CIRCLE ( 'NONE', #3699, 0.5000000000000004400 ) ;
#3612 = CARTESIAN_POINT ( 'NONE',  ( -12.92940952255126200, -12.22033342297796600, 0.0000000000000000000 ) ) ;
#3613 = DIRECTION ( 'NONE',  ( 0.9659258262890700900, -0.2588190451025141900, 0.0000000000000000000 ) ) ;
#3614 = VECTOR ( 'NONE', #3613, 1000.000000000000000 ) ;
#3615 = CARTESIAN_POINT ( 'NONE',  ( -12.64901760219492400, -12.29546421160165600, 0.0000000000000000000 ) ) ;
#3616 = CARTESIAN_POINT ( 'NONE',  ( -12.29546421160165100, -12.64901760219492900, 0.0000000000000000000 ) ) ;
#3617 = DIRECTION ( 'NONE',  ( 0.2588190451025141900, -0.9659258262890700900, 0.0000000000000000000 ) ) ;
#3618 = VECTOR ( 'NONE', #3617, 1000.000000000000000 ) ;
#3619 = CARTESIAN_POINT ( 'NONE',  ( -12.29546421160165100, -12.64901760219492900, 0.0000000000000000000 ) ) ;
#3620 = LINE ( 'NONE', #3619, #3618 ) ;
#3621 = CARTESIAN_POINT ( 'NONE',  ( -12.22033342297796000, -12.92940952255126800, 0.0000000000000000000 ) ) ;
#3622 = DIRECTION ( 'NONE',  ( -1.000000000000000000, 0.0000000000000000000, 0.0000000000000000000 ) ) ;
#3623 = DIRECTION ( 'NONE',  ( 0.0000000000000000000, 0.0000000000000000000, 1.000000000000000000 ) ) ;
#3624 = CARTESIAN_POINT ( 'NONE',  ( -11.73737050983342600, -12.80000000000000600, 0.0000000000000000000 ) ) ;
#3625 = AXIS2_PLACEMENT_3D ( 'NONE', #3624, #3623, #3622 ) ;
#3626 = CIRCLE ( 'NONE', #3625, 0.5000000000000004400 ) ;
#3627 = CARTESIAN_POINT ( 'NONE',  ( -11.73737050983342600, -13.30000000000000600, 0.0000000000000000000 ) ) ;
#3628 = DIRECTION ( 'NONE',  ( 1.000000000000000000, 1.745747425951492200E-015, 0.0000000000000000000 ) ) ;
#3629 = VECTOR ( 'NONE', #3628, 1000.000000000000000 ) ;
#3630 = CARTESIAN_POINT ( 'NONE',  ( -11.73737050983342600, -13.30000000000000600, 0.0000000000000000000 ) ) ;
#3631 = LINE ( 'NONE', #3630, #3629 ) ;
#3632 = CARTESIAN_POINT ( 'NONE',  ( -9.749999999999996400, -13.30000000000000200, 0.0000000000000000000 ) ) ;
#3633 = DIRECTION ( 'NONE',  ( -1.000000000000000000, 0.0000000000000000000, 0.0000000000000000000 ) ) ;
#3634 = DIRECTION ( 'NONE',  ( 0.0000000000000000000, 0.0000000000000000000, 1.000000000000000000 ) ) ;
#3635 = CARTESIAN_POINT ( 'NONE',  ( -9.749999999999996400, -13.00000000000000400, 0.0000000000000000000 ) ) ;
#3636 = AXIS2_PLACEMENT_3D ( 'NONE', #3635, #3634, #3633 ) ;
#3637 = CIRCLE ( 'NONE', #3636, 0.2999999999999999300 ) ;
#3638 = CARTESIAN_POINT ( 'NONE',  ( -9.449999999999995700, -13.00000000000000400, 0.0000000000000000000 ) ) ;
#3639 = VECTOR ( 'NONE', #3703, 1000.000000000000000 ) ;
#3640 = DIRECTION ( 'NONE',  ( 1.000000000000000000, 3.981332567815622700E-015, 0.0000000000000000000 ) ) ;
#3641 = VECTOR ( 'NONE', #3640, 1000.000000000000000 ) ;
#3642 = CARTESIAN_POINT ( 'NONE',  ( 12.99999999999999800, 9.450000000000002800, -500.0000000000000000 ) ) ;
#3643 = LINE ( 'NONE', #3642, #3641 ) ;
#3644 = CARTESIAN_POINT ( 'NONE',  ( 9.949999999999997500, 9.449999999999992200, -500.0000000000000000 ) ) ;
#3645 = DIRECTION ( 'NONE',  ( 1.000000000000000000, 0.0000000000000000000, 0.0000000000000000000 ) ) ;
#3646 = DIRECTION ( 'NONE',  ( 0.0000000000000000000, 0.0000000000000000000, 1.000000000000000000 ) ) ;
#3647 = CARTESIAN_POINT ( 'NONE',  ( 9.949999999999999300, 9.950000000000001100, -500.0000000000000000 ) ) ;
#3648 = AXIS2_PLACEMENT_3D ( 'NONE', #3647, #3646, #3645 ) ;
#3649 = CIRCLE ( 'NONE', #3648, 0.5000000000000038900 ) ;
#3650 = CARTESIAN_POINT ( 'NONE',  ( 9.449999999999995700, 9.950000000000001100, -500.0000000000000000 ) ) ;
#3651 = CARTESIAN_POINT ( 'NONE',  ( 12.22033342297796400, 12.92940952255126400, -500.0000000000000000 ) ) ;
#3652 = CARTESIAN_POINT ( 'NONE',  ( 12.29546421160165400, 12.64901760219492600, -500.0000000000000000 ) ) ;
#3653 = DIRECTION ( 'NONE',  ( 1.000000000000000000, 0.0000000000000000000, 0.0000000000000000000 ) ) ;
#3654 = DIRECTION ( 'NONE',  ( -1.000000000000000000, 0.0000000000000000000, 0.0000000000000000000 ) ) ;
#3655 = DIRECTION ( 'NONE',  ( 0.0000000000000000000, 0.0000000000000000000, 1.000000000000000000 ) ) ;
#3656 = CARTESIAN_POINT ( 'NONE',  ( -13.00000000000000000, 9.750000000000000000, 0.0000000000000000000 ) ) ;
#3657 = AXIS2_PLACEMENT_3D ( 'NONE', #3656, #3655, #3654 ) ;
#3658 = CIRCLE ( 'NONE', #3657, 0.2999999999999999300 ) ;
#3659 = CARTESIAN_POINT ( 'NONE',  ( -13.30000000000000200, 11.73737050983342400, 0.0000000000000000000 ) ) ;
#3660 = DIRECTION ( 'NONE',  ( 1.745747425951496900E-015, -1.000000000000000000, 0.0000000000000000000 ) ) ;
#3661 = VECTOR ( 'NONE', #3660, 1000.000000000000000 ) ;
#3662 = CARTESIAN_POINT ( 'NONE',  ( -13.30000000000000200, 11.73737050983342400, 0.0000000000000000000 ) ) ;
#3663 = LINE ( 'NONE', #3662, #3661 ) ;
#3664 = DIRECTION ( 'NONE',  ( 1.000000000000000000, 0.0000000000000000000, 0.0000000000000000000 ) ) ;
#3665 = VECTOR ( 'NONE', #3664, 1000.000000000000000 ) ;
#3666 = CARTESIAN_POINT ( 'NONE',  ( -12.99999999999999800, 9.449999999999999300, 0.0000000000000000000 ) ) ;
#3667 = LINE ( 'NONE', #3666, #3665 ) ;
#3668 = DIRECTION ( 'NONE',  ( -1.000000000000000000, 0.0000000000000000000, 0.0000000000000000000 ) ) ;
#3669 = DIRECTION ( 'NONE',  ( 0.0000000000000000000, 0.0000000000000000000, -1.000000000000000000 ) ) ;
#3670 = CARTESIAN_POINT ( 'NONE',  ( 3.336165463522455400, -1.599999999999999000, -500.0000000000000000 ) ) ;
#3671 = AXIS2_PLACEMENT_3D ( 'NONE', #3670, #3669, #3668 ) ;
#3672 = CIRCLE ( 'NONE', #3671, 0.2999999999999999300 ) ;
#3673 = CARTESIAN_POINT ( 'NONE',  ( 9.750000000000000000, -13.00000000000000200, 0.0000000000000000000 ) ) ;
#3674 = AXIS2_PLACEMENT_3D ( 'NONE', #3673, #3539, #3538 ) ;
#3675 = CIRCLE ( 'NONE', #3674, 0.2999999999999999300 ) ;
#3676 = CARTESIAN_POINT ( 'NONE',  ( 9.750000000000000000, -13.30000000000000100, 0.0000000000000000000 ) ) ;
#3677 = DIRECTION ( 'NONE',  ( 1.000000000000000000, -8.728737129757460800E-016, 0.0000000000000000000 ) ) ;
#3678 = VECTOR ( 'NONE', #3677, 1000.000000000000000 ) ;
#3679 = CARTESIAN_POINT ( 'NONE',  ( 11.73737050983342900, -13.30000000000000200, 0.0000000000000000000 ) ) ;
#3680 = LINE ( 'NONE', #3679, #3678 ) ;
#3681 = CARTESIAN_POINT ( 'NONE',  ( 11.73737050983342900, -13.30000000000000200, 0.0000000000000000000 ) ) ;
#3682 = DIRECTION ( 'NONE',  ( 1.000000000000000000, 0.0000000000000000000, 0.0000000000000000000 ) ) ;
#3683 = DIRECTION ( 'NONE',  ( 0.0000000000000000000, 0.0000000000000000000, 1.000000000000000000 ) ) ;
#3684 = CARTESIAN_POINT ( 'NONE',  ( 11.73737050983342900, -12.80000000000000200, 0.0000000000000000000 ) ) ;
#3685 = AXIS2_PLACEMENT_3D ( 'NONE', #3684, #3683, #3682 ) ;
#3686 = CIRCLE ( 'NONE', #3685, 0.5000000000000004400 ) ;
#3687 = CARTESIAN_POINT ( 'NONE',  ( 12.22033342297796400, -12.92940952255126400, 0.0000000000000000000 ) ) ;
#3688 = DIRECTION ( 'NONE',  ( 0.2588190451025141900, 0.9659258262890700900, 0.0000000000000000000 ) ) ;
#3689 = VECTOR ( 'NONE', #3688, 1000.000000000000000 ) ;
#3690 = CARTESIAN_POINT ( 'NONE',  ( 12.29546421160165400, -12.64901760219492600, 0.0000000000000000000 ) ) ;
#3691 = LINE ( 'NONE', #3690, #3689 ) ;
#3692 = DIRECTION ( 'NONE',  ( -1.000000000000000000, 0.0000000000000000000, 0.0000000000000000000 ) ) ;
#3693 = DIRECTION ( 'NONE',  ( 0.0000000000000000000, 0.0000000000000000000, -1.000000000000000000 ) ) ;
#3694 = AXIS2_PLACEMENT_3D ( 'NONE', #3700, #3693, #3692 ) ;
#3695 = CIRCLE ( 'NONE', #3694, 0.4999999999999970000 ) ;
#3696 = DIRECTION ( 'NONE',  ( 1.000000000000000000, 0.0000000000000000000, 0.0000000000000000000 ) ) ;
#3697 = DIRECTION ( 'NONE',  ( 0.0000000000000000000, 0.0000000000000000000, 1.000000000000000000 ) ) ;
#3698 = CARTESIAN_POINT ( 'NONE',  ( -12.79999999999999900, -11.73737050983343300, 0.0000000000000000000 ) ) ;
#3699 = AXIS2_PLACEMENT_3D ( 'NONE', #3698, #3697, #3696 ) ;
#3700 = CARTESIAN_POINT ( 'NONE',  ( 12.77842712474618200, -12.77842712474618700, 0.0000000000000000000 ) ) ;
#3701 = CARTESIAN_POINT ( 'NONE',  ( -12.77842712474617800, -12.77842712474619100, 0.0000000000000000000 ) ) ;
#3702 = AXIS2_PLACEMENT_3D ( 'NONE', #3701, #3543, #3542 ) ;
#3703 = DIRECTION ( 'NONE',  ( 0.0000000000000000000, 1.000000000000000000, 0.0000000000000000000 ) ) ;
#3704 = CARTESIAN_POINT ( 'NONE',  ( -9.449999999999995700, -13.00000000000000400, 0.0000000000000000000 ) ) ;
#3705 = LINE ( 'NONE', #3704, #3639 ) ;
#3706 = CARTESIAN_POINT ( 'NONE',  ( -12.99999999999999500, -9.450000000000006400, 0.0000000000000000000 ) ) ;
#3707 = DIRECTION ( 'NONE',  ( 1.000000000000000000, 0.0000000000000000000, 0.0000000000000000000 ) ) ;
#3708 = DIRECTION ( 'NONE',  ( 0.0000000000000000000, 0.0000000000000000000, 1.000000000000000000 ) ) ;
#3709 = CARTESIAN_POINT ( 'NONE',  ( -12.99999999999999600, -9.750000000000007100, 0.0000000000000000000 ) ) ;
#3710 = AXIS2_PLACEMENT_3D ( 'NONE', #3709, #3708, #3707 ) ;
#3711 = CIRCLE ( 'NONE', #3710, 0.2999999999999999300 ) ;
#3712 = DIRECTION ( 'NONE',  ( 1.000000000000000000, 0.0000000000000000000, 0.0000000000000000000 ) ) ;
#3713 = DIRECTION ( 'NONE',  ( 0.0000000000000000000, 0.0000000000000000000, -1.000000000000000000 ) ) ;
#3714 = CARTESIAN_POINT ( 'NONE',  ( 12.77842712474618900, 12.77842712474618700, 0.0000000000000000000 ) ) ;
#3715 = AXIS2_PLACEMENT_3D ( 'NONE', #3714, #3713, #3712 ) ;
#3716 = CIRCLE ( 'NONE', #3715, 0.5000000000000022200 ) ;
#3717 = CARTESIAN_POINT ( 'NONE',  ( 12.29546421160165400, 12.64901760219492600, 0.0000000000000000000 ) ) ;
#3718 = DIRECTION ( 'NONE',  ( -0.2588190451025141900, 0.9659258262890700900, 0.0000000000000000000 ) ) ;
#3719 = VECTOR ( 'NONE', #3718, 1000.000000000000000 ) ;
#3720 = CARTESIAN_POINT ( 'NONE',  ( 12.29546421160165400, 12.64901760219492600, 0.0000000000000000000 ) ) ;
#3721 = LINE ( 'NONE', #3720, #3719 ) ;
#3722 = CARTESIAN_POINT ( 'NONE',  ( 12.22033342297796400, 12.92940952255126400, 0.0000000000000000000 ) ) ;
#3723 = DIRECTION ( 'NONE',  ( -1.000000000000000000, 0.0000000000000000000, 0.0000000000000000000 ) ) ;
#3724 = DIRECTION ( 'NONE',  ( 0.0000000000000000000, 0.0000000000000000000, 1.000000000000000000 ) ) ;
#3725 = CARTESIAN_POINT ( 'NONE',  ( 11.73737050983342900, 12.80000000000000200, 0.0000000000000000000 ) ) ;
#3726 = AXIS2_PLACEMENT_3D ( 'NONE', #3725, #3724, #3723 ) ;
#3727 = CIRCLE ( 'NONE', #3726, 0.5000000000000004400 ) ;
#3728 = CARTESIAN_POINT ( 'NONE',  ( 11.73737050983342900, 13.30000000000000200, 0.0000000000000000000 ) ) ;
#3729 = DIRECTION ( 'NONE',  ( -1.000000000000000000, -8.728737129757460800E-016, 0.0000000000000000000 ) ) ;
#3730 = CIRCLE ( 'NONE', #3597, 0.5000000000000004400 ) ;
#3731 = CARTESIAN_POINT ( 'NONE',  ( 12.64901760219492700, -12.29546421160165400, -500.0000000000000000 ) ) ;
#3732 = DIRECTION ( 'NONE',  ( -1.000000000000000000, 0.0000000000000000000, 0.0000000000000000000 ) ) ;
#3733 = DIRECTION ( 'NONE',  ( 0.0000000000000000000, 0.0000000000000000000, -1.000000000000000000 ) ) ;
#3734 = CARTESIAN_POINT ( 'NONE',  ( 12.77842712474618200, -12.77842712474618700, -500.0000000000000000 ) ) ;
#3735 = AXIS2_PLACEMENT_3D ( 'NONE', #3734, #3733, #3732 ) ;
#3736 = CIRCLE ( 'NONE', #3735, 0.4999999999999970000 ) ;
#3737 = CARTESIAN_POINT ( 'NONE',  ( 12.29546421160165400, -12.64901760219492600, -500.0000000000000000 ) ) ;
#3738 = DIRECTION ( 'NONE',  ( 0.2588190451025141900, 0.9659258262890700900, 0.0000000000000000000 ) ) ;
#3739 = VECTOR ( 'NONE', #3738, 1000.000000000000000 ) ;
#3740 = CARTESIAN_POINT ( 'NONE',  ( 12.29546421160165400, -12.64901760219492600, -500.0000000000000000 ) ) ;
#3741 = LINE ( 'NONE', #3740, #3739 ) ;
#3742 = DIRECTION ( 'NONE',  ( -1.000000000000000000, 3.981332567815622700E-015, 0.0000000000000000000 ) ) ;
#3743 = VECTOR ( 'NONE', #3742, 1000.000000000000000 ) ;
#3744 = CARTESIAN_POINT ( 'NONE',  ( 12.99999999999999800, -9.450000000000002800, -500.0000000000000000 ) ) ;
#3745 = LINE ( 'NONE', #3744, #3743 ) ;
#3746 = CARTESIAN_POINT ( 'NONE',  ( 12.99999999999999800, -9.450000000000002800, -500.0000000000000000 ) ) ;
#3747 = DIRECTION ( 'NONE',  ( -1.000000000000000000, 0.0000000000000000000, 0.0000000000000000000 ) ) ;
#3748 = DIRECTION ( 'NONE',  ( 0.0000000000000000000, 0.0000000000000000000, 1.000000000000000000 ) ) ;
#3749 = CARTESIAN_POINT ( 'NONE',  ( 13.00000000000000000, -9.750000000000003600, -500.0000000000000000 ) ) ;
#3750 = AXIS2_PLACEMENT_3D ( 'NONE', #3749, #3748, #3747 ) ;
#3751 = CIRCLE ( 'NONE', #3750, 0.2999999999999999300 ) ;
#3752 = DIRECTION ( 'NONE',  ( -1.000000000000000000, -8.728737129757460800E-016, 0.0000000000000000000 ) ) ;
#3753 = VECTOR ( 'NONE', #3752, 1000.000000000000000 ) ;
#3754 = CARTESIAN_POINT ( 'NONE',  ( 11.73737050983342900, 13.30000000000000200, -500.0000000000000000 ) ) ;
#3755 = LINE ( 'NONE', #3754, #3753 ) ;
#3756 = CARTESIAN_POINT ( 'NONE',  ( 11.73737050983342900, 13.30000000000000200, -500.0000000000000000 ) ) ;
#3757 = DIRECTION ( 'NONE',  ( -1.000000000000000000, 0.0000000000000000000, 0.0000000000000000000 ) ) ;
#3758 = DIRECTION ( 'NONE',  ( 0.0000000000000000000, 0.0000000000000000000, 1.000000000000000000 ) ) ;
#3759 = CARTESIAN_POINT ( 'NONE',  ( 11.73737050983342900, 12.80000000000000200, -500.0000000000000000 ) ) ;
#3760 = AXIS2_PLACEMENT_3D ( 'NONE', #3759, #3758, #3757 ) ;
#3761 = CIRCLE ( 'NONE', #3702, 0.4999999999999970000 ) ;
#3762 = CARTESIAN_POINT ( 'NONE',  ( 4.336587135686299300, -3.629480354499754000, -500.0000000000000000 ) ) ;
#3763 = DIRECTION ( 'NONE',  ( 1.000000000000000000, 0.0000000000000000000, 0.0000000000000000000 ) ) ;
#3764 = DIRECTION ( 'NONE',  ( 0.0000000000000000000, 0.0000000000000000000, 1.000000000000000000 ) ) ;
#3765 = CARTESIAN_POINT ( 'NONE',  ( 3.370661309397229700, -3.370661309397228900, -500.0000000000000000 ) ) ;
#3766 = AXIS2_PLACEMENT_3D ( 'NONE', #3765, #3764, #3763 ) ;
#3767 = CIRCLE ( 'NONE', #3766, 1.000000000000001800 ) ;
#3768 = CARTESIAN_POINT ( 'NONE',  ( 3.629480354499754500, -4.336587135686298400, -500.0000000000000000 ) ) ;
#3769 = CARTESIAN_POINT ( 'NONE',  ( 13.30000000000000200, -11.73737050983342700, 0.0000000000000000000 ) ) ;
#3770 = LINE ( 'NONE', #3769, #3989 ) ;
#3771 = CARTESIAN_POINT ( 'NONE',  ( 13.29999999999999900, -9.750000000000003600, 0.0000000000000000000 ) ) ;
#3772 = DIRECTION ( 'NONE',  ( -1.000000000000000000, 0.0000000000000000000, 0.0000000000000000000 ) ) ;
#3773 = DIRECTION ( 'NONE',  ( 0.0000000000000000000, 0.0000000000000000000, 1.000000000000000000 ) ) ;
#3774 = CARTESIAN_POINT ( 'NONE',  ( 13.00000000000000000, -9.750000000000003600, 0.0000000000000000000 ) ) ;
#3775 = AXIS2_PLACEMENT_3D ( 'NONE', #3774, #3773, #3772 ) ;
#3776 = CIRCLE ( 'NONE', #3775, 0.2999999999999999300 ) ;
#3777 = DIRECTION ( 'NONE',  ( -1.000000000000000000, 3.981332567815622700E-015, 0.0000000000000000000 ) ) ;
#3778 = VECTOR ( 'NONE', #3777, 1000.000000000000000 ) ;
#3779 = CARTESIAN_POINT ( 'NONE',  ( 12.99999999999999800, -9.450000000000002800, 0.0000000000000000000 ) ) ;
#3780 = LINE ( 'NONE', #3779, #3778 ) ;
#3781 = DIRECTION ( 'NONE',  ( -1.000000000000000000, 0.0000000000000000000, 0.0000000000000000000 ) ) ;
#3782 = DIRECTION ( 'NONE',  ( 0.0000000000000000000, 0.0000000000000000000, 1.000000000000000000 ) ) ;
#3783 = CARTESIAN_POINT ( 'NONE',  ( -4.299999999999999800, 13.29999999999999900, 0.0000000000000000000 ) ) ;
#3784 = AXIS2_PLACEMENT_3D ( 'NONE', #3783, #3782, #3781 ) ;
#3785 = CIRCLE ( 'NONE', #3784, 0.2999999999999999300 ) ;
#3786 = DIRECTION ( 'NONE',  ( -1.000000000000000000, 0.0000000000000000000, 0.0000000000000000000 ) ) ;
#3787 = DIRECTION ( 'NONE',  ( 0.0000000000000000000, 0.0000000000000000000, 1.000000000000000000 ) ) ;
#3788 = CARTESIAN_POINT ( 'NONE',  ( -12.80000000000000200, 11.73737050983342600, 0.0000000000000000000 ) ) ;
#3789 = AXIS2_PLACEMENT_3D ( 'NONE', #3788, #3787, #3786 ) ;
#3790 = CIRCLE ( 'NONE', #3789, 0.5000000000000004400 ) ;
#3791 = CARTESIAN_POINT ( 'NONE',  ( -13.29999999999999900, -11.73737050983343100, 0.0000000000000000000 ) ) ;
#3792 = CARTESIAN_POINT ( 'NONE',  ( -13.29999999999999500, -9.750000000000010700, 0.0000000000000000000 ) ) ;
#3793 = DIRECTION ( 'NONE',  ( -1.745747425951496900E-015, -1.000000000000000000, 0.0000000000000000000 ) ) ;
#3794 = VECTOR ( 'NONE', #3793, 1000.000000000000000 ) ;
#3795 = CARTESIAN_POINT ( 'NONE',  ( -13.29999999999999900, -11.73737050983343100, 0.0000000000000000000 ) ) ;
#3796 = LINE ( 'NONE', #3795, #3794 ) ;
#3797 = DIRECTION ( 'NONE',  ( -1.000000000000000000, 0.0000000000000000000, 0.0000000000000000000 ) ) ;
#3798 = DIRECTION ( 'NONE',  ( 0.0000000000000000000, 0.0000000000000000000, -1.000000000000000000 ) ) ;
#3799 = CARTESIAN_POINT ( 'NONE',  ( -15.00000000000000400, 14.99999999999999500, 0.0000000000000000000 ) ) ;
#3800 = AXIS2_PLACEMENT_3D ( 'NONE', #3799, #3798, #3797 ) ;
#3801 = PLANE ( 'NONE',  #3800 ) ;
#3802 = FACE_BOUND ( 'NONE', #5790, .T. ) ;
#3803 = FACE_OUTER_BOUND ( 'NONE', #1077, .T. ) ;
#3804 = FACE_BOUND ( 'NONE', #860, .T. ) ;
#3805 = FACE_BOUND ( 'NONE', #1103, .T. ) ;
#3806 = FACE_BOUND ( 'NONE', #881, .T. ) ;
#3807 = FACE_BOUND ( 'NONE', #1128, .T. ) ;
#3808 = DIRECTION ( 'NONE',  ( -1.000000000000000000, 0.0000000000000000000, 0.0000000000000000000 ) ) ;
#3809 = DIRECTION ( 'NONE',  ( 0.0000000000000000000, 0.0000000000000000000, -1.000000000000000000 ) ) ;
#3810 = CARTESIAN_POINT ( 'NONE',  ( 3.336165463522455400, 1.599999999999999000, -500.0000000000000000 ) ) ;
#3811 = AXIS2_PLACEMENT_3D ( 'NONE', #3810, #3809, #3808 ) ;
#3812 = CIRCLE ( 'NONE', #3811, 0.2999999999999999300 ) ;
#3813 = DIRECTION ( 'NONE',  ( 1.000000000000000000, 0.0000000000000000000, 0.0000000000000000000 ) ) ;
#3814 = VECTOR ( 'NONE', #3813, 1000.000000000000000 ) ;
#3815 = CARTESIAN_POINT ( 'NONE',  ( -12.99999999999999800, 9.449999999999999300, -500.0000000000000000 ) ) ;
#3816 = LINE ( 'NONE', #3815, #3814 ) ;
#3817 = DIRECTION ( 'NONE',  ( 1.745747425951496900E-015, 1.000000000000000000, 0.0000000000000000000 ) ) ;
#3818 = VECTOR ( 'NONE', #3817, 1000.000000000000000 ) ;
#3819 = CARTESIAN_POINT ( 'NONE',  ( 13.30000000000000200, 11.73737050983342700, 0.0000000000000000000 ) ) ;
#3820 = LINE ( 'NONE', #3819, #3818 ) ;
#3821 = CARTESIAN_POINT ( 'NONE',  ( 12.29546421160165400, -12.64901760219492600, 0.0000000000000000000 ) ) ;
#3822 = DIRECTION ( 'NONE',  ( -1.000000000000000000, 0.0000000000000000000, 0.0000000000000000000 ) ) ;
#3823 = DIRECTION ( 'NONE',  ( 0.0000000000000000000, 0.0000000000000000000, 1.000000000000000000 ) ) ;
#3824 = CARTESIAN_POINT ( 'NONE',  ( -13.99999999999999600, 3.799999999999987400, 0.0000000000000000000 ) ) ;
#3825 = AXIS2_PLACEMENT_3D ( 'NONE', #3824, #3823, #3822 ) ;
#3826 = CIRCLE ( 'NONE', #3825, 0.5000000000000004400 ) ;
#3827 = DIRECTION ( 'NONE',  ( 1.000000000000000000, 0.0000000000000000000, 0.0000000000000000000 ) ) ;
#3828 = DIRECTION ( 'NONE',  ( 0.0000000000000000000, 0.0000000000000000000, 1.000000000000000000 ) ) ;
#3829 = CARTESIAN_POINT ( 'NONE',  ( -11.73737050983342900, 12.79999999999999900, 0.0000000000000000000 ) ) ;
#3830 = AXIS2_PLACEMENT_3D ( 'NONE', #3829, #3828, #3827 ) ;
#3831 = CIRCLE ( 'NONE', #3830, 0.5000000000000004400 ) ;
#3832 = CARTESIAN_POINT ( 'NONE',  ( -12.22033342297796400, 12.92940952255126100, 0.0000000000000000000 ) ) ;
#3833 = DIRECTION ( 'NONE',  ( -0.2588190451025141900, -0.9659258262890700900, 0.0000000000000000000 ) ) ;
#3834 = VECTOR ( 'NONE', #3833, 1000.000000000000000 ) ;
#3835 = CARTESIAN_POINT ( 'NONE',  ( -12.29546421160165400, 12.64901760219492200, 0.0000000000000000000 ) ) ;
#3836 = LINE ( 'NONE', #3835, #3834 ) ;
#3837 = CARTESIAN_POINT ( 'NONE',  ( -12.29546421160165400, 12.64901760219492200, 0.0000000000000000000 ) ) ;
#3838 = DIRECTION ( 'NONE',  ( -1.000000000000000000, 0.0000000000000000000, 0.0000000000000000000 ) ) ;
#3839 = DIRECTION ( 'NONE',  ( 0.0000000000000000000, 0.0000000000000000000, -1.000000000000000000 ) ) ;
#3840 = CARTESIAN_POINT ( 'NONE',  ( -12.77842712474618900, 12.77842712474618400, 0.0000000000000000000 ) ) ;
#3841 = AXIS2_PLACEMENT_3D ( 'NONE', #3840, #3839, #3838 ) ;
#3842 = CIRCLE ( 'NONE', #3841, 0.5000000000000004400 ) ;
#3843 = DIRECTION ( 'NONE',  ( -0.9659258262890686500, -0.2588190451025197400, 0.0000000000000000000 ) ) ;
#3844 = VECTOR ( 'NONE', #3843, 999.9999999999998900 ) ;
#3845 = CARTESIAN_POINT ( 'NONE',  ( -12.64901760219492700, 12.29546421160165100, 0.0000000000000000000 ) ) ;
#3846 = DIRECTION ( 'NONE',  ( -1.000000000000000000, 0.0000000000000000000, 0.0000000000000000000 ) ) ;
#3847 = DIRECTION ( 'NONE',  ( 0.0000000000000000000, 0.0000000000000000000, 1.000000000000000000 ) ) ;
#3848 = CARTESIAN_POINT ( 'NONE',  ( 13.29999999999999700, 4.300000000000005200, 0.0000000000000000000 ) ) ;
#3849 = AXIS2_PLACEMENT_3D ( 'NONE', #3848, #3847, #3846 ) ;
#3850 = CIRCLE ( 'NONE', #3849, 0.2999999999999999300 ) ;
#3851 = LINE ( 'NONE', #3845, #3844 ) ;
#3852 = DIRECTION ( 'NONE',  ( -6.569510263935078700E-016, -1.000000000000000000, 0.0000000000000000000 ) ) ;
#3853 = CARTESIAN_POINT ( 'NONE',  ( 1.899999999999998600, 2.819574435974336900, -500.0000000000000000 ) ) ;
#3854 = DIRECTION ( 'NONE',  ( -1.000000000000000000, 0.0000000000000000000, 0.0000000000000000000 ) ) ;
#3855 = DIRECTION ( 'NONE',  ( 1.000000000000000000, 0.0000000000000000000, 0.0000000000000000000 ) ) ;
#3856 = DIRECTION ( 'NONE',  ( 0.0000000000000000000, 0.0000000000000000000, 1.000000000000000000 ) ) ;
#3857 = CARTESIAN_POINT ( 'NONE',  ( -9.750000000000000000, 13.00000000000000000, 0.0000000000000000000 ) ) ;
#3858 = AXIS2_PLACEMENT_3D ( 'NONE', #3857, #3856, #3855 ) ;
#3859 = CIRCLE ( 'NONE', #3858, 0.2999999999999999300 ) ;
#3860 = CARTESIAN_POINT ( 'NONE',  ( -9.750000000000000000, 13.29999999999999900, 0.0000000000000000000 ) ) ;
#3861 = DIRECTION ( 'NONE',  ( -1.000000000000000000, 0.0000000000000000000, 0.0000000000000000000 ) ) ;
#3862 = VECTOR ( 'NONE', #3861, 1000.000000000000000 ) ;
#3863 = CARTESIAN_POINT ( 'NONE',  ( -11.73737050983342900, 13.29999999999999900, 0.0000000000000000000 ) ) ;
#3864 = LINE ( 'NONE', #3863, #3862 ) ;
#3865 = CARTESIAN_POINT ( 'NONE',  ( -11.73737050983342900, 13.29999999999999900, 0.0000000000000000000 ) ) ;
#3866 = CARTESIAN_POINT ( 'NONE',  ( -12.99999999999999800, 9.449999999999999300, 0.0000000000000000000 ) ) ;
#3867 = DIRECTION ( 'NONE',  ( -1.000000000000000000, 0.0000000000000000000, 0.0000000000000000000 ) ) ;
#3868 = DIRECTION ( 'NONE',  ( 0.0000000000000000000, 0.0000000000000000000, 1.000000000000000000 ) ) ;
#3869 = CARTESIAN_POINT ( 'NONE',  ( -13.29999999999999900, -4.300000000000005200, 0.0000000000000000000 ) ) ;
#3870 = AXIS2_PLACEMENT_3D ( 'NONE', #3869, #3868, #3867 ) ;
#3871 = CIRCLE ( 'NONE', #3870, 0.2999999999999999300 ) ;
#3872 = AXIS2_PLACEMENT_3D ( 'NONE', #3930, #3929, #3854 ) ;
#3873 = CARTESIAN_POINT ( 'NONE',  ( 1.899999999999999000, 3.336165463522455800, -500.0000000000000000 ) ) ;
#3874 = VECTOR ( 'NONE', #3852, 1000.000000000000000 ) ;
#3875 = DIRECTION ( 'NONE',  ( -1.000000000000000000, 0.0000000000000000000, 0.0000000000000000000 ) ) ;
#3876 = DIRECTION ( 'NONE',  ( 0.0000000000000000000, 0.0000000000000000000, -1.000000000000000000 ) ) ;
#3877 = CARTESIAN_POINT ( 'NONE',  ( -3.336165463522456200, 1.599999999999997600, -500.0000000000000000 ) ) ;
#3878 = AXIS2_PLACEMENT_3D ( 'NONE', #3877, #3876, #3875 ) ;
#3879 = CIRCLE ( 'NONE', #3878, 0.2999999999999999300 ) ;
#3880 = CARTESIAN_POINT ( 'NONE',  ( -3.336165463522455800, 1.899999999999997700, -500.0000000000000000 ) ) ;
#3881 = DIRECTION ( 'NONE',  ( 1.000000000000000000, -8.759347018580109500E-016, 0.0000000000000000000 ) ) ;
#3882 = VECTOR ( 'NONE', #3881, 1000.000000000000000 ) ;
#3883 = CARTESIAN_POINT ( 'NONE',  ( -2.819574435974336900, 1.899999999999997200, -500.0000000000000000 ) ) ;
#3884 = LINE ( 'NONE', #3883, #3882 ) ;
#3885 = CARTESIAN_POINT ( 'NONE',  ( -4.409032388147642800, 1.899999999999998600, -500.0000000000000000 ) ) ;
#3886 = DIRECTION ( 'NONE',  ( -1.000000000000000000, 0.0000000000000000000, 0.0000000000000000000 ) ) ;
#3887 = DIRECTION ( 'NONE',  ( 0.0000000000000000000, 0.0000000000000000000, 1.000000000000000000 ) ) ;
#3888 = CARTESIAN_POINT ( 'NONE',  ( -4.409032388147642800, 2.199999999999998400, -500.0000000000000000 ) ) ;
#3889 = AXIS2_PLACEMENT_3D ( 'NONE', #3888, #3887, #3886 ) ;
#3890 = CIRCLE ( 'NONE', #3889, 0.2999999999999999300 ) ;
#3891 = DIRECTION ( 'NONE',  ( -0.2588190451025239600, -0.9659258262890673100, 0.0000000000000000000 ) ) ;
#3892 = VECTOR ( 'NONE', #3891, 1000.000000000000100 ) ;
#3893 = CARTESIAN_POINT ( 'NONE',  ( -4.800000000000006000, 1.899999999999999000, -500.0000000000000000 ) ) ;
#3894 = LINE ( 'NONE', #3893, #3892 ) ;
#3895 = CARTESIAN_POINT ( 'NONE',  ( 4.409032388147642800, -1.899999999999999700, -500.0000000000000000 ) ) ;
#3896 = DIRECTION ( 'NONE',  ( -1.000000000000000000, 0.0000000000000000000, 0.0000000000000000000 ) ) ;
#3897 = DIRECTION ( 'NONE',  ( 0.0000000000000000000, 0.0000000000000000000, 1.000000000000000000 ) ) ;
#3898 = CARTESIAN_POINT ( 'NONE',  ( 4.409032388147642800, -2.199999999999999700, -500.0000000000000000 ) ) ;
#3899 = AXIS2_PLACEMENT_3D ( 'NONE', #3898, #3897, #3896 ) ;
#3900 = CIRCLE ( 'NONE', #3899, 0.2999999999999999300 ) ;
#3901 = CARTESIAN_POINT ( 'NONE',  ( 4.698810136034363300, -2.277645713530756800, -500.0000000000000000 ) ) ;
#3902 = DIRECTION ( 'NONE',  ( 0.2588190451025240100, 0.9659258262890673100, 0.0000000000000000000 ) ) ;
#3903 = VECTOR ( 'NONE', #3902, 1000.000000000000200 ) ;
#3904 = CARTESIAN_POINT ( 'NONE',  ( 4.800000000000006000, -1.899999999999999900, -500.0000000000000000 ) ) ;
#3905 = LINE ( 'NONE', #3904, #3903 ) ;
#3906 = CARTESIAN_POINT ( 'NONE',  ( 13.29999999999999900, -9.750000000000003600, -500.0000000000000000 ) ) ;
#3907 = CIRCLE ( 'NONE', #3955, 2.000000000000000000 ) ;
#3908 = DIRECTION ( 'NONE',  ( -1.745747425951496900E-015, 1.000000000000000000, 0.0000000000000000000 ) ) ;
#3909 = VECTOR ( 'NONE', #3908, 1000.000000000000000 ) ;
#3910 = CARTESIAN_POINT ( 'NONE',  ( 13.30000000000000200, -11.73737050983342700, -500.0000000000000000 ) ) ;
#3911 = LINE ( 'NONE', #3910, #3909 ) ;
#3912 = CARTESIAN_POINT ( 'NONE',  ( 13.30000000000000200, -11.73737050983342700, -500.0000000000000000 ) ) ;
#3913 = DIRECTION ( 'NONE',  ( -1.000000000000000000, 0.0000000000000000000, 0.0000000000000000000 ) ) ;
#3914 = DIRECTION ( 'NONE',  ( 0.0000000000000000000, 0.0000000000000000000, 1.000000000000000000 ) ) ;
#3915 = CARTESIAN_POINT ( 'NONE',  ( 12.80000000000000200, -11.73737050983342900, -500.0000000000000000 ) ) ;
#3916 = AXIS2_PLACEMENT_3D ( 'NONE', #3915, #3914, #3913 ) ;
#3917 = CIRCLE ( 'NONE', #3916, 0.5000000000000004400 ) ;
#3918 = CARTESIAN_POINT ( 'NONE',  ( 12.92940952255126600, -12.22033342297796200, -500.0000000000000000 ) ) ;
#3919 = DIRECTION ( 'NONE',  ( 0.9659258262890700900, 0.2588190451025141900, 0.0000000000000000000 ) ) ;
#3920 = VECTOR ( 'NONE', #3919, 1000.000000000000000 ) ;
#3921 = CARTESIAN_POINT ( 'NONE',  ( 12.64901760219492700, -12.29546421160165300, -500.0000000000000000 ) ) ;
#3922 = LINE ( 'NONE', #3921, #3920 ) ;
#3923 = CIRCLE ( 'NONE', #3872, 0.2999999999999999300 ) ;
#3924 = DIRECTION ( 'NONE',  ( -1.000000000000000000, 0.0000000000000000000, 0.0000000000000000000 ) ) ;
#3925 = DIRECTION ( 'NONE',  ( 0.0000000000000000000, 0.0000000000000000000, -1.000000000000000000 ) ) ;
#3926 = CARTESIAN_POINT ( 'NONE',  ( 1.599999999999998800, 3.336165463522455800, -500.0000000000000000 ) ) ;
#3927 = AXIS2_PLACEMENT_3D ( 'NONE', #3926, #3925, #3924 ) ;
#3928 = CIRCLE ( 'NONE', #3927, 0.2999999999999999300 ) ;
#3929 = DIRECTION ( 'NONE',  ( 0.0000000000000000000, 0.0000000000000000000, 1.000000000000000000 ) ) ;
#3930 = CARTESIAN_POINT ( 'NONE',  ( -4.299999999999999800, 14.69999999999999800, 0.0000000000000000000 ) ) ;
#3931 = LINE ( 'NONE', #3853, #3874 ) ;
#3932 = CARTESIAN_POINT ( 'NONE',  ( 1.899999999999999500, 4.409032388147642800, -500.0000000000000000 ) ) ;
#3933 = DIRECTION ( 'NONE',  ( -0.9659258262890673100, 0.2588190451025244000, 0.0000000000000000000 ) ) ;
#3934 = VECTOR ( 'NONE', #3933, 1000.000000000000000 ) ;
#3935 = CARTESIAN_POINT ( 'NONE',  ( -1.599999999999998500, 3.336165463522455400, -500.0000000000000000 ) ) ;
#3936 = AXIS2_PLACEMENT_3D ( 'NONE', #3935, #3941, #3940 ) ;
#3937 = CIRCLE ( 'NONE', #3936, 0.2999999999999999300 ) ;
#3938 = CARTESIAN_POINT ( 'NONE',  ( 1.899999999999999700, 4.800000000000006900, -500.0000000000000000 ) ) ;
#3939 = LINE ( 'NONE', #3938, #3934 ) ;
#3940 = DIRECTION ( 'NONE',  ( -1.000000000000000000, 0.0000000000000000000, 0.0000000000000000000 ) ) ;
#3941 = DIRECTION ( 'NONE',  ( 0.0000000000000000000, 0.0000000000000000000, -1.000000000000000000 ) ) ;
#3942 = DIRECTION ( 'NONE',  ( -1.000000000000000000, 0.0000000000000000000, 0.0000000000000000000 ) ) ;
#3943 = DIRECTION ( 'NONE',  ( 0.0000000000000000000, 0.0000000000000000000, 1.000000000000000000 ) ) ;
#3944 = CARTESIAN_POINT ( 'NONE',  ( -13.30000000000000100, 4.299999999999999800, 0.0000000000000000000 ) ) ;
#3945 = AXIS2_PLACEMENT_3D ( 'NONE', #3944, #3943, #3942 ) ;
#3946 = CIRCLE ( 'NONE', #3945, 0.2999999999999999300 ) ;
#3947 = DIRECTION ( 'NONE',  ( -1.000000000000000000, 0.0000000000000000000, 0.0000000000000000000 ) ) ;
#3948 = DIRECTION ( 'NONE',  ( 0.0000000000000000000, 0.0000000000000000000, 1.000000000000000000 ) ) ;
#3949 = CARTESIAN_POINT ( 'NONE',  ( -14.70000000000000100, 4.299999999999998000, 0.0000000000000000000 ) ) ;
#3950 = AXIS2_PLACEMENT_3D ( 'NONE', #3949, #3948, #3947 ) ;
#3951 = CIRCLE ( 'NONE', #3950, 0.2999999999999999300 ) ;
#3952 = DIRECTION ( 'NONE',  ( -1.000000000000000000, 0.0000000000000000000, 0.0000000000000000000 ) ) ;
#3953 = DIRECTION ( 'NONE',  ( 0.0000000000000000000, 0.0000000000000000000, 1.000000000000000000 ) ) ;
#3954 = CARTESIAN_POINT ( 'NONE',  ( -13.00000000000000400, 13.00000000000000000, 0.0000000000000000000 ) ) ;
#3955 = AXIS2_PLACEMENT_3D ( 'NONE', #3954, #3953, #3952 ) ;
#3956 = DIRECTION ( 'NONE',  ( 0.9659258262890673100, 0.2588190451025244000, 0.0000000000000000000 ) ) ;
#3957 = VECTOR ( 'NONE', #3956, 1000.000000000000000 ) ;
#3958 = CARTESIAN_POINT ( 'NONE',  ( 1.899999999999999700, -4.800000000000006900, -500.0000000000000000 ) ) ;
#3959 = LINE ( 'NONE', #3958, #3957 ) ;
#3960 = CARTESIAN_POINT ( 'NONE',  ( 2.277645713530756800, -4.698810136034364100, -500.0000000000000000 ) ) ;
#3961 = DIRECTION ( 'NONE',  ( -1.000000000000000000, 0.0000000000000000000, 0.0000000000000000000 ) ) ;
#3962 = DIRECTION ( 'NONE',  ( 0.0000000000000000000, 0.0000000000000000000, 1.000000000000000000 ) ) ;
#3963 = CARTESIAN_POINT ( 'NONE',  ( 2.199999999999999300, -4.409032388147643600, -500.0000000000000000 ) ) ;
#3964 = AXIS2_PLACEMENT_3D ( 'NONE', #3963, #3962, #3961 ) ;
#3965 = CIRCLE ( 'NONE', #3964, 0.2999999999999999300 ) ;
#3966 = DIRECTION ( 'NONE',  ( 0.9659258262890672000, -0.2588190451025244600, 0.0000000000000000000 ) ) ;
#3967 = VECTOR ( 'NONE', #3966, 1000.000000000000200 ) ;
#3968 = CARTESIAN_POINT ( 'NONE',  ( -1.899999999999997700, -4.800000000000007800, -500.0000000000000000 ) ) ;
#3969 = LINE ( 'NONE', #3968, #3967 ) ;
#3970 = CARTESIAN_POINT ( 'NONE',  ( -3.629480354499752300, -4.336587135686299300, -500.0000000000000000 ) ) ;
#3971 = DIRECTION ( 'NONE',  ( -1.000000000000000000, 0.0000000000000000000, 0.0000000000000000000 ) ) ;
#3972 = DIRECTION ( 'NONE',  ( 0.0000000000000000000, 0.0000000000000000000, 1.000000000000000000 ) ) ;
#3973 = CARTESIAN_POINT ( 'NONE',  ( -3.370661309397228000, -3.370661309397229700, -500.0000000000000000 ) ) ;
#3974 = AXIS2_PLACEMENT_3D ( 'NONE', #3973, #3972, #3971 ) ;
#3975 = CIRCLE ( 'NONE', #3974, 1.000000000000001800 ) ;
#3976 = CARTESIAN_POINT ( 'NONE',  ( 12.64901760219492700, -12.29546421160165400, 0.0000000000000000000 ) ) ;
#3977 = DIRECTION ( 'NONE',  ( 0.9659258262890700900, 0.2588190451025141900, 0.0000000000000000000 ) ) ;
#3978 = VECTOR ( 'NONE', #3977, 1000.000000000000000 ) ;
#3979 = CARTESIAN_POINT ( 'NONE',  ( 12.64901760219492700, -12.29546421160165300, 0.0000000000000000000 ) ) ;
#3980 = LINE ( 'NONE', #3979, #3978 ) ;
#3981 = CARTESIAN_POINT ( 'NONE',  ( 12.92940952255126600, -12.22033342297796200, 0.0000000000000000000 ) ) ;
#3982 = DIRECTION ( 'NONE',  ( -1.000000000000000000, 0.0000000000000000000, 0.0000000000000000000 ) ) ;
#3983 = DIRECTION ( 'NONE',  ( 0.0000000000000000000, 0.0000000000000000000, 1.000000000000000000 ) ) ;
#3984 = CARTESIAN_POINT ( 'NONE',  ( 12.80000000000000200, -11.73737050983342900, 0.0000000000000000000 ) ) ;
#3985 = AXIS2_PLACEMENT_3D ( 'NONE', #3984, #3983, #3982 ) ;
#3986 = CIRCLE ( 'NONE', #3985, 0.5000000000000004400 ) ;
#3987 = CARTESIAN_POINT ( 'NONE',  ( 13.30000000000000200, -11.73737050983342700, 0.0000000000000000000 ) ) ;
#3988 = DIRECTION ( 'NONE',  ( -1.745747425951496900E-015, 1.000000000000000000, 0.0000000000000000000 ) ) ;
#3989 = VECTOR ( 'NONE', #3988, 1000.000000000000000 ) ;
#3990 = CARTESIAN_POINT ( 'NONE',  ( -4.336587135686298400, 3.629480354499753100, 0.0000000000000000000 ) ) ;
#3991 = DIRECTION ( 'NONE',  ( -0.2588190451025239600, -0.9659258262890673100, 0.0000000000000000000 ) ) ;
#3992 = VECTOR ( 'NONE', #3991, 1000.000000000000100 ) ;
#3993 = CARTESIAN_POINT ( 'NONE',  ( -4.800000000000006000, 1.899999999999999000, 0.0000000000000000000 ) ) ;
#3994 = LINE ( 'NONE', #3993, #3992 ) ;
#3995 = DIRECTION ( 'NONE',  ( -1.000000000000000000, 0.0000000000000000000, 0.0000000000000000000 ) ) ;
#3996 = DIRECTION ( 'NONE',  ( 0.0000000000000000000, 0.0000000000000000000, -1.000000000000000000 ) ) ;
#3997 = CARTESIAN_POINT ( 'NONE',  ( -4.409032388147642800, 2.199999999999998400, 0.0000000000000000000 ) ) ;
#3998 = AXIS2_PLACEMENT_3D ( 'NONE', #3997, #3996, #3995 ) ;
#3999 = CIRCLE ( 'NONE', #3998, 0.2999999999999999300 ) ;
#4000 = CARTESIAN_POINT ( 'NONE',  ( -4.409032388147642800, 1.899999999999998600, 0.0000000000000000000 ) ) ;
#4001 = FACE_OUTER_BOUND ( 'NONE', #1287, .T. ) ;
#4002 = DIRECTION ( 'NONE',  ( 0.0000000000000000000, 0.0000000000000000000, -1.000000000000000000 ) ) ;
#4003 = VECTOR ( 'NONE', #4002, 1000.000000000000000 ) ;
#4004 = CARTESIAN_POINT ( 'NONE',  ( 2.277645713530756800, 4.698810136034364100, -500.0000000000000000 ) ) ;
#4005 = LINE ( 'NONE', #4004, #4003 ) ;
#4006 = DIRECTION ( 'NONE',  ( -0.9659258262890673100, 0.2588190451025244000, 0.0000000000000000000 ) ) ;
#4007 = DIRECTION ( 'NONE',  ( 0.2588190451025244000, 0.9659258262890673100, 0.0000000000000000000 ) ) ;
#4008 = CARTESIAN_POINT ( 'NONE',  ( 1.899999999999999700, 4.800000000000006900, -500.0000000000000000 ) ) ;
#4009 = AXIS2_PLACEMENT_3D ( 'NONE', #4008, #4007, #4006 ) ;
#4010 = CARTESIAN_POINT ( 'NONE',  ( -2.277645713530755100, -4.698810136034365000, -500.0000000000000000 ) ) ;
#4011 = CYLINDRICAL_SURFACE ( 'NONE', #4012, 0.2999999999999999300 ) ;
#4012 = AXIS2_PLACEMENT_3D ( 'NONE', #4019, #4084, #4083 ) ;
#4013 = FACE_OUTER_BOUND ( 'NONE', #1335, .T. ) ;
#4014 = DIRECTION ( 'NONE',  ( 1.000000000000000000, 0.0000000000000000000, 0.0000000000000000000 ) ) ;
#4015 = DIRECTION ( 'NONE',  ( 0.0000000000000000000, 0.0000000000000000000, 1.000000000000000000 ) ) ;
#4016 = CARTESIAN_POINT ( 'NONE',  ( 4.299999999999999800, 14.69999999999999800, -500.0000000000000000 ) ) ;
#4017 = AXIS2_PLACEMENT_3D ( 'NONE', #4016, #4015, #4014 ) ;
#4018 = CYLINDRICAL_SURFACE ( 'NONE', #4017, 0.2999999999999999300 ) ;
#4019 = CARTESIAN_POINT ( 'NONE',  ( -4.299999999999999800, 14.69999999999999800, -500.0000000000000000 ) ) ;
#4020 = FACE_OUTER_BOUND ( 'NONE', #1239, .T. ) ;
#4021 = DIRECTION ( 'NONE',  ( 0.0000000000000000000, 0.0000000000000000000, 1.000000000000000000 ) ) ;
#4022 = VECTOR ( 'NONE', #4021, 1000.000000000000000 ) ;
#4023 = CARTESIAN_POINT ( 'NONE',  ( -2.277645713530756800, 4.698810136034363300, 0.0000000000000000000 ) ) ;
#4024 = DIRECTION ( 'NONE',  ( 1.000000000000000000, 0.0000000000000000000, 0.0000000000000000000 ) ) ;
#4025 = DIRECTION ( 'NONE',  ( 0.0000000000000000000, 0.0000000000000000000, 1.000000000000000000 ) ) ;
#4026 = CARTESIAN_POINT ( 'NONE',  ( -13.00000000000000000, -13.00000000000000500, -500.0000000000000000 ) ) ;
#4027 = AXIS2_PLACEMENT_3D ( 'NONE', #4026, #4025, #4024 ) ;
#4028 = LINE ( 'NONE', #4023, #4022 ) ;
#4029 = CYLINDRICAL_SURFACE ( 'NONE', #4027, 2.000000000000000000 ) ;
#4030 = FACE_OUTER_BOUND ( 'NONE', #1227, .T. ) ;
#4031 = DIRECTION ( 'NONE',  ( -1.000000000000000000, 0.0000000000000000000, 0.0000000000000000000 ) ) ;
#4032 = DIRECTION ( 'NONE',  ( 0.0000000000000000000, 0.0000000000000000000, -1.000000000000000000 ) ) ;
#4033 = CARTESIAN_POINT ( 'NONE',  ( 4.409032388147642800, 2.199999999999999700, 0.0000000000000000000 ) ) ;
#4034 = AXIS2_PLACEMENT_3D ( 'NONE', #4033, #4032, #4031 ) ;
#4035 = CIRCLE ( 'NONE', #4034, 0.2999999999999999300 ) ;
#4036 = CARTESIAN_POINT ( 'NONE',  ( 4.698810136034363300, 2.277645713530756800, 0.0000000000000000000 ) ) ;
#4037 = CARTESIAN_POINT ( 'NONE',  ( 2.277645713530756800, 4.698810136034364100, 0.0000000000000000000 ) ) ;
#4038 = CARTESIAN_POINT ( 'NONE',  ( 1.899999999999999500, 4.409032388147642800, 0.0000000000000000000 ) ) ;
#4039 = DIRECTION ( 'NONE',  ( -6.569510263935078700E-016, -1.000000000000000000, 0.0000000000000000000 ) ) ;
#4040 = VECTOR ( 'NONE', #4039, 1000.000000000000000 ) ;
#4041 = CARTESIAN_POINT ( 'NONE',  ( 1.899999999999998600, 2.819574435974336900, 0.0000000000000000000 ) ) ;
#4042 = LINE ( 'NONE', #4041, #4040 ) ;
#4043 = CARTESIAN_POINT ( 'NONE',  ( 1.899999999999999000, 3.336165463522455800, 0.0000000000000000000 ) ) ;
#4044 = DIRECTION ( 'NONE',  ( -1.000000000000000000, 1.445602896647339500E-015, 0.0000000000000000000 ) ) ;
#4045 = DIRECTION ( 'NONE',  ( 0.0000000000000000000, 0.0000000000000000000, 1.000000000000000000 ) ) ;
#4046 = CARTESIAN_POINT ( 'NONE',  ( 1.599999999999998800, 3.336165463522455800, 0.0000000000000000000 ) ) ;
#4047 = AXIS2_PLACEMENT_3D ( 'NONE', #4046, #4045, #4044 ) ;
#4048 = CIRCLE ( 'NONE', #4047, 0.2999999999999999300 ) ;
#4049 = DIRECTION ( 'NONE',  ( -1.000000000000000000, 0.0000000000000000000, 0.0000000000000000000 ) ) ;
#4050 = DIRECTION ( 'NONE',  ( 0.0000000000000000000, 0.0000000000000000000, 1.000000000000000000 ) ) ;
#4051 = CARTESIAN_POINT ( 'NONE',  ( -1.599999999999998500, 3.336165463522455400, 0.0000000000000000000 ) ) ;
#4052 = AXIS2_PLACEMENT_3D ( 'NONE', #4051, #4050, #4049 ) ;
#4053 = CIRCLE ( 'NONE', #4052, 0.2999999999999999300 ) ;
#4054 = CARTESIAN_POINT ( 'NONE',  ( -1.899999999999998600, 3.336165463522454900, 0.0000000000000000000 ) ) ;
#4055 = DIRECTION ( 'NONE',  ( -8.759347018580106600E-016, 1.000000000000000000, 0.0000000000000000000 ) ) ;
#4056 = VECTOR ( 'NONE', #4055, 1000.000000000000000 ) ;
#4057 = CARTESIAN_POINT ( 'NONE',  ( -1.899999999999998100, 2.819574435974336400, 0.0000000000000000000 ) ) ;
#4058 = LINE ( 'NONE', #4057, #4056 ) ;
#4059 = DIRECTION ( 'NONE',  ( 1.000000000000000000, -8.759347018580109500E-016, 0.0000000000000000000 ) ) ;
#4060 = DIRECTION ( 'NONE',  ( -8.759347018580109500E-016, -1.000000000000000000, 0.0000000000000000000 ) ) ;
#4061 = CARTESIAN_POINT ( 'NONE',  ( -2.819574435974336900, 1.899999999999997200, -500.0000000000000000 ) ) ;
#4062 = AXIS2_PLACEMENT_3D ( 'NONE', #4061, #4060, #4059 ) ;
#4063 = PLANE ( 'NONE',  #4062 ) ;
#4064 = FACE_OUTER_BOUND ( 'NONE', #1261, .T. ) ;
#4065 = DIRECTION ( 'NONE',  ( 0.0000000000000000000, 0.0000000000000000000, -1.000000000000000000 ) ) ;
#4066 = VECTOR ( 'NONE', #4065, 1000.000000000000000 ) ;
#4067 = CARTESIAN_POINT ( 'NONE',  ( -1.899999999999999200, 4.409032388147642800, -500.0000000000000000 ) ) ;
#4068 = LINE ( 'NONE', #4067, #4066 ) ;
#4069 = DIRECTION ( 'NONE',  ( 0.0000000000000000000, 0.0000000000000000000, 1.000000000000000000 ) ) ;
#4070 = VECTOR ( 'NONE', #4069, 1000.000000000000000 ) ;
#4071 = CARTESIAN_POINT ( 'NONE',  ( 3.336165463522455400, 1.899999999999999000, -500.0000000000000000 ) ) ;
#4072 = LINE ( 'NONE', #4071, #4070 ) ;
#4073 = DIRECTION ( 'NONE',  ( 1.000000000000000000, 6.569510263935087600E-016, 0.0000000000000000000 ) ) ;
#4074 = DIRECTION ( 'NONE',  ( 6.569510263935087600E-016, -1.000000000000000000, 0.0000000000000000000 ) ) ;
#4075 = CARTESIAN_POINT ( 'NONE',  ( 2.819574435974338700, 1.899999999999998800, -500.0000000000000000 ) ) ;
#4076 = AXIS2_PLACEMENT_3D ( 'NONE', #4075, #4074, #4073 ) ;
#4077 = PLANE ( 'NONE',  #4076 ) ;
#4078 = FACE_OUTER_BOUND ( 'NONE', #1251, .T. ) ;
#4079 = DIRECTION ( 'NONE',  ( 0.0000000000000000000, 0.0000000000000000000, 1.000000000000000000 ) ) ;
#4080 = VECTOR ( 'NONE', #4079, 1000.000000000000000 ) ;
#4081 = CARTESIAN_POINT ( 'NONE',  ( 4.698810136034363300, 2.277645713530756800, 0.0000000000000000000 ) ) ;
#4082 = LINE ( 'NONE', #4081, #4080 ) ;
#4083 = DIRECTION ( 'NONE',  ( 1.000000000000000000, 0.0000000000000000000, 0.0000000000000000000 ) ) ;
#4084 = DIRECTION ( 'NONE',  ( 0.0000000000000000000, 0.0000000000000000000, 1.000000000000000000 ) ) ;
#4085 = CARTESIAN_POINT ( 'NONE',  ( 14.69999999999999800, 4.300000000000006900, -500.0000000000000000 ) ) ;
#4086 = AXIS2_PLACEMENT_3D ( 'NONE', #4085, #4094, #3202 ) ;
#4087 = CYLINDRICAL_SURFACE ( 'NONE', #4086, 0.2999999999999999300 ) ;
#4088 = FACE_OUTER_BOUND ( 'NONE', #1301, .T. ) ;
#4089 = DIRECTION ( 'NONE',  ( 1.000000000000000000, 0.0000000000000000000, 0.0000000000000000000 ) ) ;
#4090 = DIRECTION ( 'NONE',  ( 0.0000000000000000000, 0.0000000000000000000, 1.000000000000000000 ) ) ;
#4091 = CARTESIAN_POINT ( 'NONE',  ( -3.370661309397229700, 3.370661309397228900, -500.0000000000000000 ) ) ;
#4092 = AXIS2_PLACEMENT_3D ( 'NONE', #4091, #4090, #4089 ) ;
#4093 = CYLINDRICAL_SURFACE ( 'NONE', #4092, 1.000000000000001300 ) ;
#4094 = DIRECTION ( 'NONE',  ( 0.0000000000000000000, 0.0000000000000000000, 1.000000000000000000 ) ) ;
#4095 = FACE_OUTER_BOUND ( 'NONE', #1327, .T. ) ;
#4096 = DIRECTION ( 'NONE',  ( 0.0000000000000000000, 0.0000000000000000000, 1.000000000000000000 ) ) ;
#4097 = VECTOR ( 'NONE', #4096, 1000.000000000000000 ) ;
#4098 = CARTESIAN_POINT ( 'NONE',  ( -4.336587135686298400, 3.629480354499753100, -500.0000000000000000 ) ) ;
#4099 = LINE ( 'NONE', #4098, #4097 ) ;
#4100 = DIRECTION ( 'NONE',  ( 0.0000000000000000000, 0.0000000000000000000, -1.000000000000000000 ) ) ;
#4101 = VECTOR ( 'NONE', #4100, 1000.000000000000000 ) ;
#4102 = CARTESIAN_POINT ( 'NONE',  ( 3.336165463522455400, -1.899999999999999000, -500.0000000000000000 ) ) ;
#4103 = LINE ( 'NONE', #4102, #4101 ) ;
#4104 = DIRECTION ( 'NONE',  ( -1.000000000000000000, 6.569510263935087600E-016, 0.0000000000000000000 ) ) ;
#4105 = DIRECTION ( 'NONE',  ( 6.569510263935087600E-016, 1.000000000000000000, 0.0000000000000000000 ) ) ;
#4106 = CARTESIAN_POINT ( 'NONE',  ( 2.819574435974338700, -1.899999999999998800, -500.0000000000000000 ) ) ;
#4107 = AXIS2_PLACEMENT_3D ( 'NONE', #4106, #4105, #4104 ) ;
#4108 = PLANE ( 'NONE',  #4107 ) ;
#4109 = CARTESIAN_POINT ( 'NONE',  ( -3.336165463522455800, 1.899999999999997700, 0.0000000000000000000 ) ) ;
#4110 = DIRECTION ( 'NONE',  ( -1.000000000000000000, 0.0000000000000000000, 0.0000000000000000000 ) ) ;
#4111 = DIRECTION ( 'NONE',  ( 0.0000000000000000000, 0.0000000000000000000, 1.000000000000000000 ) ) ;
#4112 = CARTESIAN_POINT ( 'NONE',  ( -3.336165463522454900, -1.599999999999999900, 0.0000000000000000000 ) ) ;
#4113 = AXIS2_PLACEMENT_3D ( 'NONE', #4112, #4111, #4110 ) ;
#4114 = CIRCLE ( 'NONE', #4113, 0.2999999999999999300 ) ;
#4115 = DIRECTION ( 'NONE',  ( -0.2588190451025240100, 0.9659258262890673100, 0.0000000000000000000 ) ) ;
#4116 = VECTOR ( 'NONE', #4115, 1000.000000000000200 ) ;
#4117 = CARTESIAN_POINT ( 'NONE',  ( 4.800000000000006000, 1.899999999999999900, 0.0000000000000000000 ) ) ;
#4118 = LINE ( 'NONE', #4117, #4116 ) ;
#4119 = CARTESIAN_POINT ( 'NONE',  ( 4.336587135686298400, 3.629480354499754000, 0.0000000000000000000 ) ) ;
#4120 = DIRECTION ( 'NONE',  ( -1.000000000000000000, 0.0000000000000000000, 0.0000000000000000000 ) ) ;
#4121 = DIRECTION ( 'NONE',  ( 0.0000000000000000000, 0.0000000000000000000, 1.000000000000000000 ) ) ;
#4122 = CARTESIAN_POINT ( 'NONE',  ( 3.370661309397229700, 3.370661309397229700, 0.0000000000000000000 ) ) ;
#4123 = AXIS2_PLACEMENT_3D ( 'NONE', #4122, #4121, #4120 ) ;
#4124 = CIRCLE ( 'NONE', #4123, 1.000000000000001300 ) ;
#4125 = CARTESIAN_POINT ( 'NONE',  ( 3.629480354499756700, 4.336587135686297500, 0.0000000000000000000 ) ) ;
#4126 = DIRECTION ( 'NONE',  ( -0.9659258262890673100, 0.2588190451025244000, 0.0000000000000000000 ) ) ;
#4127 = VECTOR ( 'NONE', #4126, 1000.000000000000000 ) ;
#4128 = CARTESIAN_POINT ( 'NONE',  ( 1.899999999999999700, 4.800000000000006900, 0.0000000000000000000 ) ) ;
#4129 = LINE ( 'NONE', #4128, #4127 ) ;
#4130 = DIRECTION ( 'NONE',  ( -1.000000000000000000, 0.0000000000000000000, 0.0000000000000000000 ) ) ;
#4131 = DIRECTION ( 'NONE',  ( 0.0000000000000000000, 0.0000000000000000000, -1.000000000000000000 ) ) ;
#4132 = CARTESIAN_POINT ( 'NONE',  ( 2.199999999999999300, 4.409032388147642800, 0.0000000000000000000 ) ) ;
#4133 = AXIS2_PLACEMENT_3D ( 'NONE', #4132, #4131, #4130 ) ;
#4134 = CIRCLE ( 'NONE', #4133, 0.2999999999999999300 ) ;
#4135 = DIRECTION ( 'NONE',  ( 1.000000000000000000, 0.0000000000000000000, 0.0000000000000000000 ) ) ;
#4136 = DIRECTION ( 'NONE',  ( 0.0000000000000000000, 0.0000000000000000000, 1.000000000000000000 ) ) ;
#4137 = CARTESIAN_POINT ( 'NONE',  ( -3.370661309397229700, 3.370661309397228900, 0.0000000000000000000 ) ) ;
#4138 = AXIS2_PLACEMENT_3D ( 'NONE', #4137, #4136, #4135 ) ;
#4139 = CIRCLE ( 'NONE', #4138, 1.000000000000001300 ) ;
#4140 = FACE_OUTER_BOUND ( 'NONE', #1280, .T. ) ;
#4141 = DIRECTION ( 'NONE',  ( 1.000000000000000000, 0.0000000000000000000, 0.0000000000000000000 ) ) ;
#4142 = DIRECTION ( 'NONE',  ( 0.0000000000000000000, 0.0000000000000000000, 1.000000000000000000 ) ) ;
#4143 = CARTESIAN_POINT ( 'NONE',  ( 3.370661309397229700, -3.370661309397228900, -500.0000000000000000 ) ) ;
#4144 = AXIS2_PLACEMENT_3D ( 'NONE', #4143, #4142, #4141 ) ;
#4145 = CYLINDRICAL_SURFACE ( 'NONE', #4144, 1.000000000000001800 ) ;
#4146 = PLANE ( 'NONE',  #4009 ) ;
#4147 = FACE_OUTER_BOUND ( 'NONE', #1277, .T. ) ;
#4148 = DIRECTION ( 'NONE',  ( 0.0000000000000000000, 0.0000000000000000000, 1.000000000000000000 ) ) ;
#4149 = VECTOR ( 'NONE', #4148, 1000.000000000000000 ) ;
#4150 = CARTESIAN_POINT ( 'NONE',  ( 4.336587135686299300, -3.629480354499754000, -500.0000000000000000 ) ) ;
#4151 = LINE ( 'NONE', #4150, #4149 ) ;
#4152 = DIRECTION ( 'NONE',  ( 0.0000000000000000000, 0.0000000000000000000, -1.000000000000000000 ) ) ;
#4153 = VECTOR ( 'NONE', #4152, 1000.000000000000000 ) ;
#4154 = CARTESIAN_POINT ( 'NONE',  ( 4.698810136034363300, -2.277645713530756800, -500.0000000000000000 ) ) ;
#4155 = LINE ( 'NONE', #4154, #4153 ) ;
#4156 = DIRECTION ( 'NONE',  ( 0.2588190451025240100, 0.9659258262890673100, 0.0000000000000000000 ) ) ;
#4157 = DIRECTION ( 'NONE',  ( 0.9659258262890674200, -0.2588190451025240700, 0.0000000000000000000 ) ) ;
#4158 = CARTESIAN_POINT ( 'NONE',  ( 4.800000000000006000, -1.899999999999999900, -500.0000000000000000 ) ) ;
#4159 = AXIS2_PLACEMENT_3D ( 'NONE', #4158, #4157, #4156 ) ;
#4160 = PLANE ( 'NONE',  #4159 ) ;
#4161 = FACE_OUTER_BOUND ( 'NONE', #1269, .T. ) ;
#4162 = DIRECTION ( 'NONE',  ( 0.0000000000000000000, 0.0000000000000000000, 1.000000000000000000 ) ) ;
#4163 = VECTOR ( 'NONE', #4162, 1000.000000000000000 ) ;
#4164 = CARTESIAN_POINT ( 'NONE',  ( -4.409032388147642800, 1.899999999999998600, 0.0000000000000000000 ) ) ;
#4165 = LINE ( 'NONE', #4164, #4163 ) ;
#4166 = DIRECTION ( 'NONE',  ( 0.0000000000000000000, 0.0000000000000000000, -1.000000000000000000 ) ) ;
#4167 = VECTOR ( 'NONE', #4166, 1000.000000000000000 ) ;
#4168 = CARTESIAN_POINT ( 'NONE',  ( -3.336165463522455800, 1.899999999999997700, -500.0000000000000000 ) ) ;
#4169 = LINE ( 'NONE', #4168, #4167 ) ;
#4170 = DIRECTION ( 'NONE',  ( 1.000000000000000000, -8.759347018580109500E-016, 0.0000000000000000000 ) ) ;
#4171 = VECTOR ( 'NONE', #4170, 1000.000000000000000 ) ;
#4172 = CARTESIAN_POINT ( 'NONE',  ( -2.819574435974336900, 1.899999999999997200, 0.0000000000000000000 ) ) ;
#4173 = LINE ( 'NONE', #4172, #4171 ) ;
#4174 = DIRECTION ( 'NONE',  ( -1.000000000000000000, 0.0000000000000000000, 0.0000000000000000000 ) ) ;
#4175 = DIRECTION ( 'NONE',  ( 0.0000000000000000000, 0.0000000000000000000, 1.000000000000000000 ) ) ;
#4176 = CARTESIAN_POINT ( 'NONE',  ( -3.336165463522456200, 1.599999999999997600, 0.0000000000000000000 ) ) ;
#4177 = AXIS2_PLACEMENT_3D ( 'NONE', #4176, #4175, #4174 ) ;
#4178 = CIRCLE ( 'NONE', #4177, 0.2999999999999999300 ) ;
#4179 = CARTESIAN_POINT ( 'NONE',  ( -13.29999999999999900, 9.750000000000000000, 0.0000000000000000000 ) ) ;
#4180 = CARTESIAN_POINT ( 'NONE',  ( -12.64901760219492700, 12.29546421160164900, 0.0000000000000000000 ) ) ;
#4181 = CARTESIAN_POINT ( 'NONE',  ( -12.92940952255126600, 12.22033342297795900, 0.0000000000000000000 ) ) ;
#4182 = DIRECTION ( 'NONE',  ( 0.2588190451025240100, -0.9659258262890673100, 0.0000000000000000000 ) ) ;
#4183 = DIRECTION ( 'NONE',  ( -0.9659258262890674200, -0.2588190451025240700, 0.0000000000000000000 ) ) ;
#4184 = CARTESIAN_POINT ( 'NONE',  ( -4.800000000000004300, -1.900000000000001000, -500.0000000000000000 ) ) ;
#4185 = AXIS2_PLACEMENT_3D ( 'NONE', #4184, #4183, #4182 ) ;
#4186 = PLANE ( 'NONE',  #4185 ) ;
#4187 = FACE_OUTER_BOUND ( 'NONE', #1175, .T. ) ;
#4188 = DIRECTION ( 'NONE',  ( 0.0000000000000000000, 0.0000000000000000000, 1.000000000000000000 ) ) ;
#4189 = VECTOR ( 'NONE', #4188, 1000.000000000000000 ) ;
#4190 = CARTESIAN_POINT ( 'NONE',  ( -4.336587135686296600, -3.629480354499754900, -500.0000000000000000 ) ) ;
#4191 = LINE ( 'NONE', #4190, #4189 ) ;
#4192 = DIRECTION ( 'NONE',  ( 0.0000000000000000000, 0.0000000000000000000, 1.000000000000000000 ) ) ;
#4193 = VECTOR ( 'NONE', #4192, 1000.000000000000000 ) ;
#4194 = CARTESIAN_POINT ( 'NONE',  ( -3.629480354499752300, -4.336587135686299300, -500.0000000000000000 ) ) ;
#4195 = LINE ( 'NONE', #4194, #4193 ) ;
#4196 = DIRECTION ( 'NONE',  ( -1.000000000000000000, -8.759347018580116400E-016, 0.0000000000000000000 ) ) ;
#4197 = DIRECTION ( 'NONE',  ( -8.759347018580116400E-016, 1.000000000000000000, 0.0000000000000000000 ) ) ;
#4198 = CARTESIAN_POINT ( 'NONE',  ( -2.819574435974336900, -1.899999999999999200, -500.0000000000000000 ) ) ;
#4199 = AXIS2_PLACEMENT_3D ( 'NONE', #4198, #4197, #4196 ) ;
#4200 = PLANE ( 'NONE',  #4199 ) ;
#4201 = FACE_OUTER_BOUND ( 'NONE', #1164, .T. ) ;
#4202 = DIRECTION ( 'NONE',  ( 0.0000000000000000000, 0.0000000000000000000, 1.000000000000000000 ) ) ;
#4203 = VECTOR ( 'NONE', #4202, 1000.000000000000000 ) ;
#4204 = VECTOR ( 'NONE', #4208, 1000.000000000000200 ) ;
#4205 = CARTESIAN_POINT ( 'NONE',  ( 4.800000000000006000, 1.899999999999999900, -500.0000000000000000 ) ) ;
#4206 = LINE ( 'NONE', #4205, #4204 ) ;
#4207 = CARTESIAN_POINT ( 'NONE',  ( 4.336587135686298400, 3.629480354499754000, -500.0000000000000000 ) ) ;
#4208 = DIRECTION ( 'NONE',  ( -0.2588190451025240100, 0.9659258262890673100, 0.0000000000000000000 ) ) ;
#4209 = CARTESIAN_POINT ( 'NONE',  ( 3.370661309397229700, 3.370661309397229700, -500.0000000000000000 ) ) ;
#4210 = CIRCLE ( 'NONE', #4234, 1.000000000000001300 ) ;
#4211 = CARTESIAN_POINT ( 'NONE',  ( -4.698810136034361500, -2.277645713530757700, 0.0000000000000000000 ) ) ;
#4212 = LINE ( 'NONE', #4211, #4203 ) ;
#4213 = DIRECTION ( 'NONE',  ( 6.569510263935078700E-016, -1.000000000000000000, 0.0000000000000000000 ) ) ;
#4214 = DIRECTION ( 'NONE',  ( -1.000000000000000000, -6.569510263935078700E-016, 0.0000000000000000000 ) ) ;
#4215 = CARTESIAN_POINT ( 'NONE',  ( 1.899999999999998600, -2.819574435974336900, -500.0000000000000000 ) ) ;
#4216 = AXIS2_PLACEMENT_3D ( 'NONE', #4215, #4214, #4213 ) ;
#4217 = FACE_OUTER_BOUND ( 'NONE', #1157, .T. ) ;
#4218 = DIRECTION ( 'NONE',  ( -1.000000000000000000, 0.0000000000000000000, 0.0000000000000000000 ) ) ;
#4219 = DIRECTION ( 'NONE',  ( 0.0000000000000000000, 0.0000000000000000000, -1.000000000000000000 ) ) ;
#4220 = AXIS2_PLACEMENT_3D ( 'NONE', #4228, #4219, #4218 ) ;
#4221 = PLANE ( 'NONE',  #4216 ) ;
#4222 = CYLINDRICAL_SURFACE ( 'NONE', #4220, 0.2999999999999999300 ) ;
#4223 = FACE_OUTER_BOUND ( 'NONE', #1152, .T. ) ;
#4224 = DIRECTION ( 'NONE',  ( -1.000000000000000000, 0.0000000000000000000, 0.0000000000000000000 ) ) ;
#4225 = DIRECTION ( 'NONE',  ( 0.0000000000000000000, 0.0000000000000000000, -1.000000000000000000 ) ) ;
#4226 = CARTESIAN_POINT ( 'NONE',  ( -2.199999999999997500, -4.409032388147644500, -500.0000000000000000 ) ) ;
#4227 = AXIS2_PLACEMENT_3D ( 'NONE', #4226, #4225, #4224 ) ;
#4228 = CARTESIAN_POINT ( 'NONE',  ( 2.199999999999999300, -4.409032388147643600, -500.0000000000000000 ) ) ;
#4229 = CYLINDRICAL_SURFACE ( 'NONE', #4227, 0.2999999999999999300 ) ;
#4230 = FACE_OUTER_BOUND ( 'NONE', #1146, .T. ) ;
#4231 = CARTESIAN_POINT ( 'NONE',  ( 3.629480354499754500, 4.336587135686298400, -500.0000000000000000 ) ) ;
#4232 = DIRECTION ( 'NONE',  ( -1.000000000000000000, 0.0000000000000000000, 0.0000000000000000000 ) ) ;
#4233 = DIRECTION ( 'NONE',  ( 0.0000000000000000000, 0.0000000000000000000, 1.000000000000000000 ) ) ;
#4234 = AXIS2_PLACEMENT_3D ( 'NONE', #4209, #4233, #4232 ) ;
#4235 = DIRECTION ( 'NONE',  ( -0.2588190451025239600, -0.9659258262890673100, 0.0000000000000000000 ) ) ;
#4236 = DIRECTION ( 'NONE',  ( -0.9659258262890674200, 0.2588190451025240100, 0.0000000000000000000 ) ) ;
#4237 = CARTESIAN_POINT ( 'NONE',  ( -4.800000000000006000, 1.899999999999999000, -500.0000000000000000 ) ) ;
#4238 = AXIS2_PLACEMENT_3D ( 'NONE', #4237, #4236, #4235 ) ;
#4239 = PLANE ( 'NONE',  #4238 ) ;
#4240 = FACE_OUTER_BOUND ( 'NONE', #1183, .T. ) ;
#4241 = DIRECTION ( 'NONE',  ( -6.569510263935078700E-016, -1.000000000000000000, 0.0000000000000000000 ) ) ;
#4242 = DIRECTION ( 'NONE',  ( -1.000000000000000000, 6.569510263935078700E-016, 0.0000000000000000000 ) ) ;
#4243 = CARTESIAN_POINT ( 'NONE',  ( 1.899999999999998600, 2.819574435974336900, -500.0000000000000000 ) ) ;
#4244 = AXIS2_PLACEMENT_3D ( 'NONE', #4243, #4242, #4241 ) ;
#4245 = PLANE ( 'NONE',  #4244 ) ;
#4246 = FACE_OUTER_BOUND ( 'NONE', #1321, .T. ) ;
#4247 = DIRECTION ( 'NONE',  ( 0.0000000000000000000, 0.0000000000000000000, -1.000000000000000000 ) ) ;
#4248 = CARTESIAN_POINT ( 'NONE',  ( -2.277645713530756800, 4.698810136034363300, 0.0000000000000000000 ) ) ;
#4249 = DIRECTION ( 'NONE',  ( -0.9659258262890673100, -0.2588190451025244000, 0.0000000000000000000 ) ) ;
#4250 = VECTOR ( 'NONE', #4249, 1000.000000000000000 ) ;
#4251 = CARTESIAN_POINT ( 'NONE',  ( -1.899999999999999700, 4.800000000000006000, 0.0000000000000000000 ) ) ;
#4252 = LINE ( 'NONE', #4251, #4250 ) ;
#4253 = CARTESIAN_POINT ( 'NONE',  ( -3.629480354499754500, 4.336587135686297500, 0.0000000000000000000 ) ) ;
#4254 = FACE_OUTER_BOUND ( 'NONE', #1305, .T. ) ;
#4255 = AXIS2_PLACEMENT_3D ( 'NONE', #4270, #4264, #4263 ) ;
#4256 = VECTOR ( 'NONE', #4247, 1000.000000000000000 ) ;
#4257 = CARTESIAN_POINT ( 'NONE',  ( 4.409032388147642800, 1.899999999999999700, -500.0000000000000000 ) ) ;
#4258 = LINE ( 'NONE', #4257, #4256 ) ;
#4259 = DIRECTION ( 'NONE',  ( 1.000000000000000000, 0.0000000000000000000, 0.0000000000000000000 ) ) ;
#4260 = DIRECTION ( 'NONE',  ( 0.0000000000000000000, 0.0000000000000000000, 1.000000000000000000 ) ) ;
#4261 = CARTESIAN_POINT ( 'NONE',  ( 14.69999999999999900, -4.300000000000005200, -500.0000000000000000 ) ) ;
#4262 = AXIS2_PLACEMENT_3D ( 'NONE', #4261, #4260, #4259 ) ;
#4263 = DIRECTION ( 'NONE',  ( 1.000000000000000000, 0.0000000000000000000, 0.0000000000000000000 ) ) ;
#4264 = DIRECTION ( 'NONE',  ( 0.0000000000000000000, 0.0000000000000000000, 1.000000000000000000 ) ) ;
#4265 = FACE_OUTER_BOUND ( 'NONE', #1313, .T. ) ;
#4266 = DIRECTION ( 'NONE',  ( 0.0000000000000000000, 0.0000000000000000000, 1.000000000000000000 ) ) ;
#4267 = VECTOR ( 'NONE', #4266, 1000.000000000000000 ) ;
#4268 = CARTESIAN_POINT ( 'NONE',  ( 4.336587135686298400, 3.629480354499754000, -500.0000000000000000 ) ) ;
#4269 = LINE ( 'NONE', #4268, #4267 ) ;
#4270 = CARTESIAN_POINT ( 'NONE',  ( 3.370661309397229700, 3.370661309397229700, -500.0000000000000000 ) ) ;
#4271 = CYLINDRICAL_SURFACE ( 'NONE', #4255, 1.000000000000001800 ) ;
#4272 = DIRECTION ( 'NONE',  ( 0.0000000000000000000, 0.0000000000000000000, -1.000000000000000000 ) ) ;
#4273 = VECTOR ( 'NONE', #4272, 1000.000000000000000 ) ;
#4274 = CARTESIAN_POINT ( 'NONE',  ( 1.899999999999999000, 3.336165463522455800, -500.0000000000000000 ) ) ;
#4275 = LINE ( 'NONE', #4482, #4481 ) ;
#4276 = LINE ( 'NONE', #4274, #4273 ) ;
#4277 = DIRECTION ( 'NONE',  ( 0.0000000000000000000, 0.0000000000000000000, 1.000000000000000000 ) ) ;
#4278 = VECTOR ( 'NONE', #4277, 1000.000000000000000 ) ;
#4279 = CARTESIAN_POINT ( 'NONE',  ( 2.277645713530756800, -4.698810136034364100, 0.0000000000000000000 ) ) ;
#4280 = LINE ( 'NONE', #4279, #4278 ) ;
#4281 = DIRECTION ( 'NONE',  ( 0.9659258262890673100, 0.2588190451025244000, 0.0000000000000000000 ) ) ;
#4282 = DIRECTION ( 'NONE',  ( 0.2588190451025244000, -0.9659258262890673100, 0.0000000000000000000 ) ) ;
#4283 = CARTESIAN_POINT ( 'NONE',  ( 1.899999999999999700, -4.800000000000006900, -500.0000000000000000 ) ) ;
#4284 = AXIS2_PLACEMENT_3D ( 'NONE', #4283, #4282, #4281 ) ;
#4285 = PLANE ( 'NONE',  #4284 ) ;
#4286 = FACE_OUTER_BOUND ( 'NONE', #1352, .T. ) ;
#4287 = DIRECTION ( 'NONE',  ( 0.0000000000000000000, 0.0000000000000000000, 1.000000000000000000 ) ) ;
#4288 = VECTOR ( 'NONE', #4287, 1000.000000000000000 ) ;
#4289 = CARTESIAN_POINT ( 'NONE',  ( 3.629480354499754500, -4.336587135686298400, -500.0000000000000000 ) ) ;
#4290 = DIRECTION ( 'NONE',  ( 1.000000000000000000, 0.0000000000000000000, 0.0000000000000000000 ) ) ;
#4291 = DIRECTION ( 'NONE',  ( 0.0000000000000000000, 0.0000000000000000000, 1.000000000000000000 ) ) ;
#4292 = CARTESIAN_POINT ( 'NONE',  ( -13.99999999999999300, -3.800000000000011800, 0.0000000000000000000 ) ) ;
#4293 = AXIS2_PLACEMENT_3D ( 'NONE', #4292, #4291, #4290 ) ;
#4294 = CIRCLE ( 'NONE', #4293, 0.5000000000000022200 ) ;
#4295 = CARTESIAN_POINT ( 'NONE',  ( -14.69999999999999900, -4.300000000000005200, 0.0000000000000000000 ) ) ;
#4296 = DIRECTION ( 'NONE',  ( -1.000000000000000000, 0.0000000000000000000, 0.0000000000000000000 ) ) ;
#4297 = DIRECTION ( 'NONE',  ( 0.0000000000000000000, 0.0000000000000000000, 1.000000000000000000 ) ) ;
#4298 = AXIS2_PLACEMENT_3D ( 'NONE', #4303, #4297, #4296 ) ;
#4299 = CIRCLE ( 'NONE', #4298, 2.000000000000000000 ) ;
#4300 = DIRECTION ( 'NONE',  ( 1.000000000000000000, 0.0000000000000000000, 0.0000000000000000000 ) ) ;
#4301 = DIRECTION ( 'NONE',  ( 0.0000000000000000000, 0.0000000000000000000, 1.000000000000000000 ) ) ;
#4302 = AXIS2_PLACEMENT_3D ( 'NONE', #4310, #4301, #4300 ) ;
#4303 = CARTESIAN_POINT ( 'NONE',  ( -13.00000000000000000, -13.00000000000000500, 0.0000000000000000000 ) ) ;
#4304 = CYLINDRICAL_SURFACE ( 'NONE', #4302, 2.000000000000000000 ) ;
#4305 = FACE_OUTER_BOUND ( 'NONE', #1430, .T. ) ;
#4306 = DIRECTION ( 'NONE',  ( -1.000000000000000000, 0.0000000000000000000, 0.0000000000000000000 ) ) ;
#4307 = DIRECTION ( 'NONE',  ( 0.0000000000000000000, 0.0000000000000000000, -1.000000000000000000 ) ) ;
#4308 = CARTESIAN_POINT ( 'NONE',  ( -14.69999999999999900, -4.300000000000005200, -500.0000000000000000 ) ) ;
#4309 = AXIS2_PLACEMENT_3D ( 'NONE', #4308, #4307, #4306 ) ;
#4310 = CARTESIAN_POINT ( 'NONE',  ( 13.00000000000000000, -13.00000000000000500, -500.0000000000000000 ) ) ;
#4311 = CYLINDRICAL_SURFACE ( 'NONE', #4309, 0.2999999999999999300 ) ;
#4312 = FACE_OUTER_BOUND ( 'NONE', #1427, .T. ) ;
#4313 = CARTESIAN_POINT ( 'NONE',  ( -1.899999999999999200, 4.409032388147642800, 0.0000000000000000000 ) ) ;
#4314 = DIRECTION ( 'NONE',  ( -1.000000000000000000, 0.0000000000000000000, 0.0000000000000000000 ) ) ;
#4315 = DIRECTION ( 'NONE',  ( 0.0000000000000000000, 0.0000000000000000000, -1.000000000000000000 ) ) ;
#4316 = CARTESIAN_POINT ( 'NONE',  ( -2.199999999999999300, 4.409032388147642800, 0.0000000000000000000 ) ) ;
#4317 = AXIS2_PLACEMENT_3D ( 'NONE', #4316, #4315, #4314 ) ;
#4318 = CIRCLE ( 'NONE', #4317, 0.2999999999999999300 ) ;
#4319 = DIRECTION ( 'NONE',  ( 0.0000000000000000000, 0.0000000000000000000, 1.000000000000000000 ) ) ;
#4320 = VECTOR ( 'NONE', #4319, 1000.000000000000000 ) ;
#4321 = CARTESIAN_POINT ( 'NONE',  ( 3.629480354499754500, 4.336587135686298400, -500.0000000000000000 ) ) ;
#4322 = LINE ( 'NONE', #4321, #4320 ) ;
#4323 = DIRECTION ( 'NONE',  ( -1.000000000000000000, 0.0000000000000000000, 0.0000000000000000000 ) ) ;
#4324 = DIRECTION ( 'NONE',  ( 0.0000000000000000000, 0.0000000000000000000, -1.000000000000000000 ) ) ;
#4325 = AXIS2_PLACEMENT_3D ( 'NONE', #4331, #4324, #4323 ) ;
#4326 = CYLINDRICAL_SURFACE ( 'NONE', #4325, 0.2999999999999999300 ) ;
#4327 = FACE_OUTER_BOUND ( 'NONE', #1411, .T. ) ;
#4328 = DIRECTION ( 'NONE',  ( -1.000000000000000000, 0.0000000000000000000, 0.0000000000000000000 ) ) ;
#4329 = DIRECTION ( 'NONE',  ( 0.0000000000000000000, 0.0000000000000000000, -1.000000000000000000 ) ) ;
#4330 = AXIS2_PLACEMENT_3D ( 'NONE', #4337, #4329, #4328 ) ;
#4331 = CARTESIAN_POINT ( 'NONE',  ( 4.300000000000003400, -14.69999999999999800, -500.0000000000000000 ) ) ;
#4332 = CYLINDRICAL_SURFACE ( 'NONE', #4330, 0.2999999999999999300 ) ;
#4333 = FACE_OUTER_BOUND ( 'NONE', #1405, .T. ) ;
#4334 = DIRECTION ( 'NONE',  ( 1.000000000000000000, 0.0000000000000000000, 0.0000000000000000000 ) ) ;
#4335 = DIRECTION ( 'NONE',  ( 0.0000000000000000000, 0.0000000000000000000, 1.000000000000000000 ) ) ;
#4336 = AXIS2_PLACEMENT_3D ( 'NONE', #4343, #4335, #4334 ) ;
#4337 = CARTESIAN_POINT ( 'NONE',  ( -14.70000000000000100, 4.299999999999998000, -500.0000000000000000 ) ) ;
#4338 = CYLINDRICAL_SURFACE ( 'NONE', #4336, 2.000000000000000000 ) ;
#4339 = FACE_OUTER_BOUND ( 'NONE', #1397, .T. ) ;
#4340 = DIRECTION ( 'NONE',  ( 1.000000000000000000, 0.0000000000000000000, 0.0000000000000000000 ) ) ;
#4341 = DIRECTION ( 'NONE',  ( 0.0000000000000000000, 0.0000000000000000000, 1.000000000000000000 ) ) ;
#4342 = AXIS2_PLACEMENT_3D ( 'NONE', #4351, #4341, #4340 ) ;
#4343 = CARTESIAN_POINT ( 'NONE',  ( -13.00000000000000400, 13.00000000000000000, -500.0000000000000000 ) ) ;
#4344 = CYLINDRICAL_SURFACE ( 'NONE', #4342, 2.000000000000000000 ) ;
#4345 = FACE_OUTER_BOUND ( 'NONE', #1391, .T. ) ;
#4346 = DIRECTION ( 'NONE',  ( -1.000000000000000000, 0.0000000000000000000, 0.0000000000000000000 ) ) ;
#4347 = DIRECTION ( 'NONE',  ( 0.0000000000000000000, 0.0000000000000000000, -1.000000000000000000 ) ) ;
#4348 = CARTESIAN_POINT ( 'NONE',  ( -4.300000000000003400, -14.69999999999999800, -500.0000000000000000 ) ) ;
#4349 = AXIS2_PLACEMENT_3D ( 'NONE', #4348, #4347, #4346 ) ;
#4350 = CYLINDRICAL_SURFACE ( 'NONE', #4349, 0.2999999999999999300 ) ;
#4351 = CARTESIAN_POINT ( 'NONE',  ( 13.00000000000000200, 13.00000000000000000, -500.0000000000000000 ) ) ;
#4352 = FACE_OUTER_BOUND ( 'NONE', #1421, .T. ) ;
#4353 = DIRECTION ( 'NONE',  ( 0.0000000000000000000, 0.0000000000000000000, 1.000000000000000000 ) ) ;
#4354 = VECTOR ( 'NONE', #4353, 1000.000000000000000 ) ;
#4355 = CARTESIAN_POINT ( 'NONE',  ( -1.899999999999997500, -4.409032388147644500, 0.0000000000000000000 ) ) ;
#4356 = LINE ( 'NONE', #4355, #4354 ) ;
#4357 = DIRECTION ( 'NONE',  ( 0.2588190451025141900, 0.9659258262890700900, 0.0000000000000000000 ) ) ;
#4358 = DIRECTION ( 'NONE',  ( 0.9659258262890700900, -0.2588190451025141900, 0.0000000000000000000 ) ) ;
#4359 = CARTESIAN_POINT ( 'NONE',  ( 12.29546421160165400, -12.64901760219492600, -500.0000000000000000 ) ) ;
#4360 = AXIS2_PLACEMENT_3D ( 'NONE', #4359, #4358, #4357 ) ;
#4361 = PLANE ( 'NONE',  #4360 ) ;
#4362 = DIRECTION ( 'NONE',  ( -1.000000000000000000, 0.0000000000000000000, 0.0000000000000000000 ) ) ;
#4363 = PLANE ( 'NONE',  #4554 ) ;
#4364 = FACE_OUTER_BOUND ( 'NONE', #1475, .T. ) ;
#4365 = DIRECTION ( 'NONE',  ( 1.000000000000000000, -8.728737129757460800E-016, 0.0000000000000000000 ) ) ;
#4366 = DIRECTION ( 'NONE',  ( -8.728737129757460800E-016, -1.000000000000000000, 0.0000000000000000000 ) ) ;
#4367 = CARTESIAN_POINT ( 'NONE',  ( 11.73737050983342900, -13.30000000000000200, -500.0000000000000000 ) ) ;
#4368 = AXIS2_PLACEMENT_3D ( 'NONE', #4367, #4366, #4365 ) ;
#4369 = PLANE ( 'NONE',  #4368 ) ;
#4370 = FACE_OUTER_BOUND ( 'NONE', #1472, .T. ) ;
#4371 = DIRECTION ( 'NONE',  ( 0.0000000000000000000, 0.0000000000000000000, 1.000000000000000000 ) ) ;
#4372 = VECTOR ( 'NONE', #4371, 1000.000000000000000 ) ;
#4373 = CARTESIAN_POINT ( 'NONE',  ( 11.73737050983342900, -13.30000000000000200, -500.0000000000000000 ) ) ;
#4374 = LINE ( 'NONE', #4373, #4372 ) ;
#4375 = DIRECTION ( 'NONE',  ( -1.000000000000000000, 0.0000000000000000000, 0.0000000000000000000 ) ) ;
#4376 = DIRECTION ( 'NONE',  ( 0.0000000000000000000, 0.0000000000000000000, 1.000000000000000000 ) ) ;
#4377 = CARTESIAN_POINT ( 'NONE',  ( 13.00000000000000200, 13.00000000000000000, 0.0000000000000000000 ) ) ;
#4378 = AXIS2_PLACEMENT_3D ( 'NONE', #4377, #4376, #4375 ) ;
#4379 = CIRCLE ( 'NONE', #4378, 2.000000000000000000 ) ;
#4380 = DIRECTION ( 'NONE',  ( -1.000000000000000000, 0.0000000000000000000, 0.0000000000000000000 ) ) ;
#4381 = DIRECTION ( 'NONE',  ( 0.0000000000000000000, 0.0000000000000000000, 1.000000000000000000 ) ) ;
#4382 = CARTESIAN_POINT ( 'NONE',  ( 14.69999999999999800, 4.300000000000006900, 0.0000000000000000000 ) ) ;
#4383 = AXIS2_PLACEMENT_3D ( 'NONE', #4382, #4381, #4380 ) ;
#4384 = CIRCLE ( 'NONE', #4383, 0.2999999999999999300 ) ;
#4385 = DIRECTION ( 'NONE',  ( 1.000000000000000000, 0.0000000000000000000, 0.0000000000000000000 ) ) ;
#4386 = DIRECTION ( 'NONE',  ( 0.0000000000000000000, 0.0000000000000000000, 1.000000000000000000 ) ) ;
#4387 = AXIS2_PLACEMENT_3D ( 'NONE', #4401, #4386, #4385 ) ;
#4388 = CIRCLE ( 'NONE', #4387, 0.5000000000000004400 ) ;
#4389 = DIRECTION ( 'NONE',  ( -1.000000000000000000, 0.0000000000000000000, 0.0000000000000000000 ) ) ;
#4390 = CYLINDRICAL_SURFACE ( 'NONE', #4262, 0.2999999999999999300 ) ;
#4391 = FACE_OUTER_BOUND ( 'NONE', #1315, .T. ) ;
#4392 = DIRECTION ( 'NONE',  ( -0.2588190451025240100, 0.9659258262890673100, 0.0000000000000000000 ) ) ;
#4393 = DIRECTION ( 'NONE',  ( 0.9659258262890674200, 0.2588190451025240700, 0.0000000000000000000 ) ) ;
#4394 = CARTESIAN_POINT ( 'NONE',  ( 4.800000000000006000, 1.899999999999999900, -500.0000000000000000 ) ) ;
#4395 = AXIS2_PLACEMENT_3D ( 'NONE', #4394, #4393, #4392 ) ;
#4396 = PLANE ( 'NONE',  #4395 ) ;
#4397 = DIRECTION ( 'NONE',  ( 0.0000000000000000000, 0.0000000000000000000, 1.000000000000000000 ) ) ;
#4398 = CARTESIAN_POINT ( 'NONE',  ( 4.299999999999999800, 13.29999999999999900, 0.0000000000000000000 ) ) ;
#4399 = AXIS2_PLACEMENT_3D ( 'NONE', #4398, #4397, #4389 ) ;
#4400 = CIRCLE ( 'NONE', #4399, 0.2999999999999999300 ) ;
#4401 = CARTESIAN_POINT ( 'NONE',  ( 13.99999999999999600, 3.799999999999987400, 0.0000000000000000000 ) ) ;
#4402 = DIRECTION ( 'NONE',  ( -1.000000000000000000, 0.0000000000000000000, 0.0000000000000000000 ) ) ;
#4403 = DIRECTION ( 'NONE',  ( 0.0000000000000000000, 0.0000000000000000000, 1.000000000000000000 ) ) ;
#4404 = CARTESIAN_POINT ( 'NONE',  ( 3.799999999999999400, 13.99999999999999800, 0.0000000000000000000 ) ) ;
#4405 = AXIS2_PLACEMENT_3D ( 'NONE', #4404, #4403, #4402 ) ;
#4406 = CIRCLE ( 'NONE', #4405, 0.4999999999999995600 ) ;
#4407 = DIRECTION ( 'NONE',  ( -1.000000000000000000, 0.0000000000000000000, 0.0000000000000000000 ) ) ;
#4408 = DIRECTION ( 'NONE',  ( 0.0000000000000000000, 0.0000000000000000000, 1.000000000000000000 ) ) ;
#4409 = CARTESIAN_POINT ( 'NONE',  ( 4.299999999999999800, 14.69999999999999800, 0.0000000000000000000 ) ) ;
#4410 = AXIS2_PLACEMENT_3D ( 'NONE', #4409, #4408, #4407 ) ;
#4411 = CIRCLE ( 'NONE', #4410, 0.2999999999999999300 ) ;
#4412 = DIRECTION ( 'NONE',  ( -1.000000000000000000, 0.0000000000000000000, 0.0000000000000000000 ) ) ;
#4413 = DIRECTION ( 'NONE',  ( 0.0000000000000000000, 0.0000000000000000000, 1.000000000000000000 ) ) ;
#4414 = CARTESIAN_POINT ( 'NONE',  ( -4.300000000000003400, -14.69999999999999800, 0.0000000000000000000 ) ) ;
#4415 = AXIS2_PLACEMENT_3D ( 'NONE', #4414, #4413, #4412 ) ;
#4416 = CIRCLE ( 'NONE', #4415, 0.2999999999999999300 ) ;
#4417 = DIRECTION ( 'NONE',  ( -1.000000000000000000, 0.0000000000000000000, 0.0000000000000000000 ) ) ;
#4418 = DIRECTION ( 'NONE',  ( 0.0000000000000000000, 0.0000000000000000000, 1.000000000000000000 ) ) ;
#4419 = AXIS2_PLACEMENT_3D ( 'NONE', #4295, #4418, #4417 ) ;
#4420 = CIRCLE ( 'NONE', #4419, 0.2999999999999999300 ) ;
#4421 = LINE ( 'NONE', #4289, #4288 ) ;
#4422 = DIRECTION ( 'NONE',  ( 0.0000000000000000000, 0.0000000000000000000, 1.000000000000000000 ) ) ;
#4423 = VECTOR ( 'NONE', #4422, 1000.000000000000000 ) ;
#4424 = CARTESIAN_POINT ( 'NONE',  ( 1.899999999999999500, 4.409032388147642800, 0.0000000000000000000 ) ) ;
#4425 = LINE ( 'NONE', #4424, #4423 ) ;
#4426 = DIRECTION ( 'NONE',  ( 0.9659258262890672000, -0.2588190451025244600, 0.0000000000000000000 ) ) ;
#4427 = DIRECTION ( 'NONE',  ( -0.2588190451025245100, -0.9659258262890673100, 0.0000000000000000000 ) ) ;
#4428 = CARTESIAN_POINT ( 'NONE',  ( -1.899999999999997700, -4.800000000000007800, -500.0000000000000000 ) ) ;
#4429 = AXIS2_PLACEMENT_3D ( 'NONE', #4428, #4427, #4426 ) ;
#4430 = PLANE ( 'NONE',  #4429 ) ;
#4431 = FACE_OUTER_BOUND ( 'NONE', #1342, .T. ) ;
#4432 = DIRECTION ( 'NONE',  ( -0.9659258262890673100, -0.2588190451025244000, 0.0000000000000000000 ) ) ;
#4433 = DIRECTION ( 'NONE',  ( -0.2588190451025244000, 0.9659258262890673100, 0.0000000000000000000 ) ) ;
#4434 = CARTESIAN_POINT ( 'NONE',  ( -1.899999999999999700, 4.800000000000006000, -500.0000000000000000 ) ) ;
#4435 = AXIS2_PLACEMENT_3D ( 'NONE', #4434, #4433, #4432 ) ;
#4436 = PLANE ( 'NONE',  #4435 ) ;
#4437 = FACE_OUTER_BOUND ( 'NONE', #1229, .T. ) ;
#4438 = DIRECTION ( 'NONE',  ( 0.0000000000000000000, 0.0000000000000000000, 1.000000000000000000 ) ) ;
#4439 = VECTOR ( 'NONE', #4438, 1000.000000000000000 ) ;
#4440 = CARTESIAN_POINT ( 'NONE',  ( -1.899999999999998600, 3.336165463522454900, -500.0000000000000000 ) ) ;
#4441 = LINE ( 'NONE', #4440, #4439 ) ;
#4442 = DIRECTION ( 'NONE',  ( -8.759347018580106600E-016, 1.000000000000000000, 0.0000000000000000000 ) ) ;
#4443 = DIRECTION ( 'NONE',  ( 1.000000000000000000, 8.759347018580106600E-016, 0.0000000000000000000 ) ) ;
#4444 = CARTESIAN_POINT ( 'NONE',  ( -1.899999999999998100, 2.819574435974336400, -500.0000000000000000 ) ) ;
#4445 = AXIS2_PLACEMENT_3D ( 'NONE', #4444, #4443, #4442 ) ;
#4446 = PLANE ( 'NONE',  #4445 ) ;
#4447 = FACE_OUTER_BOUND ( 'NONE', #1331, .T. ) ;
#4448 = DIRECTION ( 'NONE',  ( 0.0000000000000000000, 0.0000000000000000000, 1.000000000000000000 ) ) ;
#4449 = VECTOR ( 'NONE', #4448, 1000.000000000000000 ) ;
#4450 = CARTESIAN_POINT ( 'NONE',  ( -3.629480354499754500, 4.336587135686297500, -500.0000000000000000 ) ) ;
#4451 = LINE ( 'NONE', #4450, #4449 ) ;
#4452 = DIRECTION ( 'NONE',  ( 0.0000000000000000000, 0.0000000000000000000, -1.000000000000000000 ) ) ;
#4453 = VECTOR ( 'NONE', #4452, 1000.000000000000000 ) ;
#4454 = CARTESIAN_POINT ( 'NONE',  ( -1.899999999999997000, -3.336165463522456200, -500.0000000000000000 ) ) ;
#4455 = LINE ( 'NONE', #4454, #4453 ) ;
#4456 = DIRECTION ( 'NONE',  ( 4.379673509290051300E-016, 1.000000000000000000, 0.0000000000000000000 ) ) ;
#4457 = DIRECTION ( 'NONE',  ( 1.000000000000000000, -4.379673509290051300E-016, 0.0000000000000000000 ) ) ;
#4458 = CARTESIAN_POINT ( 'NONE',  ( -1.899999999999996800, -2.819574435974337300, -500.0000000000000000 ) ) ;
#4459 = AXIS2_PLACEMENT_3D ( 'NONE', #4458, #4457, #4456 ) ;
#4460 = PLANE ( 'NONE',  #4459 ) ;
#4461 = FACE_OUTER_BOUND ( 'NONE', #1168, .T. ) ;
#4462 = DIRECTION ( 'NONE',  ( 0.0000000000000000000, 0.0000000000000000000, -1.000000000000000000 ) ) ;
#4463 = VECTOR ( 'NONE', #4462, 1000.000000000000000 ) ;
#4464 = CARTESIAN_POINT ( 'NONE',  ( -2.277645713530755100, -4.698810136034365000, -500.0000000000000000 ) ) ;
#4465 = LINE ( 'NONE', #4464, #4463 ) ;
#4466 = DIRECTION ( 'NONE',  ( 0.0000000000000000000, 0.0000000000000000000, 1.000000000000000000 ) ) ;
#4467 = VECTOR ( 'NONE', #4466, 1000.000000000000000 ) ;
#4468 = CARTESIAN_POINT ( 'NONE',  ( 4.409032388147642800, -1.899999999999999700, 0.0000000000000000000 ) ) ;
#4469 = DIRECTION ( 'NONE',  ( 1.000000000000000000, 0.0000000000000000000, 0.0000000000000000000 ) ) ;
#4470 = DIRECTION ( 'NONE',  ( 0.0000000000000000000, 0.0000000000000000000, 1.000000000000000000 ) ) ;
#4471 = CARTESIAN_POINT ( 'NONE',  ( -3.370661309397228000, -3.370661309397229700, -500.0000000000000000 ) ) ;
#4472 = AXIS2_PLACEMENT_3D ( 'NONE', #4471, #4470, #4469 ) ;
#4473 = CYLINDRICAL_SURFACE ( 'NONE', #4472, 1.000000000000001800 ) ;
#4474 = LINE ( 'NONE', #4468, #4467 ) ;
#4475 = FACE_OUTER_BOUND ( 'NONE', #1365, .T. ) ;
#4476 = DIRECTION ( 'NONE',  ( 0.0000000000000000000, 0.0000000000000000000, -1.000000000000000000 ) ) ;
#4477 = VECTOR ( 'NONE', #4476, 1000.000000000000000 ) ;
#4478 = CARTESIAN_POINT ( 'NONE',  ( 1.899999999999999500, -4.409032388147643600, -500.0000000000000000 ) ) ;
#4479 = LINE ( 'NONE', #4478, #4477 ) ;
#4480 = DIRECTION ( 'NONE',  ( 0.0000000000000000000, 0.0000000000000000000, 1.000000000000000000 ) ) ;
#4481 = VECTOR ( 'NONE', #4480, 1000.000000000000000 ) ;
#4482 = CARTESIAN_POINT ( 'NONE',  ( 1.899999999999999000, -3.336165463522455800, -500.0000000000000000 ) ) ;
#4483 = CARTESIAN_POINT ( 'NONE',  ( -12.92940952255126600, 12.22033342297795900, -500.0000000000000000 ) ) ;
#4484 = LINE ( 'NONE', #4483, #4573 ) ;
#4485 = DIRECTION ( 'NONE',  ( 1.745747425951496900E-015, 1.000000000000000000, 0.0000000000000000000 ) ) ;
#4486 = DIRECTION ( 'NONE',  ( 1.000000000000000000, -1.745747425951496900E-015, 0.0000000000000000000 ) ) ;
#4487 = CARTESIAN_POINT ( 'NONE',  ( 13.30000000000000200, 11.73737050983342700, -500.0000000000000000 ) ) ;
#4488 = AXIS2_PLACEMENT_3D ( 'NONE', #4487, #4486, #4485 ) ;
#4489 = PLANE ( 'NONE',  #4488 ) ;
#4490 = FACE_OUTER_BOUND ( 'NONE', #1607, .T. ) ;
#4491 = DIRECTION ( 'NONE',  ( 0.0000000000000000000, 0.0000000000000000000, 1.000000000000000000 ) ) ;
#4492 = VECTOR ( 'NONE', #4491, 1000.000000000000000 ) ;
#4493 = CARTESIAN_POINT ( 'NONE',  ( 12.22033342297796400, 12.92940952255126400, -500.0000000000000000 ) ) ;
#4494 = LINE ( 'NONE', #4493, #4492 ) ;
#4495 = DIRECTION ( 'NONE',  ( 1.000000000000000000, 0.0000000000000000000, 0.0000000000000000000 ) ) ;
#4496 = DIRECTION ( 'NONE',  ( 0.0000000000000000000, 0.0000000000000000000, 1.000000000000000000 ) ) ;
#4497 = CARTESIAN_POINT ( 'NONE',  ( 11.73737050983342900, 12.80000000000000200, -500.0000000000000000 ) ) ;
#4498 = AXIS2_PLACEMENT_3D ( 'NONE', #4497, #4496, #4495 ) ;
#4499 = CYLINDRICAL_SURFACE ( 'NONE', #4498, 0.5000000000000004400 ) ;
#4500 = FACE_OUTER_BOUND ( 'NONE', #1530, .T. ) ;
#4501 = DIRECTION ( 'NONE',  ( 0.0000000000000000000, 0.0000000000000000000, 1.000000000000000000 ) ) ;
#4502 = VECTOR ( 'NONE', #4501, 1000.000000000000000 ) ;
#4503 = CARTESIAN_POINT ( 'NONE',  ( 13.30000000000000200, 11.73737050983342700, -500.0000000000000000 ) ) ;
#4504 = LINE ( 'NONE', #4503, #4502 ) ;
#4505 = CYLINDRICAL_SURFACE ( 'NONE', #4583, 0.5000000000000022200 ) ;
#4506 = FACE_OUTER_BOUND ( 'NONE', #1539, .T. ) ;
#4507 = FACE_OUTER_BOUND ( 'NONE', #1535, .T. ) ;
#4508 = DIRECTION ( 'NONE',  ( 0.0000000000000000000, 0.0000000000000000000, 1.000000000000000000 ) ) ;
#4509 = VECTOR ( 'NONE', #4508, 1000.000000000000000 ) ;
#4510 = CARTESIAN_POINT ( 'NONE',  ( 12.29546421160165400, 12.64901760219492600, -500.0000000000000000 ) ) ;
#4511 = LINE ( 'NONE', #4510, #4509 ) ;
#4512 = DIRECTION ( 'NONE',  ( 0.0000000000000000000, 0.0000000000000000000, 1.000000000000000000 ) ) ;
#4513 = VECTOR ( 'NONE', #4512, 1000.000000000000000 ) ;
#4514 = CARTESIAN_POINT ( 'NONE',  ( 11.73737050983342900, 13.30000000000000200, -500.0000000000000000 ) ) ;
#4515 = LINE ( 'NONE', #4514, #4513 ) ;
#4516 = DIRECTION ( 'NONE',  ( 0.0000000000000000000, 0.0000000000000000000, 1.000000000000000000 ) ) ;
#4517 = VECTOR ( 'NONE', #4516, 1000.000000000000000 ) ;
#4518 = CARTESIAN_POINT ( 'NONE',  ( 9.449999999999999300, -9.950000000000001100, -500.0000000000000000 ) ) ;
#4519 = DIRECTION ( 'NONE',  ( 1.000000000000000000, 0.0000000000000000000, 0.0000000000000000000 ) ) ;
#4520 = DIRECTION ( 'NONE',  ( 0.0000000000000000000, 0.0000000000000000000, 1.000000000000000000 ) ) ;
#4521 = CARTESIAN_POINT ( 'NONE',  ( 9.950000000000002800, -9.949999999999995700, -500.0000000000000000 ) ) ;
#4522 = AXIS2_PLACEMENT_3D ( 'NONE', #4521, #4520, #4519 ) ;
#4523 = LINE ( 'NONE', #4518, #4517 ) ;
#4524 = CYLINDRICAL_SURFACE ( 'NONE', #4522, 0.5000000000000022200 ) ;
#4525 = FACE_OUTER_BOUND ( 'NONE', #1586, .T. ) ;
#4526 = DIRECTION ( 'NONE',  ( -0.9659258262890700900, 0.2588190451025141900, 0.0000000000000000000 ) ) ;
#4527 = DIRECTION ( 'NONE',  ( 0.2588190451025141900, 0.9659258262890700900, 0.0000000000000000000 ) ) ;
#4528 = CARTESIAN_POINT ( 'NONE',  ( 12.64901760219492700, 12.29546421160165300, -500.0000000000000000 ) ) ;
#4529 = AXIS2_PLACEMENT_3D ( 'NONE', #4528, #4527, #4526 ) ;
#4530 = PLANE ( 'NONE',  #4529 ) ;
#4531 = FACE_OUTER_BOUND ( 'NONE', #1583, .T. ) ;
#4532 = DIRECTION ( 'NONE',  ( 0.0000000000000000000, 0.0000000000000000000, 1.000000000000000000 ) ) ;
#4533 = VECTOR ( 'NONE', #4532, 1000.000000000000000 ) ;
#4534 = CARTESIAN_POINT ( 'NONE',  ( 12.64901760219492700, 12.29546421160165300, -500.0000000000000000 ) ) ;
#4535 = LINE ( 'NONE', #4534, #4533 ) ;
#4536 = DIRECTION ( 'NONE',  ( 0.0000000000000000000, 0.0000000000000000000, -1.000000000000000000 ) ) ;
#4537 = DIRECTION ( 'NONE',  ( 1.000000000000000000, 0.0000000000000000000, 0.0000000000000000000 ) ) ;
#4538 = CARTESIAN_POINT ( 'NONE',  ( -9.449999999999999300, 13.00000000000000000, -500.0000000000000000 ) ) ;
#4539 = AXIS2_PLACEMENT_3D ( 'NONE', #4538, #4537, #4536 ) ;
#4540 = PLANE ( 'NONE',  #4539 ) ;
#4541 = FACE_OUTER_BOUND ( 'NONE', #1576, .T. ) ;
#4542 = DIRECTION ( 'NONE',  ( 0.0000000000000000000, 0.0000000000000000000, 1.000000000000000000 ) ) ;
#4543 = VECTOR ( 'NONE', #4542, 1000.000000000000000 ) ;
#4544 = CARTESIAN_POINT ( 'NONE',  ( -9.449999999999999300, 13.00000000000000000, -500.0000000000000000 ) ) ;
#4545 = DIRECTION ( 'NONE',  ( 1.000000000000000000, 0.0000000000000000000, 0.0000000000000000000 ) ) ;
#4546 = DIRECTION ( 'NONE',  ( 0.0000000000000000000, 0.0000000000000000000, 1.000000000000000000 ) ) ;
#4547 = CARTESIAN_POINT ( 'NONE',  ( -9.750000000000000000, 13.00000000000000000, -500.0000000000000000 ) ) ;
#4548 = AXIS2_PLACEMENT_3D ( 'NONE', #4547, #4546, #4545 ) ;
#4549 = CYLINDRICAL_SURFACE ( 'NONE', #4548, 0.2999999999999999300 ) ;
#4550 = CARTESIAN_POINT ( 'NONE',  ( -4.000000000000000000, 14.99999999999999800, -500.0000000000000000 ) ) ;
#4551 = DIRECTION ( 'NONE',  ( 0.0000000000000000000, 0.0000000000000000000, 1.000000000000000000 ) ) ;
#4552 = VECTOR ( 'NONE', #4551, 1000.000000000000000 ) ;
#4553 = CARTESIAN_POINT ( 'NONE',  ( -12.99999999999999800, 9.449999999999999300, -500.0000000000000000 ) ) ;
#4554 = AXIS2_PLACEMENT_3D ( 'NONE', #4550, #4362, #4914 ) ;
#4555 = DIRECTION ( 'NONE',  ( 1.000000000000000000, 0.0000000000000000000, 0.0000000000000000000 ) ) ;
#4556 = DIRECTION ( 'NONE',  ( 0.0000000000000000000, 0.0000000000000000000, 1.000000000000000000 ) ) ;
#4557 = CARTESIAN_POINT ( 'NONE',  ( -12.77842712474618900, 12.77842712474618400, -500.0000000000000000 ) ) ;
#4558 = AXIS2_PLACEMENT_3D ( 'NONE', #4557, #4556, #4555 ) ;
#4559 = CYLINDRICAL_SURFACE ( 'NONE', #4558, 0.5000000000000004400 ) ;
#4560 = LINE ( 'NONE', #4553, #4552 ) ;
#4561 = FACE_OUTER_BOUND ( 'NONE', #1633, .T. ) ;
#4562 = DIRECTION ( 'NONE',  ( 0.0000000000000000000, 0.0000000000000000000, 1.000000000000000000 ) ) ;
#4563 = VECTOR ( 'NONE', #4562, 1000.000000000000000 ) ;
#4564 = CARTESIAN_POINT ( 'NONE',  ( -12.64901760219492700, 12.29546421160164900, -500.0000000000000000 ) ) ;
#4565 = LINE ( 'NONE', #4564, #4563 ) ;
#4566 = DIRECTION ( 'NONE',  ( -0.9659258262890686500, -0.2588190451025197400, 0.0000000000000000000 ) ) ;
#4567 = DIRECTION ( 'NONE',  ( -0.2588190451025197400, 0.9659258262890686500, 0.0000000000000000000 ) ) ;
#4568 = CARTESIAN_POINT ( 'NONE',  ( -12.64901760219492700, 12.29546421160165100, -500.0000000000000000 ) ) ;
#4569 = AXIS2_PLACEMENT_3D ( 'NONE', #4568, #4567, #4566 ) ;
#4570 = PLANE ( 'NONE',  #4569 ) ;
#4571 = FACE_OUTER_BOUND ( 'NONE', #1626, .T. ) ;
#4572 = DIRECTION ( 'NONE',  ( 0.0000000000000000000, 0.0000000000000000000, 1.000000000000000000 ) ) ;
#4573 = VECTOR ( 'NONE', #4572, 1000.000000000000000 ) ;
#4574 = DIRECTION ( 'NONE',  ( 1.000000000000000000, 0.0000000000000000000, 0.0000000000000000000 ) ) ;
#4575 = DIRECTION ( 'NONE',  ( 0.0000000000000000000, 0.0000000000000000000, 1.000000000000000000 ) ) ;
#4576 = CARTESIAN_POINT ( 'NONE',  ( -3.336165463522454900, -1.599999999999999900, -500.0000000000000000 ) ) ;
#4577 = AXIS2_PLACEMENT_3D ( 'NONE', #4576, #4575, #4574 ) ;
#4578 = FACE_OUTER_BOUND ( 'NONE', #1546, .T. ) ;
#4579 = CYLINDRICAL_SURFACE ( 'NONE', #4577, 0.2999999999999999300 ) ;
#4580 = DIRECTION ( 'NONE',  ( 1.000000000000000000, 0.0000000000000000000, 0.0000000000000000000 ) ) ;
#4581 = DIRECTION ( 'NONE',  ( 0.0000000000000000000, 0.0000000000000000000, 1.000000000000000000 ) ) ;
#4582 = CARTESIAN_POINT ( 'NONE',  ( 12.77842712474618900, 12.77842712474618700, -500.0000000000000000 ) ) ;
#4583 = AXIS2_PLACEMENT_3D ( 'NONE', #4582, #4581, #4580 ) ;
#4584 = LINE ( 'NONE', #4614, #4613 ) ;
#4585 = DIRECTION ( 'NONE',  ( 0.0000000000000000000, 0.0000000000000000000, 1.000000000000000000 ) ) ;
#4586 = DIRECTION ( 'NONE',  ( -1.000000000000000000, 0.0000000000000000000, 0.0000000000000000000 ) ) ;
#4587 = CARTESIAN_POINT ( 'NONE',  ( 9.449999999999999300, 13.00000000000000200, -500.0000000000000000 ) ) ;
#4588 = AXIS2_PLACEMENT_3D ( 'NONE', #4587, #4586, #4585 ) ;
#4589 = PLANE ( 'NONE',  #4588 ) ;
#4590 = FACE_OUTER_BOUND ( 'NONE', #1488, .T. ) ;
#4591 = DIRECTION ( 'NONE',  ( 0.0000000000000000000, 0.0000000000000000000, 1.000000000000000000 ) ) ;
#4592 = VECTOR ( 'NONE', #4591, 1000.000000000000000 ) ;
#4593 = CARTESIAN_POINT ( 'NONE',  ( 9.449999999999995700, 9.950000000000001100, -500.0000000000000000 ) ) ;
#4594 = LINE ( 'NONE', #4593, #4592 ) ;
#4595 = DIRECTION ( 'NONE',  ( 0.0000000000000000000, 0.0000000000000000000, 1.000000000000000000 ) ) ;
#4596 = VECTOR ( 'NONE', #4595, 1000.000000000000000 ) ;
#4597 = CARTESIAN_POINT ( 'NONE',  ( -12.99999999999999500, -9.450000000000006400, -500.0000000000000000 ) ) ;
#4598 = LINE ( 'NONE', #4597, #4596 ) ;
#4599 = CARTESIAN_POINT ( 'NONE',  ( 13.00000000000000000, -9.750000000000003600, -500.0000000000000000 ) ) ;
#4600 = CYLINDRICAL_SURFACE ( 'NONE', #4639, 0.2999999999999999300 ) ;
#4601 = FACE_OUTER_BOUND ( 'NONE', #1501, .T. ) ;
#4602 = DIRECTION ( 'NONE',  ( 0.0000000000000000000, 0.0000000000000000000, 1.000000000000000000 ) ) ;
#4603 = VECTOR ( 'NONE', #4602, 1000.000000000000000 ) ;
#4604 = CARTESIAN_POINT ( 'NONE',  ( 12.99999999999999800, -9.450000000000002800, -500.0000000000000000 ) ) ;
#4605 = DIRECTION ( 'NONE',  ( 1.000000000000000000, 0.0000000000000000000, 0.0000000000000000000 ) ) ;
#4606 = DIRECTION ( 'NONE',  ( 0.0000000000000000000, 0.0000000000000000000, 1.000000000000000000 ) ) ;
#4607 = CARTESIAN_POINT ( 'NONE',  ( 9.750000000000000000, 13.00000000000000200, -500.0000000000000000 ) ) ;
#4608 = AXIS2_PLACEMENT_3D ( 'NONE', #4607, #4606, #4605 ) ;
#4609 = CYLINDRICAL_SURFACE ( 'NONE', #4608, 0.2999999999999999300 ) ;
#4610 = LINE ( 'NONE', #4604, #4603 ) ;
#4611 = FACE_OUTER_BOUND ( 'NONE', #1495, .T. ) ;
#4612 = DIRECTION ( 'NONE',  ( 0.0000000000000000000, 0.0000000000000000000, 1.000000000000000000 ) ) ;
#4613 = VECTOR ( 'NONE', #4612, 1000.000000000000000 ) ;
#4614 = CARTESIAN_POINT ( 'NONE',  ( 9.449999999999999300, 13.00000000000000200, -500.0000000000000000 ) ) ;
#4615 = VECTOR ( 'NONE', #4672, 1000.000000000000000 ) ;
#4616 = CARTESIAN_POINT ( 'NONE',  ( 9.750000000000000000, 13.30000000000000100, -500.0000000000000000 ) ) ;
#4617 = LINE ( 'NONE', #4616, #4615 ) ;
#4618 = DIRECTION ( 'NONE',  ( 0.0000000000000000000, 0.0000000000000000000, 1.000000000000000000 ) ) ;
#4619 = VECTOR ( 'NONE', #4618, 1000.000000000000000 ) ;
#4620 = CARTESIAN_POINT ( 'NONE',  ( 13.30000000000000200, -11.73737050983342700, -500.0000000000000000 ) ) ;
#4621 = LINE ( 'NONE', #4620, #4619 ) ;
#4622 = DIRECTION ( 'NONE',  ( -1.745747425951496900E-015, 1.000000000000000000, 0.0000000000000000000 ) ) ;
#4623 = DIRECTION ( 'NONE',  ( 1.000000000000000000, 1.745747425951496900E-015, 0.0000000000000000000 ) ) ;
#4624 = CARTESIAN_POINT ( 'NONE',  ( 13.30000000000000200, -11.73737050983342700, -500.0000000000000000 ) ) ;
#4625 = AXIS2_PLACEMENT_3D ( 'NONE', #4624, #4623, #4622 ) ;
#4626 = PLANE ( 'NONE',  #4625 ) ;
#4627 = FACE_OUTER_BOUND ( 'NONE', #1513, .T. ) ;
#4628 = DIRECTION ( 'NONE',  ( 0.0000000000000000000, 0.0000000000000000000, 1.000000000000000000 ) ) ;
#4629 = VECTOR ( 'NONE', #4628, 1000.000000000000000 ) ;
#4630 = CARTESIAN_POINT ( 'NONE',  ( 13.29999999999999900, -9.750000000000003600, -500.0000000000000000 ) ) ;
#4631 = LINE ( 'NONE', #4630, #4629 ) ;
#4632 = DIRECTION ( 'NONE',  ( -0.2588190451025141900, 0.9659258262890700900, 0.0000000000000000000 ) ) ;
#4633 = DIRECTION ( 'NONE',  ( 0.9659258262890700900, 0.2588190451025141900, 0.0000000000000000000 ) ) ;
#4634 = CARTESIAN_POINT ( 'NONE',  ( 12.29546421160165400, 12.64901760219492600, -500.0000000000000000 ) ) ;
#4635 = AXIS2_PLACEMENT_3D ( 'NONE', #4634, #4633, #4632 ) ;
#4636 = FACE_OUTER_BOUND ( 'NONE', #1613, .T. ) ;
#4637 = DIRECTION ( 'NONE',  ( 1.000000000000000000, 0.0000000000000000000, 0.0000000000000000000 ) ) ;
#4638 = DIRECTION ( 'NONE',  ( 0.0000000000000000000, 0.0000000000000000000, 1.000000000000000000 ) ) ;
#4639 = AXIS2_PLACEMENT_3D ( 'NONE', #4599, #4638, #4637 ) ;
#4640 = PLANE ( 'NONE',  #4635 ) ;
#4641 = DIRECTION ( 'NONE',  ( 1.000000000000000000, 0.0000000000000000000, 0.0000000000000000000 ) ) ;
#4642 = DIRECTION ( 'NONE',  ( 0.0000000000000000000, 0.0000000000000000000, 1.000000000000000000 ) ) ;
#4643 = CARTESIAN_POINT ( 'NONE',  ( 12.80000000000000200, 11.73737050983342900, -500.0000000000000000 ) ) ;
#4644 = AXIS2_PLACEMENT_3D ( 'NONE', #4643, #4642, #4641 ) ;
#4645 = CYLINDRICAL_SURFACE ( 'NONE', #4644, 0.5000000000000004400 ) ;
#4646 = FACE_OUTER_BOUND ( 'NONE', #1602, .T. ) ;
#4647 = DIRECTION ( 'NONE',  ( 0.0000000000000000000, 0.0000000000000000000, 1.000000000000000000 ) ) ;
#4648 = VECTOR ( 'NONE', #4647, 1000.000000000000000 ) ;
#4649 = CARTESIAN_POINT ( 'NONE',  ( 12.92940952255126600, 12.22033342297796200, -500.0000000000000000 ) ) ;
#4650 = LINE ( 'NONE', #4649, #4648 ) ;
#4651 = DIRECTION ( 'NONE',  ( -1.000000000000000000, 3.981332567815622700E-015, 0.0000000000000000000 ) ) ;
#4652 = DIRECTION ( 'NONE',  ( 3.981332567815622700E-015, 1.000000000000000000, 0.0000000000000000000 ) ) ;
#4653 = CARTESIAN_POINT ( 'NONE',  ( 12.99999999999999800, -9.450000000000002800, -500.0000000000000000 ) ) ;
#4654 = AXIS2_PLACEMENT_3D ( 'NONE', #4653, #4652, #4651 ) ;
#4655 = PLANE ( 'NONE',  #4654 ) ;
#4656 = FACE_OUTER_BOUND ( 'NONE', #1594, .T. ) ;
#4657 = DIRECTION ( 'NONE',  ( 0.0000000000000000000, 0.0000000000000000000, 1.000000000000000000 ) ) ;
#4658 = VECTOR ( 'NONE', #4657, 1000.000000000000000 ) ;
#4659 = CARTESIAN_POINT ( 'NONE',  ( 9.949999999999997500, -9.449999999999992200, -500.0000000000000000 ) ) ;
#4660 = LINE ( 'NONE', #4659, #4658 ) ;
#4661 = CARTESIAN_POINT ( 'NONE',  ( -12.99999999999999600, -9.750000000000007100, -500.0000000000000000 ) ) ;
#4662 = DIRECTION ( 'NONE',  ( 1.000000000000000000, 0.0000000000000000000, 0.0000000000000000000 ) ) ;
#4663 = DIRECTION ( 'NONE',  ( 0.0000000000000000000, 0.0000000000000000000, 1.000000000000000000 ) ) ;
#4664 = AXIS2_PLACEMENT_3D ( 'NONE', #4661, #4663, #4662 ) ;
#4665 = CYLINDRICAL_SURFACE ( 'NONE', #4664, 0.2999999999999999300 ) ;
#4666 = DIRECTION ( 'NONE',  ( -1.000000000000000000, -8.728737129757460800E-016, 0.0000000000000000000 ) ) ;
#4667 = DIRECTION ( 'NONE',  ( -8.728737129757460800E-016, 1.000000000000000000, 0.0000000000000000000 ) ) ;
#4668 = CARTESIAN_POINT ( 'NONE',  ( 11.73737050983342900, 13.30000000000000200, -500.0000000000000000 ) ) ;
#4669 = AXIS2_PLACEMENT_3D ( 'NONE', #4668, #4667, #4666 ) ;
#4670 = PLANE ( 'NONE',  #4669 ) ;
#4671 = FACE_OUTER_BOUND ( 'NONE', #1524, .T. ) ;
#4672 = DIRECTION ( 'NONE',  ( 0.0000000000000000000, 0.0000000000000000000, 1.000000000000000000 ) ) ;
#4673 = FACE_OUTER_BOUND ( 'NONE', #5857, .T. ) ;
#4674 = DIRECTION ( 'NONE',  ( 0.0000000000000000000, 0.0000000000000000000, 1.000000000000000000 ) ) ;
#4675 = VECTOR ( 'NONE', #4674, 1000.000000000000000 ) ;
#4676 = CARTESIAN_POINT ( 'NONE',  ( -13.29999999999999500, -9.750000000000007100, -500.0000000000000000 ) ) ;
#4677 = LINE ( 'NONE', #4676, #4675 ) ;
#4678 = LINE ( 'NONE', #4544, #4543 ) ;
#4679 = FACE_OUTER_BOUND ( 'NONE', #1569, .T. ) ;
#4680 = DIRECTION ( 'NONE',  ( 0.0000000000000000000, 0.0000000000000000000, 1.000000000000000000 ) ) ;
#4681 = VECTOR ( 'NONE', #4680, 1000.000000000000000 ) ;
#4682 = CARTESIAN_POINT ( 'NONE',  ( -9.750000000000000000, 13.29999999999999900, -500.0000000000000000 ) ) ;
#4683 = LINE ( 'NONE', #4682, #4681 ) ;
#4684 = DIRECTION ( 'NONE',  ( 1.000000000000000000, 0.0000000000000000000, 0.0000000000000000000 ) ) ;
#4685 = DIRECTION ( 'NONE',  ( 0.0000000000000000000, 0.0000000000000000000, 1.000000000000000000 ) ) ;
#4686 = CARTESIAN_POINT ( 'NONE',  ( -11.73737050983342900, 12.79999999999999900, -500.0000000000000000 ) ) ;
#4687 = AXIS2_PLACEMENT_3D ( 'NONE', #4686, #4685, #4684 ) ;
#4688 = CYLINDRICAL_SURFACE ( 'NONE', #4687, 0.5000000000000004400 ) ;
#4689 = FACE_OUTER_BOUND ( 'NONE', #1563, .T. ) ;
#4690 = DIRECTION ( 'NONE',  ( 0.0000000000000000000, 0.0000000000000000000, 1.000000000000000000 ) ) ;
#4691 = VECTOR ( 'NONE', #4690, 1000.000000000000000 ) ;
#4692 = CARTESIAN_POINT ( 'NONE',  ( -12.22033342297796400, 12.92940952255126100, -500.0000000000000000 ) ) ;
#4693 = LINE ( 'NONE', #4692, #4691 ) ;
#4694 = DIRECTION ( 'NONE',  ( -0.2588190451025141900, -0.9659258262890700900, 0.0000000000000000000 ) ) ;
#4695 = DIRECTION ( 'NONE',  ( -0.9659258262890700900, 0.2588190451025141900, 0.0000000000000000000 ) ) ;
#4696 = CARTESIAN_POINT ( 'NONE',  ( -12.29546421160165400, 12.64901760219492200, -500.0000000000000000 ) ) ;
#4697 = AXIS2_PLACEMENT_3D ( 'NONE', #4696, #4695, #4694 ) ;
#4698 = PLANE ( 'NONE',  #4697 ) ;
#4699 = FACE_OUTER_BOUND ( 'NONE', #1556, .T. ) ;
#4700 = DIRECTION ( 'NONE',  ( 0.0000000000000000000, 0.0000000000000000000, 1.000000000000000000 ) ) ;
#4701 = VECTOR ( 'NONE', #4700, 1000.000000000000000 ) ;
#4702 = CARTESIAN_POINT ( 'NONE',  ( -12.29546421160165400, 12.64901760219492200, -500.0000000000000000 ) ) ;
#4703 = LINE ( 'NONE', #4702, #4701 ) ;
#4704 = DIRECTION ( 'NONE',  ( 0.0000000000000000000, 0.0000000000000000000, 1.000000000000000000 ) ) ;
#4705 = VECTOR ( 'NONE', #4704, 1000.000000000000000 ) ;
#4706 = CARTESIAN_POINT ( 'NONE',  ( -9.949999999999999300, 9.449999999999999300, -500.0000000000000000 ) ) ;
#4707 = LINE ( 'NONE', #4706, #4705 ) ;
#4708 = DIRECTION ( 'NONE',  ( 0.0000000000000000000, 0.0000000000000000000, 1.000000000000000000 ) ) ;
#4709 = VECTOR ( 'NONE', #4708, 1000.000000000000000 ) ;
#4710 = CARTESIAN_POINT ( 'NONE',  ( 13.29999999999999900, 9.750000000000003600, -500.0000000000000000 ) ) ;
#4711 = DIRECTION ( 'NONE',  ( 1.000000000000000000, 0.0000000000000000000, 0.0000000000000000000 ) ) ;
#4712 = DIRECTION ( 'NONE',  ( 0.0000000000000000000, 0.0000000000000000000, 1.000000000000000000 ) ) ;
#4713 = CARTESIAN_POINT ( 'NONE',  ( 13.00000000000000000, 9.750000000000003600, -500.0000000000000000 ) ) ;
#4714 = AXIS2_PLACEMENT_3D ( 'NONE', #4713, #4712, #4711 ) ;
#4715 = LINE ( 'NONE', #4710, #4709 ) ;
#4716 = CYLINDRICAL_SURFACE ( 'NONE', #4714, 0.2999999999999999300 ) ;
#4717 = CYLINDRICAL_SURFACE ( 'NONE', #4816, 0.2999999999999999300 ) ;
#4718 = FACE_OUTER_BOUND ( 'NONE', #1700, .T. ) ;
#4719 = DIRECTION ( 'NONE',  ( -1.000000000000000000, 0.0000000000000000000, 0.0000000000000000000 ) ) ;
#4720 = DIRECTION ( 'NONE',  ( 0.0000000000000000000, 0.0000000000000000000, -1.000000000000000000 ) ) ;
#4721 = AXIS2_PLACEMENT_3D ( 'NONE', #4728, #4720, #4719 ) ;
#4722 = CARTESIAN_POINT ( 'NONE',  ( -4.409032388147642800, 2.199999999999998400, -500.0000000000000000 ) ) ;
#4723 = CYLINDRICAL_SURFACE ( 'NONE', #4721, 0.2999999999999999300 ) ;
#4724 = FACE_OUTER_BOUND ( 'NONE', #1694, .T. ) ;
#4725 = DIRECTION ( 'NONE',  ( 1.000000000000000000, 0.0000000000000000000, 0.0000000000000000000 ) ) ;
#4726 = DIRECTION ( 'NONE',  ( 0.0000000000000000000, 0.0000000000000000000, 1.000000000000000000 ) ) ;
#4727 = AXIS2_PLACEMENT_3D ( 'NONE', #4734, #4726, #4725 ) ;
#4728 = CARTESIAN_POINT ( 'NONE',  ( 4.409032388147642800, 2.199999999999999700, -500.0000000000000000 ) ) ;
#4729 = CYLINDRICAL_SURFACE ( 'NONE', #4727, 0.2999999999999999300 ) ;
#4730 = FACE_OUTER_BOUND ( 'NONE', #1689, .T. ) ;
#4731 = DIRECTION ( 'NONE',  ( 1.000000000000000000, 0.0000000000000000000, 0.0000000000000000000 ) ) ;
#4732 = DIRECTION ( 'NONE',  ( 0.0000000000000000000, 0.0000000000000000000, 1.000000000000000000 ) ) ;
#4733 = AXIS2_PLACEMENT_3D ( 'NONE', #4741, #4732, #4731 ) ;
#4734 = CARTESIAN_POINT ( 'NONE',  ( 1.599999999999998800, -3.336165463522455800, -500.0000000000000000 ) ) ;
#4735 = CYLINDRICAL_SURFACE ( 'NONE', #4733, 0.2999999999999999300 ) ;
#4736 = FACE_OUTER_BOUND ( 'NONE', #1683, .T. ) ;
#4737 = DIRECTION ( 'NONE',  ( 1.000000000000000000, 0.0000000000000000000, 0.0000000000000000000 ) ) ;
#4738 = DIRECTION ( 'NONE',  ( 0.0000000000000000000, 0.0000000000000000000, 1.000000000000000000 ) ) ;
#4739 = CARTESIAN_POINT ( 'NONE',  ( -12.80000000000000200, 11.73737050983342600, -500.0000000000000000 ) ) ;
#4740 = AXIS2_PLACEMENT_3D ( 'NONE', #4739, #4738, #4737 ) ;
#4741 = CARTESIAN_POINT ( 'NONE',  ( 3.336165463522455400, -1.599999999999999000, -500.0000000000000000 ) ) ;
#4742 = CYLINDRICAL_SURFACE ( 'NONE', #4740, 0.5000000000000004400 ) ;
#4743 = FACE_OUTER_BOUND ( 'NONE', #1619, .T. ) ;
#4744 = DIRECTION ( 'NONE',  ( 0.0000000000000000000, 0.0000000000000000000, 1.000000000000000000 ) ) ;
#4745 = VECTOR ( 'NONE', #4744, 1000.000000000000000 ) ;
#4746 = CARTESIAN_POINT ( 'NONE',  ( -13.30000000000000200, 11.73737050983342400, -500.0000000000000000 ) ) ;
#4747 = LINE ( 'NONE', #4746, #4745 ) ;
#4748 = DIRECTION ( 'NONE',  ( 0.0000000000000000000, 0.0000000000000000000, 1.000000000000000000 ) ) ;
#4749 = DIRECTION ( 'NONE',  ( 0.0000000000000000000, 1.000000000000000000, 0.0000000000000000000 ) ) ;
#4750 = DIRECTION ( 'NONE',  ( 0.0000000000000000000, 0.0000000000000000000, -1.000000000000000000 ) ) ;
#4751 = CARTESIAN_POINT ( 'NONE',  ( -4.409032388147641000, -2.200000000000000600, -500.0000000000000000 ) ) ;
#4752 = AXIS2_PLACEMENT_3D ( 'NONE', #4751, #4750, #4955 ) ;
#4753 = CARTESIAN_POINT ( 'NONE',  ( -4.409032388147641000, -2.200000000000000600, 0.0000000000000000000 ) ) ;
#4754 = CYLINDRICAL_SURFACE ( 'NONE', #4752, 0.2999999999999999300 ) ;
#4755 = FACE_OUTER_BOUND ( 'NONE', #1801, .T. ) ;
#4756 = DIRECTION ( 'NONE',  ( 0.0000000000000000000, 0.0000000000000000000, 1.000000000000000000 ) ) ;
#4757 = VECTOR ( 'NONE', #4756, 1000.000000000000000 ) ;
#4758 = CARTESIAN_POINT ( 'NONE',  ( -3.336165463522454500, -1.899999999999999700, -500.0000000000000000 ) ) ;
#4759 = LINE ( 'NONE', #4758, #4757 ) ;
#4760 = CARTESIAN_POINT ( 'NONE',  ( -3.336165463522454500, -1.899999999999999700, 0.0000000000000000000 ) ) ;
#4761 = DIRECTION ( 'NONE',  ( 1.000000000000000000, 0.0000000000000000000, 0.0000000000000000000 ) ) ;
#4762 = DIRECTION ( 'NONE',  ( 0.0000000000000000000, 0.0000000000000000000, 1.000000000000000000 ) ) ;
#4763 = CARTESIAN_POINT ( 'NONE',  ( -1.599999999999997000, -3.336165463522456200, -500.0000000000000000 ) ) ;
#4764 = AXIS2_PLACEMENT_3D ( 'NONE', #4763, #4762, #4761 ) ;
#4765 = CYLINDRICAL_SURFACE ( 'NONE', #4764, 0.2999999999999999300 ) ;
#4766 = CYLINDRICAL_SURFACE ( 'NONE', #4859, 0.2999999999999999300 ) ;
#4767 = FACE_OUTER_BOUND ( 'NONE', #1750, .T. ) ;
#4768 = DIRECTION ( 'NONE',  ( 1.000000000000000000, 0.0000000000000000000, 0.0000000000000000000 ) ) ;
#4769 = DIRECTION ( 'NONE',  ( 0.0000000000000000000, 0.0000000000000000000, 1.000000000000000000 ) ) ;
#4770 = AXIS2_PLACEMENT_3D ( 'NONE', #4777, #4769, #4768 ) ;
#4771 = CARTESIAN_POINT ( 'NONE',  ( -4.409032388147641000, -2.200000000000000600, -500.0000000000000000 ) ) ;
#4772 = CYLINDRICAL_SURFACE ( 'NONE', #4770, 0.2999999999999999300 ) ;
#4773 = FACE_OUTER_BOUND ( 'NONE', #1741, .T. ) ;
#4774 = DIRECTION ( 'NONE',  ( 1.000000000000000000, 0.0000000000000000000, 0.0000000000000000000 ) ) ;
#4775 = DIRECTION ( 'NONE',  ( 0.0000000000000000000, 0.0000000000000000000, 1.000000000000000000 ) ) ;
#4776 = AXIS2_PLACEMENT_3D ( 'NONE', #4782, #4775, #4774 ) ;
#4777 = CARTESIAN_POINT ( 'NONE',  ( -1.599999999999998500, 3.336165463522455400, -500.0000000000000000 ) ) ;
#4778 = CYLINDRICAL_SURFACE ( 'NONE', #4776, 0.2999999999999999300 ) ;
#4779 = FACE_OUTER_BOUND ( 'NONE', #1735, .T. ) ;
#4780 = DIRECTION ( 'NONE',  ( 1.000000000000000000, 0.0000000000000000000, 0.0000000000000000000 ) ) ;
#4781 = AXIS2_PLACEMENT_3D ( 'NONE', #4787, #4793, #4780 ) ;
#4782 = CARTESIAN_POINT ( 'NONE',  ( 1.599999999999998800, 3.336165463522455800, -500.0000000000000000 ) ) ;
#4783 = DIRECTION ( 'NONE',  ( 1.000000000000000000, 0.0000000000000000000, 0.0000000000000000000 ) ) ;
#4784 = DIRECTION ( 'NONE',  ( 0.0000000000000000000, 0.0000000000000000000, 1.000000000000000000 ) ) ;
#4785 = AXIS2_PLACEMENT_3D ( 'NONE', #4956, #4784, #4783 ) ;
#4786 = CYLINDRICAL_SURFACE ( 'NONE', #4785, 0.5000000000000038900 ) ;
#4787 = CARTESIAN_POINT ( 'NONE',  ( 3.336165463522455400, 1.599999999999999000, -500.0000000000000000 ) ) ;
#4788 = CYLINDRICAL_SURFACE ( 'NONE', #4781, 0.2999999999999999300 ) ;
#4789 = FACE_OUTER_BOUND ( 'NONE', #1733, .T. ) ;
#4790 = DIRECTION ( 'NONE',  ( -1.000000000000000000, 0.0000000000000000000, 0.0000000000000000000 ) ) ;
#4791 = DIRECTION ( 'NONE',  ( 0.0000000000000000000, 0.0000000000000000000, -1.000000000000000000 ) ) ;
#4792 = AXIS2_PLACEMENT_3D ( 'NONE', #4799, #4791, #4790 ) ;
#4793 = DIRECTION ( 'NONE',  ( 0.0000000000000000000, 0.0000000000000000000, 1.000000000000000000 ) ) ;
#4794 = CYLINDRICAL_SURFACE ( 'NONE', #4792, 0.2999999999999999300 ) ;
#4795 = FACE_OUTER_BOUND ( 'NONE', #1727, .T. ) ;
#4796 = DIRECTION ( 'NONE',  ( -1.000000000000000000, 0.0000000000000000000, 0.0000000000000000000 ) ) ;
#4797 = DIRECTION ( 'NONE',  ( 0.0000000000000000000, 0.0000000000000000000, -1.000000000000000000 ) ) ;
#4798 = AXIS2_PLACEMENT_3D ( 'NONE', #4805, #4797, #4796 ) ;
#4799 = CARTESIAN_POINT ( 'NONE',  ( 2.199999999999999300, 4.409032388147642800, -500.0000000000000000 ) ) ;
#4800 = CYLINDRICAL_SURFACE ( 'NONE', #4798, 0.2999999999999999300 ) ;
#4801 = FACE_OUTER_BOUND ( 'NONE', #1721, .T. ) ;
#4802 = DIRECTION ( 'NONE',  ( -1.000000000000000000, 0.0000000000000000000, 0.0000000000000000000 ) ) ;
#4803 = DIRECTION ( 'NONE',  ( 0.0000000000000000000, 0.0000000000000000000, -1.000000000000000000 ) ) ;
#4804 = AXIS2_PLACEMENT_3D ( 'NONE', #4811, #4803, #4802 ) ;
#4805 = CARTESIAN_POINT ( 'NONE',  ( -2.199999999999999300, 4.409032388147642800, -500.0000000000000000 ) ) ;
#4806 = CYLINDRICAL_SURFACE ( 'NONE', #4804, 0.2999999999999999300 ) ;
#4807 = FACE_OUTER_BOUND ( 'NONE', #1715, .T. ) ;
#4808 = DIRECTION ( 'NONE',  ( 1.000000000000000000, 0.0000000000000000000, 0.0000000000000000000 ) ) ;
#4809 = DIRECTION ( 'NONE',  ( 0.0000000000000000000, 0.0000000000000000000, 1.000000000000000000 ) ) ;
#4810 = AXIS2_PLACEMENT_3D ( 'NONE', #4817, #4809, #4808 ) ;
#4811 = CARTESIAN_POINT ( 'NONE',  ( 4.409032388147642800, -2.199999999999999700, -500.0000000000000000 ) ) ;
#4812 = CYLINDRICAL_SURFACE ( 'NONE', #4810, 0.2999999999999999300 ) ;
#4813 = FACE_OUTER_BOUND ( 'NONE', #1706, .T. ) ;
#4814 = DIRECTION ( 'NONE',  ( -1.000000000000000000, 0.0000000000000000000, 0.0000000000000000000 ) ) ;
#4815 = DIRECTION ( 'NONE',  ( 0.0000000000000000000, 0.0000000000000000000, -1.000000000000000000 ) ) ;
#4816 = AXIS2_PLACEMENT_3D ( 'NONE', #4722, #4815, #4814 ) ;
#4817 = CARTESIAN_POINT ( 'NONE',  ( -3.336165463522456200, 1.599999999999997600, -500.0000000000000000 ) ) ;
#4818 = LINE ( 'NONE', #4846, #4845 ) ;
#4819 = DIRECTION ( 'NONE',  ( 0.0000000000000000000, 0.0000000000000000000, -1.000000000000000000 ) ) ;
#4820 = DIRECTION ( 'NONE',  ( 1.000000000000000000, 0.0000000000000000000, 0.0000000000000000000 ) ) ;
#4821 = CARTESIAN_POINT ( 'NONE',  ( 4.000000000000000000, 13.00000000000000000, -500.0000000000000000 ) ) ;
#4822 = AXIS2_PLACEMENT_3D ( 'NONE', #4821, #4820, #4819 ) ;
#4823 = PLANE ( 'NONE',  #4822 ) ;
#4824 = FACE_OUTER_BOUND ( 'NONE', #1815, .T. ) ;
#4825 = DIRECTION ( 'NONE',  ( -1.000000000000000000, 0.0000000000000000000, 0.0000000000000000000 ) ) ;
#4826 = VECTOR ( 'NONE', #4825, 1000.000000000000000 ) ;
#4827 = CARTESIAN_POINT ( 'NONE',  ( -13.00000000000000000, -4.000000000000005300, 0.0000000000000000000 ) ) ;
#4828 = LINE ( 'NONE', #4827, #4826 ) ;
#4829 = CARTESIAN_POINT ( 'NONE',  ( -14.69999999999999900, -4.000000000000005300, 0.0000000000000000000 ) ) ;
#4830 = DIRECTION ( 'NONE',  ( 0.0000000000000000000, 0.0000000000000000000, 1.000000000000000000 ) ) ;
#4831 = VECTOR ( 'NONE', #4830, 1000.000000000000000 ) ;
#4832 = CARTESIAN_POINT ( 'NONE',  ( -14.69999999999999900, -4.000000000000005300, 0.0000000000000000000 ) ) ;
#4833 = LINE ( 'NONE', #4832, #4831 ) ;
#4834 = CARTESIAN_POINT ( 'NONE',  ( 9.949999999999997500, 9.449999999999992200, -500.0000000000000000 ) ) ;
#4835 = LINE ( 'NONE', #4834, #4958 ) ;
#4836 = FACE_OUTER_BOUND ( 'NONE', #1648, .T. ) ;
#4837 = DIRECTION ( 'NONE',  ( 0.0000000000000000000, 0.0000000000000000000, -1.000000000000000000 ) ) ;
#4838 = DIRECTION ( 'NONE',  ( 1.000000000000000000, 0.0000000000000000000, 0.0000000000000000000 ) ) ;
#4839 = CARTESIAN_POINT ( 'NONE',  ( -4.000000000000003600, -14.99999999999999800, -500.0000000000000000 ) ) ;
#4840 = AXIS2_PLACEMENT_3D ( 'NONE', #4839, #4838, #4837 ) ;
#4841 = PLANE ( 'NONE',  #4840 ) ;
#4842 = FACE_OUTER_BOUND ( 'NONE', #1820, .T. ) ;
#4843 = CARTESIAN_POINT ( 'NONE',  ( 4.000000000000000000, 14.69999999999999800, -500.0000000000000000 ) ) ;
#4844 = DIRECTION ( 'NONE',  ( 0.0000000000000000000, 1.000000000000000000, 0.0000000000000000000 ) ) ;
#4845 = VECTOR ( 'NONE', #4844, 1000.000000000000000 ) ;
#4846 = CARTESIAN_POINT ( 'NONE',  ( 4.000000000000000000, 13.00000000000000000, -500.0000000000000000 ) ) ;
#4847 = FACE_OUTER_BOUND ( 'NONE', #1763, .T. ) ;
#4848 = DIRECTION ( 'NONE',  ( 0.0000000000000000000, 0.0000000000000000000, 1.000000000000000000 ) ) ;
#4849 = VECTOR ( 'NONE', #4848, 1000.000000000000000 ) ;
#4850 = CARTESIAN_POINT ( 'NONE',  ( -9.449999999999999300, 9.949999999999999300, -500.0000000000000000 ) ) ;
#4851 = DIRECTION ( 'NONE',  ( 1.000000000000000000, 0.0000000000000000000, 0.0000000000000000000 ) ) ;
#4852 = DIRECTION ( 'NONE',  ( 0.0000000000000000000, 0.0000000000000000000, 1.000000000000000000 ) ) ;
#4853 = AXIS2_PLACEMENT_3D ( 'NONE', #4860, #4852, #4851 ) ;
#4854 = LINE ( 'NONE', #4850, #4849 ) ;
#4855 = CYLINDRICAL_SURFACE ( 'NONE', #4853, 0.4999999999999987200 ) ;
#4856 = FACE_OUTER_BOUND ( 'NONE', #1753, .T. ) ;
#4857 = DIRECTION ( 'NONE',  ( -1.000000000000000000, 0.0000000000000000000, 0.0000000000000000000 ) ) ;
#4858 = DIRECTION ( 'NONE',  ( 0.0000000000000000000, 0.0000000000000000000, -1.000000000000000000 ) ) ;
#4859 = AXIS2_PLACEMENT_3D ( 'NONE', #4771, #4858, #4857 ) ;
#4860 = CARTESIAN_POINT ( 'NONE',  ( -9.949999999999999300, 9.949999999999999300, -500.0000000000000000 ) ) ;
#4861 = FACE_OUTER_BOUND ( 'NONE', #1541, .T. ) ;
#4862 = DIRECTION ( 'NONE',  ( 1.745747425951496900E-015, -1.000000000000000000, 0.0000000000000000000 ) ) ;
#4863 = DIRECTION ( 'NONE',  ( -1.000000000000000000, -1.745747425951496900E-015, 0.0000000000000000000 ) ) ;
#4864 = CARTESIAN_POINT ( 'NONE',  ( -13.30000000000000200, 11.73737050983342400, -500.0000000000000000 ) ) ;
#4865 = AXIS2_PLACEMENT_3D ( 'NONE', #4864, #4863, #4862 ) ;
#4866 = PLANE ( 'NONE',  #4865 ) ;
#4867 = FACE_OUTER_BOUND ( 'NONE', #1663, .T. ) ;
#4868 = DIRECTION ( 'NONE',  ( 0.0000000000000000000, 0.0000000000000000000, 1.000000000000000000 ) ) ;
#4869 = VECTOR ( 'NONE', #4868, 1000.000000000000000 ) ;
#4870 = CARTESIAN_POINT ( 'NONE',  ( -13.29999999999999900, 9.750000000000000000, -500.0000000000000000 ) ) ;
#4871 = LINE ( 'NONE', #4870, #4869 ) ;
#4872 = DIRECTION ( 'NONE',  ( 1.000000000000000000, 0.0000000000000000000, 0.0000000000000000000 ) ) ;
#4873 = DIRECTION ( 'NONE',  ( 0.0000000000000000000, 0.0000000000000000000, 1.000000000000000000 ) ) ;
#4874 = CARTESIAN_POINT ( 'NONE',  ( -13.00000000000000000, 9.750000000000000000, -500.0000000000000000 ) ) ;
#4875 = AXIS2_PLACEMENT_3D ( 'NONE', #4874, #4873, #4872 ) ;
#4876 = CYLINDRICAL_SURFACE ( 'NONE', #4875, 0.2999999999999999300 ) ;
#4877 = CARTESIAN_POINT ( 'NONE',  ( 4.000000000000000900, -13.54174243050441500, 0.0000000000000000000 ) ) ;
#4878 = DIRECTION ( 'NONE',  ( 1.000000000000000000, 0.0000000000000000000, 0.0000000000000000000 ) ) ;
#4879 = DIRECTION ( 'NONE',  ( 0.0000000000000000000, 0.0000000000000000000, 1.000000000000000000 ) ) ;
#4880 = CARTESIAN_POINT ( 'NONE',  ( 3.799999999999999400, -13.99999999999999800, 0.0000000000000000000 ) ) ;
#4881 = AXIS2_PLACEMENT_3D ( 'NONE', #4880, #4879, #4878 ) ;
#4882 = CIRCLE ( 'NONE', #4881, 0.4999999999999995600 ) ;
#4883 = CARTESIAN_POINT ( 'NONE',  ( 4.299999999999998900, -13.99999999999999800, 0.0000000000000000000 ) ) ;
#4884 = DIRECTION ( 'NONE',  ( 0.0000000000000000000, 0.0000000000000000000, 1.000000000000000000 ) ) ;
#4885 = VECTOR ( 'NONE', #4884, 1000.000000000000000 ) ;
#4886 = CARTESIAN_POINT ( 'NONE',  ( 4.299999999999998900, -13.99999999999999800, -500.0000000000000000 ) ) ;
#4887 = LINE ( 'NONE', #4886, #4885 ) ;
#4888 = CARTESIAN_POINT ( 'NONE',  ( 4.000000000000000900, -13.54174243050441500, -500.0000000000000000 ) ) ;
#4889 = DIRECTION ( 'NONE',  ( -1.000000000000000000, 0.0000000000000000000, 0.0000000000000000000 ) ) ;
#4890 = DIRECTION ( 'NONE',  ( 0.0000000000000000000, 0.0000000000000000000, -1.000000000000000000 ) ) ;
#4891 = CARTESIAN_POINT ( 'NONE',  ( -4.409032388147642800, 2.199999999999998400, 0.0000000000000000000 ) ) ;
#4892 = AXIS2_PLACEMENT_3D ( 'NONE', #4891, #4890, #4889 ) ;
#4893 = CIRCLE ( 'NONE', #4892, 0.2999999999999999300 ) ;
#4894 = DIRECTION ( 'NONE',  ( 0.0000000000000000000, 0.0000000000000000000, 1.000000000000000000 ) ) ;
#4895 = DIRECTION ( 'NONE',  ( -1.000000000000000000, 0.0000000000000000000, 0.0000000000000000000 ) ) ;
#4896 = CARTESIAN_POINT ( 'NONE',  ( 4.000000000000003600, -13.00000000000000000, -500.0000000000000000 ) ) ;
#4897 = AXIS2_PLACEMENT_3D ( 'NONE', #4896, #4895, #4894 ) ;
#4898 = PLANE ( 'NONE',  #4897 ) ;
#4899 = FACE_OUTER_BOUND ( 'NONE', #1998, .T. ) ;
#4900 = DIRECTION ( 'NONE',  ( 0.0000000000000000000, 0.0000000000000000000, 1.000000000000000000 ) ) ;
#4901 = VECTOR ( 'NONE', #4900, 1000.000000000000000 ) ;
#4902 = CARTESIAN_POINT ( 'NONE',  ( -4.000000000000000900, -13.54174243050441500, -500.0000000000000000 ) ) ;
#4903 = LINE ( 'NONE', #4902, #4901 ) ;
#4904 = CARTESIAN_POINT ( 'NONE',  ( -4.000000000000003600, -13.54174243050441700, 0.0000000000000000000 ) ) ;
#4905 = DIRECTION ( 'NONE',  ( 0.0000000000000000000, 1.000000000000000000, 0.0000000000000000000 ) ) ;
#4906 = VECTOR ( 'NONE', #4905, 1000.000000000000000 ) ;
#4907 = CARTESIAN_POINT ( 'NONE',  ( -4.000000000000003600, -14.99999999999999800, 0.0000000000000000000 ) ) ;
#4908 = LINE ( 'NONE', #4907, #4906 ) ;
#4909 = DIRECTION ( 'NONE',  ( 1.000000000000000000, 0.0000000000000000000, 0.0000000000000000000 ) ) ;
#4910 = DIRECTION ( 'NONE',  ( 0.0000000000000000000, 0.0000000000000000000, 1.000000000000000000 ) ) ;
#4911 = CARTESIAN_POINT ( 'NONE',  ( 3.799999999999999400, 13.99999999999999800, -500.0000000000000000 ) ) ;
#4912 = AXIS2_PLACEMENT_3D ( 'NONE', #4911, #4910, #4909 ) ;
#4913 = CYLINDRICAL_SURFACE ( 'NONE', #4912, 0.4999999999999995600 ) ;
#4914 = DIRECTION ( 'NONE',  ( 0.0000000000000000000, 0.0000000000000000000, 1.000000000000000000 ) ) ;
#4915 = FACE_OUTER_BOUND ( 'NONE', #1876, .T. ) ;
#4916 = DIRECTION ( 'NONE',  ( 0.0000000000000000000, 0.0000000000000000000, 1.000000000000000000 ) ) ;
#4917 = VECTOR ( 'NONE', #4916, 1000.000000000000000 ) ;
#4918 = CARTESIAN_POINT ( 'NONE',  ( 4.000000000000000900, -13.54174243050441500, -500.0000000000000000 ) ) ;
#4919 = LINE ( 'NONE', #4918, #4917 ) ;
#4920 = FACE_OUTER_BOUND ( 'NONE', #1641, .T. ) ;
#4921 = DIRECTION ( 'NONE',  ( 0.0000000000000000000, 0.0000000000000000000, 1.000000000000000000 ) ) ;
#4922 = VECTOR ( 'NONE', #4921, 1000.000000000000000 ) ;
#4923 = CARTESIAN_POINT ( 'NONE',  ( 12.99999999999999800, 9.450000000000002800, -500.0000000000000000 ) ) ;
#4924 = LINE ( 'NONE', #4923, #4922 ) ;
#4925 = CARTESIAN_POINT ( 'NONE',  ( -11.73737050983342900, 13.29999999999999900, -500.0000000000000000 ) ) ;
#4926 = AXIS2_PLACEMENT_3D ( 'NONE', #4925, #4749, #4748 ) ;
#4927 = PLANE ( 'NONE',  #4926 ) ;
#4928 = FACE_OUTER_BOUND ( 'NONE', #1639, .T. ) ;
#4929 = DIRECTION ( 'NONE',  ( 0.0000000000000000000, 0.0000000000000000000, 1.000000000000000000 ) ) ;
#4930 = VECTOR ( 'NONE', #4929, 1000.000000000000000 ) ;
#4931 = CARTESIAN_POINT ( 'NONE',  ( -11.73737050983342900, 13.29999999999999900, -500.0000000000000000 ) ) ;
#4932 = LINE ( 'NONE', #4931, #4930 ) ;
#4933 = DIRECTION ( 'NONE',  ( 0.0000000000000000000, 0.0000000000000000000, -1.000000000000000000 ) ) ;
#4934 = DIRECTION ( 'NONE',  ( 0.0000000000000000000, -1.000000000000000000, 0.0000000000000000000 ) ) ;
#4935 = CARTESIAN_POINT ( 'NONE',  ( -12.99999999999999800, 9.449999999999999300, -500.0000000000000000 ) ) ;
#4936 = AXIS2_PLACEMENT_3D ( 'NONE', #4935, #4934, #4933 ) ;
#4937 = PLANE ( 'NONE',  #4936 ) ;
#4938 = DIRECTION ( 'NONE',  ( 1.000000000000000000, 3.981332567815622700E-015, 0.0000000000000000000 ) ) ;
#4939 = DIRECTION ( 'NONE',  ( 3.981332567815622700E-015, -1.000000000000000000, 0.0000000000000000000 ) ) ;
#4940 = CARTESIAN_POINT ( 'NONE',  ( 12.99999999999999800, 9.450000000000002800, -500.0000000000000000 ) ) ;
#4941 = AXIS2_PLACEMENT_3D ( 'NONE', #4940, #4939, #4938 ) ;
#4942 = PLANE ( 'NONE',  #4941 ) ;
#4943 = FACE_OUTER_BOUND ( 'NONE', #1656, .T. ) ;
#4944 = DIRECTION ( 'NONE',  ( 0.0000000000000000000, 0.0000000000000000000, -1.000000000000000000 ) ) ;
#4945 = VECTOR ( 'NONE', #4944, 1000.000000000000000 ) ;
#4946 = CARTESIAN_POINT ( 'NONE',  ( -4.698810136034363300, 2.277645713530756000, -500.0000000000000000 ) ) ;
#4947 = LINE ( 'NONE', #4946, #4945 ) ;
#4948 = CARTESIAN_POINT ( 'NONE',  ( -4.709032388147640800, -2.200000000000000600, -500.0000000000000000 ) ) ;
#4949 = CARTESIAN_POINT ( 'NONE',  ( -4.409032388147641000, -1.900000000000000600, 0.0000000000000000000 ) ) ;
#4950 = CARTESIAN_POINT ( 'NONE',  ( -4.709032388147640800, -2.200000000000000600, 0.0000000000000000000 ) ) ;
#4951 = DIRECTION ( 'NONE',  ( -1.000000000000000000, 0.0000000000000000000, 0.0000000000000000000 ) ) ;
#4952 = DIRECTION ( 'NONE',  ( 0.0000000000000000000, 0.0000000000000000000, -1.000000000000000000 ) ) ;
#4953 = AXIS2_PLACEMENT_3D ( 'NONE', #4753, #4952, #4951 ) ;
#4954 = CIRCLE ( 'NONE', #4953, 0.2999999999999999300 ) ;
#4955 = DIRECTION ( 'NONE',  ( -1.000000000000000000, 0.0000000000000000000, 0.0000000000000000000 ) ) ;
#4956 = CARTESIAN_POINT ( 'NONE',  ( 9.949999999999999300, 9.950000000000001100, -500.0000000000000000 ) ) ;
#4957 = DIRECTION ( 'NONE',  ( 0.0000000000000000000, 0.0000000000000000000, 1.000000000000000000 ) ) ;
#4958 = VECTOR ( 'NONE', #4957, 1000.000000000000000 ) ;
#4959 = CARTESIAN_POINT ( 'NONE',  ( -4.000000000000003600, -13.29999999999999900, 0.0000000000000000000 ) ) ;
#4960 = DIRECTION ( 'NONE',  ( 0.0000000000000000000, 0.0000000000000000000, 1.000000000000000000 ) ) ;
#4961 = VECTOR ( 'NONE', #4960, 1000.000000000000000 ) ;
#4962 = CARTESIAN_POINT ( 'NONE',  ( -4.000000000000003600, -13.29999999999999900, -500.0000000000000000 ) ) ;
#4963 = LINE ( 'NONE', #4962, #4961 ) ;
#4964 = CARTESIAN_POINT ( 'NONE',  ( -4.000000000000003600, -13.29999999999999900, -500.0000000000000000 ) ) ;
#4965 = CARTESIAN_POINT ( 'NONE',  ( -4.000000000000000900, -13.54174243050441500, -500.0000000000000000 ) ) ;
#4966 = DIRECTION ( 'NONE',  ( 0.0000000000000000000, 1.000000000000000000, 0.0000000000000000000 ) ) ;
#4967 = VECTOR ( 'NONE', #4966, 1000.000000000000000 ) ;
#4968 = CARTESIAN_POINT ( 'NONE',  ( -4.000000000000003600, -14.99999999999999800, -500.0000000000000000 ) ) ;
#4969 = LINE ( 'NONE', #4968, #4967 ) ;
#4970 = FACE_OUTER_BOUND ( 'NONE', #2015, .T. ) ;
#4971 = DIRECTION ( 'NONE',  ( 0.0000000000000000000, 0.0000000000000000000, -1.000000000000000000 ) ) ;
#4972 = VECTOR ( 'NONE', #4971, 1000.000000000000000 ) ;
#4973 = CARTESIAN_POINT ( 'NONE',  ( 4.000000000000000000, 14.69999999999999800, -500.0000000000000000 ) ) ;
#4974 = LINE ( 'NONE', #4973, #4972 ) ;
#4975 = DIRECTION ( 'NONE',  ( -1.000000000000000000, -8.673617379884035500E-016, 0.0000000000000000000 ) ) ;
#4976 = DIRECTION ( 'NONE',  ( -8.673617379884035500E-016, 1.000000000000000000, 0.0000000000000000000 ) ) ;
#4977 = CARTESIAN_POINT ( 'NONE',  ( 14.99999999999999800, 4.000000000000007100, -500.0000000000000000 ) ) ;
#4978 = AXIS2_PLACEMENT_3D ( 'NONE', #4977, #4976, #4975 ) ;
#4979 = PLANE ( 'NONE',  #4978 ) ;
#4980 = FACE_OUTER_BOUND ( 'NONE', #1956, .T. ) ;
#4981 = DIRECTION ( 'NONE',  ( 0.0000000000000000000, 0.0000000000000000000, -1.000000000000000000 ) ) ;
#4982 = VECTOR ( 'NONE', #4981, 1000.000000000000000 ) ;
#4983 = CARTESIAN_POINT ( 'NONE',  ( 14.69999999999999900, -4.000000000000005300, -500.0000000000000000 ) ) ;
#4984 = LINE ( 'NONE', #4983, #4982 ) ;
#4985 = CARTESIAN_POINT ( 'NONE',  ( -4.698810136034363300, 2.277645713530756000, -500.0000000000000000 ) ) ;
#4986 = DIRECTION ( 'NONE',  ( -1.000000000000000000, -5.782411586589358000E-015, 0.0000000000000000000 ) ) ;
#4987 = DIRECTION ( 'NONE',  ( 0.0000000000000000000, 0.0000000000000000000, 1.000000000000000000 ) ) ;
#4988 = CARTESIAN_POINT ( 'NONE',  ( -4.409032388147642800, 2.199999999999998400, -500.0000000000000000 ) ) ;
#4989 = AXIS2_PLACEMENT_3D ( 'NONE', #4988, #4987, #4986 ) ;
#4990 = CIRCLE ( 'NONE', #4989, 0.2999999999999999300 ) ;
#4991 = CARTESIAN_POINT ( 'NONE',  ( 3.399999999999999900, 0.0000000000000000000, -500.0000000000000000 ) ) ;
#4992 = DIRECTION ( 'NONE',  ( 1.000000000000000000, 0.0000000000000000000, 0.0000000000000000000 ) ) ;
#4993 = DIRECTION ( 'NONE',  ( 0.0000000000000000000, 0.0000000000000000000, 1.000000000000000000 ) ) ;
#4994 = AXIS2_PLACEMENT_3D ( 'NONE', #4996, #4993, #4992 ) ;
#4995 = CYLINDRICAL_SURFACE ( 'NONE', #4994, 3.399999999999999900 ) ;
#4996 = CARTESIAN_POINT ( 'NONE',  ( 0.0000000000000000000, 0.0000000000000000000, -500.0000000000000000 ) ) ;
#4997 = FACE_OUTER_BOUND ( 'NONE', #1809, .T. ) ;
#4998 = CARTESIAN_POINT ( 'NONE',  ( 14.45825756949557700, -4.000000000000014200, 0.0000000000000000000 ) ) ;
#4999 = DIRECTION ( 'NONE',  ( 0.0000000000000000000, 0.0000000000000000000, 1.000000000000000000 ) ) ;
#5000 = VECTOR ( 'NONE', #4999, 1000.000000000000000 ) ;
#5001 = CARTESIAN_POINT ( 'NONE',  ( 14.45825756949557700, -4.000000000000014200, -500.0000000000000000 ) ) ;
#5002 = LINE ( 'NONE', #5001, #5000 ) ;
#5003 = CARTESIAN_POINT ( 'NONE',  ( 14.69999999999999900, -4.000000000000005300, 0.0000000000000000000 ) ) ;
#5004 = DIRECTION ( 'NONE',  ( 1.000000000000000000, 0.0000000000000000000, 0.0000000000000000000 ) ) ;
#5005 = VECTOR ( 'NONE', #5004, 1000.000000000000000 ) ;
#5006 = CARTESIAN_POINT ( 'NONE',  ( 13.00000000000000000, -4.000000000000005300, 0.0000000000000000000 ) ) ;
#5007 = LINE ( 'NONE', #5006, #5005 ) ;
#5008 = DIRECTION ( 'NONE',  ( 0.0000000000000000000, 0.0000000000000000000, 1.000000000000000000 ) ) ;
#5009 = DIRECTION ( 'NONE',  ( 0.0000000000000000000, 1.000000000000000000, 0.0000000000000000000 ) ) ;
#5010 = CARTESIAN_POINT ( 'NONE',  ( -13.00000000000000000, -4.000000000000005300, -500.0000000000000000 ) ) ;
#5011 = AXIS2_PLACEMENT_3D ( 'NONE', #5010, #5009, #5008 ) ;
#5012 = PLANE ( 'NONE',  #5011 ) ;
#5013 = FACE_OUTER_BOUND ( 'NONE', #1984, .T. ) ;
#5014 = DIRECTION ( 'NONE',  ( 0.0000000000000000000, 0.0000000000000000000, 1.000000000000000000 ) ) ;
#5015 = VECTOR ( 'NONE', #5014, 1000.000000000000000 ) ;
#5016 = CARTESIAN_POINT ( 'NONE',  ( -13.54174243050441500, 3.999999999999989800, -500.0000000000000000 ) ) ;
#5017 = LINE ( 'NONE', #5016, #5015 ) ;
#5018 = CARTESIAN_POINT ( 'NONE',  ( -13.54174243050441500, 3.999999999999999100, 0.0000000000000000000 ) ) ;
#5019 = DIRECTION ( 'NONE',  ( 1.000000000000000000, 8.673617379884035500E-016, 0.0000000000000000000 ) ) ;
#5020 = VECTOR ( 'NONE', #5019, 1000.000000000000000 ) ;
#5021 = CARTESIAN_POINT ( 'NONE',  ( -15.00000000000000200, 3.999999999999998200, 0.0000000000000000000 ) ) ;
#5022 = LINE ( 'NONE', #5021, #5020 ) ;
#5023 = CARTESIAN_POINT ( 'NONE',  ( -13.30000000000000100, 4.000000000000000000, 0.0000000000000000000 ) ) ;
#5024 = DIRECTION ( 'NONE',  ( 0.0000000000000000000, 0.0000000000000000000, 1.000000000000000000 ) ) ;
#5025 = VECTOR ( 'NONE', #5024, 1000.000000000000000 ) ;
#5026 = CARTESIAN_POINT ( 'NONE',  ( -13.30000000000000100, 4.000000000000000000, -500.0000000000000000 ) ) ;
#5027 = LINE ( 'NONE', #5026, #5025 ) ;
#5028 = CARTESIAN_POINT ( 'NONE',  ( -13.30000000000000100, 4.000000000000000000, -500.0000000000000000 ) ) ;
#5029 = CARTESIAN_POINT ( 'NONE',  ( -13.54174243050441500, 3.999999999999989800, -500.0000000000000000 ) ) ;
#5030 = DIRECTION ( 'NONE',  ( 1.000000000000000000, 8.673617379884035500E-016, 0.0000000000000000000 ) ) ;
#5031 = VECTOR ( 'NONE', #5030, 1000.000000000000000 ) ;
#5032 = CARTESIAN_POINT ( 'NONE',  ( -15.00000000000000200, 3.999999999999998200, -500.0000000000000000 ) ) ;
#5033 = LINE ( 'NONE', #5032, #5031 ) ;
#5034 = DIRECTION ( 'NONE',  ( 1.000000000000000000, 8.673617379884035500E-016, 0.0000000000000000000 ) ) ;
#5035 = DIRECTION ( 'NONE',  ( 8.673617379884035500E-016, -1.000000000000000000, 0.0000000000000000000 ) ) ;
#5036 = CARTESIAN_POINT ( 'NONE',  ( -15.00000000000000200, 3.999999999999998200, -500.0000000000000000 ) ) ;
#5037 = CYLINDRICAL_SURFACE ( 'NONE', #5186, 0.4999999999999995600 ) ;
#5038 = FACE_OUTER_BOUND ( 'NONE', #1883, .T. ) ;
#5039 = CARTESIAN_POINT ( 'NONE',  ( 4.299999999999998900, 13.99999999999999800, 0.0000000000000000000 ) ) ;
#5040 = CARTESIAN_POINT ( 'NONE',  ( 4.000000000000000900, 14.45825756949558100, -500.0000000000000000 ) ) ;
#5041 = CARTESIAN_POINT ( 'NONE',  ( 4.299999999999998900, 13.99999999999999800, -500.0000000000000000 ) ) ;
#5042 = DIRECTION ( 'NONE',  ( -1.000000000000000000, 0.0000000000000000000, 0.0000000000000000000 ) ) ;
#5043 = DIRECTION ( 'NONE',  ( 0.0000000000000000000, 0.0000000000000000000, 1.000000000000000000 ) ) ;
#5044 = CARTESIAN_POINT ( 'NONE',  ( 3.799999999999999400, 13.99999999999999800, -500.0000000000000000 ) ) ;
#5045 = AXIS2_PLACEMENT_3D ( 'NONE', #5044, #5043, #5042 ) ;
#5046 = DIRECTION ( 'NONE',  ( 0.0000000000000000000, 0.0000000000000000000, 1.000000000000000000 ) ) ;
#5047 = CARTESIAN_POINT ( 'NONE',  ( -3.036165463522456400, 1.599999999999997600, -500.0000000000000000 ) ) ;
#5048 = LINE ( 'NONE', #5047, #5219 ) ;
#5049 = CARTESIAN_POINT ( 'NONE',  ( -3.065665561074689500, 1.470270270270268100, -500.0000000000000000 ) ) ;
#5050 = CARTESIAN_POINT ( 'NONE',  ( -3.036165463522456400, 1.599999999999997600, -500.0000000000000000 ) ) ;
#5051 = DIRECTION ( 'NONE',  ( -1.000000000000000000, 0.0000000000000000000, 0.0000000000000000000 ) ) ;
#5052 = DIRECTION ( 'NONE',  ( 0.0000000000000000000, 0.0000000000000000000, -1.000000000000000000 ) ) ;
#5053 = CARTESIAN_POINT ( 'NONE',  ( -3.336165463522456200, 1.599999999999997600, -500.0000000000000000 ) ) ;
#5054 = AXIS2_PLACEMENT_3D ( 'NONE', #5053, #5052, #5051 ) ;
#5055 = CIRCLE ( 'NONE', #5054, 0.2999999999999999300 ) ;
#5056 = CARTESIAN_POINT ( 'NONE',  ( 14.69999999999999900, -4.000000000000005300, -500.0000000000000000 ) ) ;
#5057 = DIRECTION ( 'NONE',  ( 1.000000000000000000, 0.0000000000000000000, 0.0000000000000000000 ) ) ;
#5058 = VECTOR ( 'NONE', #5057, 1000.000000000000000 ) ;
#5059 = CARTESIAN_POINT ( 'NONE',  ( 13.00000000000000000, -4.000000000000005300, -500.0000000000000000 ) ) ;
#5060 = DIRECTION ( 'NONE',  ( -1.000000000000000000, 0.0000000000000000000, 0.0000000000000000000 ) ) ;
#5061 = DIRECTION ( 'NONE',  ( 0.0000000000000000000, 0.0000000000000000000, 1.000000000000000000 ) ) ;
#5062 = CARTESIAN_POINT ( 'NONE',  ( -4.300000000000003400, -13.29999999999999900, 0.0000000000000000000 ) ) ;
#5063 = AXIS2_PLACEMENT_3D ( 'NONE', #5062, #5061, #5060 ) ;
#5064 = CIRCLE ( 'NONE', #5063, 0.2999999999999999300 ) ;
#5065 = LINE ( 'NONE', #5059, #5058 ) ;
#5066 = CARTESIAN_POINT ( 'NONE',  ( -3.065665561074689500, 1.470270270270268100, 0.0000000000000000000 ) ) ;
#5067 = AXIS2_PLACEMENT_3D ( 'NONE', #5036, #5035, #5034 ) ;
#5068 = PLANE ( 'NONE',  #5067 ) ;
#5069 = FACE_OUTER_BOUND ( 'NONE', #1970, .T. ) ;
#5070 = DIRECTION ( 'NONE',  ( 0.0000000000000000000, 0.0000000000000000000, 1.000000000000000000 ) ) ;
#5071 = VECTOR ( 'NONE', #5070, 1000.000000000000000 ) ;
#5072 = CARTESIAN_POINT ( 'NONE',  ( 13.54174243050441500, 3.999999999999989800, -500.0000000000000000 ) ) ;
#5073 = LINE ( 'NONE', #5072, #5071 ) ;
#5074 = CARTESIAN_POINT ( 'NONE',  ( 13.54174243050441500, 3.999999999999989800, -500.0000000000000000 ) ) ;
#5075 = DIRECTION ( 'NONE',  ( -1.000000000000000000, -8.673617379884035500E-016, 0.0000000000000000000 ) ) ;
#5076 = VECTOR ( 'NONE', #5075, 1000.000000000000000 ) ;
#5077 = CARTESIAN_POINT ( 'NONE',  ( 14.99999999999999800, 4.000000000000007100, -500.0000000000000000 ) ) ;
#5078 = LINE ( 'NONE', #5077, #5076 ) ;
#5079 = CARTESIAN_POINT ( 'NONE',  ( 13.29999999999999700, 4.000000000000005300, -500.0000000000000000 ) ) ;
#5080 = DIRECTION ( 'NONE',  ( 0.0000000000000000000, 0.0000000000000000000, -1.000000000000000000 ) ) ;
#5081 = VECTOR ( 'NONE', #5080, 1000.000000000000000 ) ;
#5082 = CARTESIAN_POINT ( 'NONE',  ( 13.29999999999999700, 4.000000000000005300, -500.0000000000000000 ) ) ;
#5083 = LINE ( 'NONE', #5082, #5081 ) ;
#5084 = CARTESIAN_POINT ( 'NONE',  ( 13.29999999999999700, 4.000000000000005300, 0.0000000000000000000 ) ) ;
#5085 = CARTESIAN_POINT ( 'NONE',  ( 13.54174243050441500, 3.999999999999989800, 0.0000000000000000000 ) ) ;
#5086 = VECTOR ( 'NONE', #5128, 1000.000000000000000 ) ;
#5087 = CARTESIAN_POINT ( 'NONE',  ( 4.000000000000003600, -14.69999999999999800, 0.0000000000000000000 ) ) ;
#5088 = LINE ( 'NONE', #5087, #5086 ) ;
#5089 = CARTESIAN_POINT ( 'NONE',  ( 4.000000000000003600, -14.69999999999999800, -500.0000000000000000 ) ) ;
#5090 = DIRECTION ( 'NONE',  ( 0.0000000000000000000, -1.000000000000000000, 0.0000000000000000000 ) ) ;
#5091 = VECTOR ( 'NONE', #5090, 1000.000000000000000 ) ;
#5092 = CARTESIAN_POINT ( 'NONE',  ( 4.000000000000003600, -13.00000000000000000, -500.0000000000000000 ) ) ;
#5093 = LINE ( 'NONE', #5092, #5091 ) ;
#5094 = CARTESIAN_POINT ( 'NONE',  ( 4.000000000000003600, -14.45825756949557900, 0.0000000000000000000 ) ) ;
#5095 = CARTESIAN_POINT ( 'NONE',  ( 4.000000000000000900, -14.45825756949558100, -500.0000000000000000 ) ) ;
#5096 = DIRECTION ( 'NONE',  ( -1.000000000000000000, -8.673617379884035500E-016, 0.0000000000000000000 ) ) ;
#5097 = VECTOR ( 'NONE', #5096, 1000.000000000000000 ) ;
#5098 = CARTESIAN_POINT ( 'NONE',  ( 14.99999999999999800, 4.000000000000007100, 0.0000000000000000000 ) ) ;
#5099 = LINE ( 'NONE', #5098, #5097 ) ;
#5100 = CARTESIAN_POINT ( 'NONE',  ( -14.69999999999999900, -4.000000000000005300, -500.0000000000000000 ) ) ;
#5101 = DIRECTION ( 'NONE',  ( -1.000000000000000000, 0.0000000000000000000, 0.0000000000000000000 ) ) ;
#5102 = VECTOR ( 'NONE', #5101, 1000.000000000000000 ) ;
#5103 = CARTESIAN_POINT ( 'NONE',  ( -13.00000000000000000, -4.000000000000005300, -500.0000000000000000 ) ) ;
#5104 = LINE ( 'NONE', #5103, #5102 ) ;
#5105 = CARTESIAN_POINT ( 'NONE',  ( -14.45825756949557700, -4.000000000000005300, 0.0000000000000000000 ) ) ;
#5106 = CARTESIAN_POINT ( 'NONE',  ( -14.45825756949557700, -4.000000000000014200, -500.0000000000000000 ) ) ;
#5107 = DIRECTION ( 'NONE',  ( 0.0000000000000000000, 0.0000000000000000000, 1.000000000000000000 ) ) ;
#5108 = VECTOR ( 'NONE', #5107, 1000.000000000000000 ) ;
#5109 = CARTESIAN_POINT ( 'NONE',  ( -14.45825756949557700, -4.000000000000014200, -500.0000000000000000 ) ) ;
#5110 = DIRECTION ( 'NONE',  ( -1.000000000000000000, 0.0000000000000000000, 0.0000000000000000000 ) ) ;
#5111 = DIRECTION ( 'NONE',  ( 0.0000000000000000000, 0.0000000000000000000, 1.000000000000000000 ) ) ;
#5112 = CARTESIAN_POINT ( 'NONE',  ( -3.336165463522454900, -1.599999999999999900, 0.0000000000000000000 ) ) ;
#5113 = AXIS2_PLACEMENT_3D ( 'NONE', #5112, #5111, #5110 ) ;
#5114 = CIRCLE ( 'NONE', #5113, 0.2999999999999999300 ) ;
#5115 = LINE ( 'NONE', #5109, #5108 ) ;
#5116 = CARTESIAN_POINT ( 'NONE',  ( 14.45825756949557700, -4.000000000000014200, -500.0000000000000000 ) ) ;
#5117 = DIRECTION ( 'NONE',  ( 0.0000000000000000000, 0.0000000000000000000, -1.000000000000000000 ) ) ;
#5118 = DIRECTION ( 'NONE',  ( 0.0000000000000000000, -1.000000000000000000, 0.0000000000000000000 ) ) ;
#5119 = CARTESIAN_POINT ( 'NONE',  ( 13.00000000000000000, -4.000000000000005300, -500.0000000000000000 ) ) ;
#5120 = AXIS2_PLACEMENT_3D ( 'NONE', #5119, #5118, #5117 ) ;
#5121 = PLANE ( 'NONE',  #5120 ) ;
#5122 = FACE_OUTER_BOUND ( 'NONE', #1943, .T. ) ;
#5123 = DIRECTION ( 'NONE',  ( 0.0000000000000000000, -1.000000000000000000, 0.0000000000000000000 ) ) ;
#5124 = VECTOR ( 'NONE', #5123, 1000.000000000000000 ) ;
#5125 = CARTESIAN_POINT ( 'NONE',  ( 4.000000000000003600, -13.00000000000000000, 0.0000000000000000000 ) ) ;
#5126 = LINE ( 'NONE', #5125, #5124 ) ;
#5127 = CARTESIAN_POINT ( 'NONE',  ( 4.000000000000003600, -14.69999999999999800, 0.0000000000000000000 ) ) ;
#5128 = DIRECTION ( 'NONE',  ( 0.0000000000000000000, 0.0000000000000000000, 1.000000000000000000 ) ) ;
#5129 = DIRECTION ( 'NONE',  ( 0.0000000000000000000, 0.0000000000000000000, 1.000000000000000000 ) ) ;
#5130 = VECTOR ( 'NONE', #5129, 1000.000000000000000 ) ;
#5131 = CARTESIAN_POINT ( 'NONE',  ( 4.000000000000000900, -14.45825756949558100, -500.0000000000000000 ) ) ;
#5132 = DIRECTION ( 'NONE',  ( -1.000000000000000000, 0.0000000000000000000, 0.0000000000000000000 ) ) ;
#5133 = DIRECTION ( 'NONE',  ( 0.0000000000000000000, 0.0000000000000000000, -1.000000000000000000 ) ) ;
#5134 = CARTESIAN_POINT ( 'NONE',  ( -4.409032388147642800, 2.199999999999998400, -500.0000000000000000 ) ) ;
#5135 = AXIS2_PLACEMENT_3D ( 'NONE', #5134, #5133, #5132 ) ;
#5136 = CYLINDRICAL_SURFACE ( 'NONE', #5135, 0.2999999999999999300 ) ;
#5137 = LINE ( 'NONE', #5131, #5130 ) ;
#5138 = FACE_OUTER_BOUND ( 'NONE', #1928, .T. ) ;
#5139 = DIRECTION ( 'NONE',  ( 0.0000000000000000000, 0.0000000000000000000, -1.000000000000000000 ) ) ;
#5140 = VECTOR ( 'NONE', #5139, 1000.000000000000000 ) ;
#5141 = CARTESIAN_POINT ( 'NONE',  ( -4.409032388147641000, -1.900000000000000600, -500.0000000000000000 ) ) ;
#5142 = LINE ( 'NONE', #5141, #5140 ) ;
#5143 = CARTESIAN_POINT ( 'NONE',  ( -4.409032388147641000, -1.900000000000000600, -500.0000000000000000 ) ) ;
#5144 = DIRECTION ( 'NONE',  ( -1.000000000000000000, 0.0000000000000000000, 0.0000000000000000000 ) ) ;
#5145 = DIRECTION ( 'NONE',  ( 0.0000000000000000000, 0.0000000000000000000, 1.000000000000000000 ) ) ;
#5146 = CARTESIAN_POINT ( 'NONE',  ( -4.409032388147641000, -2.200000000000000600, -500.0000000000000000 ) ) ;
#5147 = AXIS2_PLACEMENT_3D ( 'NONE', #5146, #5145, #5144 ) ;
#5148 = CIRCLE ( 'NONE', #5147, 0.2999999999999999300 ) ;
#5149 = DIRECTION ( 'NONE',  ( 0.0000000000000000000, 0.0000000000000000000, -1.000000000000000000 ) ) ;
#5150 = VECTOR ( 'NONE', #5149, 1000.000000000000000 ) ;
#5151 = CARTESIAN_POINT ( 'NONE',  ( -4.709032388147640800, -2.200000000000000600, -500.0000000000000000 ) ) ;
#5152 = LINE ( 'NONE', #5151, #5150 ) ;
#5153 = CARTESIAN_POINT ( 'NONE',  ( -4.709032388147642600, 2.199999999999998400, -500.0000000000000000 ) ) ;
#5154 = DIRECTION ( 'NONE',  ( 0.0000000000000000000, 0.0000000000000000000, -1.000000000000000000 ) ) ;
#5155 = VECTOR ( 'NONE', #5154, 1000.000000000000000 ) ;
#5156 = CARTESIAN_POINT ( 'NONE',  ( -4.709032388147642600, 2.199999999999998400, -500.0000000000000000 ) ) ;
#5157 = LINE ( 'NONE', #5156, #5155 ) ;
#5158 = CIRCLE ( 'NONE', #5045, 0.4999999999999995600 ) ;
#5159 = DIRECTION ( 'NONE',  ( 1.000000000000000000, 0.0000000000000000000, 0.0000000000000000000 ) ) ;
#5160 = DIRECTION ( 'NONE',  ( 0.0000000000000000000, 0.0000000000000000000, 1.000000000000000000 ) ) ;
#5161 = CARTESIAN_POINT ( 'NONE',  ( -3.336165463522456200, 1.599999999999997600, -500.0000000000000000 ) ) ;
#5162 = AXIS2_PLACEMENT_3D ( 'NONE', #5161, #5160, #5159 ) ;
#5163 = CYLINDRICAL_SURFACE ( 'NONE', #5162, 0.2999999999999999300 ) ;
#5164 = FACE_OUTER_BOUND ( 'NONE', #1893, .T. ) ;
#5165 = DIRECTION ( 'NONE',  ( 0.0000000000000000000, 0.0000000000000000000, 1.000000000000000000 ) ) ;
#5166 = VECTOR ( 'NONE', #5165, 1000.000000000000000 ) ;
#5167 = CARTESIAN_POINT ( 'NONE',  ( 4.000000000000000900, 14.45825756949558100, -500.0000000000000000 ) ) ;
#5168 = LINE ( 'NONE', #5167, #5166 ) ;
#5169 = CARTESIAN_POINT ( 'NONE',  ( 4.000000000000000900, 14.45825756949558100, 0.0000000000000000000 ) ) ;
#5170 = DIRECTION ( 'NONE',  ( -1.000000000000000000, 0.0000000000000000000, 0.0000000000000000000 ) ) ;
#5171 = DIRECTION ( 'NONE',  ( 0.0000000000000000000, 0.0000000000000000000, 1.000000000000000000 ) ) ;
#5172 = CARTESIAN_POINT ( 'NONE',  ( 3.799999999999999400, 13.99999999999999800, 0.0000000000000000000 ) ) ;
#5173 = AXIS2_PLACEMENT_3D ( 'NONE', #5172, #5171, #5170 ) ;
#5174 = CIRCLE ( 'NONE', #5173, 0.4999999999999995600 ) ;
#5175 = DIRECTION ( 'NONE',  ( 0.0000000000000000000, 0.0000000000000000000, 1.000000000000000000 ) ) ;
#5176 = VECTOR ( 'NONE', #5175, 1000.000000000000000 ) ;
#5177 = CARTESIAN_POINT ( 'NONE',  ( 4.299999999999998900, 13.99999999999999800, -500.0000000000000000 ) ) ;
#5178 = LINE ( 'NONE', #5177, #5176 ) ;
#5179 = DIRECTION ( 'NONE',  ( 1.000000000000000000, 0.0000000000000000000, 0.0000000000000000000 ) ) ;
#5180 = DIRECTION ( 'NONE',  ( 0.0000000000000000000, 0.0000000000000000000, 1.000000000000000000 ) ) ;
#5181 = CARTESIAN_POINT ( 'NONE',  ( 3.799999999999999400, -13.99999999999999800, -500.0000000000000000 ) ) ;
#5182 = AXIS2_PLACEMENT_3D ( 'NONE', #5181, #5180, #5179 ) ;
#5183 = DIRECTION ( 'NONE',  ( 1.000000000000000000, 0.0000000000000000000, 0.0000000000000000000 ) ) ;
#5184 = DIRECTION ( 'NONE',  ( 0.0000000000000000000, 0.0000000000000000000, 1.000000000000000000 ) ) ;
#5185 = CARTESIAN_POINT ( 'NONE',  ( 3.799999999999999400, -13.99999999999999800, -500.0000000000000000 ) ) ;
#5186 = AXIS2_PLACEMENT_3D ( 'NONE', #5185, #5184, #5183 ) ;
#5187 = CIRCLE ( 'NONE', #5182, 0.4999999999999995600 ) ;
#5188 = CARTESIAN_POINT ( 'NONE',  ( -4.698810136034363300, 2.277645713530756000, 0.0000000000000000000 ) ) ;
#5189 = CARTESIAN_POINT ( 'NONE',  ( -4.709032388147642600, 2.199999999999998400, 0.0000000000000000000 ) ) ;
#5190 = DIRECTION ( 'NONE',  ( 0.0000000000000000000, 0.0000000000000000000, 1.000000000000000000 ) ) ;
#5191 = VECTOR ( 'NONE', #5190, 1000.000000000000000 ) ;
#5192 = CARTESIAN_POINT ( 'NONE',  ( -3.065665561074689900, 1.470270270270268400, -500.0000000000000000 ) ) ;
#5193 = LINE ( 'NONE', #5192, #5191 ) ;
#5194 = CARTESIAN_POINT ( 'NONE',  ( -3.036165463522455100, -1.599999999999999900, 0.0000000000000000000 ) ) ;
#5195 = DIRECTION ( 'NONE',  ( 0.0000000000000000000, 0.0000000000000000000, 1.000000000000000000 ) ) ;
#5196 = VECTOR ( 'NONE', #5195, 1000.000000000000000 ) ;
#5197 = CARTESIAN_POINT ( 'NONE',  ( -3.036165463522455100, -1.599999999999999900, -500.0000000000000000 ) ) ;
#5198 = LINE ( 'NONE', #5197, #5196 ) ;
#5199 = CARTESIAN_POINT ( 'NONE',  ( -3.336165463522454500, -1.899999999999999700, -500.0000000000000000 ) ) ;
#5200 = CARTESIAN_POINT ( 'NONE',  ( -3.036165463522455100, -1.599999999999999900, -500.0000000000000000 ) ) ;
#5201 = DIRECTION ( 'NONE',  ( -1.000000000000000000, 0.0000000000000000000, 0.0000000000000000000 ) ) ;
#5202 = DIRECTION ( 'NONE',  ( 0.0000000000000000000, 0.0000000000000000000, -1.000000000000000000 ) ) ;
#5203 = AXIS2_PLACEMENT_3D ( 'NONE', #5209, #5202, #5201 ) ;
#5204 = CIRCLE ( 'NONE', #5203, 0.2999999999999999300 ) ;
#5205 = DIRECTION ( 'NONE',  ( 1.000000000000000000, 0.0000000000000000000, 0.0000000000000000000 ) ) ;
#5206 = DIRECTION ( 'NONE',  ( 0.0000000000000000000, 0.0000000000000000000, 1.000000000000000000 ) ) ;
#5207 = CARTESIAN_POINT ( 'NONE',  ( -3.336165463522454900, -1.599999999999999900, -500.0000000000000000 ) ) ;
#5208 = AXIS2_PLACEMENT_3D ( 'NONE', #5207, #5206, #5205 ) ;
#5209 = CARTESIAN_POINT ( 'NONE',  ( -3.336165463522454900, -1.599999999999999900, -500.0000000000000000 ) ) ;
#5210 = CYLINDRICAL_SURFACE ( 'NONE', #5208, 0.2999999999999999300 ) ;
#5211 = FACE_OUTER_BOUND ( 'NONE', #1915, .T. ) ;
#5212 = DIRECTION ( 'NONE',  ( -1.000000000000000000, 0.0000000000000000000, 0.0000000000000000000 ) ) ;
#5213 = DIRECTION ( 'NONE',  ( 0.0000000000000000000, 0.0000000000000000000, 1.000000000000000000 ) ) ;
#5214 = CARTESIAN_POINT ( 'NONE',  ( -3.336165463522456200, 1.599999999999997600, 0.0000000000000000000 ) ) ;
#5215 = AXIS2_PLACEMENT_3D ( 'NONE', #5214, #5213, #5212 ) ;
#5216 = CIRCLE ( 'NONE', #5215, 0.2999999999999999300 ) ;
#5217 = CARTESIAN_POINT ( 'NONE',  ( -3.036165463522456400, 1.599999999999997600, 0.0000000000000000000 ) ) ;
#5218 = CARTESIAN_POINT ( 'NONE',  ( 4.299999999999998900, -13.99999999999999800, -500.0000000000000000 ) ) ;
#5219 = VECTOR ( 'NONE', #5046, 1000.000000000000000 ) ;
#5220 = VECTOR ( 'NONE', #5276, 1000.000000000000000 ) ;
#5221 = CARTESIAN_POINT ( 'NONE',  ( 3.399999999999999900, 0.0000000000000000000, -500.0000000000000000 ) ) ;
#5222 = LINE ( 'NONE', #5221, #5220 ) ;
#5223 = CARTESIAN_POINT ( 'NONE',  ( 3.065665561074689000, 1.470270270270269500, -500.0000000000000000 ) ) ;
#5224 = DIRECTION ( 'NONE',  ( 1.000000000000000000, 0.0000000000000000000, 0.0000000000000000000 ) ) ;
#5225 = DIRECTION ( 'NONE',  ( 0.0000000000000000000, 0.0000000000000000000, 1.000000000000000000 ) ) ;
#5226 = CARTESIAN_POINT ( 'NONE',  ( 0.0000000000000000000, 0.0000000000000000000, -500.0000000000000000 ) ) ;
#5227 = AXIS2_PLACEMENT_3D ( 'NONE', #5226, #5225, #5224 ) ;
#5228 = CIRCLE ( 'NONE', #5227, 3.399999999999999900 ) ;
#5229 = CARTESIAN_POINT ( 'NONE',  ( 4.000000000000000000, 14.69999999999999800, 0.0000000000000000000 ) ) ;
#5230 = DIRECTION ( 'NONE',  ( 0.0000000000000000000, 1.000000000000000000, 0.0000000000000000000 ) ) ;
#5231 = VECTOR ( 'NONE', #5230, 1000.000000000000000 ) ;
#5232 = CARTESIAN_POINT ( 'NONE',  ( 4.000000000000000000, 13.00000000000000000, 0.0000000000000000000 ) ) ;
#5233 = LINE ( 'NONE', #5232, #5231 ) ;
#5234 = CARTESIAN_POINT ( 'NONE',  ( -4.299999999999999800, 14.99999999999999800, 0.0000000000000000000 ) ) ;
#5235 = CARTESIAN_POINT ( 'NONE',  ( -13.00000000000000400, 15.00000000000000000, 0.0000000000000000000 ) ) ;
#5236 = DIRECTION ( 'NONE',  ( 1.000000000000000000, -1.577021341797097100E-016, 0.0000000000000000000 ) ) ;
#5237 = VECTOR ( 'NONE', #5236, 1000.000000000000000 ) ;
#5238 = CARTESIAN_POINT ( 'NONE',  ( -15.00000000000000400, 15.00000000000000000, 0.0000000000000000000 ) ) ;
#5239 = LINE ( 'NONE', #5238, #5237 ) ;
#5240 = DIRECTION ( 'NONE',  ( 1.000000000000000000, -1.577021341797097100E-016, 0.0000000000000000000 ) ) ;
#5241 = DIRECTION ( 'NONE',  ( -1.577021341797097100E-016, -1.000000000000000000, 0.0000000000000000000 ) ) ;
#5242 = CARTESIAN_POINT ( 'NONE',  ( -15.00000000000000400, 15.00000000000000000, -500.0000000000000000 ) ) ;
#5243 = AXIS2_PLACEMENT_3D ( 'NONE', #5242, #5241, #5240 ) ;
#5244 = PLANE ( 'NONE',  #5243 ) ;
#5245 = FACE_OUTER_BOUND ( 'NONE', #2037, .T. ) ;
#5246 = DIRECTION ( 'NONE',  ( 0.0000000000000000000, 0.0000000000000000000, -1.000000000000000000 ) ) ;
#5247 = VECTOR ( 'NONE', #5246, 1000.000000000000000 ) ;
#5248 = CARTESIAN_POINT ( 'NONE',  ( -15.00000000000000400, 13.00000000000000000, -500.0000000000000000 ) ) ;
#5249 = LINE ( 'NONE', #5248, #5247 ) ;
#5250 = CARTESIAN_POINT ( 'NONE',  ( -4.000000000000000000, 13.29999999999999900, 0.0000000000000000000 ) ) ;
#5251 = CARTESIAN_POINT ( 'NONE',  ( -4.000000000000000900, 13.54174243050441500, 0.0000000000000000000 ) ) ;
#5252 = CARTESIAN_POINT ( 'NONE',  ( 4.300000000000003400, -14.69999999999999800, 0.0000000000000000000 ) ) ;
#5253 = AXIS2_PLACEMENT_3D ( 'NONE', #5252, #5434, #5433 ) ;
#5254 = CIRCLE ( 'NONE', #5253, 0.2999999999999999300 ) ;
#5255 = DIRECTION ( 'NONE',  ( 1.000000000000000000, 0.0000000000000000000, 0.0000000000000000000 ) ) ;
#5256 = DIRECTION ( 'NONE',  ( 0.0000000000000000000, 0.0000000000000000000, 1.000000000000000000 ) ) ;
#5257 = CARTESIAN_POINT ( 'NONE',  ( 3.799999999999999400, -13.99999999999999800, 0.0000000000000000000 ) ) ;
#5258 = AXIS2_PLACEMENT_3D ( 'NONE', #5257, #5256, #5255 ) ;
#5259 = CIRCLE ( 'NONE', #5258, 0.4999999999999995600 ) ;
#5260 = DIRECTION ( 'NONE',  ( -1.000000000000000000, 0.0000000000000000000, 0.0000000000000000000 ) ) ;
#5261 = DIRECTION ( 'NONE',  ( 0.0000000000000000000, 0.0000000000000000000, 1.000000000000000000 ) ) ;
#5262 = CARTESIAN_POINT ( 'NONE',  ( 4.300000000000003400, -13.29999999999999900, 0.0000000000000000000 ) ) ;
#5263 = AXIS2_PLACEMENT_3D ( 'NONE', #5262, #5261, #5260 ) ;
#5264 = CIRCLE ( 'NONE', #5263, 0.2999999999999999300 ) ;
#5265 = DIRECTION ( 'NONE',  ( 0.0000000000000000000, 0.0000000000000000000, -1.000000000000000000 ) ) ;
#5266 = VECTOR ( 'NONE', #5265, 1000.000000000000000 ) ;
#5267 = CARTESIAN_POINT ( 'NONE',  ( 3.065665561074689000, 1.470270270270269500, -500.0000000000000000 ) ) ;
#5268 = LINE ( 'NONE', #5267, #5266 ) ;
#5269 = CARTESIAN_POINT ( 'NONE',  ( 3.065665561074689000, 1.470270270270269500, 0.0000000000000000000 ) ) ;
#5270 = DIRECTION ( 'NONE',  ( 1.000000000000000000, 0.0000000000000000000, 0.0000000000000000000 ) ) ;
#5271 = DIRECTION ( 'NONE',  ( 0.0000000000000000000, 0.0000000000000000000, 1.000000000000000000 ) ) ;
#5272 = CARTESIAN_POINT ( 'NONE',  ( 0.0000000000000000000, 0.0000000000000000000, 0.0000000000000000000 ) ) ;
#5273 = AXIS2_PLACEMENT_3D ( 'NONE', #5272, #5271, #5270 ) ;
#5274 = CIRCLE ( 'NONE', #5273, 3.399999999999999900 ) ;
#5275 = CARTESIAN_POINT ( 'NONE',  ( 3.399999999999999900, 0.0000000000000000000, 0.0000000000000000000 ) ) ;
#5276 = DIRECTION ( 'NONE',  ( 0.0000000000000000000, 0.0000000000000000000, 1.000000000000000000 ) ) ;
#5277 = DIRECTION ( 'NONE',  ( 0.0000000000000000000, -1.000000000000000000, 0.0000000000000000000 ) ) ;
#5278 = VECTOR ( 'NONE', #5277, 1000.000000000000000 ) ;
#5279 = CARTESIAN_POINT ( 'NONE',  ( -4.000000000000000000, 14.99999999999999800, 0.0000000000000000000 ) ) ;
#5280 = LINE ( 'NONE', #5279, #5278 ) ;
#5281 = FACE_OUTER_BOUND ( 'NONE', #5904, .T. ) ;
#5282 = DIRECTION ( 'NONE',  ( 0.0000000000000000000, 0.0000000000000000000, 1.000000000000000000 ) ) ;
#5283 = VECTOR ( 'NONE', #5282, 1000.000000000000000 ) ;
#5284 = CARTESIAN_POINT ( 'NONE',  ( -11.73737050983342600, -13.30000000000000600, -500.0000000000000000 ) ) ;
#5285 = DIRECTION ( 'NONE',  ( 1.000000000000000000, 0.0000000000000000000, 0.0000000000000000000 ) ) ;
#5286 = DIRECTION ( 'NONE',  ( 0.0000000000000000000, 0.0000000000000000000, 1.000000000000000000 ) ) ;
#5287 = AXIS2_PLACEMENT_3D ( 'NONE', #5304, #5286, #5285 ) ;
#5288 = LINE ( 'NONE', #5284, #5283 ) ;
#5289 = FACE_OUTER_BOUND ( 'NONE', #5848, .T. ) ;
#5290 = DIRECTION ( 'NONE',  ( 0.0000000000000000000, 0.0000000000000000000, 1.000000000000000000 ) ) ;
#5291 = VECTOR ( 'NONE', #5290, 1000.000000000000000 ) ;
#5292 = CARTESIAN_POINT ( 'NONE',  ( -9.449999999999995700, -13.00000000000000400, -500.0000000000000000 ) ) ;
#5293 = DIRECTION ( 'NONE',  ( 1.000000000000000000, 0.0000000000000000000, 0.0000000000000000000 ) ) ;
#5294 = DIRECTION ( 'NONE',  ( 0.0000000000000000000, 0.0000000000000000000, 1.000000000000000000 ) ) ;
#5295 = AXIS2_PLACEMENT_3D ( 'NONE', #5298, #5294, #5293 ) ;
#5296 = CYLINDRICAL_SURFACE ( 'NONE', #5295, 0.5000000000000004400 ) ;
#5297 = LINE ( 'NONE', #5292, #5291 ) ;
#5298 = CARTESIAN_POINT ( 'NONE',  ( 12.80000000000000200, -11.73737050983342900, -500.0000000000000000 ) ) ;
#5299 = DIRECTION ( 'NONE',  ( -1.745747425951496900E-015, -1.000000000000000000, 0.0000000000000000000 ) ) ;
#5300 = DIRECTION ( 'NONE',  ( -1.000000000000000000, 1.745747425951496900E-015, 0.0000000000000000000 ) ) ;
#5301 = CARTESIAN_POINT ( 'NONE',  ( -13.29999999999999900, -11.73737050983343100, -500.0000000000000000 ) ) ;
#5302 = AXIS2_PLACEMENT_3D ( 'NONE', #5301, #5300, #5299 ) ;
#5303 = FACE_OUTER_BOUND ( 'NONE', #6059, .T. ) ;
#5304 = CARTESIAN_POINT ( 'NONE',  ( 13.99999999999999600, 3.799999999999987400, -500.0000000000000000 ) ) ;
#5305 = CYLINDRICAL_SURFACE ( 'NONE', #5287, 0.5000000000000004400 ) ;
#5306 = FACE_OUTER_BOUND ( 'NONE', #5896, .T. ) ;
#5307 = DIRECTION ( 'NONE',  ( 0.0000000000000000000, 0.0000000000000000000, 1.000000000000000000 ) ) ;
#5308 = VECTOR ( 'NONE', #5307, 1000.000000000000000 ) ;
#5309 = CARTESIAN_POINT ( 'NONE',  ( -9.949999999999994000, -9.449999999999994000, -500.0000000000000000 ) ) ;
#5310 = LINE ( 'NONE', #5309, #5308 ) ;
#5311 = DIRECTION ( 'NONE',  ( -1.000000000000000000, -4.550094363217854100E-015, 0.0000000000000000000 ) ) ;
#5312 = DIRECTION ( 'NONE',  ( -4.550094363217854100E-015, 1.000000000000000000, 0.0000000000000000000 ) ) ;
#5313 = CARTESIAN_POINT ( 'NONE',  ( -12.99999999999999500, -9.450000000000006400, -500.0000000000000000 ) ) ;
#5314 = AXIS2_PLACEMENT_3D ( 'NONE', #5313, #5312, #5311 ) ;
#5315 = PLANE ( 'NONE',  #5314 ) ;
#5316 = FACE_OUTER_BOUND ( 'NONE', #5888, .T. ) ;
#5317 = DIRECTION ( 'NONE',  ( 0.0000000000000000000, 0.0000000000000000000, 1.000000000000000000 ) ) ;
#5318 = VECTOR ( 'NONE', #5317, 1000.000000000000000 ) ;
#5319 = CARTESIAN_POINT ( 'NONE',  ( -9.749999999999996400, -13.30000000000000200, -500.0000000000000000 ) ) ;
#5320 = LINE ( 'NONE', #5319, #5318 ) ;
#5321 = DIRECTION ( 'NONE',  ( 0.9659258262890700900, 0.2588190451025141900, 0.0000000000000000000 ) ) ;
#5322 = DIRECTION ( 'NONE',  ( 0.2588190451025141900, -0.9659258262890700900, 0.0000000000000000000 ) ) ;
#5323 = CARTESIAN_POINT ( 'NONE',  ( 12.64901760219492700, -12.29546421160165300, -500.0000000000000000 ) ) ;
#5324 = AXIS2_PLACEMENT_3D ( 'NONE', #5323, #5322, #5321 ) ;
#5325 = PLANE ( 'NONE',  #5324 ) ;
#5326 = FACE_OUTER_BOUND ( 'NONE', #5862, .T. ) ;
#5327 = DIRECTION ( 'NONE',  ( 0.0000000000000000000, 0.0000000000000000000, 1.000000000000000000 ) ) ;
#5328 = VECTOR ( 'NONE', #5327, 1000.000000000000000 ) ;
#5329 = CARTESIAN_POINT ( 'NONE',  ( 12.92940952255126600, -12.22033342297796200, -500.0000000000000000 ) ) ;
#5330 = LINE ( 'NONE', #5329, #5328 ) ;
#5331 = DIRECTION ( 'NONE',  ( 0.0000000000000000000, 0.0000000000000000000, -1.000000000000000000 ) ) ;
#5332 = DIRECTION ( 'NONE',  ( 1.000000000000000000, 0.0000000000000000000, 0.0000000000000000000 ) ) ;
#5333 = CARTESIAN_POINT ( 'NONE',  ( -9.449999999999995700, -13.00000000000000400, -500.0000000000000000 ) ) ;
#5334 = AXIS2_PLACEMENT_3D ( 'NONE', #5333, #5332, #5331 ) ;
#5335 = PLANE ( 'NONE',  #5334 ) ;
#5336 = FACE_OUTER_BOUND ( 'NONE', #5841, .T. ) ;
#5337 = DIRECTION ( 'NONE',  ( 0.0000000000000000000, 0.0000000000000000000, 1.000000000000000000 ) ) ;
#5338 = VECTOR ( 'NONE', #5337, 1000.000000000000000 ) ;
#5339 = PLANE ( 'NONE',  #5302 ) ;
#5340 = FACE_OUTER_BOUND ( 'NONE', #5838, .T. ) ;
#5341 = DIRECTION ( 'NONE',  ( 0.0000000000000000000, 0.0000000000000000000, 1.000000000000000000 ) ) ;
#5342 = VECTOR ( 'NONE', #5341, 1000.000000000000000 ) ;
#5343 = CARTESIAN_POINT ( 'NONE',  ( -13.29999999999999900, -11.73737050983343100, -500.0000000000000000 ) ) ;
#5344 = DIRECTION ( 'NONE',  ( 1.000000000000000000, 0.0000000000000000000, 0.0000000000000000000 ) ) ;
#5345 = DIRECTION ( 'NONE',  ( 0.0000000000000000000, 0.0000000000000000000, 1.000000000000000000 ) ) ;
#5346 = CARTESIAN_POINT ( 'NONE',  ( -12.79999999999999900, -11.73737050983343300, -500.0000000000000000 ) ) ;
#5347 = AXIS2_PLACEMENT_3D ( 'NONE', #5346, #5345, #5344 ) ;
#5348 = CYLINDRICAL_SURFACE ( 'NONE', #5347, 0.5000000000000004400 ) ;
#5349 = LINE ( 'NONE', #5343, #5342 ) ;
#5350 = FACE_OUTER_BOUND ( 'NONE', #5831, .T. ) ;
#5351 = DIRECTION ( 'NONE',  ( 0.0000000000000000000, 0.0000000000000000000, 1.000000000000000000 ) ) ;
#5352 = VECTOR ( 'NONE', #5351, 1000.000000000000000 ) ;
#5353 = CARTESIAN_POINT ( 'NONE',  ( -12.92940952255126200, -12.22033342297796600, -500.0000000000000000 ) ) ;
#5354 = LINE ( 'NONE', #5353, #5352 ) ;
#5355 = DIRECTION ( 'NONE',  ( 0.0000000000000000000, 0.0000000000000000000, 1.000000000000000000 ) ) ;
#5356 = VECTOR ( 'NONE', #5355, 1000.000000000000000 ) ;
#5357 = CARTESIAN_POINT ( 'NONE',  ( -12.29546421160165100, -12.64901760219492900, -500.0000000000000000 ) ) ;
#5358 = LINE ( 'NONE', #5357, #5356 ) ;
#5359 = DIRECTION ( 'NONE',  ( 0.2588190451025141900, -0.9659258262890700900, 0.0000000000000000000 ) ) ;
#5360 = DIRECTION ( 'NONE',  ( -0.9659258262890700900, -0.2588190451025141900, 0.0000000000000000000 ) ) ;
#5361 = CARTESIAN_POINT ( 'NONE',  ( -12.29546421160165100, -12.64901760219492900, -500.0000000000000000 ) ) ;
#5362 = AXIS2_PLACEMENT_3D ( 'NONE', #5361, #5360, #5359 ) ;
#5363 = PLANE ( 'NONE',  #5362 ) ;
#5364 = FACE_OUTER_BOUND ( 'NONE', #5822, .T. ) ;
#5365 = DIRECTION ( 'NONE',  ( 0.0000000000000000000, 0.0000000000000000000, 1.000000000000000000 ) ) ;
#5366 = VECTOR ( 'NONE', #5365, 1000.000000000000000 ) ;
#5367 = CARTESIAN_POINT ( 'NONE',  ( -12.22033342297796000, -12.92940952255126800, -500.0000000000000000 ) ) ;
#5368 = LINE ( 'NONE', #5367, #5366 ) ;
#5369 = DIRECTION ( 'NONE',  ( 0.9659258262890700900, -0.2588190451025141900, 0.0000000000000000000 ) ) ;
#5370 = DIRECTION ( 'NONE',  ( -0.2588190451025141900, -0.9659258262890700900, 0.0000000000000000000 ) ) ;
#5371 = CARTESIAN_POINT ( 'NONE',  ( -12.64901760219492400, -12.29546421160165600, -500.0000000000000000 ) ) ;
#5372 = AXIS2_PLACEMENT_3D ( 'NONE', #5371, #5370, #5369 ) ;
#5373 = PLANE ( 'NONE',  #5372 ) ;
#5374 = CARTESIAN_POINT ( 'NONE',  ( -9.449999999999995700, -9.950000000000002800, -500.0000000000000000 ) ) ;
#5375 = LINE ( 'NONE', #5374, #5338 ) ;
#5376 = DIRECTION ( 'NONE',  ( 0.0000000000000000000, 0.0000000000000000000, 1.000000000000000000 ) ) ;
#5377 = VECTOR ( 'NONE', #5376, 1000.000000000000000 ) ;
#5378 = CARTESIAN_POINT ( 'NONE',  ( 12.29546421160165400, -12.64901760219492600, -500.0000000000000000 ) ) ;
#5379 = DIRECTION ( 'NONE',  ( 1.000000000000000000, 0.0000000000000000000, 0.0000000000000000000 ) ) ;
#5380 = DIRECTION ( 'NONE',  ( 0.0000000000000000000, 0.0000000000000000000, 1.000000000000000000 ) ) ;
#5381 = CARTESIAN_POINT ( 'NONE',  ( 12.77842712474618200, -12.77842712474618700, -500.0000000000000000 ) ) ;
#5382 = AXIS2_PLACEMENT_3D ( 'NONE', #5381, #5380, #5379 ) ;
#5383 = CYLINDRICAL_SURFACE ( 'NONE', #5382, 0.4999999999999970000 ) ;
#5384 = LINE ( 'NONE', #5378, #5377 ) ;
#5385 = FACE_OUTER_BOUND ( 'NONE', #5869, .T. ) ;
#5386 = DIRECTION ( 'NONE',  ( 0.0000000000000000000, 0.0000000000000000000, 1.000000000000000000 ) ) ;
#5387 = VECTOR ( 'NONE', #5386, 1000.000000000000000 ) ;
#5388 = CARTESIAN_POINT ( 'NONE',  ( 12.64901760219492700, -12.29546421160165400, -500.0000000000000000 ) ) ;
#5389 = LINE ( 'NONE', #5388, #5387 ) ;
#5390 = DIRECTION ( 'NONE',  ( 0.0000000000000000000, 0.0000000000000000000, 1.000000000000000000 ) ) ;
#5391 = VECTOR ( 'NONE', #5390, 1000.000000000000000 ) ;
#5392 = CARTESIAN_POINT ( 'NONE',  ( 9.449999999999999300, -13.00000000000000200, -500.0000000000000000 ) ) ;
#5393 = LINE ( 'NONE', #5392, #5391 ) ;
#5394 = DIRECTION ( 'NONE',  ( 0.0000000000000000000, 0.0000000000000000000, 1.000000000000000000 ) ) ;
#5395 = DIRECTION ( 'NONE',  ( -1.000000000000000000, 0.0000000000000000000, 0.0000000000000000000 ) ) ;
#5396 = CARTESIAN_POINT ( 'NONE',  ( 9.449999999999999300, -13.00000000000000200, -500.0000000000000000 ) ) ;
#5397 = AXIS2_PLACEMENT_3D ( 'NONE', #5396, #5395, #5394 ) ;
#5398 = PLANE ( 'NONE',  #5397 ) ;
#5399 = DIRECTION ( 'NONE',  ( 1.000000000000000000, 0.0000000000000000000, 0.0000000000000000000 ) ) ;
#5400 = DIRECTION ( 'NONE',  ( 0.0000000000000000000, 0.0000000000000000000, 1.000000000000000000 ) ) ;
#5401 = CARTESIAN_POINT ( 'NONE',  ( -9.749999999999996400, -13.00000000000000400, -500.0000000000000000 ) ) ;
#5402 = AXIS2_PLACEMENT_3D ( 'NONE', #5401, #5400, #5399 ) ;
#5403 = FACE_OUTER_BOUND ( 'NONE', #5852, .T. ) ;
#5404 = CYLINDRICAL_SURFACE ( 'NONE', #5402, 0.2999999999999999300 ) ;
#5405 = VECTOR ( 'NONE', #5465, 1000.000000000000000 ) ;
#5406 = CARTESIAN_POINT ( 'NONE',  ( 2.819574435974338700, 1.899999999999998800, 0.0000000000000000000 ) ) ;
#5407 = LINE ( 'NONE', #5406, #5405 ) ;
#5408 = DIRECTION ( 'NONE',  ( -1.000000000000000000, 0.0000000000000000000, 0.0000000000000000000 ) ) ;
#5409 = DIRECTION ( 'NONE',  ( 0.0000000000000000000, 0.0000000000000000000, 1.000000000000000000 ) ) ;
#5410 = CARTESIAN_POINT ( 'NONE',  ( 13.29999999999999900, -4.300000000000005200, 0.0000000000000000000 ) ) ;
#5411 = AXIS2_PLACEMENT_3D ( 'NONE', #5410, #5409, #5408 ) ;
#5412 = CIRCLE ( 'NONE', #5411, 0.2999999999999999300 ) ;
#5413 = DIRECTION ( 'NONE',  ( -1.000000000000000000, 0.0000000000000000000, 0.0000000000000000000 ) ) ;
#5414 = DIRECTION ( 'NONE',  ( 0.0000000000000000000, 0.0000000000000000000, 1.000000000000000000 ) ) ;
#5415 = CARTESIAN_POINT ( 'NONE',  ( 13.99999999999999300, -3.800000000000011800, 0.0000000000000000000 ) ) ;
#5416 = AXIS2_PLACEMENT_3D ( 'NONE', #5415, #5414, #5413 ) ;
#5417 = CIRCLE ( 'NONE', #5416, 0.5000000000000022200 ) ;
#5418 = DIRECTION ( 'NONE',  ( -1.000000000000000000, 0.0000000000000000000, 0.0000000000000000000 ) ) ;
#5419 = DIRECTION ( 'NONE',  ( 0.0000000000000000000, 0.0000000000000000000, 1.000000000000000000 ) ) ;
#5420 = CARTESIAN_POINT ( 'NONE',  ( 14.69999999999999900, -4.300000000000005200, 0.0000000000000000000 ) ) ;
#5421 = AXIS2_PLACEMENT_3D ( 'NONE', #5420, #5419, #5418 ) ;
#5422 = CIRCLE ( 'NONE', #5421, 0.2999999999999999300 ) ;
#5423 = DIRECTION ( 'NONE',  ( -1.000000000000000000, 0.0000000000000000000, 0.0000000000000000000 ) ) ;
#5424 = DIRECTION ( 'NONE',  ( 0.0000000000000000000, 0.0000000000000000000, 1.000000000000000000 ) ) ;
#5425 = CARTESIAN_POINT ( 'NONE',  ( 13.00000000000000000, -13.00000000000000500, 0.0000000000000000000 ) ) ;
#5426 = AXIS2_PLACEMENT_3D ( 'NONE', #5425, #5424, #5423 ) ;
#5427 = CIRCLE ( 'NONE', #5426, 2.000000000000000000 ) ;
#5428 = DIRECTION ( 'NONE',  ( -1.000000000000000000, 0.0000000000000000000, 0.0000000000000000000 ) ) ;
#5429 = DIRECTION ( 'NONE',  ( 0.0000000000000000000, 0.0000000000000000000, 1.000000000000000000 ) ) ;
#5430 = CARTESIAN_POINT ( 'NONE',  ( -3.799999999999999400, -13.99999999999999800, 0.0000000000000000000 ) ) ;
#5431 = AXIS2_PLACEMENT_3D ( 'NONE', #5430, #5429, #5428 ) ;
#5432 = CIRCLE ( 'NONE', #5431, 0.4999999999999995600 ) ;
#5433 = DIRECTION ( 'NONE',  ( -1.000000000000000000, 0.0000000000000000000, 0.0000000000000000000 ) ) ;
#5434 = DIRECTION ( 'NONE',  ( 0.0000000000000000000, 0.0000000000000000000, 1.000000000000000000 ) ) ;
#5435 = FACE_OUTER_BOUND ( 'NONE', #5813, .T. ) ;
#5436 = DIRECTION ( 'NONE',  ( 0.0000000000000000000, 0.0000000000000000000, 1.000000000000000000 ) ) ;
#5437 = VECTOR ( 'NONE', #5436, 1000.000000000000000 ) ;
#5438 = CARTESIAN_POINT ( 'NONE',  ( -12.64901760219492400, -12.29546421160165800, -500.0000000000000000 ) ) ;
#5439 = DIRECTION ( 'NONE',  ( 1.000000000000000000, 0.0000000000000000000, 0.0000000000000000000 ) ) ;
#5440 = DIRECTION ( 'NONE',  ( 0.0000000000000000000, 0.0000000000000000000, 1.000000000000000000 ) ) ;
#5441 = CARTESIAN_POINT ( 'NONE',  ( -12.77842712474617800, -12.77842712474619100, -500.0000000000000000 ) ) ;
#5442 = AXIS2_PLACEMENT_3D ( 'NONE', #5441, #5440, #5439 ) ;
#5443 = LINE ( 'NONE', #5438, #5437 ) ;
#5444 = CYLINDRICAL_SURFACE ( 'NONE', #5442, 0.4999999999999970000 ) ;
#5445 = FACE_OUTER_BOUND ( 'NONE', #5806, .T. ) ;
#5446 = CARTESIAN_POINT ( 'NONE',  ( 4.698810136034363300, -2.277645713530756800, 0.0000000000000000000 ) ) ;
#5447 = DIRECTION ( 'NONE',  ( -1.000000000000000000, 0.0000000000000000000, 0.0000000000000000000 ) ) ;
#5448 = DIRECTION ( 'NONE',  ( 0.0000000000000000000, 0.0000000000000000000, -1.000000000000000000 ) ) ;
#5449 = CARTESIAN_POINT ( 'NONE',  ( 4.409032388147642800, -2.199999999999999700, 0.0000000000000000000 ) ) ;
#5450 = AXIS2_PLACEMENT_3D ( 'NONE', #5449, #5448, #5447 ) ;
#5451 = CIRCLE ( 'NONE', #5450, 0.2999999999999999300 ) ;
#5452 = CARTESIAN_POINT ( 'NONE',  ( 4.409032388147642800, -1.899999999999999700, 0.0000000000000000000 ) ) ;
#5453 = DIRECTION ( 'NONE',  ( -1.000000000000000000, 6.569510263935087600E-016, 0.0000000000000000000 ) ) ;
#5454 = VECTOR ( 'NONE', #5453, 1000.000000000000000 ) ;
#5455 = CARTESIAN_POINT ( 'NONE',  ( 2.819574435974338700, -1.899999999999998800, 0.0000000000000000000 ) ) ;
#5456 = LINE ( 'NONE', #5455, #5454 ) ;
#5457 = CARTESIAN_POINT ( 'NONE',  ( 3.336165463522455400, -1.899999999999999000, 0.0000000000000000000 ) ) ;
#5458 = DIRECTION ( 'NONE',  ( -1.000000000000000000, 0.0000000000000000000, 0.0000000000000000000 ) ) ;
#5459 = DIRECTION ( 'NONE',  ( 0.0000000000000000000, 0.0000000000000000000, 1.000000000000000000 ) ) ;
#5460 = CARTESIAN_POINT ( 'NONE',  ( 3.336165463522455400, -1.599999999999999000, 0.0000000000000000000 ) ) ;
#5461 = AXIS2_PLACEMENT_3D ( 'NONE', #5460, #5459, #5458 ) ;
#5462 = CIRCLE ( 'NONE', #5461, 0.2999999999999999300 ) ;
#5463 = CARTESIAN_POINT ( 'NONE',  ( 4.409032388147642800, 1.899999999999999700, 0.0000000000000000000 ) ) ;
#5464 = CARTESIAN_POINT ( 'NONE',  ( 3.336165463522455400, 1.899999999999999000, 0.0000000000000000000 ) ) ;
#5465 = DIRECTION ( 'NONE',  ( 1.000000000000000000, 6.569510263935087600E-016, 0.0000000000000000000 ) ) ;
#5466 = DIRECTION ( 'NONE',  ( 0.0000000000000000000, 0.0000000000000000000, 1.000000000000000000 ) ) ;
#5467 = DIRECTION ( 'NONE',  ( 1.000000000000000000, 0.0000000000000000000, 0.0000000000000000000 ) ) ;
#5468 = DIRECTION ( 'NONE',  ( 0.0000000000000000000, 0.0000000000000000000, 1.000000000000000000 ) ) ;
#5469 = CARTESIAN_POINT ( 'NONE',  ( 9.750000000000000000, -13.00000000000000200, -500.0000000000000000 ) ) ;
#5470 = AXIS2_PLACEMENT_3D ( 'NONE', #5469, #5468, #5467 ) ;
#5471 = CYLINDRICAL_SURFACE ( 'NONE', #5470, 0.2999999999999999300 ) ;
#5472 = FACE_OUTER_BOUND ( 'NONE', #5849, .T. ) ;
#5473 = DIRECTION ( 'NONE',  ( 0.0000000000000000000, 0.0000000000000000000, 1.000000000000000000 ) ) ;
#5474 = VECTOR ( 'NONE', #5473, 1000.000000000000000 ) ;
#5475 = CARTESIAN_POINT ( 'NONE',  ( 9.750000000000000000, -13.30000000000000100, -500.0000000000000000 ) ) ;
#5476 = DIRECTION ( 'NONE',  ( 1.000000000000000000, 0.0000000000000000000, 0.0000000000000000000 ) ) ;
#5477 = DIRECTION ( 'NONE',  ( 0.0000000000000000000, 0.0000000000000000000, 1.000000000000000000 ) ) ;
#5478 = CARTESIAN_POINT ( 'NONE',  ( -9.949999999999999300, -9.949999999999997500, -500.0000000000000000 ) ) ;
#5479 = AXIS2_PLACEMENT_3D ( 'NONE', #5478, #5477, #5476 ) ;
#5480 = LINE ( 'NONE', #5475, #5474 ) ;
#5481 = CYLINDRICAL_SURFACE ( 'NONE', #5479, 0.5000000000000022200 ) ;
#5482 = DIRECTION ( 'NONE',  ( 1.000000000000000000, 0.0000000000000000000, 0.0000000000000000000 ) ) ;
#5483 = DIRECTION ( 'NONE',  ( 0.0000000000000000000, 0.0000000000000000000, 1.000000000000000000 ) ) ;
#5484 = DIRECTION ( 'NONE',  ( 0.0000000000000000000, 0.0000000000000000000, 1.000000000000000000 ) ) ;
#5485 = CARTESIAN_POINT ( 'NONE',  ( -11.73737050983342600, -12.80000000000000600, -500.0000000000000000 ) ) ;
#5486 = AXIS2_PLACEMENT_3D ( 'NONE', #5485, #5484, #5672 ) ;
#5487 = DIRECTION ( 'NONE',  ( 1.000000000000000000, 1.745747425951492200E-015, 0.0000000000000000000 ) ) ;
#5488 = DIRECTION ( 'NONE',  ( 1.745747425951492200E-015, -1.000000000000000000, 0.0000000000000000000 ) ) ;
#5489 = CARTESIAN_POINT ( 'NONE',  ( -11.73737050983342600, -13.30000000000000600, -500.0000000000000000 ) ) ;
#5490 = AXIS2_PLACEMENT_3D ( 'NONE', #5489, #5488, #5487 ) ;
#5491 = PLANE ( 'NONE',  #5490 ) ;
#5492 = DIRECTION ( 'NONE',  ( 1.000000000000000000, 0.0000000000000000000, 0.0000000000000000000 ) ) ;
#5493 = DIRECTION ( 'NONE',  ( 0.0000000000000000000, 0.0000000000000000000, 1.000000000000000000 ) ) ;
#5494 = AXIS2_PLACEMENT_3D ( 'NONE', #5595, #5493, #5492 ) ;
#5495 = CYLINDRICAL_SURFACE ( 'NONE', #5494, 0.4999999999999995600 ) ;
#5496 = FACE_OUTER_BOUND ( 'NONE', #5912, .T. ) ;
#5497 = DIRECTION ( 'NONE',  ( 1.000000000000000000, 0.0000000000000000000, 0.0000000000000000000 ) ) ;
#5498 = DIRECTION ( 'NONE',  ( 0.0000000000000000000, 0.0000000000000000000, 1.000000000000000000 ) ) ;
#5499 = AXIS2_PLACEMENT_3D ( 'NONE', #5506, #5498, #5497 ) ;
#5500 = FACE_OUTER_BOUND ( 'NONE', #5978, .T. ) ;
#5501 = CYLINDRICAL_SURFACE ( 'NONE', #5499, 0.4999999999999995600 ) ;
#5502 = FACE_OUTER_BOUND ( 'NONE', #5972, .T. ) ;
#5503 = DIRECTION ( 'NONE',  ( 1.000000000000000000, 0.0000000000000000000, 0.0000000000000000000 ) ) ;
#5504 = DIRECTION ( 'NONE',  ( 0.0000000000000000000, 0.0000000000000000000, 1.000000000000000000 ) ) ;
#5505 = AXIS2_PLACEMENT_3D ( 'NONE', #5513, #5504, #5503 ) ;
#5506 = CARTESIAN_POINT ( 'NONE',  ( 3.799999999999999400, -13.99999999999999800, -500.0000000000000000 ) ) ;
#5507 = CYLINDRICAL_SURFACE ( 'NONE', #5505, 0.5000000000000022200 ) ;
#5508 = FACE_OUTER_BOUND ( 'NONE', #5900, .T. ) ;
#5509 = DIRECTION ( 'NONE',  ( 1.000000000000000000, 0.0000000000000000000, 0.0000000000000000000 ) ) ;
#5510 = DIRECTION ( 'NONE',  ( 0.0000000000000000000, 0.0000000000000000000, 1.000000000000000000 ) ) ;
#5511 = CARTESIAN_POINT ( 'NONE',  ( 3.799999999999999400, 13.99999999999999800, -500.0000000000000000 ) ) ;
#5512 = AXIS2_PLACEMENT_3D ( 'NONE', #5511, #5510, #5509 ) ;
#5513 = CARTESIAN_POINT ( 'NONE',  ( 13.99999999999999300, -3.800000000000011800, -500.0000000000000000 ) ) ;
#5514 = CYLINDRICAL_SURFACE ( 'NONE', #5512, 0.4999999999999995600 ) ;
#5515 = FACE_OUTER_BOUND ( 'NONE', #5963, .T. ) ;
#5516 = DIRECTION ( 'NONE',  ( 0.0000000000000000000, 0.0000000000000000000, 1.000000000000000000 ) ) ;
#5517 = VECTOR ( 'NONE', #5516, 1000.000000000000000 ) ;
#5518 = CARTESIAN_POINT ( 'NONE',  ( 12.22033342297796400, -12.92940952255126400, -500.0000000000000000 ) ) ;
#5519 = LINE ( 'NONE', #5518, #5517 ) ;
#5520 = CYLINDRICAL_SURFACE ( 'NONE', #5486, 0.5000000000000004400 ) ;
#5521 = DIRECTION ( 'NONE',  ( 1.000000000000000000, 0.0000000000000000000, 0.0000000000000000000 ) ) ;
#5522 = DIRECTION ( 'NONE',  ( 0.0000000000000000000, 0.0000000000000000000, 1.000000000000000000 ) ) ;
#5523 = AXIS2_PLACEMENT_3D ( 'NONE', #5529, #5522, #5521 ) ;
#5524 = CYLINDRICAL_SURFACE ( 'NONE', #5523, 0.4999999999999995600 ) ;
#5525 = FACE_OUTER_BOUND ( 'NONE', #5955, .T. ) ;
#5526 = DIRECTION ( 'NONE',  ( 1.000000000000000000, 0.0000000000000000000, 0.0000000000000000000 ) ) ;
#5527 = DIRECTION ( 'NONE',  ( 0.0000000000000000000, 0.0000000000000000000, 1.000000000000000000 ) ) ;
#5528 = AXIS2_PLACEMENT_3D ( 'NONE', #5535, #5527, #5526 ) ;
#5529 = CARTESIAN_POINT ( 'NONE',  ( -3.799999999999999400, 13.99999999999999800, -500.0000000000000000 ) ) ;
#5530 = CYLINDRICAL_SURFACE ( 'NONE', #5528, 0.5000000000000004400 ) ;
#5531 = FACE_OUTER_BOUND ( 'NONE', #5946, .T. ) ;
#5532 = DIRECTION ( 'NONE',  ( 1.000000000000000000, 0.0000000000000000000, 0.0000000000000000000 ) ) ;
#5533 = DIRECTION ( 'NONE',  ( 0.0000000000000000000, 0.0000000000000000000, 1.000000000000000000 ) ) ;
#5534 = AXIS2_PLACEMENT_3D ( 'NONE', #5541, #5533, #5532 ) ;
#5535 = CARTESIAN_POINT ( 'NONE',  ( -13.99999999999999600, 3.799999999999987400, -500.0000000000000000 ) ) ;
#5536 = CYLINDRICAL_SURFACE ( 'NONE', #5534, 0.5000000000000022200 ) ;
#5537 = FACE_OUTER_BOUND ( 'NONE', #5940, .T. ) ;
#5538 = DIRECTION ( 'NONE',  ( 1.000000000000000000, 0.0000000000000000000, 0.0000000000000000000 ) ) ;
#5539 = DIRECTION ( 'NONE',  ( 0.0000000000000000000, 0.0000000000000000000, 1.000000000000000000 ) ) ;
#5540 = AXIS2_PLACEMENT_3D ( 'NONE', #5548, #5539, #5538 ) ;
#5541 = CARTESIAN_POINT ( 'NONE',  ( -13.99999999999999300, -3.800000000000011800, -500.0000000000000000 ) ) ;
#5542 = CYLINDRICAL_SURFACE ( 'NONE', #5540, 0.2999999999999999300 ) ;
#5543 = FACE_OUTER_BOUND ( 'NONE', #5935, .T. ) ;
#5544 = DIRECTION ( 'NONE',  ( 1.000000000000000000, 0.0000000000000000000, 0.0000000000000000000 ) ) ;
#5545 = DIRECTION ( 'NONE',  ( 0.0000000000000000000, 0.0000000000000000000, 1.000000000000000000 ) ) ;
#5546 = CARTESIAN_POINT ( 'NONE',  ( 4.300000000000003400, -13.29999999999999900, -500.0000000000000000 ) ) ;
#5547 = AXIS2_PLACEMENT_3D ( 'NONE', #5546, #5545, #5544 ) ;
#5548 = CARTESIAN_POINT ( 'NONE',  ( -4.300000000000003400, -13.29999999999999900, -500.0000000000000000 ) ) ;
#5549 = CYLINDRICAL_SURFACE ( 'NONE', #5547, 0.2999999999999999300 ) ;
#5550 = DIRECTION ( 'NONE',  ( 1.000000000000000000, 0.0000000000000000000, 0.0000000000000000000 ) ) ;
#5551 = DIRECTION ( 'NONE',  ( 0.0000000000000000000, 0.0000000000000000000, 1.000000000000000000 ) ) ;
#5552 = CARTESIAN_POINT ( 'NONE',  ( 13.29999999999999900, -4.300000000000005200, -500.0000000000000000 ) ) ;
#5553 = FACE_OUTER_BOUND ( 'NONE', #5929, .T. ) ;
#5554 = CIRCLE ( 'NONE', #5670, 1.000000000000001800 ) ;
#5555 = DIRECTION ( 'NONE',  ( 0.9659258262890672000, -0.2588190451025244600, 0.0000000000000000000 ) ) ;
#5556 = VECTOR ( 'NONE', #5555, 1000.000000000000200 ) ;
#5557 = CARTESIAN_POINT ( 'NONE',  ( -1.899999999999997700, -4.800000000000007800, 0.0000000000000000000 ) ) ;
#5558 = LINE ( 'NONE', #5557, #5556 ) ;
#5559 = CARTESIAN_POINT ( 'NONE',  ( -3.629480354499751800, -4.336587135686302800, 0.0000000000000000000 ) ) ;
#5560 = CARTESIAN_POINT ( 'NONE',  ( -2.277645713530755100, -4.698810136034365000, 0.0000000000000000000 ) ) ;
#5561 = DIRECTION ( 'NONE',  ( -1.000000000000000000, 0.0000000000000000000, 0.0000000000000000000 ) ) ;
#5562 = DIRECTION ( 'NONE',  ( 0.0000000000000000000, 0.0000000000000000000, -1.000000000000000000 ) ) ;
#5563 = CARTESIAN_POINT ( 'NONE',  ( -2.199999999999997500, -4.409032388147644500, 0.0000000000000000000 ) ) ;
#5564 = AXIS2_PLACEMENT_3D ( 'NONE', #5563, #5562, #5561 ) ;
#5565 = CIRCLE ( 'NONE', #5564, 0.2999999999999999300 ) ;
#5566 = CARTESIAN_POINT ( 'NONE',  ( -1.899999999999997500, -4.409032388147644500, 0.0000000000000000000 ) ) ;
#5567 = DIRECTION ( 'NONE',  ( 4.379673509290051300E-016, 1.000000000000000000, 0.0000000000000000000 ) ) ;
#5568 = VECTOR ( 'NONE', #5567, 1000.000000000000000 ) ;
#5569 = CARTESIAN_POINT ( 'NONE',  ( -1.899999999999996800, -2.819574435974337300, 0.0000000000000000000 ) ) ;
#5570 = LINE ( 'NONE', #5569, #5568 ) ;
#5571 = CARTESIAN_POINT ( 'NONE',  ( -1.899999999999997000, -3.336165463522456200, 0.0000000000000000000 ) ) ;
#5572 = DIRECTION ( 'NONE',  ( -1.000000000000000000, 0.0000000000000000000, 0.0000000000000000000 ) ) ;
#5573 = DIRECTION ( 'NONE',  ( 0.0000000000000000000, 0.0000000000000000000, 1.000000000000000000 ) ) ;
#5574 = CARTESIAN_POINT ( 'NONE',  ( -1.599999999999997000, -3.336165463522456200, 0.0000000000000000000 ) ) ;
#5575 = AXIS2_PLACEMENT_3D ( 'NONE', #5574, #5573, #5572 ) ;
#5576 = CIRCLE ( 'NONE', #5575, 0.2999999999999999300 ) ;
#5577 = DIRECTION ( 'NONE',  ( -1.000000000000000000, 0.0000000000000000000, 0.0000000000000000000 ) ) ;
#5578 = DIRECTION ( 'NONE',  ( 0.0000000000000000000, 0.0000000000000000000, 1.000000000000000000 ) ) ;
#5579 = CARTESIAN_POINT ( 'NONE',  ( 1.599999999999998800, -3.336165463522455800, 0.0000000000000000000 ) ) ;
#5580 = AXIS2_PLACEMENT_3D ( 'NONE', #5579, #5578, #5577 ) ;
#5581 = CIRCLE ( 'NONE', #5580, 0.2999999999999999300 ) ;
#5582 = DIRECTION ( 'NONE',  ( 6.569510263935078700E-016, -1.000000000000000000, 0.0000000000000000000 ) ) ;
#5583 = VECTOR ( 'NONE', #5582, 1000.000000000000000 ) ;
#5584 = CARTESIAN_POINT ( 'NONE',  ( 1.899999999999998600, -2.819574435974336900, 0.0000000000000000000 ) ) ;
#5585 = LINE ( 'NONE', #5584, #5583 ) ;
#5586 = CYLINDRICAL_SURFACE ( 'NONE', #5587, 0.2999999999999999300 ) ;
#5587 = AXIS2_PLACEMENT_3D ( 'NONE', #5552, #5551, #5550 ) ;
#5588 = DIRECTION ( 'NONE',  ( 1.000000000000000000, 0.0000000000000000000, 0.0000000000000000000 ) ) ;
#5589 = DIRECTION ( 'NONE',  ( 0.0000000000000000000, 0.0000000000000000000, 1.000000000000000000 ) ) ;
#5590 = CARTESIAN_POINT ( 'NONE',  ( -13.30000000000000100, 4.299999999999999800, -500.0000000000000000 ) ) ;
#5591 = AXIS2_PLACEMENT_3D ( 'NONE', #5590, #5589, #5588 ) ;
#5592 = FACE_OUTER_BOUND ( 'NONE', #5920, .T. ) ;
#5593 = CYLINDRICAL_SURFACE ( 'NONE', #5591, 0.2999999999999999300 ) ;
#5594 = FACE_OUTER_BOUND ( 'NONE', #5914, .T. ) ;
#5595 = CARTESIAN_POINT ( 'NONE',  ( -3.799999999999999400, -13.99999999999999800, -500.0000000000000000 ) ) ;
#5596 = CYLINDRICAL_SURFACE ( 'NONE', #5598, 0.2999999999999999300 ) ;
#5597 = FACE_OUTER_BOUND ( 'NONE', #6056, .T. ) ;
#5598 = AXIS2_PLACEMENT_3D ( 'NONE', #5604, #5483, #5482 ) ;
#5599 = FACE_OUTER_BOUND ( 'NONE', #6035, .T. ) ;
#5600 = DIRECTION ( 'NONE',  ( 1.000000000000000000, 0.0000000000000000000, 0.0000000000000000000 ) ) ;
#5601 = DIRECTION ( 'NONE',  ( 0.0000000000000000000, 0.0000000000000000000, 1.000000000000000000 ) ) ;
#5602 = CARTESIAN_POINT ( 'NONE',  ( -4.299999999999999800, 13.29999999999999900, -500.0000000000000000 ) ) ;
#5603 = AXIS2_PLACEMENT_3D ( 'NONE', #5602, #5601, #5600 ) ;
#5604 = CARTESIAN_POINT ( 'NONE',  ( -13.29999999999999900, -4.300000000000005200, -500.0000000000000000 ) ) ;
#5605 = CYLINDRICAL_SURFACE ( 'NONE', #5603, 0.2999999999999999300 ) ;
#5606 = DIRECTION ( 'NONE',  ( 1.000000000000000000, 0.0000000000000000000, 0.0000000000000000000 ) ) ;
#5607 = DIRECTION ( 'NONE',  ( 0.0000000000000000000, 0.0000000000000000000, 1.000000000000000000 ) ) ;
#5608 = AXIS2_PLACEMENT_3D ( 'NONE', #5611, #5607, #5606 ) ;
#5609 = CYLINDRICAL_SURFACE ( 'NONE', #5608, 0.5000000000000004400 ) ;
#5610 = FACE_OUTER_BOUND ( 'NONE', #6041, .T. ) ;
#5611 = CARTESIAN_POINT ( 'NONE',  ( 11.73737050983342900, -12.80000000000000200, -500.0000000000000000 ) ) ;
#5612 = FACE_OUTER_BOUND ( 'NONE', #1465, .T. ) ;
#5613 = DIRECTION ( 'NONE',  ( -1.000000000000000000, -8.759347018580116400E-016, 0.0000000000000000000 ) ) ;
#5614 = VECTOR ( 'NONE', #5613, 1000.000000000000000 ) ;
#5615 = CARTESIAN_POINT ( 'NONE',  ( 3.629480354499754500, -4.336587135686298400, 0.0000000000000000000 ) ) ;
#5616 = DIRECTION ( 'NONE',  ( 1.000000000000000000, 0.0000000000000000000, 0.0000000000000000000 ) ) ;
#5617 = DIRECTION ( 'NONE',  ( 0.0000000000000000000, 0.0000000000000000000, 1.000000000000000000 ) ) ;
#5618 = CARTESIAN_POINT ( 'NONE',  ( 3.370661309397229700, -3.370661309397228900, 0.0000000000000000000 ) ) ;
#5619 = AXIS2_PLACEMENT_3D ( 'NONE', #5618, #5617, #5616 ) ;
#5620 = CIRCLE ( 'NONE', #5619, 1.000000000000001800 ) ;
#5621 = CARTESIAN_POINT ( 'NONE',  ( 4.336587135686299300, -3.629480354499754000, 0.0000000000000000000 ) ) ;
#5622 = DIRECTION ( 'NONE',  ( 0.2588190451025240100, 0.9659258262890673100, 0.0000000000000000000 ) ) ;
#5623 = VECTOR ( 'NONE', #5622, 1000.000000000000200 ) ;
#5624 = CARTESIAN_POINT ( 'NONE',  ( 4.800000000000006000, -1.899999999999999900, 0.0000000000000000000 ) ) ;
#5625 = DIRECTION ( 'NONE',  ( -1.000000000000000000, 0.0000000000000000000, 0.0000000000000000000 ) ) ;
#5626 = DIRECTION ( 'NONE',  ( 0.0000000000000000000, 0.0000000000000000000, 1.000000000000000000 ) ) ;
#5627 = AXIS2_PLACEMENT_3D ( 'NONE', #5633, #5626, #5625 ) ;
#5628 = CIRCLE ( 'NONE', #5627, 0.2999999999999999300 ) ;
#5629 = LINE ( 'NONE', #5624, #5623 ) ;
#5630 = DIRECTION ( 'NONE',  ( 1.000000000000000000, 0.0000000000000000000, 0.0000000000000000000 ) ) ;
#5631 = DIRECTION ( 'NONE',  ( 0.0000000000000000000, 0.0000000000000000000, 1.000000000000000000 ) ) ;
#5632 = AXIS2_PLACEMENT_3D ( 'NONE', #5640, #5631, #5630 ) ;
#5633 = CARTESIAN_POINT ( 'NONE',  ( 3.336165463522455400, 1.599999999999999000, 0.0000000000000000000 ) ) ;
#5634 = CYLINDRICAL_SURFACE ( 'NONE', #5632, 0.2999999999999999300 ) ;
#5635 = FACE_OUTER_BOUND ( 'NONE', #5925, .T. ) ;
#5636 = DIRECTION ( 'NONE',  ( 1.000000000000000000, 0.0000000000000000000, 0.0000000000000000000 ) ) ;
#5637 = DIRECTION ( 'NONE',  ( 0.0000000000000000000, 0.0000000000000000000, 1.000000000000000000 ) ) ;
#5638 = CARTESIAN_POINT ( 'NONE',  ( 4.299999999999999800, 13.29999999999999900, -500.0000000000000000 ) ) ;
#5639 = AXIS2_PLACEMENT_3D ( 'NONE', #5638, #5637, #5636 ) ;
#5640 = CARTESIAN_POINT ( 'NONE',  ( 13.29999999999999700, 4.300000000000005200, -500.0000000000000000 ) ) ;
#5641 = CYLINDRICAL_SURFACE ( 'NONE', #5639, 0.2999999999999999300 ) ;
#5642 = CARTESIAN_POINT ( 'NONE',  ( 1.899999999999999000, -3.336165463522455800, 0.0000000000000000000 ) ) ;
#5643 = CARTESIAN_POINT ( 'NONE',  ( 1.899999999999999500, -4.409032388147643600, 0.0000000000000000000 ) ) ;
#5644 = DIRECTION ( 'NONE',  ( -1.000000000000000000, 0.0000000000000000000, 0.0000000000000000000 ) ) ;
#5645 = DIRECTION ( 'NONE',  ( 0.0000000000000000000, 0.0000000000000000000, -1.000000000000000000 ) ) ;
#5646 = CARTESIAN_POINT ( 'NONE',  ( 2.199999999999999300, -4.409032388147643600, 0.0000000000000000000 ) ) ;
#5647 = AXIS2_PLACEMENT_3D ( 'NONE', #5646, #5645, #5644 ) ;
#5648 = CIRCLE ( 'NONE', #5647, 0.2999999999999999300 ) ;
#5649 = CARTESIAN_POINT ( 'NONE',  ( 2.277645713530756800, -4.698810136034364100, 0.0000000000000000000 ) ) ;
#5650 = DIRECTION ( 'NONE',  ( 0.9659258262890673100, 0.2588190451025244000, 0.0000000000000000000 ) ) ;
#5651 = VECTOR ( 'NONE', #5650, 1000.000000000000000 ) ;
#5652 = CARTESIAN_POINT ( 'NONE',  ( 1.899999999999999700, -4.800000000000006900, 0.0000000000000000000 ) ) ;
#5653 = LINE ( 'NONE', #5652, #5651 ) ;
#5654 = LINE ( 'NONE', #5660, #5614 ) ;
#5655 = DIRECTION ( 'NONE',  ( -1.000000000000000000, 0.0000000000000000000, 0.0000000000000000000 ) ) ;
#5656 = DIRECTION ( 'NONE',  ( 0.0000000000000000000, 0.0000000000000000000, -1.000000000000000000 ) ) ;
#5657 = CARTESIAN_POINT ( 'NONE',  ( -4.409032388147641000, -2.200000000000000600, 0.0000000000000000000 ) ) ;
#5658 = AXIS2_PLACEMENT_3D ( 'NONE', #5657, #5656, #5655 ) ;
#5659 = CIRCLE ( 'NONE', #5658, 0.2999999999999999300 ) ;
#5660 = CARTESIAN_POINT ( 'NONE',  ( -2.819574435974336900, -1.899999999999999200, 0.0000000000000000000 ) ) ;
#5661 = CARTESIAN_POINT ( 'NONE',  ( -4.698810136034361500, -2.277645713530757700, 0.0000000000000000000 ) ) ;
#5662 = DIRECTION ( 'NONE',  ( 0.2588190451025240100, -0.9659258262890673100, 0.0000000000000000000 ) ) ;
#5663 = VECTOR ( 'NONE', #5662, 1000.000000000000100 ) ;
#5664 = CARTESIAN_POINT ( 'NONE',  ( -4.800000000000004300, -1.900000000000001000, 0.0000000000000000000 ) ) ;
#5665 = LINE ( 'NONE', #5664, #5663 ) ;
#5666 = CARTESIAN_POINT ( 'NONE',  ( -4.336587135686296600, -3.629480354499754900, 0.0000000000000000000 ) ) ;
#5667 = DIRECTION ( 'NONE',  ( -1.000000000000000000, 0.0000000000000000000, 0.0000000000000000000 ) ) ;
#5668 = DIRECTION ( 'NONE',  ( 0.0000000000000000000, 0.0000000000000000000, 1.000000000000000000 ) ) ;
#5669 = CARTESIAN_POINT ( 'NONE',  ( -3.370661309397228000, -3.370661309397229700, 0.0000000000000000000 ) ) ;
#5670 = AXIS2_PLACEMENT_3D ( 'NONE', #5669, #5668, #5667 ) ;
#5671 = FACE_OUTER_BOUND ( 'NONE', #5909, .T. ) ;
#5672 = DIRECTION ( 'NONE',  ( 1.000000000000000000, 0.0000000000000000000, 0.0000000000000000000 ) ) ;
#5673 = DIRECTION ( 'NONE',  ( 1.000000000000000000, 0.0000000000000000000, 0.0000000000000000000 ) ) ;
#5674 = CARTESIAN_POINT ( 'NONE',  ( 0.0000000000000000000, 0.0000000000000000000, 0.0000000000000000000 ) ) ;
#5675 = AXIS2_PLACEMENT_3D ( 'NONE', #5674, #5466, #5673 ) ;
#5676 = ADVANCED_BREP_SHAPE_REPRESENTATION ( 'SFF-324', ( #1900, #5675 ), #5677 ) ;
#5677 =( GEOMETRIC_REPRESENTATION_CONTEXT ( 3 ) GLOBAL_UNCERTAINTY_ASSIGNED_CONTEXT ( ( #5678 ) ) GLOBAL_UNIT_ASSIGNED_CONTEXT ( ( #5681, #5680, #5679 ) ) REPRESENTATION_CONTEXT ( 'NONE', 'WORKASPACE' ) );
#5678 = UNCERTAINTY_MEASURE_WITH_UNIT (LENGTH_MEASURE( 1.000000000000000100E-005 ), #5681, 'distance_accuracy_value', 'NONE');
#5679 =( NAMED_UNIT ( * ) SI_UNIT ( $, .STERADIAN. ) SOLID_ANGLE_UNIT ( ) );
#5680 =( NAMED_UNIT ( * ) PLANE_ANGLE_UNIT ( ) SI_UNIT ( $, .RADIAN. ) );
#5681 =( LENGTH_UNIT ( ) NAMED_UNIT ( * ) SI_UNIT ( .MILLI., .METRE. ) );
#5682 = CC_DESIGN_PERSON_AND_ORGANIZATION_ASSIGNMENT ( #5684, #5683, ( #5696 ) ) ;
#5683 = PERSON_AND_ORGANIZATION_ROLE ( 'creator' ) ;
#5684 = PERSON_AND_ORGANIZATION ( #5705, #5704 ) ;
#5685 = CC_DESIGN_APPROVAL ( #5693, ( #5696 ) ) ;
#5686 = APPROVAL_DATE_TIME ( #5687, #5693 ) ;
#5687 = DATE_AND_TIME ( #5688, #5689 ) ;
#5688 = CALENDAR_DATE ( 2011, 31, 1 ) ;
#5689 = LOCAL_TIME ( 11, 17, 38.00000000000000000, #5690 ) ;
#5690 = COORDINATED_UNIVERSAL_TIME_OFFSET ( 9, 0, .AHEAD. ) ;
#5691 = APPROVAL_PERSON_ORGANIZATION ( #5695, #5693, #5692 ) ;
#5692 = APPROVAL_ROLE ( '' ) ;
#5693 = APPROVAL ( #5694, 'UNSPECIFIED' ) ;
#5694 = APPROVAL_STATUS ( 'not_yet_approved' ) ;
#5695 = PERSON_AND_ORGANIZATION ( #5705, #5704 ) ;
#5696 = PRODUCT_DEFINITION ( 'UNKNOWN', '', #5749, #5697 ) ;
#5697 = DESIGN_CONTEXT ( 'detailed design', #5699, 'design' ) ;
#5698 = APPLICATION_PROTOCOL_DEFINITION ( 'international standard', 'config_control_design', 1994, #5699 ) ;
#5699 = APPLICATION_CONTEXT ( 'configuration controlled 3d designs of mechanical parts and assemblies' ) ;
#5700 = SHAPE_DEFINITION_REPRESENTATION ( #5756, #5676 ) ;
#5701 = CC_DESIGN_PERSON_AND_ORGANIZATION_ASSIGNMENT ( #5703, #5702, ( #5706 ) ) ;
#5702 = PERSON_AND_ORGANIZATION_ROLE ( 'design_owner' ) ;
#5703 = PERSON_AND_ORGANIZATION ( #5705, #5704 ) ;
#5704 = ORGANIZATION ( 'UNSPECIFIED', 'UNSPECIFIED', '' ) ;
#5705 = PERSON ( 'UNSPECIFIED', 'UNSPECIFIED', 'UNSPECIFIED', ('UNSPECIFIED'), ('UNSPECIFIED'), ('UNSPECIFIED') ) ;
#5706 = PRODUCT ( 'SFF-324', 'SFF-324', '', ( #5707 ) ) ;
#5707 = MECHANICAL_CONTEXT ( 'NONE', #5709, 'mechanical' ) ;
#5708 = APPLICATION_PROTOCOL_DEFINITION ( 'international standard', 'config_control_design', 1994, #5709 ) ;
#5709 = APPLICATION_CONTEXT ( 'configuration controlled 3d designs of mechanical parts and assemblies' ) ;
#5710 = CC_DESIGN_APPROVAL ( #5718, ( #5730 ) ) ;
#5711 = APPROVAL_DATE_TIME ( #5712, #5718 ) ;
#5712 = DATE_AND_TIME ( #5713, #5714 ) ;
#5713 = CALENDAR_DATE ( 2011, 31, 1 ) ;
#5714 = LOCAL_TIME ( 11, 17, 38.00000000000000000, #5715 ) ;
#5715 = COORDINATED_UNIVERSAL_TIME_OFFSET ( 9, 0, .AHEAD. ) ;
#5716 = APPROVAL_PERSON_ORGANIZATION ( #5720, #5718, #5717 ) ;
#5717 = APPROVAL_ROLE ( '' ) ;
#5718 = APPROVAL ( #5719, 'UNSPECIFIED' ) ;
#5719 = APPROVAL_STATUS ( 'not_yet_approved' ) ;
#5720 = PERSON_AND_ORGANIZATION ( #5705, #5704 ) ;
#5721 = CC_DESIGN_DATE_AND_TIME_ASSIGNMENT ( #5723, #5722, ( #5730 ) ) ;
#5722 = DATE_TIME_ROLE ( 'classification_date' ) ;
#5723 = DATE_AND_TIME ( #5724, #5725 ) ;
#5724 = CALENDAR_DATE ( 2011, 31, 1 ) ;
#5725 = LOCAL_TIME ( 11, 17, 38.00000000000000000, #5726 ) ;
#5726 = COORDINATED_UNIVERSAL_TIME_OFFSET ( 9, 0, .AHEAD. ) ;
#5727 = CC_DESIGN_PERSON_AND_ORGANIZATION_ASSIGNMENT ( #5729, #5728, ( #5730 ) ) ;
#5728 = PERSON_AND_ORGANIZATION_ROLE ( 'classification_officer' ) ;
#5729 = PERSON_AND_ORGANIZATION ( #5705, #5704 ) ;
#5730 = SECURITY_CLASSIFICATION ( '', '', #5731 ) ;
#5731 = SECURITY_CLASSIFICATION_LEVEL ( 'unclassified' ) ;
#5732 = CC_DESIGN_PERSON_AND_ORGANIZATION_ASSIGNMENT ( #5734, #5733, ( #5749 ) ) ;
#5733 = PERSON_AND_ORGANIZATION_ROLE ( 'design_supplier' ) ;
#5734 = PERSON_AND_ORGANIZATION ( #5705, #5704 ) ;
#5735 = CC_DESIGN_PERSON_AND_ORGANIZATION_ASSIGNMENT ( #5737, #5736, ( #5749 ) ) ;
#5736 = PERSON_AND_ORGANIZATION_ROLE ( 'creator' ) ;
#5737 = PERSON_AND_ORGANIZATION ( #5705, #5704 ) ;
#5738 = CC_DESIGN_APPROVAL ( #5746, ( #5749 ) ) ;
#5739 = APPROVAL_DATE_TIME ( #5740, #5746 ) ;
#5740 = DATE_AND_TIME ( #5741, #5742 ) ;
#5741 = CALENDAR_DATE ( 2011, 31, 1 ) ;
#5742 = LOCAL_TIME ( 11, 17, 38.00000000000000000, #5743 ) ;
#5743 = COORDINATED_UNIVERSAL_TIME_OFFSET ( 9, 0, .AHEAD. ) ;
#5744 = APPROVAL_PERSON_ORGANIZATION ( #5748, #5746, #5745 ) ;
#5745 = APPROVAL_ROLE ( '' ) ;
#5746 = APPROVAL ( #5747, 'UNSPECIFIED' ) ;
#5747 = APPROVAL_STATUS ( 'not_yet_approved' ) ;
#5748 = PERSON_AND_ORGANIZATION ( #5705, #5704 ) ;
#5749 = PRODUCT_DEFINITION_FORMATION_WITH_SPECIFIED_SOURCE ( 'ANY', '', #5706, .NOT_KNOWN. ) ;
#5750 = CC_DESIGN_DATE_AND_TIME_ASSIGNMENT ( #5752, #5751, ( #5696 ) ) ;
#5751 = DATE_TIME_ROLE ( 'creation_date' ) ;
#5752 = DATE_AND_TIME ( #5753, #5754 ) ;
#5753 = CALENDAR_DATE ( 2011, 31, 1 ) ;
#5754 = LOCAL_TIME ( 11, 17, 38.00000000000000000, #5755 ) ;
#5755 = COORDINATED_UNIVERSAL_TIME_OFFSET ( 9, 0, .AHEAD. ) ;
#5756 = PRODUCT_DEFINITION_SHAPE ( 'NONE', 'NONE',  #5696 ) ;
#5757 = PRODUCT_RELATED_PRODUCT_CATEGORY ( 'detail', '', ( #5706 ) ) ;
#5758 = CC_DESIGN_SECURITY_CLASSIFICATION ( #5730, ( #5749 ) ) ;
#5759 = ORIENTED_EDGE ( 'NONE', *, *, #54, .T. ) ;
#5760 = ORIENTED_EDGE ( 'NONE', *, *, #47, .T. ) ;
#5761 = ORIENTED_EDGE ( 'NONE', *, *, #5762, .T. ) ;
#5762 = EDGE_CURVE ( 'NONE', #45, #39, #5264, .T. ) ;
#5763 = ORIENTED_EDGE ( 'NONE', *, *, #38, .T. ) ;
#5764 = ORIENTED_EDGE ( 'NONE', *, *, #1871, .F. ) ;
#5765 = ORIENTED_EDGE ( 'NONE', *, *, #5766, .F. ) ;
#5766 = EDGE_CURVE ( 'NONE', #1933, #1869, #5259, .T. ) ;
#5767 = ORIENTED_EDGE ( 'NONE', *, *, #1941, .T. ) ;
#5768 = ORIENTED_EDGE ( 'NONE', *, *, #5769, .T. ) ;
#5769 = EDGE_CURVE ( 'NONE', #1939, #21, #5254, .T. ) ;
#5770 = ORIENTED_EDGE ( 'NONE', *, *, #5771, .F. ) ;
#5771 = EDGE_CURVE ( 'NONE', #1830, #67, #5432, .T. ) ;
#5772 = ORIENTED_EDGE ( 'NONE', *, *, #19, .F. ) ;
#5773 = ORIENTED_EDGE ( 'NONE', *, *, #5774, .T. ) ;
#5774 = EDGE_CURVE ( 'NONE', #20, #267, #5427, .T. ) ;
#5775 = ORIENTED_EDGE ( 'NONE', *, *, #266, .F. ) ;
#5776 = ORIENTED_EDGE ( 'NONE', *, *, #5777, .T. ) ;
#5777 = EDGE_CURVE ( 'NONE', #264, #1988, #5422, .T. ) ;
#5778 = ORIENTED_EDGE ( 'NONE', *, *, #1987, .F. ) ;
#5779 = ORIENTED_EDGE ( 'NONE', *, *, #5780, .F. ) ;
#5780 = EDGE_CURVE ( 'NONE', #407, #2003, #5417, .T. ) ;
#5781 = ORIENTED_EDGE ( 'NONE', *, *, #406, .F. ) ;
#5782 = ORIENTED_EDGE ( 'NONE', *, *, #5783, .T. ) ;
#5783 = EDGE_CURVE ( 'NONE', #404, #398, #5412, .T. ) ;
#5784 = ORIENTED_EDGE ( 'NONE', *, *, #397, .F. ) ;
#5785 = ORIENTED_EDGE ( 'NONE', *, *, #251, .F. ) ;
#5786 = ORIENTED_EDGE ( 'NONE', *, *, #308, .F. ) ;
#5787 = ORIENTED_EDGE ( 'NONE', *, *, #281, .F. ) ;
#5788 = ORIENTED_EDGE ( 'NONE', *, *, #386, .F. ) ;
#5789 = ORIENTED_EDGE ( 'NONE', *, *, #297, .F. ) ;
#5790 = EDGE_LOOP ( 'NONE', ( #5791, #5795, #5985, #5986, #5987, #5798, #5801, #5988, #5991, #5994, #5997, #6000, #6003, #6005, #6006, #6009, #6012, #6016, #6018, #6021, #6024, #6026, #6027, #1398, #1420, #1399, #1208, #1184, #1186, #1189, #1191, #1192, #1195, #1414, #1417, #1210, #1213, #1215, #1216, #1219, #1197, #1199, #1202, #1205, #1224 ) ) ;
#5791 = ORIENTED_EDGE ( 'NONE', *, *, #5792, .F. ) ;
#5792 = EDGE_CURVE ( 'NONE', #5793, #5794, #5407, .T. ) ;
#5793 = VERTEX_POINT ( 'NONE', #5464 ) ;
#5794 = VERTEX_POINT ( 'NONE', #5463 ) ;
#5795 = ORIENTED_EDGE ( 'NONE', *, *, #5984, .T. ) ;
#5796 = EDGE_CURVE ( 'NONE', #437, #5797, #5462, .T. ) ;
#5797 = VERTEX_POINT ( 'NONE', #5457 ) ;
#5798 = ORIENTED_EDGE ( 'NONE', *, *, #5799, .F. ) ;
#5799 = EDGE_CURVE ( 'NONE', #5800, #5797, #5456, .T. ) ;
#5800 = VERTEX_POINT ( 'NONE', #5452 ) ;
#5801 = ORIENTED_EDGE ( 'NONE', *, *, #5802, .T. ) ;
#5802 = EDGE_CURVE ( 'NONE', #5800, #5803, #5451, .T. ) ;
#5803 = VERTEX_POINT ( 'NONE', #5446 ) ;
#5804 = ORIENTED_EDGE ( 'NONE', *, *, #993, .T. ) ;
#5805 = ADVANCED_FACE ( 'NONE', ( #5445 ), #5444, .T. ) ;
#5806 = EDGE_LOOP ( 'NONE', ( #5807, #5808, #5809, #5811 ) ) ;
#5807 = ORIENTED_EDGE ( 'NONE', *, *, #5826, .F. ) ;
#5808 = ORIENTED_EDGE ( 'NONE', *, *, #749, .F. ) ;
#5809 = ORIENTED_EDGE ( 'NONE', *, *, #5810, .T. ) ;
#5810 = EDGE_CURVE ( 'NONE', #547, #875, #5443, .T. ) ;
#5811 = ORIENTED_EDGE ( 'NONE', *, *, #874, .T. ) ;
#5812 = ADVANCED_FACE ( 'NONE', ( #5435 ), #5373, .F. ) ;
#5813 = EDGE_LOOP ( 'NONE', ( #5814, #5815, #5827, #5829 ) ) ;
#5814 = ORIENTED_EDGE ( 'NONE', *, *, #5810, .F. ) ;
#5815 = ORIENTED_EDGE ( 'NONE', *, *, #546, .F. ) ;
#5816 = ORIENTED_EDGE ( 'NONE', *, *, #729, .F. ) ;
#5817 = ORIENTED_EDGE ( 'NONE', *, *, #5901, .T. ) ;
#5818 = ORIENTED_EDGE ( 'NONE', *, *, #5819, .T. ) ;
#5819 = EDGE_CURVE ( 'NONE', #724, #991, #5368, .T. ) ;
#5820 = ORIENTED_EDGE ( 'NONE', *, *, #990, .T. ) ;
#5821 = ADVANCED_FACE ( 'NONE', ( #5364 ), #5363, .F. ) ;
#5822 = EDGE_LOOP ( 'NONE', ( #5823, #5824, #5825, #5804 ) ) ;
#5823 = ORIENTED_EDGE ( 'NONE', *, *, #5819, .F. ) ;
#5824 = ORIENTED_EDGE ( 'NONE', *, *, #723, .F. ) ;
#5825 = ORIENTED_EDGE ( 'NONE', *, *, #5826, .T. ) ;
#5826 = EDGE_CURVE ( 'NONE', #548, #994, #5358, .T. ) ;
#5827 = ORIENTED_EDGE ( 'NONE', *, *, #5828, .T. ) ;
#5828 = EDGE_CURVE ( 'NONE', #646, #878, #5354, .T. ) ;
#5829 = ORIENTED_EDGE ( 'NONE', *, *, #877, .T. ) ;
#5830 = ADVANCED_FACE ( 'NONE', ( #5350 ), #5348, .F. ) ;
#5831 = EDGE_LOOP ( 'NONE', ( #5832, #5833, #5834, #5836 ) ) ;
#5832 = ORIENTED_EDGE ( 'NONE', *, *, #5828, .F. ) ;
#5833 = ORIENTED_EDGE ( 'NONE', *, *, #645, .F. ) ;
#5834 = ORIENTED_EDGE ( 'NONE', *, *, #5835, .T. ) ;
#5835 = EDGE_CURVE ( 'NONE', #643, #1132, #5349, .T. ) ;
#5836 = ORIENTED_EDGE ( 'NONE', *, *, #880, .T. ) ;
#5837 = ADVANCED_FACE ( 'NONE', ( #5340 ), #5339, .F. ) ;
#5838 = EDGE_LOOP ( 'NONE', ( #5950, #5951, #5952, #5953 ) ) ;
#5839 = ADVANCED_FACE ( 'NONE', ( #5303 ), #5296, .F. ) ;
#5840 = ORIENTED_EDGE ( 'NONE', *, *, #1110, .T. ) ;
#5841 = EDGE_LOOP ( 'NONE', ( #5842, #5843, #5844, #5846 ) ) ;
#5842 = ORIENTED_EDGE ( 'NONE', *, *, #5875, .F. ) ;
#5843 = ORIENTED_EDGE ( 'NONE', *, *, #648, .F. ) ;
#5844 = ORIENTED_EDGE ( 'NONE', *, *, #5845, .T. ) ;
#5845 = EDGE_CURVE ( 'NONE', #733, #982, #5297, .T. ) ;
#5846 = ORIENTED_EDGE ( 'NONE', *, *, #981, .T. ) ;
#5847 = ADVANCED_FACE ( 'NONE', ( #5289 ), #5404, .F. ) ;
#5848 = EDGE_LOOP ( 'NONE', ( #6031, #5883, #5884, #5886 ) ) ;
#5849 = EDGE_LOOP ( 'NONE', ( #5858, #5859, #5860, #5850 ) ) ;
#5850 = ORIENTED_EDGE ( 'NONE', *, *, #895, .T. ) ;
#5851 = ADVANCED_FACE ( 'NONE', ( #5403 ), #5398, .F. ) ;
#5852 = EDGE_LOOP ( 'NONE', ( #5853, #5854, #5855, #5856 ) ) ;
#5853 = ORIENTED_EDGE ( 'NONE', *, *, #5861, .F. ) ;
#5854 = ORIENTED_EDGE ( 'NONE', *, *, #224, .F. ) ;
#5855 = ORIENTED_EDGE ( 'NONE', *, *, #1588, .T. ) ;
#5856 = ORIENTED_EDGE ( 'NONE', *, *, #847, .T. ) ;
#5857 = EDGE_LOOP ( 'NONE', ( #1478, #1480, #1481, #1483 ) ) ;
#5858 = ORIENTED_EDGE ( 'NONE', *, *, #6064, .F. ) ;
#5859 = ORIENTED_EDGE ( 'NONE', *, *, #768, .F. ) ;
#5860 = ORIENTED_EDGE ( 'NONE', *, *, #5861, .T. ) ;
#5861 = EDGE_CURVE ( 'NONE', #270, #849, #5393, .T. ) ;
#5862 = EDGE_LOOP ( 'NONE', ( #5863, #5864, #5865, #5867 ) ) ;
#5863 = ORIENTED_EDGE ( 'NONE', *, *, #5880, .F. ) ;
#5864 = ORIENTED_EDGE ( 'NONE', *, *, #1046, .F. ) ;
#5865 = ORIENTED_EDGE ( 'NONE', *, *, #5866, .T. ) ;
#5866 = EDGE_CURVE ( 'NONE', #926, #1117, #5389, .T. ) ;
#5867 = ORIENTED_EDGE ( 'NONE', *, *, #1116, .T. ) ;
#5868 = ADVANCED_FACE ( 'NONE', ( #5385 ), #5383, .T. ) ;
#5869 = EDGE_LOOP ( 'NONE', ( #5870, #5871, #5872, #1473 ) ) ;
#5870 = ORIENTED_EDGE ( 'NONE', *, *, #5866, .F. ) ;
#5871 = ORIENTED_EDGE ( 'NONE', *, *, #925, .F. ) ;
#5872 = ORIENTED_EDGE ( 'NONE', *, *, #5873, .T. ) ;
#5873 = EDGE_CURVE ( 'NONE', #923, #1118, #5384, .T. ) ;
#5874 = ORIENTED_EDGE ( 'NONE', *, *, #5875, .T. ) ;
#5875 = EDGE_CURVE ( 'NONE', #649, #846, #5375, .T. ) ;
#5876 = ORIENTED_EDGE ( 'NONE', *, *, #845, .T. ) ;
#5877 = ADVANCED_FACE ( 'NONE', ( #5336 ), #5335, .F. ) ;
#5878 = ORIENTED_EDGE ( 'NONE', *, *, #1049, .F. ) ;
#5879 = ORIENTED_EDGE ( 'NONE', *, *, #5880, .T. ) ;
#5880 = EDGE_CURVE ( 'NONE', #1047, #1114, #5330, .T. ) ;
#5881 = ORIENTED_EDGE ( 'NONE', *, *, #1113, .T. ) ;
#5882 = ADVANCED_FACE ( 'NONE', ( #5326 ), #5325, .F. ) ;
#5883 = ORIENTED_EDGE ( 'NONE', *, *, #732, .F. ) ;
#5884 = ORIENTED_EDGE ( 'NONE', *, *, #5885, .T. ) ;
#5885 = EDGE_CURVE ( 'NONE', #730, #985, #5320, .T. ) ;
#5886 = ORIENTED_EDGE ( 'NONE', *, *, #984, .T. ) ;
#5887 = ADVANCED_FACE ( 'NONE', ( #5316 ), #5315, .F. ) ;
#5888 = EDGE_LOOP ( 'NONE', ( #5889, #5890, #5891, #6054 ) ) ;
#5889 = ORIENTED_EDGE ( 'NONE', *, *, #1482, .F. ) ;
#5890 = ORIENTED_EDGE ( 'NONE', *, *, #654, .F. ) ;
#5891 = ORIENTED_EDGE ( 'NONE', *, *, #5892, .T. ) ;
#5892 = EDGE_CURVE ( 'NONE', #652, #843, #5310, .T. ) ;
#5893 = ORIENTED_EDGE ( 'NONE', *, *, #1982, .T. ) ;
#5894 = ORIENTED_EDGE ( 'NONE', *, *, #1092, .T. ) ;
#5895 = ADVANCED_FACE ( 'NONE', ( #5306 ), #5305, .F. ) ;
#5896 = EDGE_LOOP ( 'NONE', ( #5897, #5898, #5899, #5965 ) ) ;
#5897 = ORIENTED_EDGE ( 'NONE', *, *, #1968, .F. ) ;
#5898 = ORIENTED_EDGE ( 'NONE', *, *, #635, .F. ) ;
#5899 = ORIENTED_EDGE ( 'NONE', *, *, #222, .T. ) ;
#5900 = EDGE_LOOP ( 'NONE', ( #5967, #5968, #5969, #5970 ) ) ;
#5901 = EDGE_CURVE ( 'NONE', #727, #988, #5288, .T. ) ;
#5902 = ORIENTED_EDGE ( 'NONE', *, *, #987, .T. ) ;
#5903 = ADVANCED_FACE ( 'NONE', ( #5281 ), #5520, .F. ) ;
#5904 = EDGE_LOOP ( 'NONE', ( #5905, #5906, #5818, #5820 ) ) ;
#5905 = ORIENTED_EDGE ( 'NONE', *, *, #5901, .F. ) ;
#5906 = ORIENTED_EDGE ( 'NONE', *, *, #726, .F. ) ;
#5907 = ORIENTED_EDGE ( 'NONE', *, *, #5766, .T. ) ;
#5908 = ADVANCED_FACE ( 'NONE', ( #5671 ), #5495, .F. ) ;
#5909 = EDGE_LOOP ( 'NONE', ( #5910, #5917, #5923, #5924 ) ) ;
#5910 = ORIENTED_EDGE ( 'NONE', *, *, #65, .F. ) ;
#5911 = ADVANCED_FACE ( 'NONE', ( #5496 ), #5491, .F. ) ;
#5912 = EDGE_LOOP ( 'NONE', ( #5948, #5816, #5817, #5902 ) ) ;
#5913 = ADVANCED_FACE ( 'NONE', ( #5594 ), #5593, .T. ) ;
#5914 = EDGE_LOOP ( 'NONE', ( #5915, #5916, #6030, #5976 ) ) ;
#5915 = ORIENTED_EDGE ( 'NONE', *, *, #667, .F. ) ;
#5916 = ORIENTED_EDGE ( 'NONE', *, *, #529, .F. ) ;
#5917 = ORIENTED_EDGE ( 'NONE', *, *, #508, .F. ) ;
#5918 = ORIENTED_EDGE ( 'NONE', *, *, #287, .F. ) ;
#5919 = ADVANCED_FACE ( 'NONE', ( #5592 ), #5586, .T. ) ;
#5920 = EDGE_LOOP ( 'NONE', ( #5921, #5922, #5926, #5927 ) ) ;
#5921 = ORIENTED_EDGE ( 'NONE', *, *, #571, .F. ) ;
#5922 = ORIENTED_EDGE ( 'NONE', *, *, #400, .F. ) ;
#5923 = ORIENTED_EDGE ( 'NONE', *, *, #1832, .T. ) ;
#5924 = ORIENTED_EDGE ( 'NONE', *, *, #5771, .T. ) ;
#5925 = EDGE_LOOP ( 'NONE', ( #6046, #6047, #6048, #5918 ) ) ;
#5926 = ORIENTED_EDGE ( 'NONE', *, *, #5783, .F. ) ;
#5927 = ORIENTED_EDGE ( 'NONE', *, *, #279, .F. ) ;
#5928 = ADVANCED_FACE ( 'NONE', ( #5553 ), #5549, .T. ) ;
#5929 = EDGE_LOOP ( 'NONE', ( #5930, #5931, #5932, #5933 ) ) ;
#5930 = ORIENTED_EDGE ( 'NONE', *, *, #599, .F. ) ;
#5931 = ORIENTED_EDGE ( 'NONE', *, *, #62, .F. ) ;
#5932 = ORIENTED_EDGE ( 'NONE', *, *, #5762, .F. ) ;
#5933 = ORIENTED_EDGE ( 'NONE', *, *, #44, .F. ) ;
#5934 = ADVANCED_FACE ( 'NONE', ( #5543 ), #5542, .T. ) ;
#5935 = EDGE_LOOP ( 'NONE', ( #5980, #5981, #5982, #5983 ) ) ;
#5936 = ORIENTED_EDGE ( 'NONE', *, *, #634, .F. ) ;
#5937 = ORIENTED_EDGE ( 'NONE', *, *, #423, .T. ) ;
#5938 = ORIENTED_EDGE ( 'NONE', *, *, #1450, .T. ) ;
#5939 = ADVANCED_FACE ( 'NONE', ( #5537 ), #5536, .F. ) ;
#5940 = EDGE_LOOP ( 'NONE', ( #5941, #5942, #5943, #5944 ) ) ;
#5941 = ORIENTED_EDGE ( 'NONE', *, *, #539, .F. ) ;
#5942 = ORIENTED_EDGE ( 'NONE', *, *, #520, .F. ) ;
#5943 = ORIENTED_EDGE ( 'NONE', *, *, #1949, .T. ) ;
#5944 = ORIENTED_EDGE ( 'NONE', *, *, #1436, .T. ) ;
#5945 = ADVANCED_FACE ( 'NONE', ( #5531 ), #5530, .F. ) ;
#5946 = EDGE_LOOP ( 'NONE', ( #5947, #5949, #5893, #5894 ) ) ;
#5947 = ORIENTED_EDGE ( 'NONE', *, *, #486, .F. ) ;
#5948 = ORIENTED_EDGE ( 'NONE', *, *, #5885, .F. ) ;
#5949 = ORIENTED_EDGE ( 'NONE', *, *, #670, .F. ) ;
#5950 = ORIENTED_EDGE ( 'NONE', *, *, #5835, .F. ) ;
#5951 = ORIENTED_EDGE ( 'NONE', *, *, #642, .F. ) ;
#5952 = ORIENTED_EDGE ( 'NONE', *, *, #1479, .T. ) ;
#5953 = ORIENTED_EDGE ( 'NONE', *, *, #1130, .T. ) ;
#5954 = ADVANCED_FACE ( 'NONE', ( #5525 ), #5524, .F. ) ;
#5955 = EDGE_LOOP ( 'NONE', ( #5956, #5957, #5958, #5959 ) ) ;
#5956 = ORIENTED_EDGE ( 'NONE', *, *, #178, .F. ) ;
#5957 = ORIENTED_EDGE ( 'NONE', *, *, #682, .F. ) ;
#5958 = ORIENTED_EDGE ( 'NONE', *, *, #165, .T. ) ;
#5959 = ORIENTED_EDGE ( 'NONE', *, *, #1002, .T. ) ;
#5960 = EDGE_CURVE ( 'NONE', #955, #887, #5519, .T. ) ;
#5961 = ORIENTED_EDGE ( 'NONE', *, *, #886, .T. ) ;
#5962 = ADVANCED_FACE ( 'NONE', ( #5515 ), #5514, .F. ) ;
#5963 = EDGE_LOOP ( 'NONE', ( #5964, #5936, #5937, #5938 ) ) ;
#5964 = ORIENTED_EDGE ( 'NONE', *, *, #1886, .F. ) ;
#5965 = ORIENTED_EDGE ( 'NONE', *, *, #1458, .T. ) ;
#5966 = ADVANCED_FACE ( 'NONE', ( #5508 ), #5507, .F. ) ;
#5967 = ORIENTED_EDGE ( 'NONE', *, *, #2002, .F. ) ;
#5968 = ORIENTED_EDGE ( 'NONE', *, *, #551, .F. ) ;
#5969 = ORIENTED_EDGE ( 'NONE', *, *, #256, .T. ) ;
#5970 = ORIENTED_EDGE ( 'NONE', *, *, #5780, .T. ) ;
#5971 = ADVANCED_FACE ( 'NONE', ( #5502 ), #5501, .F. ) ;
#5972 = EDGE_LOOP ( 'NONE', ( #5973, #5974, #5975, #5907 ) ) ;
#5973 = ORIENTED_EDGE ( 'NONE', *, *, #1868, .F. ) ;
#5974 = ORIENTED_EDGE ( 'NONE', *, *, #595, .F. ) ;
#5975 = ORIENTED_EDGE ( 'NONE', *, *, #1931, .T. ) ;
#5976 = ORIENTED_EDGE ( 'NONE', *, *, #1976, .F. ) ;
#5977 = ADVANCED_FACE ( 'NONE', ( #5500 ), #5641, .T. ) ;
#5978 = EDGE_LOOP ( 'NONE', ( #6036, #6037, #6038, #6039 ) ) ;
#5979 = ADVANCED_FACE ( 'NONE', ( #5635 ), #5634, .T. ) ;
#5980 = ORIENTED_EDGE ( 'NONE', *, *, #505, .F. ) ;
#5981 = ORIENTED_EDGE ( 'NONE', *, *, #31, .F. ) ;
#5982 = ORIENTED_EDGE ( 'NONE', *, *, #1995, .F. ) ;
#5983 = ORIENTED_EDGE ( 'NONE', *, *, #1826, .F. ) ;
#5984 = EDGE_CURVE ( 'NONE', #5793, #2054, #5628, .T. ) ;
#5985 = ORIENTED_EDGE ( 'NONE', *, *, #2053, .F. ) ;
#5986 = ORIENTED_EDGE ( 'NONE', *, *, #449, .F. ) ;
#5987 = ORIENTED_EDGE ( 'NONE', *, *, #5796, .T. ) ;
#5988 = ORIENTED_EDGE ( 'NONE', *, *, #5989, .F. ) ;
#5989 = EDGE_CURVE ( 'NONE', #5990, #5803, #5629, .T. ) ;
#5990 = VERTEX_POINT ( 'NONE', #5621 ) ;
#5991 = ORIENTED_EDGE ( 'NONE', *, *, #5992, .F. ) ;
#5992 = EDGE_CURVE ( 'NONE', #5993, #5990, #5620, .T. ) ;
#5993 = VERTEX_POINT ( 'NONE', #5615 ) ;
#5994 = ORIENTED_EDGE ( 'NONE', *, *, #5995, .F. ) ;
#5995 = EDGE_CURVE ( 'NONE', #5996, #5993, #5653, .T. ) ;
#5996 = VERTEX_POINT ( 'NONE', #5649 ) ;
#5997 = ORIENTED_EDGE ( 'NONE', *, *, #5998, .T. ) ;
#5998 = EDGE_CURVE ( 'NONE', #5996, #5999, #5648, .T. ) ;
#5999 = VERTEX_POINT ( 'NONE', #5643 ) ;
#6000 = ORIENTED_EDGE ( 'NONE', *, *, #6002, .F. ) ;
#6001 = VERTEX_POINT ( 'NONE', #5642 ) ;
#6002 = EDGE_CURVE ( 'NONE', #6001, #5999, #5585, .T. ) ;
#6003 = ORIENTED_EDGE ( 'NONE', *, *, #6004, .T. ) ;
#6004 = EDGE_CURVE ( 'NONE', #6001, #333, #5581, .T. ) ;
#6005 = ORIENTED_EDGE ( 'NONE', *, *, #331, .F. ) ;
#6006 = ORIENTED_EDGE ( 'NONE', *, *, #6007, .T. ) ;
#6007 = EDGE_CURVE ( 'NONE', #332, #6008, #5576, .T. ) ;
#6008 = VERTEX_POINT ( 'NONE', #5571 ) ;
#6009 = ORIENTED_EDGE ( 'NONE', *, *, #6010, .F. ) ;
#6010 = EDGE_CURVE ( 'NONE', #6011, #6008, #5570, .T. ) ;
#6011 = VERTEX_POINT ( 'NONE', #5566 ) ;
#6012 = ORIENTED_EDGE ( 'NONE', *, *, #6013, .T. ) ;
#6013 = EDGE_CURVE ( 'NONE', #6011, #6014, #5565, .T. ) ;
#6014 = VERTEX_POINT ( 'NONE', #5560 ) ;
#6015 = VERTEX_POINT ( 'NONE', #5559 ) ;
#6016 = ORIENTED_EDGE ( 'NONE', *, *, #6017, .F. ) ;
#6017 = EDGE_CURVE ( 'NONE', #6015, #6014, #5558, .T. ) ;
#6018 = ORIENTED_EDGE ( 'NONE', *, *, #6019, .F. ) ;
#6019 = EDGE_CURVE ( 'NONE', #6020, #6015, #5554, .T. ) ;
#6020 = VERTEX_POINT ( 'NONE', #5666 ) ;
#6021 = ORIENTED_EDGE ( 'NONE', *, *, #6022, .F. ) ;
#6022 = EDGE_CURVE ( 'NONE', #6023, #6020, #5665, .T. ) ;
#6023 = VERTEX_POINT ( 'NONE', #5661 ) ;
#6024 = ORIENTED_EDGE ( 'NONE', *, *, #6025, .T. ) ;
#6025 = EDGE_CURVE ( 'NONE', #6023, #1804, #5659, .T. ) ;
#6026 = ORIENTED_EDGE ( 'NONE', *, *, #1803, .T. ) ;
#6027 = ORIENTED_EDGE ( 'NONE', *, *, #6028, .F. ) ;
#6028 = EDGE_CURVE ( 'NONE', #1797, #1805, #5654, .T. ) ;
#6029 = CLOSED_SHELL ( 'NONE', ( #5971, #583, #1882, #1127, #1833, #1714, #1151, #1156, #1374, #1174, #497, #1672, #5805, #1477, #5895, #1238, #357, #1351, #1538, #1720, #1585, #141, #1983, #1276, #1905, #1330, #1693, #1568, #5812, #152, #5934, #248, #1286, #1892, #1699, #1250, #1487, #5962, #2036, #464, #51, #1682, #1800, #1163, #1340, #1555, #1504, #1534, #1593, #5903, #706, #466, #5908, #1410, #1429, #5966, #394, #1364, #1665, #1601, #5887, #6040, #342, #5913, #286, #1749, #1705, #1632, #5839, #5877, #523, #5939, #5919, #1268, #187, #1677, #1652, #5821, #135, #565, #717, #116, #305, #328, #1762, #1726, #1500, #6055, #5847, #1300, #36, #84, #383, #1279, #1304, #1732, #1752, #6066, #316, #6049, #105, #5928, #1145, #1260, #1740, #1662, #5868, #1471, #215, #1814, #5977, #146, #5954, #1244, #1404, #1819, #91, #272, #379, #1927, #1734, #1320, #1545, #5830, #476, #1426, #26, #257, #1312, #1523, #5979, #1293, #1575, #1615, #1512, #5837, #1390, #410, #446, #1969, #1387, #1688, #354, #1323, #1494, #428, #195, #2014, #1396, #7, #1226, #1341, #2004, #1625, #1562, #1582, #5851, #409, #127, #75, #1314, #2012, #1655, #1647, #1608, #5882, #1474, #6034, #5911, #1875, #5945, #12, #622, #540, #71, #1942, #294 ) ) ;
#6030 = ORIENTED_EDGE ( 'NONE', *, *, #1060, .F. ) ;
#6031 = ORIENTED_EDGE ( 'NONE', *, *, #5845, .F. ) ;
#6032 = ORIENTED_EDGE ( 'NONE', *, *, #922, .F. ) ;
#6033 = ORIENTED_EDGE ( 'NONE', *, *, #5960, .T. ) ;
#6034 = ADVANCED_FACE ( 'NONE', ( #5612 ), #5609, .F. ) ;
#6035 = EDGE_LOOP ( 'NONE', ( #6050, #6051, #6052, #6053 ) ) ;
#6036 = ORIENTED_EDGE ( 'NONE', *, *, #631, .F. ) ;
#6037 = ORIENTED_EDGE ( 'NONE', *, *, #322, .F. ) ;
#6038 = ORIENTED_EDGE ( 'NONE', *, *, #1453, .F. ) ;
#6039 = ORIENTED_EDGE ( 'NONE', *, *, #417, .F. ) ;
#6040 = ADVANCED_FACE ( 'NONE', ( #5610 ), #5605, .T. ) ;
#6041 = EDGE_LOOP ( 'NONE', ( #6042, #6043, #6044, #6045 ) ) ;
#6042 = ORIENTED_EDGE ( 'NONE', *, *, #685, .F. ) ;
#6043 = ORIENTED_EDGE ( 'NONE', *, *, #175, .F. ) ;
#6044 = ORIENTED_EDGE ( 'NONE', *, *, #1102, .F. ) ;
#6045 = ORIENTED_EDGE ( 'NONE', *, *, #363, .F. ) ;
#6046 = ORIENTED_EDGE ( 'NONE', *, *, #587, .F. ) ;
#6047 = ORIENTED_EDGE ( 'NONE', *, *, #1962, .F. ) ;
#6048 = ORIENTED_EDGE ( 'NONE', *, *, #1080, .F. ) ;
#6049 = ADVANCED_FACE ( 'NONE', ( #5599 ), #5596, .T. ) ;
#6050 = ORIENTED_EDGE ( 'NONE', *, *, #689, .F. ) ;
#6051 = ORIENTED_EDGE ( 'NONE', *, *, #533, .F. ) ;
#6052 = ORIENTED_EDGE ( 'NONE', *, *, #1069, .F. ) ;
#6053 = ORIENTED_EDGE ( 'NONE', *, *, #696, .F. ) ;
#6054 = ORIENTED_EDGE ( 'NONE', *, *, #842, .T. ) ;
#6055 = ADVANCED_FACE ( 'NONE', ( #5597 ), #5481, .F. ) ;
#6056 = EDGE_LOOP ( 'NONE', ( #6057, #6058, #5874, #5876 ) ) ;
#6057 = ORIENTED_EDGE ( 'NONE', *, *, #5892, .F. ) ;
#6058 = ORIENTED_EDGE ( 'NONE', *, *, #651, .F. ) ;
#6059 = EDGE_LOOP ( 'NONE', ( #6060, #5878, #5879, #5881 ) ) ;
#6060 = ORIENTED_EDGE ( 'NONE', *, *, #1517, .F. ) ;
#6061 = ORIENTED_EDGE ( 'NONE', *, *, #1469, .F. ) ;
#6062 = ORIENTED_EDGE ( 'NONE', *, *, #957, .F. ) ;
#6063 = ORIENTED_EDGE ( 'NONE', *, *, #6064, .T. ) ;
#6064 = EDGE_CURVE ( 'NONE', #769, #893, #5480, .T. ) ;
#6065 = ORIENTED_EDGE ( 'NONE', *, *, #892, .T. ) ;
#6066 = ADVANCED_FACE ( 'NONE', ( #5472 ), #5471, .F. ) ;
ENDSEC;
END-ISO-10303-21;
