ISO-10303-21;
HEADER;
FILE_DESCRIPTION(('FreeCAD Model'),'2;1');
FILE_NAME('Open CASCADE Shape Model','2026-09-21T20:46:49',('FreeCAD'),(
    'FreeCAD'),'Open CASCADE STEP processor 7.8','FreeCAD','Unknown');
FILE_SCHEMA(('AUTOMOTIVE_DESIGN { 1 0 10303 214 1 1 1 1 }'));
ENDSEC;
DATA;
#1 = APPLICATION_PROTOCOL_DEFINITION('international standard',
  'automotive_design',2000,#2);
#2 = APPLICATION_CONTEXT(
  'core data for automotive mechanical design processes');
#3 = SHAPE_DEFINITION_REPRESENTATION(#4,#10);
#4 = PRODUCT_DEFINITION_SHAPE('','',#5);
#5 = PRODUCT_DEFINITION('design','',#6,#9);
#6 = PRODUCT_DEFINITION_FORMATION('','',#7);
#7 = PRODUCT('Open CASCADE STEP translator 7.8 2',
  'Open CASCADE STEP translator 7.8 2','',(#8));
#8 = PRODUCT_CONTEXT('',#2,'mechanical');
#9 = PRODUCT_DEFINITION_CONTEXT('part definition',#2,'design');
#10 = ADVANCED_BREP_SHAPE_REPRESENTATION('',(#11,#15),#2755);
#11 = AXIS2_PLACEMENT_3D('',#12,#13,#14);
#12 = CARTESIAN_POINT('',(0.,0.,0.));
#13 = DIRECTION('',(0.,0.,1.));
#14 = DIRECTION('',(1.,0.,-0.));
#15 = MANIFOLD_SOLID_BREP('',#16);
#16 = CLOSED_SHELL('',(#17,#57,#88,#842,#866,#1613,#1625,#1642,#1659,
    #1676,#1693,#1710,#1727,#1744,#1761,#1778,#1795,#1812,#1829,#1846,
    #1863,#1885,#1904,#1921,#1933,#1950,#1967,#1984,#2001,#2018,#2035,
    #2052,#2069,#2086,#2103,#2120,#2142,#2161,#2178,#2190,#2207,#2224,
    #2241,#2258,#2275,#2292,#2309,#2326,#2343,#2360,#2377,#2394,#2411,
    #2428,#2450,#2469,#2486,#2498,#2515,#2532,#2549,#2571,#2590,#2607,
    #2619,#2636,#2653,#2670,#2687,#2704,#2721,#2738));
#17 = ADVANCED_FACE('',(#18),#52,.F.);
#18 = FACE_BOUND('',#19,.F.);
#19 = EDGE_LOOP('',(#20,#30,#38,#46));
#20 = ORIENTED_EDGE('',*,*,#21,.F.);
#21 = EDGE_CURVE('',#22,#24,#26,.T.);
#22 = VERTEX_POINT('',#23);
#23 = CARTESIAN_POINT('',(-150.,-150.,0.));
#24 = VERTEX_POINT('',#25);
#25 = CARTESIAN_POINT('',(-150.,-150.,4.));
#26 = LINE('',#27,#28);
#27 = CARTESIAN_POINT('',(-150.,-150.,0.));
#28 = VECTOR('',#29,1.);
#29 = DIRECTION('',(0.,0.,1.));
#30 = ORIENTED_EDGE('',*,*,#31,.T.);
#31 = EDGE_CURVE('',#22,#32,#34,.T.);
#32 = VERTEX_POINT('',#33);
#33 = CARTESIAN_POINT('',(-150.,150.,0.));
#34 = LINE('',#35,#36);
#35 = CARTESIAN_POINT('',(-150.,-150.,0.));
#36 = VECTOR('',#37,1.);
#37 = DIRECTION('',(0.,1.,0.));
#38 = ORIENTED_EDGE('',*,*,#39,.T.);
#39 = EDGE_CURVE('',#32,#40,#42,.T.);
#40 = VERTEX_POINT('',#41);
#41 = CARTESIAN_POINT('',(-150.,150.,4.));
#42 = LINE('',#43,#44);
#43 = CARTESIAN_POINT('',(-150.,150.,0.));
#44 = VECTOR('',#45,1.);
#45 = DIRECTION('',(0.,0.,1.));
#46 = ORIENTED_EDGE('',*,*,#47,.F.);
#47 = EDGE_CURVE('',#24,#40,#48,.T.);
#48 = LINE('',#49,#50);
#49 = CARTESIAN_POINT('',(-150.,-150.,4.));
#50 = VECTOR('',#51,1.);
#51 = DIRECTION('',(0.,1.,0.));
#52 = PLANE('',#53);
#53 = AXIS2_PLACEMENT_3D('',#54,#55,#56);
#54 = CARTESIAN_POINT('',(-150.,-150.,0.));
#55 = DIRECTION('',(1.,0.,0.));
#56 = DIRECTION('',(0.,0.,1.));
#57 = ADVANCED_FACE('',(#58),#83,.F.);
#58 = FACE_BOUND('',#59,.F.);
#59 = EDGE_LOOP('',(#60,#68,#69,#77));
#60 = ORIENTED_EDGE('',*,*,#61,.F.);
#61 = EDGE_CURVE('',#22,#62,#64,.T.);
#62 = VERTEX_POINT('',#63);
#63 = CARTESIAN_POINT('',(150.,-150.,0.));
#64 = LINE('',#65,#66);
#65 = CARTESIAN_POINT('',(-150.,-150.,0.));
#66 = VECTOR('',#67,1.);
#67 = DIRECTION('',(1.,0.,0.));
#68 = ORIENTED_EDGE('',*,*,#21,.T.);
#69 = ORIENTED_EDGE('',*,*,#70,.T.);
#70 = EDGE_CURVE('',#24,#71,#73,.T.);
#71 = VERTEX_POINT('',#72);
#72 = CARTESIAN_POINT('',(150.,-150.,4.));
#73 = LINE('',#74,#75);
#74 = CARTESIAN_POINT('',(-150.,-150.,4.));
#75 = VECTOR('',#76,1.);
#76 = DIRECTION('',(1.,0.,0.));
#77 = ORIENTED_EDGE('',*,*,#78,.F.);
#78 = EDGE_CURVE('',#62,#71,#79,.T.);
#79 = LINE('',#80,#81);
#80 = CARTESIAN_POINT('',(150.,-150.,0.));
#81 = VECTOR('',#82,1.);
#82 = DIRECTION('',(0.,0.,1.));
#83 = PLANE('',#84);
#84 = AXIS2_PLACEMENT_3D('',#85,#86,#87);
#85 = CARTESIAN_POINT('',(-150.,-150.,0.));
#86 = DIRECTION('',(0.,1.,0.));
#87 = DIRECTION('',(0.,0.,1.));
#88 = ADVANCED_FACE('',(#89,#107,#118,#129,#140,#151,#162,#173,#184,#195
    ,#206,#217,#228,#239,#250,#261,#306,#317,#328,#339,#350,#361,#372,
    #383,#394,#405,#416,#427,#472,#483,#494,#505,#516,#527,#538,#549,
    #560,#571,#582,#593,#604,#615,#626,#671,#682,#693,#704,#749,#760,
    #771,#782,#793,#804,#815,#826),#837,.T.);
#89 = FACE_BOUND('',#90,.T.);
#90 = EDGE_LOOP('',(#91,#92,#93,#101));
#91 = ORIENTED_EDGE('',*,*,#47,.F.);
#92 = ORIENTED_EDGE('',*,*,#70,.T.);
#93 = ORIENTED_EDGE('',*,*,#94,.T.);
#94 = EDGE_CURVE('',#71,#95,#97,.T.);
#95 = VERTEX_POINT('',#96);
#96 = CARTESIAN_POINT('',(150.,150.,4.));
#97 = LINE('',#98,#99);
#98 = CARTESIAN_POINT('',(150.,-150.,4.));
#99 = VECTOR('',#100,1.);
#100 = DIRECTION('',(0.,1.,0.));
#101 = ORIENTED_EDGE('',*,*,#102,.F.);
#102 = EDGE_CURVE('',#40,#95,#103,.T.);
#103 = LINE('',#104,#105);
#104 = CARTESIAN_POINT('',(-150.,150.,4.));
#105 = VECTOR('',#106,1.);
#106 = DIRECTION('',(1.,0.,0.));
#107 = FACE_BOUND('',#108,.T.);
#108 = EDGE_LOOP('',(#109));
#109 = ORIENTED_EDGE('',*,*,#110,.F.);
#110 = EDGE_CURVE('',#111,#111,#113,.T.);
#111 = VERTEX_POINT('',#112);
#112 = CARTESIAN_POINT('',(-116.7,-135.,4.));
#113 = CIRCLE('',#114,3.3);
#114 = AXIS2_PLACEMENT_3D('',#115,#116,#117);
#115 = CARTESIAN_POINT('',(-120.,-135.,4.));
#116 = DIRECTION('',(0.,0.,1.));
#117 = DIRECTION('',(1.,0.,0.));
#118 = FACE_BOUND('',#119,.T.);
#119 = EDGE_LOOP('',(#120));
#120 = ORIENTED_EDGE('',*,*,#121,.F.);
#121 = EDGE_CURVE('',#122,#122,#124,.T.);
#122 = VERTEX_POINT('',#123);
#123 = CARTESIAN_POINT('',(-123.35,-125.,4.));
#124 = CIRCLE('',#125,1.65);
#125 = AXIS2_PLACEMENT_3D('',#126,#127,#128);
#126 = CARTESIAN_POINT('',(-125.,-125.,4.));
#127 = DIRECTION('',(0.,0.,1.));
#128 = DIRECTION('',(1.,0.,0.));
#129 = FACE_BOUND('',#130,.T.);
#130 = EDGE_LOOP('',(#131));
#131 = ORIENTED_EDGE('',*,*,#132,.F.);
#132 = EDGE_CURVE('',#133,#133,#135,.T.);
#133 = VERTEX_POINT('',#134);
#134 = CARTESIAN_POINT('',(-73.35,-125.,4.));
#135 = CIRCLE('',#136,1.65);
#136 = AXIS2_PLACEMENT_3D('',#137,#138,#139);
#137 = CARTESIAN_POINT('',(-75.,-125.,4.));
#138 = DIRECTION('',(0.,0.,1.));
#139 = DIRECTION('',(1.,0.,0.));
#140 = FACE_BOUND('',#141,.T.);
#141 = EDGE_LOOP('',(#142));
#142 = ORIENTED_EDGE('',*,*,#143,.F.);
#143 = EDGE_CURVE('',#144,#144,#146,.T.);
#144 = VERTEX_POINT('',#145);
#145 = CARTESIAN_POINT('',(-123.35,-75.,4.));
#146 = CIRCLE('',#147,1.65);
#147 = AXIS2_PLACEMENT_3D('',#148,#149,#150);
#148 = CARTESIAN_POINT('',(-125.,-75.,4.));
#149 = DIRECTION('',(0.,0.,1.));
#150 = DIRECTION('',(1.,0.,0.));
#151 = FACE_BOUND('',#152,.T.);
#152 = EDGE_LOOP('',(#153));
#153 = ORIENTED_EDGE('',*,*,#154,.F.);
#154 = EDGE_CURVE('',#155,#155,#157,.T.);
#155 = VERTEX_POINT('',#156);
#156 = CARTESIAN_POINT('',(-73.35,-75.,4.));
#157 = CIRCLE('',#158,1.65);
#158 = AXIS2_PLACEMENT_3D('',#159,#160,#161);
#159 = CARTESIAN_POINT('',(-75.,-75.,4.));
#160 = DIRECTION('',(0.,0.,1.));
#161 = DIRECTION('',(1.,0.,0.));
#162 = FACE_BOUND('',#163,.T.);
#163 = EDGE_LOOP('',(#164));
#164 = ORIENTED_EDGE('',*,*,#165,.F.);
#165 = EDGE_CURVE('',#166,#166,#168,.T.);
#166 = VERTEX_POINT('',#167);
#167 = CARTESIAN_POINT('',(-23.35,-125.,4.));
#168 = CIRCLE('',#169,1.65);
#169 = AXIS2_PLACEMENT_3D('',#170,#171,#172);
#170 = CARTESIAN_POINT('',(-25.,-125.,4.));
#171 = DIRECTION('',(0.,0.,1.));
#172 = DIRECTION('',(1.,0.,0.));
#173 = FACE_BOUND('',#174,.T.);
#174 = EDGE_LOOP('',(#175));
#175 = ORIENTED_EDGE('',*,*,#176,.F.);
#176 = EDGE_CURVE('',#177,#177,#179,.T.);
#177 = VERTEX_POINT('',#178);
#178 = CARTESIAN_POINT('',(-16.75,-109.5,4.));
#179 = CIRCLE('',#180,2.25);
#180 = AXIS2_PLACEMENT_3D('',#181,#182,#183);
#181 = CARTESIAN_POINT('',(-19.,-109.5,4.));
#182 = DIRECTION('',(0.,0.,1.));
#183 = DIRECTION('',(1.,0.,0.));
#184 = FACE_BOUND('',#185,.T.);
#185 = EDGE_LOOP('',(#186));
#186 = ORIENTED_EDGE('',*,*,#187,.F.);
#187 = EDGE_CURVE('',#188,#188,#190,.T.);
#188 = VERTEX_POINT('',#189);
#189 = CARTESIAN_POINT('',(-23.35,-75.,4.));
#190 = CIRCLE('',#191,1.65);
#191 = AXIS2_PLACEMENT_3D('',#192,#193,#194);
#192 = CARTESIAN_POINT('',(-25.,-75.,4.));
#193 = DIRECTION('',(0.,0.,1.));
#194 = DIRECTION('',(1.,0.,0.));
#195 = FACE_BOUND('',#196,.T.);
#196 = EDGE_LOOP('',(#197));
#197 = ORIENTED_EDGE('',*,*,#198,.F.);
#198 = EDGE_CURVE('',#199,#199,#201,.T.);
#199 = VERTEX_POINT('',#200);
#200 = CARTESIAN_POINT('',(-123.35,-25.,4.));
#201 = CIRCLE('',#202,1.65);
#202 = AXIS2_PLACEMENT_3D('',#203,#204,#205);
#203 = CARTESIAN_POINT('',(-125.,-25.,4.));
#204 = DIRECTION('',(0.,0.,1.));
#205 = DIRECTION('',(1.,0.,0.));
#206 = FACE_BOUND('',#207,.T.);
#207 = EDGE_LOOP('',(#208));
#208 = ORIENTED_EDGE('',*,*,#209,.F.);
#209 = EDGE_CURVE('',#210,#210,#212,.T.);
#210 = VERTEX_POINT('',#211);
#211 = CARTESIAN_POINT('',(-107.25,-19.,4.));
#212 = CIRCLE('',#213,2.25);
#213 = AXIS2_PLACEMENT_3D('',#214,#215,#216);
#214 = CARTESIAN_POINT('',(-109.5,-19.,4.));
#215 = DIRECTION('',(0.,0.,1.));
#216 = DIRECTION('',(1.,0.,0.));
#217 = FACE_BOUND('',#218,.T.);
#218 = EDGE_LOOP('',(#219));
#219 = ORIENTED_EDGE('',*,*,#220,.F.);
#220 = EDGE_CURVE('',#221,#221,#223,.T.);
#221 = VERTEX_POINT('',#222);
#222 = CARTESIAN_POINT('',(-73.35,-25.,4.));
#223 = CIRCLE('',#224,1.65);
#224 = AXIS2_PLACEMENT_3D('',#225,#226,#227);
#225 = CARTESIAN_POINT('',(-75.,-25.,4.));
#226 = DIRECTION('',(0.,0.,1.));
#227 = DIRECTION('',(1.,0.,0.));
#228 = FACE_BOUND('',#229,.T.);
#229 = EDGE_LOOP('',(#230));
#230 = ORIENTED_EDGE('',*,*,#231,.F.);
#231 = EDGE_CURVE('',#232,#232,#234,.T.);
#232 = VERTEX_POINT('',#233);
#233 = CARTESIAN_POINT('',(-23.35,-25.,4.));
#234 = CIRCLE('',#235,1.65);
#235 = AXIS2_PLACEMENT_3D('',#236,#237,#238);
#236 = CARTESIAN_POINT('',(-25.,-25.,4.));
#237 = DIRECTION('',(0.,0.,1.));
#238 = DIRECTION('',(1.,0.,0.));
#239 = FACE_BOUND('',#240,.T.);
#240 = EDGE_LOOP('',(#241));
#241 = ORIENTED_EDGE('',*,*,#242,.F.);
#242 = EDGE_CURVE('',#243,#243,#245,.T.);
#243 = VERTEX_POINT('',#244);
#244 = CARTESIAN_POINT('',(3.3,-135.,4.));
#245 = CIRCLE('',#246,3.3);
#246 = AXIS2_PLACEMENT_3D('',#247,#248,#249);
#247 = CARTESIAN_POINT('',(0.,-135.,4.));
#248 = DIRECTION('',(0.,0.,1.));
#249 = DIRECTION('',(1.,0.,0.));
#250 = FACE_BOUND('',#251,.T.);
#251 = EDGE_LOOP('',(#252));
#252 = ORIENTED_EDGE('',*,*,#253,.F.);
#253 = EDGE_CURVE('',#254,#254,#256,.T.);
#254 = VERTEX_POINT('',#255);
#255 = CARTESIAN_POINT('',(26.65,-125.,4.));
#256 = CIRCLE('',#257,1.65);
#257 = AXIS2_PLACEMENT_3D('',#258,#259,#260);
#258 = CARTESIAN_POINT('',(25.,-125.,4.));
#259 = DIRECTION('',(0.,0.,1.));
#260 = DIRECTION('',(1.,0.,0.));
#261 = FACE_BOUND('',#262,.T.);
#262 = EDGE_LOOP('',(#263,#273,#282,#291,#299));
#263 = ORIENTED_EDGE('',*,*,#264,.F.);
#264 = EDGE_CURVE('',#265,#267,#269,.T.);
#265 = VERTEX_POINT('',#266);
#266 = CARTESIAN_POINT('',(12.,-117.,4.));
#267 = VERTEX_POINT('',#268);
#268 = CARTESIAN_POINT('',(-12.,-117.,4.));
#269 = LINE('',#270,#271);
#270 = CARTESIAN_POINT('',(-81.,-117.,4.));
#271 = VECTOR('',#272,1.);
#272 = DIRECTION('',(-1.,0.,0.));
#273 = ORIENTED_EDGE('',*,*,#274,.F.);
#274 = EDGE_CURVE('',#275,#265,#277,.T.);
#275 = VERTEX_POINT('',#276);
#276 = CARTESIAN_POINT('',(15.,-120.,4.));
#277 = CIRCLE('',#278,3.);
#278 = AXIS2_PLACEMENT_3D('',#279,#280,#281);
#279 = CARTESIAN_POINT('',(12.,-120.,4.));
#280 = DIRECTION('',(0.,0.,1.));
#281 = DIRECTION('',(1.,0.,0.));
#282 = ORIENTED_EDGE('',*,*,#283,.F.);
#283 = EDGE_CURVE('',#284,#275,#286,.T.);
#284 = VERTEX_POINT('',#285);
#285 = CARTESIAN_POINT('',(12.,-123.,4.));
#286 = CIRCLE('',#287,3.);
#287 = AXIS2_PLACEMENT_3D('',#288,#289,#290);
#288 = CARTESIAN_POINT('',(12.,-120.,4.));
#289 = DIRECTION('',(0.,0.,1.));
#290 = DIRECTION('',(1.,0.,0.));
#291 = ORIENTED_EDGE('',*,*,#292,.T.);
#292 = EDGE_CURVE('',#284,#293,#295,.T.);
#293 = VERTEX_POINT('',#294);
#294 = CARTESIAN_POINT('',(-12.,-123.,4.));
#295 = LINE('',#296,#297);
#296 = CARTESIAN_POINT('',(-81.,-123.,4.));
#297 = VECTOR('',#298,1.);
#298 = DIRECTION('',(-1.,0.,0.));
#299 = ORIENTED_EDGE('',*,*,#300,.F.);
#300 = EDGE_CURVE('',#267,#293,#301,.T.);
#301 = CIRCLE('',#302,3.);
#302 = AXIS2_PLACEMENT_3D('',#303,#304,#305);
#303 = CARTESIAN_POINT('',(-12.,-120.,4.));
#304 = DIRECTION('',(0.,0.,1.));
#305 = DIRECTION('',(1.,0.,0.));
#306 = FACE_BOUND('',#307,.T.);
#307 = EDGE_LOOP('',(#308));
#308 = ORIENTED_EDGE('',*,*,#309,.F.);
#309 = EDGE_CURVE('',#310,#310,#312,.T.);
#310 = VERTEX_POINT('',#311);
#311 = CARTESIAN_POINT('',(21.25,-109.5,4.));
#312 = CIRCLE('',#313,2.25);
#313 = AXIS2_PLACEMENT_3D('',#314,#315,#316);
#314 = CARTESIAN_POINT('',(19.,-109.5,4.));
#315 = DIRECTION('',(0.,0.,1.));
#316 = DIRECTION('',(1.,0.,0.));
#317 = FACE_BOUND('',#318,.T.);
#318 = EDGE_LOOP('',(#319));
#319 = ORIENTED_EDGE('',*,*,#320,.F.);
#320 = EDGE_CURVE('',#321,#321,#323,.T.);
#321 = VERTEX_POINT('',#322);
#322 = CARTESIAN_POINT('',(26.65,-75.,4.));
#323 = CIRCLE('',#324,1.65);
#324 = AXIS2_PLACEMENT_3D('',#325,#326,#327);
#325 = CARTESIAN_POINT('',(25.,-75.,4.));
#326 = DIRECTION('',(0.,0.,1.));
#327 = DIRECTION('',(1.,0.,0.));
#328 = FACE_BOUND('',#329,.T.);
#329 = EDGE_LOOP('',(#330));
#330 = ORIENTED_EDGE('',*,*,#331,.F.);
#331 = EDGE_CURVE('',#332,#332,#334,.T.);
#332 = VERTEX_POINT('',#333);
#333 = CARTESIAN_POINT('',(76.65,-125.,4.));
#334 = CIRCLE('',#335,1.65);
#335 = AXIS2_PLACEMENT_3D('',#336,#337,#338);
#336 = CARTESIAN_POINT('',(75.,-125.,4.));
#337 = DIRECTION('',(0.,0.,1.));
#338 = DIRECTION('',(1.,0.,0.));
#339 = FACE_BOUND('',#340,.T.);
#340 = EDGE_LOOP('',(#341));
#341 = ORIENTED_EDGE('',*,*,#342,.F.);
#342 = EDGE_CURVE('',#343,#343,#345,.T.);
#343 = VERTEX_POINT('',#344);
#344 = CARTESIAN_POINT('',(123.3,-135.,4.));
#345 = CIRCLE('',#346,3.3);
#346 = AXIS2_PLACEMENT_3D('',#347,#348,#349);
#347 = CARTESIAN_POINT('',(120.,-135.,4.));
#348 = DIRECTION('',(0.,0.,1.));
#349 = DIRECTION('',(1.,0.,0.));
#350 = FACE_BOUND('',#351,.T.);
#351 = EDGE_LOOP('',(#352));
#352 = ORIENTED_EDGE('',*,*,#353,.F.);
#353 = EDGE_CURVE('',#354,#354,#356,.T.);
#354 = VERTEX_POINT('',#355);
#355 = CARTESIAN_POINT('',(126.65,-125.,4.));
#356 = CIRCLE('',#357,1.65);
#357 = AXIS2_PLACEMENT_3D('',#358,#359,#360);
#358 = CARTESIAN_POINT('',(125.,-125.,4.));
#359 = DIRECTION('',(0.,0.,1.));
#360 = DIRECTION('',(1.,0.,0.));
#361 = FACE_BOUND('',#362,.T.);
#362 = EDGE_LOOP('',(#363));
#363 = ORIENTED_EDGE('',*,*,#364,.F.);
#364 = EDGE_CURVE('',#365,#365,#367,.T.);
#365 = VERTEX_POINT('',#366);
#366 = CARTESIAN_POINT('',(76.65,-75.,4.));
#367 = CIRCLE('',#368,1.65);
#368 = AXIS2_PLACEMENT_3D('',#369,#370,#371);
#369 = CARTESIAN_POINT('',(75.,-75.,4.));
#370 = DIRECTION('',(0.,0.,1.));
#371 = DIRECTION('',(1.,0.,0.));
#372 = FACE_BOUND('',#373,.T.);
#373 = EDGE_LOOP('',(#374));
#374 = ORIENTED_EDGE('',*,*,#375,.F.);
#375 = EDGE_CURVE('',#376,#376,#378,.T.);
#376 = VERTEX_POINT('',#377);
#377 = CARTESIAN_POINT('',(126.65,-75.,4.));
#378 = CIRCLE('',#379,1.65);
#379 = AXIS2_PLACEMENT_3D('',#380,#381,#382);
#380 = CARTESIAN_POINT('',(125.,-75.,4.));
#381 = DIRECTION('',(0.,0.,1.));
#382 = DIRECTION('',(1.,0.,0.));
#383 = FACE_BOUND('',#384,.T.);
#384 = EDGE_LOOP('',(#385));
#385 = ORIENTED_EDGE('',*,*,#386,.F.);
#386 = EDGE_CURVE('',#387,#387,#389,.T.);
#387 = VERTEX_POINT('',#388);
#388 = CARTESIAN_POINT('',(26.65,-25.,4.));
#389 = CIRCLE('',#390,1.65);
#390 = AXIS2_PLACEMENT_3D('',#391,#392,#393);
#391 = CARTESIAN_POINT('',(25.,-25.,4.));
#392 = DIRECTION('',(0.,0.,1.));
#393 = DIRECTION('',(1.,0.,0.));
#394 = FACE_BOUND('',#395,.T.);
#395 = EDGE_LOOP('',(#396));
#396 = ORIENTED_EDGE('',*,*,#397,.F.);
#397 = EDGE_CURVE('',#398,#398,#400,.T.);
#398 = VERTEX_POINT('',#399);
#399 = CARTESIAN_POINT('',(76.65,-25.,4.));
#400 = CIRCLE('',#401,1.65);
#401 = AXIS2_PLACEMENT_3D('',#402,#403,#404);
#402 = CARTESIAN_POINT('',(75.,-25.,4.));
#403 = DIRECTION('',(0.,0.,1.));
#404 = DIRECTION('',(1.,0.,0.));
#405 = FACE_BOUND('',#406,.T.);
#406 = EDGE_LOOP('',(#407));
#407 = ORIENTED_EDGE('',*,*,#408,.F.);
#408 = EDGE_CURVE('',#409,#409,#411,.T.);
#409 = VERTEX_POINT('',#410);
#410 = CARTESIAN_POINT('',(111.75,-19.,4.));
#411 = CIRCLE('',#412,2.25);
#412 = AXIS2_PLACEMENT_3D('',#413,#414,#415);
#413 = CARTESIAN_POINT('',(109.5,-19.,4.));
#414 = DIRECTION('',(0.,0.,1.));
#415 = DIRECTION('',(1.,0.,0.));
#416 = FACE_BOUND('',#417,.T.);
#417 = EDGE_LOOP('',(#418));
#418 = ORIENTED_EDGE('',*,*,#419,.F.);
#419 = EDGE_CURVE('',#420,#420,#422,.T.);
#420 = VERTEX_POINT('',#421);
#421 = CARTESIAN_POINT('',(126.65,-25.,4.));
#422 = CIRCLE('',#423,1.65);
#423 = AXIS2_PLACEMENT_3D('',#424,#425,#426);
#424 = CARTESIAN_POINT('',(125.,-25.,4.));
#425 = DIRECTION('',(0.,0.,1.));
#426 = DIRECTION('',(1.,0.,0.));
#427 = FACE_BOUND('',#428,.T.);
#428 = EDGE_LOOP('',(#429,#439,#448,#457,#465));
#429 = ORIENTED_EDGE('',*,*,#430,.F.);
#430 = EDGE_CURVE('',#431,#433,#435,.T.);
#431 = VERTEX_POINT('',#432);
#432 = CARTESIAN_POINT('',(-123.,12.,4.));
#433 = VERTEX_POINT('',#434);
#434 = CARTESIAN_POINT('',(-123.,-12.,4.));
#435 = LINE('',#436,#437);
#436 = CARTESIAN_POINT('',(-123.,-81.,4.));
#437 = VECTOR('',#438,1.);
#438 = DIRECTION('',(-1.110223024625E-16,-1.,0.));
#439 = ORIENTED_EDGE('',*,*,#440,.F.);
#440 = EDGE_CURVE('',#441,#431,#443,.T.);
#441 = VERTEX_POINT('',#442);
#442 = CARTESIAN_POINT('',(-120.,15.,4.));
#443 = CIRCLE('',#444,3.);
#444 = AXIS2_PLACEMENT_3D('',#445,#446,#447);
#445 = CARTESIAN_POINT('',(-120.,12.,4.));
#446 = DIRECTION('',(0.,-0.,1.));
#447 = DIRECTION('',(1.110223024625E-16,1.,0.));
#448 = ORIENTED_EDGE('',*,*,#449,.F.);
#449 = EDGE_CURVE('',#450,#441,#452,.T.);
#450 = VERTEX_POINT('',#451);
#451 = CARTESIAN_POINT('',(-117.,12.,4.));
#452 = CIRCLE('',#453,3.);
#453 = AXIS2_PLACEMENT_3D('',#454,#455,#456);
#454 = CARTESIAN_POINT('',(-120.,12.,4.));
#455 = DIRECTION('',(0.,-0.,1.));
#456 = DIRECTION('',(1.110223024625E-16,1.,0.));
#457 = ORIENTED_EDGE('',*,*,#458,.T.);
#458 = EDGE_CURVE('',#450,#459,#461,.T.);
#459 = VERTEX_POINT('',#460);
#460 = CARTESIAN_POINT('',(-117.,-12.,4.));
#461 = LINE('',#462,#463);
#462 = CARTESIAN_POINT('',(-117.,-81.,4.));
#463 = VECTOR('',#464,1.);
#464 = DIRECTION('',(-1.110223024625E-16,-1.,0.));
#465 = ORIENTED_EDGE('',*,*,#466,.F.);
#466 = EDGE_CURVE('',#433,#459,#467,.T.);
#467 = CIRCLE('',#468,3.);
#468 = AXIS2_PLACEMENT_3D('',#469,#470,#471);
#469 = CARTESIAN_POINT('',(-120.,-12.,4.));
#470 = DIRECTION('',(0.,-0.,1.));
#471 = DIRECTION('',(1.110223024625E-16,1.,0.));
#472 = FACE_BOUND('',#473,.T.);
#473 = EDGE_LOOP('',(#474));
#474 = ORIENTED_EDGE('',*,*,#475,.F.);
#475 = EDGE_CURVE('',#476,#476,#478,.T.);
#476 = VERTEX_POINT('',#477);
#477 = CARTESIAN_POINT('',(-123.35,25.,4.));
#478 = CIRCLE('',#479,1.65);
#479 = AXIS2_PLACEMENT_3D('',#480,#481,#482);
#480 = CARTESIAN_POINT('',(-125.,25.,4.));
#481 = DIRECTION('',(0.,0.,1.));
#482 = DIRECTION('',(1.,0.,0.));
#483 = FACE_BOUND('',#484,.T.);
#484 = EDGE_LOOP('',(#485));
#485 = ORIENTED_EDGE('',*,*,#486,.F.);
#486 = EDGE_CURVE('',#487,#487,#489,.T.);
#487 = VERTEX_POINT('',#488);
#488 = CARTESIAN_POINT('',(-107.25,19.,4.));
#489 = CIRCLE('',#490,2.25);
#490 = AXIS2_PLACEMENT_3D('',#491,#492,#493);
#491 = CARTESIAN_POINT('',(-109.5,19.,4.));
#492 = DIRECTION('',(0.,0.,1.));
#493 = DIRECTION('',(1.,0.,0.));
#494 = FACE_BOUND('',#495,.T.);
#495 = EDGE_LOOP('',(#496));
#496 = ORIENTED_EDGE('',*,*,#497,.F.);
#497 = EDGE_CURVE('',#498,#498,#500,.T.);
#498 = VERTEX_POINT('',#499);
#499 = CARTESIAN_POINT('',(-73.35,25.,4.));
#500 = CIRCLE('',#501,1.65);
#501 = AXIS2_PLACEMENT_3D('',#502,#503,#504);
#502 = CARTESIAN_POINT('',(-75.,25.,4.));
#503 = DIRECTION('',(0.,0.,1.));
#504 = DIRECTION('',(1.,0.,0.));
#505 = FACE_BOUND('',#506,.T.);
#506 = EDGE_LOOP('',(#507));
#507 = ORIENTED_EDGE('',*,*,#508,.F.);
#508 = EDGE_CURVE('',#509,#509,#511,.T.);
#509 = VERTEX_POINT('',#510);
#510 = CARTESIAN_POINT('',(-23.35,25.,4.));
#511 = CIRCLE('',#512,1.65);
#512 = AXIS2_PLACEMENT_3D('',#513,#514,#515);
#513 = CARTESIAN_POINT('',(-25.,25.,4.));
#514 = DIRECTION('',(0.,0.,1.));
#515 = DIRECTION('',(1.,0.,0.));
#516 = FACE_BOUND('',#517,.T.);
#517 = EDGE_LOOP('',(#518));
#518 = ORIENTED_EDGE('',*,*,#519,.F.);
#519 = EDGE_CURVE('',#520,#520,#522,.T.);
#520 = VERTEX_POINT('',#521);
#521 = CARTESIAN_POINT('',(-123.35,75.,4.));
#522 = CIRCLE('',#523,1.65);
#523 = AXIS2_PLACEMENT_3D('',#524,#525,#526);
#524 = CARTESIAN_POINT('',(-125.,75.,4.));
#525 = DIRECTION('',(0.,0.,1.));
#526 = DIRECTION('',(1.,0.,0.));
#527 = FACE_BOUND('',#528,.T.);
#528 = EDGE_LOOP('',(#529));
#529 = ORIENTED_EDGE('',*,*,#530,.F.);
#530 = EDGE_CURVE('',#531,#531,#533,.T.);
#531 = VERTEX_POINT('',#532);
#532 = CARTESIAN_POINT('',(-73.35,75.,4.));
#533 = CIRCLE('',#534,1.65);
#534 = AXIS2_PLACEMENT_3D('',#535,#536,#537);
#535 = CARTESIAN_POINT('',(-75.,75.,4.));
#536 = DIRECTION('',(0.,0.,1.));
#537 = DIRECTION('',(1.,0.,0.));
#538 = FACE_BOUND('',#539,.T.);
#539 = EDGE_LOOP('',(#540));
#540 = ORIENTED_EDGE('',*,*,#541,.F.);
#541 = EDGE_CURVE('',#542,#542,#544,.T.);
#542 = VERTEX_POINT('',#543);
#543 = CARTESIAN_POINT('',(-123.35,125.,4.));
#544 = CIRCLE('',#545,1.65);
#545 = AXIS2_PLACEMENT_3D('',#546,#547,#548);
#546 = CARTESIAN_POINT('',(-125.,125.,4.));
#547 = DIRECTION('',(0.,0.,1.));
#548 = DIRECTION('',(1.,0.,0.));
#549 = FACE_BOUND('',#550,.T.);
#550 = EDGE_LOOP('',(#551));
#551 = ORIENTED_EDGE('',*,*,#552,.F.);
#552 = EDGE_CURVE('',#553,#553,#555,.T.);
#553 = VERTEX_POINT('',#554);
#554 = CARTESIAN_POINT('',(-116.7,135.,4.));
#555 = CIRCLE('',#556,3.3);
#556 = AXIS2_PLACEMENT_3D('',#557,#558,#559);
#557 = CARTESIAN_POINT('',(-120.,135.,4.));
#558 = DIRECTION('',(0.,0.,1.));
#559 = DIRECTION('',(1.,0.,0.));
#560 = FACE_BOUND('',#561,.T.);
#561 = EDGE_LOOP('',(#562));
#562 = ORIENTED_EDGE('',*,*,#563,.F.);
#563 = EDGE_CURVE('',#564,#564,#566,.T.);
#564 = VERTEX_POINT('',#565);
#565 = CARTESIAN_POINT('',(-73.35,125.,4.));
#566 = CIRCLE('',#567,1.65);
#567 = AXIS2_PLACEMENT_3D('',#568,#569,#570);
#568 = CARTESIAN_POINT('',(-75.,125.,4.));
#569 = DIRECTION('',(0.,0.,1.));
#570 = DIRECTION('',(1.,0.,0.));
#571 = FACE_BOUND('',#572,.T.);
#572 = EDGE_LOOP('',(#573));
#573 = ORIENTED_EDGE('',*,*,#574,.F.);
#574 = EDGE_CURVE('',#575,#575,#577,.T.);
#575 = VERTEX_POINT('',#576);
#576 = CARTESIAN_POINT('',(-23.35,75.,4.));
#577 = CIRCLE('',#578,1.65);
#578 = AXIS2_PLACEMENT_3D('',#579,#580,#581);
#579 = CARTESIAN_POINT('',(-25.,75.,4.));
#580 = DIRECTION('',(0.,0.,1.));
#581 = DIRECTION('',(1.,0.,0.));
#582 = FACE_BOUND('',#583,.T.);
#583 = EDGE_LOOP('',(#584));
#584 = ORIENTED_EDGE('',*,*,#585,.F.);
#585 = EDGE_CURVE('',#586,#586,#588,.T.);
#586 = VERTEX_POINT('',#587);
#587 = CARTESIAN_POINT('',(-16.75,109.5,4.));
#588 = CIRCLE('',#589,2.25);
#589 = AXIS2_PLACEMENT_3D('',#590,#591,#592);
#590 = CARTESIAN_POINT('',(-19.,109.5,4.));
#591 = DIRECTION('',(0.,0.,1.));
#592 = DIRECTION('',(1.,0.,0.));
#593 = FACE_BOUND('',#594,.T.);
#594 = EDGE_LOOP('',(#595));
#595 = ORIENTED_EDGE('',*,*,#596,.F.);
#596 = EDGE_CURVE('',#597,#597,#599,.T.);
#597 = VERTEX_POINT('',#598);
#598 = CARTESIAN_POINT('',(-23.35,125.,4.));
#599 = CIRCLE('',#600,1.65);
#600 = AXIS2_PLACEMENT_3D('',#601,#602,#603);
#601 = CARTESIAN_POINT('',(-25.,125.,4.));
#602 = DIRECTION('',(0.,0.,1.));
#603 = DIRECTION('',(1.,0.,0.));
#604 = FACE_BOUND('',#605,.T.);
#605 = EDGE_LOOP('',(#606));
#606 = ORIENTED_EDGE('',*,*,#607,.F.);
#607 = EDGE_CURVE('',#608,#608,#610,.T.);
#608 = VERTEX_POINT('',#609);
#609 = CARTESIAN_POINT('',(26.65,25.,4.));
#610 = CIRCLE('',#611,1.65);
#611 = AXIS2_PLACEMENT_3D('',#612,#613,#614);
#612 = CARTESIAN_POINT('',(25.,25.,4.));
#613 = DIRECTION('',(0.,0.,1.));
#614 = DIRECTION('',(1.,0.,0.));
#615 = FACE_BOUND('',#616,.T.);
#616 = EDGE_LOOP('',(#617));
#617 = ORIENTED_EDGE('',*,*,#618,.F.);
#618 = EDGE_CURVE('',#619,#619,#621,.T.);
#619 = VERTEX_POINT('',#620);
#620 = CARTESIAN_POINT('',(76.65,25.,4.));
#621 = CIRCLE('',#622,1.65);
#622 = AXIS2_PLACEMENT_3D('',#623,#624,#625);
#623 = CARTESIAN_POINT('',(75.,25.,4.));
#624 = DIRECTION('',(0.,0.,1.));
#625 = DIRECTION('',(1.,0.,0.));
#626 = FACE_BOUND('',#627,.T.);
#627 = EDGE_LOOP('',(#628,#638,#647,#656,#664));
#628 = ORIENTED_EDGE('',*,*,#629,.F.);
#629 = EDGE_CURVE('',#630,#632,#634,.T.);
#630 = VERTEX_POINT('',#631);
#631 = CARTESIAN_POINT('',(117.,12.,4.));
#632 = VERTEX_POINT('',#633);
#633 = CARTESIAN_POINT('',(117.,-12.,4.));
#634 = LINE('',#635,#636);
#635 = CARTESIAN_POINT('',(117.,-81.,4.));
#636 = VECTOR('',#637,1.);
#637 = DIRECTION('',(-1.110223024625E-16,-1.,0.));
#638 = ORIENTED_EDGE('',*,*,#639,.F.);
#639 = EDGE_CURVE('',#640,#630,#642,.T.);
#640 = VERTEX_POINT('',#641);
#641 = CARTESIAN_POINT('',(120.,15.,4.));
#642 = CIRCLE('',#643,3.);
#643 = AXIS2_PLACEMENT_3D('',#644,#645,#646);
#644 = CARTESIAN_POINT('',(120.,12.,4.));
#645 = DIRECTION('',(0.,-0.,1.));
#646 = DIRECTION('',(1.110223024625E-16,1.,0.));
#647 = ORIENTED_EDGE('',*,*,#648,.F.);
#648 = EDGE_CURVE('',#649,#640,#651,.T.);
#649 = VERTEX_POINT('',#650);
#650 = CARTESIAN_POINT('',(123.,12.,4.));
#651 = CIRCLE('',#652,3.);
#652 = AXIS2_PLACEMENT_3D('',#653,#654,#655);
#653 = CARTESIAN_POINT('',(120.,12.,4.));
#654 = DIRECTION('',(0.,-0.,1.));
#655 = DIRECTION('',(1.110223024625E-16,1.,0.));
#656 = ORIENTED_EDGE('',*,*,#657,.T.);
#657 = EDGE_CURVE('',#649,#658,#660,.T.);
#658 = VERTEX_POINT('',#659);
#659 = CARTESIAN_POINT('',(123.,-12.,4.));
#660 = LINE('',#661,#662);
#661 = CARTESIAN_POINT('',(123.,-81.,4.));
#662 = VECTOR('',#663,1.);
#663 = DIRECTION('',(-1.110223024625E-16,-1.,0.));
#664 = ORIENTED_EDGE('',*,*,#665,.F.);
#665 = EDGE_CURVE('',#632,#658,#666,.T.);
#666 = CIRCLE('',#667,3.);
#667 = AXIS2_PLACEMENT_3D('',#668,#669,#670);
#668 = CARTESIAN_POINT('',(120.,-12.,4.));
#669 = DIRECTION('',(0.,-0.,1.));
#670 = DIRECTION('',(1.110223024625E-16,1.,0.));
#671 = FACE_BOUND('',#672,.T.);
#672 = EDGE_LOOP('',(#673));
#673 = ORIENTED_EDGE('',*,*,#674,.F.);
#674 = EDGE_CURVE('',#675,#675,#677,.T.);
#675 = VERTEX_POINT('',#676);
#676 = CARTESIAN_POINT('',(111.75,19.,4.));
#677 = CIRCLE('',#678,2.25);
#678 = AXIS2_PLACEMENT_3D('',#679,#680,#681);
#679 = CARTESIAN_POINT('',(109.5,19.,4.));
#680 = DIRECTION('',(0.,0.,1.));
#681 = DIRECTION('',(1.,0.,0.));
#682 = FACE_BOUND('',#683,.T.);
#683 = EDGE_LOOP('',(#684));
#684 = ORIENTED_EDGE('',*,*,#685,.F.);
#685 = EDGE_CURVE('',#686,#686,#688,.T.);
#686 = VERTEX_POINT('',#687);
#687 = CARTESIAN_POINT('',(126.65,25.,4.));
#688 = CIRCLE('',#689,1.65);
#689 = AXIS2_PLACEMENT_3D('',#690,#691,#692);
#690 = CARTESIAN_POINT('',(125.,25.,4.));
#691 = DIRECTION('',(0.,0.,1.));
#692 = DIRECTION('',(1.,0.,0.));
#693 = FACE_BOUND('',#694,.T.);
#694 = EDGE_LOOP('',(#695));
#695 = ORIENTED_EDGE('',*,*,#696,.F.);
#696 = EDGE_CURVE('',#697,#697,#699,.T.);
#697 = VERTEX_POINT('',#698);
#698 = CARTESIAN_POINT('',(26.65,75.,4.));
#699 = CIRCLE('',#700,1.65);
#700 = AXIS2_PLACEMENT_3D('',#701,#702,#703);
#701 = CARTESIAN_POINT('',(25.,75.,4.));
#702 = DIRECTION('',(0.,0.,1.));
#703 = DIRECTION('',(1.,0.,0.));
#704 = FACE_BOUND('',#705,.T.);
#705 = EDGE_LOOP('',(#706,#716,#725,#734,#742));
#706 = ORIENTED_EDGE('',*,*,#707,.F.);
#707 = EDGE_CURVE('',#708,#710,#712,.T.);
#708 = VERTEX_POINT('',#709);
#709 = CARTESIAN_POINT('',(12.,123.,4.));
#710 = VERTEX_POINT('',#711);
#711 = CARTESIAN_POINT('',(-12.,123.,4.));
#712 = LINE('',#713,#714);
#713 = CARTESIAN_POINT('',(-81.,123.,4.));
#714 = VECTOR('',#715,1.);
#715 = DIRECTION('',(-1.,0.,0.));
#716 = ORIENTED_EDGE('',*,*,#717,.F.);
#717 = EDGE_CURVE('',#718,#708,#720,.T.);
#718 = VERTEX_POINT('',#719);
#719 = CARTESIAN_POINT('',(15.,120.,4.));
#720 = CIRCLE('',#721,3.);
#721 = AXIS2_PLACEMENT_3D('',#722,#723,#724);
#722 = CARTESIAN_POINT('',(12.,120.,4.));
#723 = DIRECTION('',(0.,0.,1.));
#724 = DIRECTION('',(1.,0.,0.));
#725 = ORIENTED_EDGE('',*,*,#726,.F.);
#726 = EDGE_CURVE('',#727,#718,#729,.T.);
#727 = VERTEX_POINT('',#728);
#728 = CARTESIAN_POINT('',(12.,117.,4.));
#729 = CIRCLE('',#730,3.);
#730 = AXIS2_PLACEMENT_3D('',#731,#732,#733);
#731 = CARTESIAN_POINT('',(12.,120.,4.));
#732 = DIRECTION('',(0.,0.,1.));
#733 = DIRECTION('',(1.,0.,0.));
#734 = ORIENTED_EDGE('',*,*,#735,.T.);
#735 = EDGE_CURVE('',#727,#736,#738,.T.);
#736 = VERTEX_POINT('',#737);
#737 = CARTESIAN_POINT('',(-12.,117.,4.));
#738 = LINE('',#739,#740);
#739 = CARTESIAN_POINT('',(-81.,117.,4.));
#740 = VECTOR('',#741,1.);
#741 = DIRECTION('',(-1.,0.,0.));
#742 = ORIENTED_EDGE('',*,*,#743,.F.);
#743 = EDGE_CURVE('',#710,#736,#744,.T.);
#744 = CIRCLE('',#745,3.);
#745 = AXIS2_PLACEMENT_3D('',#746,#747,#748);
#746 = CARTESIAN_POINT('',(-12.,120.,4.));
#747 = DIRECTION('',(0.,0.,1.));
#748 = DIRECTION('',(1.,0.,0.));
#749 = FACE_BOUND('',#750,.T.);
#750 = EDGE_LOOP('',(#751));
#751 = ORIENTED_EDGE('',*,*,#752,.F.);
#752 = EDGE_CURVE('',#753,#753,#755,.T.);
#753 = VERTEX_POINT('',#754);
#754 = CARTESIAN_POINT('',(21.25,109.5,4.));
#755 = CIRCLE('',#756,2.25);
#756 = AXIS2_PLACEMENT_3D('',#757,#758,#759);
#757 = CARTESIAN_POINT('',(19.,109.5,4.));
#758 = DIRECTION('',(0.,0.,1.));
#759 = DIRECTION('',(1.,0.,0.));
#760 = FACE_BOUND('',#761,.T.);
#761 = EDGE_LOOP('',(#762));
#762 = ORIENTED_EDGE('',*,*,#763,.F.);
#763 = EDGE_CURVE('',#764,#764,#766,.T.);
#764 = VERTEX_POINT('',#765);
#765 = CARTESIAN_POINT('',(3.3,135.,4.));
#766 = CIRCLE('',#767,3.3);
#767 = AXIS2_PLACEMENT_3D('',#768,#769,#770);
#768 = CARTESIAN_POINT('',(0.,135.,4.));
#769 = DIRECTION('',(0.,0.,1.));
#770 = DIRECTION('',(1.,0.,0.));
#771 = FACE_BOUND('',#772,.T.);
#772 = EDGE_LOOP('',(#773));
#773 = ORIENTED_EDGE('',*,*,#774,.F.);
#774 = EDGE_CURVE('',#775,#775,#777,.T.);
#775 = VERTEX_POINT('',#776);
#776 = CARTESIAN_POINT('',(26.65,125.,4.));
#777 = CIRCLE('',#778,1.65);
#778 = AXIS2_PLACEMENT_3D('',#779,#780,#781);
#779 = CARTESIAN_POINT('',(25.,125.,4.));
#780 = DIRECTION('',(0.,0.,1.));
#781 = DIRECTION('',(1.,0.,0.));
#782 = FACE_BOUND('',#783,.T.);
#783 = EDGE_LOOP('',(#784));
#784 = ORIENTED_EDGE('',*,*,#785,.F.);
#785 = EDGE_CURVE('',#786,#786,#788,.T.);
#786 = VERTEX_POINT('',#787);
#787 = CARTESIAN_POINT('',(76.65,75.,4.));
#788 = CIRCLE('',#789,1.65);
#789 = AXIS2_PLACEMENT_3D('',#790,#791,#792);
#790 = CARTESIAN_POINT('',(75.,75.,4.));
#791 = DIRECTION('',(0.,0.,1.));
#792 = DIRECTION('',(1.,0.,0.));
#793 = FACE_BOUND('',#794,.T.);
#794 = EDGE_LOOP('',(#795));
#795 = ORIENTED_EDGE('',*,*,#796,.F.);
#796 = EDGE_CURVE('',#797,#797,#799,.T.);
#797 = VERTEX_POINT('',#798);
#798 = CARTESIAN_POINT('',(126.65,75.,4.));
#799 = CIRCLE('',#800,1.65);
#800 = AXIS2_PLACEMENT_3D('',#801,#802,#803);
#801 = CARTESIAN_POINT('',(125.,75.,4.));
#802 = DIRECTION('',(0.,0.,1.));
#803 = DIRECTION('',(1.,0.,0.));
#804 = FACE_BOUND('',#805,.T.);
#805 = EDGE_LOOP('',(#806));
#806 = ORIENTED_EDGE('',*,*,#807,.F.);
#807 = EDGE_CURVE('',#808,#808,#810,.T.);
#808 = VERTEX_POINT('',#809);
#809 = CARTESIAN_POINT('',(76.65,125.,4.));
#810 = CIRCLE('',#811,1.65);
#811 = AXIS2_PLACEMENT_3D('',#812,#813,#814);
#812 = CARTESIAN_POINT('',(75.,125.,4.));
#813 = DIRECTION('',(0.,0.,1.));
#814 = DIRECTION('',(1.,0.,0.));
#815 = FACE_BOUND('',#816,.T.);
#816 = EDGE_LOOP('',(#817));
#817 = ORIENTED_EDGE('',*,*,#818,.F.);
#818 = EDGE_CURVE('',#819,#819,#821,.T.);
#819 = VERTEX_POINT('',#820);
#820 = CARTESIAN_POINT('',(126.65,125.,4.));
#821 = CIRCLE('',#822,1.65);
#822 = AXIS2_PLACEMENT_3D('',#823,#824,#825);
#823 = CARTESIAN_POINT('',(125.,125.,4.));
#824 = DIRECTION('',(0.,0.,1.));
#825 = DIRECTION('',(1.,0.,0.));
#826 = FACE_BOUND('',#827,.T.);
#827 = EDGE_LOOP('',(#828));
#828 = ORIENTED_EDGE('',*,*,#829,.F.);
#829 = EDGE_CURVE('',#830,#830,#832,.T.);
#830 = VERTEX_POINT('',#831);
#831 = CARTESIAN_POINT('',(123.3,135.,4.));
#832 = CIRCLE('',#833,3.3);
#833 = AXIS2_PLACEMENT_3D('',#834,#835,#836);
#834 = CARTESIAN_POINT('',(120.,135.,4.));
#835 = DIRECTION('',(0.,0.,1.));
#836 = DIRECTION('',(1.,0.,0.));
#837 = PLANE('',#838);
#838 = AXIS2_PLACEMENT_3D('',#839,#840,#841);
#839 = CARTESIAN_POINT('',(-150.,-150.,4.));
#840 = DIRECTION('',(0.,0.,1.));
#841 = DIRECTION('',(1.,0.,0.));
#842 = ADVANCED_FACE('',(#843),#861,.T.);
#843 = FACE_BOUND('',#844,.T.);
#844 = EDGE_LOOP('',(#845,#853,#854,#855));
#845 = ORIENTED_EDGE('',*,*,#846,.F.);
#846 = EDGE_CURVE('',#32,#847,#849,.T.);
#847 = VERTEX_POINT('',#848);
#848 = CARTESIAN_POINT('',(150.,150.,0.));
#849 = LINE('',#850,#851);
#850 = CARTESIAN_POINT('',(-150.,150.,0.));
#851 = VECTOR('',#852,1.);
#852 = DIRECTION('',(1.,0.,0.));
#853 = ORIENTED_EDGE('',*,*,#39,.T.);
#854 = ORIENTED_EDGE('',*,*,#102,.T.);
#855 = ORIENTED_EDGE('',*,*,#856,.F.);
#856 = EDGE_CURVE('',#847,#95,#857,.T.);
#857 = LINE('',#858,#859);
#858 = CARTESIAN_POINT('',(150.,150.,0.));
#859 = VECTOR('',#860,1.);
#860 = DIRECTION('',(0.,0.,1.));
#861 = PLANE('',#862);
#862 = AXIS2_PLACEMENT_3D('',#863,#864,#865);
#863 = CARTESIAN_POINT('',(-150.,150.,0.));
#864 = DIRECTION('',(0.,1.,0.));
#865 = DIRECTION('',(0.,0.,1.));
#866 = ADVANCED_FACE('',(#867,#878,#889,#900,#911,#922,#933,#944,#955,
    #966,#977,#988,#999,#1010,#1021,#1032,#1077,#1088,#1099,#1110,#1121,
    #1132,#1143,#1154,#1165,#1176,#1187,#1198,#1243,#1254,#1265,#1276,
    #1287,#1298,#1309,#1320,#1331,#1342,#1353,#1364,#1375,#1386,#1397,
    #1442,#1453,#1464,#1475,#1520,#1531,#1542,#1553,#1564,#1575,#1586,
    #1597),#1608,.F.);
#867 = FACE_BOUND('',#868,.F.);
#868 = EDGE_LOOP('',(#869,#870,#871,#877));
#869 = ORIENTED_EDGE('',*,*,#31,.F.);
#870 = ORIENTED_EDGE('',*,*,#61,.T.);
#871 = ORIENTED_EDGE('',*,*,#872,.T.);
#872 = EDGE_CURVE('',#62,#847,#873,.T.);
#873 = LINE('',#874,#875);
#874 = CARTESIAN_POINT('',(150.,-150.,0.));
#875 = VECTOR('',#876,1.);
#876 = DIRECTION('',(0.,1.,0.));
#877 = ORIENTED_EDGE('',*,*,#846,.F.);
#878 = FACE_BOUND('',#879,.F.);
#879 = EDGE_LOOP('',(#880));
#880 = ORIENTED_EDGE('',*,*,#881,.F.);
#881 = EDGE_CURVE('',#882,#882,#884,.T.);
#882 = VERTEX_POINT('',#883);
#883 = CARTESIAN_POINT('',(-116.7,-135.,0.));
#884 = CIRCLE('',#885,3.3);
#885 = AXIS2_PLACEMENT_3D('',#886,#887,#888);
#886 = CARTESIAN_POINT('',(-120.,-135.,0.));
#887 = DIRECTION('',(0.,0.,1.));
#888 = DIRECTION('',(1.,0.,0.));
#889 = FACE_BOUND('',#890,.F.);
#890 = EDGE_LOOP('',(#891));
#891 = ORIENTED_EDGE('',*,*,#892,.F.);
#892 = EDGE_CURVE('',#893,#893,#895,.T.);
#893 = VERTEX_POINT('',#894);
#894 = CARTESIAN_POINT('',(-123.35,-125.,0.));
#895 = CIRCLE('',#896,1.65);
#896 = AXIS2_PLACEMENT_3D('',#897,#898,#899);
#897 = CARTESIAN_POINT('',(-125.,-125.,0.));
#898 = DIRECTION('',(0.,0.,1.));
#899 = DIRECTION('',(1.,0.,0.));
#900 = FACE_BOUND('',#901,.F.);
#901 = EDGE_LOOP('',(#902));
#902 = ORIENTED_EDGE('',*,*,#903,.F.);
#903 = EDGE_CURVE('',#904,#904,#906,.T.);
#904 = VERTEX_POINT('',#905);
#905 = CARTESIAN_POINT('',(-73.35,-125.,0.));
#906 = CIRCLE('',#907,1.65);
#907 = AXIS2_PLACEMENT_3D('',#908,#909,#910);
#908 = CARTESIAN_POINT('',(-75.,-125.,0.));
#909 = DIRECTION('',(0.,0.,1.));
#910 = DIRECTION('',(1.,0.,0.));
#911 = FACE_BOUND('',#912,.F.);
#912 = EDGE_LOOP('',(#913));
#913 = ORIENTED_EDGE('',*,*,#914,.F.);
#914 = EDGE_CURVE('',#915,#915,#917,.T.);
#915 = VERTEX_POINT('',#916);
#916 = CARTESIAN_POINT('',(-123.35,-75.,0.));
#917 = CIRCLE('',#918,1.65);
#918 = AXIS2_PLACEMENT_3D('',#919,#920,#921);
#919 = CARTESIAN_POINT('',(-125.,-75.,0.));
#920 = DIRECTION('',(0.,0.,1.));
#921 = DIRECTION('',(1.,0.,0.));
#922 = FACE_BOUND('',#923,.F.);
#923 = EDGE_LOOP('',(#924));
#924 = ORIENTED_EDGE('',*,*,#925,.F.);
#925 = EDGE_CURVE('',#926,#926,#928,.T.);
#926 = VERTEX_POINT('',#927);
#927 = CARTESIAN_POINT('',(-73.35,-75.,0.));
#928 = CIRCLE('',#929,1.65);
#929 = AXIS2_PLACEMENT_3D('',#930,#931,#932);
#930 = CARTESIAN_POINT('',(-75.,-75.,0.));
#931 = DIRECTION('',(0.,0.,1.));
#932 = DIRECTION('',(1.,0.,0.));
#933 = FACE_BOUND('',#934,.F.);
#934 = EDGE_LOOP('',(#935));
#935 = ORIENTED_EDGE('',*,*,#936,.F.);
#936 = EDGE_CURVE('',#937,#937,#939,.T.);
#937 = VERTEX_POINT('',#938);
#938 = CARTESIAN_POINT('',(-23.35,-125.,0.));
#939 = CIRCLE('',#940,1.65);
#940 = AXIS2_PLACEMENT_3D('',#941,#942,#943);
#941 = CARTESIAN_POINT('',(-25.,-125.,0.));
#942 = DIRECTION('',(0.,0.,1.));
#943 = DIRECTION('',(1.,0.,0.));
#944 = FACE_BOUND('',#945,.F.);
#945 = EDGE_LOOP('',(#946));
#946 = ORIENTED_EDGE('',*,*,#947,.F.);
#947 = EDGE_CURVE('',#948,#948,#950,.T.);
#948 = VERTEX_POINT('',#949);
#949 = CARTESIAN_POINT('',(-16.75,-109.5,0.));
#950 = CIRCLE('',#951,2.25);
#951 = AXIS2_PLACEMENT_3D('',#952,#953,#954);
#952 = CARTESIAN_POINT('',(-19.,-109.5,0.));
#953 = DIRECTION('',(0.,0.,1.));
#954 = DIRECTION('',(1.,0.,0.));
#955 = FACE_BOUND('',#956,.F.);
#956 = EDGE_LOOP('',(#957));
#957 = ORIENTED_EDGE('',*,*,#958,.F.);
#958 = EDGE_CURVE('',#959,#959,#961,.T.);
#959 = VERTEX_POINT('',#960);
#960 = CARTESIAN_POINT('',(-23.35,-75.,0.));
#961 = CIRCLE('',#962,1.65);
#962 = AXIS2_PLACEMENT_3D('',#963,#964,#965);
#963 = CARTESIAN_POINT('',(-25.,-75.,0.));
#964 = DIRECTION('',(0.,0.,1.));
#965 = DIRECTION('',(1.,0.,0.));
#966 = FACE_BOUND('',#967,.F.);
#967 = EDGE_LOOP('',(#968));
#968 = ORIENTED_EDGE('',*,*,#969,.F.);
#969 = EDGE_CURVE('',#970,#970,#972,.T.);
#970 = VERTEX_POINT('',#971);
#971 = CARTESIAN_POINT('',(-123.35,-25.,0.));
#972 = CIRCLE('',#973,1.65);
#973 = AXIS2_PLACEMENT_3D('',#974,#975,#976);
#974 = CARTESIAN_POINT('',(-125.,-25.,0.));
#975 = DIRECTION('',(0.,0.,1.));
#976 = DIRECTION('',(1.,0.,0.));
#977 = FACE_BOUND('',#978,.F.);
#978 = EDGE_LOOP('',(#979));
#979 = ORIENTED_EDGE('',*,*,#980,.F.);
#980 = EDGE_CURVE('',#981,#981,#983,.T.);
#981 = VERTEX_POINT('',#982);
#982 = CARTESIAN_POINT('',(-107.25,-19.,0.));
#983 = CIRCLE('',#984,2.25);
#984 = AXIS2_PLACEMENT_3D('',#985,#986,#987);
#985 = CARTESIAN_POINT('',(-109.5,-19.,0.));
#986 = DIRECTION('',(0.,0.,1.));
#987 = DIRECTION('',(1.,0.,0.));
#988 = FACE_BOUND('',#989,.F.);
#989 = EDGE_LOOP('',(#990));
#990 = ORIENTED_EDGE('',*,*,#991,.F.);
#991 = EDGE_CURVE('',#992,#992,#994,.T.);
#992 = VERTEX_POINT('',#993);
#993 = CARTESIAN_POINT('',(-73.35,-25.,0.));
#994 = CIRCLE('',#995,1.65);
#995 = AXIS2_PLACEMENT_3D('',#996,#997,#998);
#996 = CARTESIAN_POINT('',(-75.,-25.,0.));
#997 = DIRECTION('',(0.,0.,1.));
#998 = DIRECTION('',(1.,0.,0.));
#999 = FACE_BOUND('',#1000,.F.);
#1000 = EDGE_LOOP('',(#1001));
#1001 = ORIENTED_EDGE('',*,*,#1002,.F.);
#1002 = EDGE_CURVE('',#1003,#1003,#1005,.T.);
#1003 = VERTEX_POINT('',#1004);
#1004 = CARTESIAN_POINT('',(-23.35,-25.,0.));
#1005 = CIRCLE('',#1006,1.65);
#1006 = AXIS2_PLACEMENT_3D('',#1007,#1008,#1009);
#1007 = CARTESIAN_POINT('',(-25.,-25.,0.));
#1008 = DIRECTION('',(0.,0.,1.));
#1009 = DIRECTION('',(1.,0.,0.));
#1010 = FACE_BOUND('',#1011,.F.);
#1011 = EDGE_LOOP('',(#1012));
#1012 = ORIENTED_EDGE('',*,*,#1013,.F.);
#1013 = EDGE_CURVE('',#1014,#1014,#1016,.T.);
#1014 = VERTEX_POINT('',#1015);
#1015 = CARTESIAN_POINT('',(3.3,-135.,0.));
#1016 = CIRCLE('',#1017,3.3);
#1017 = AXIS2_PLACEMENT_3D('',#1018,#1019,#1020);
#1018 = CARTESIAN_POINT('',(0.,-135.,0.));
#1019 = DIRECTION('',(0.,0.,1.));
#1020 = DIRECTION('',(1.,0.,0.));
#1021 = FACE_BOUND('',#1022,.F.);
#1022 = EDGE_LOOP('',(#1023));
#1023 = ORIENTED_EDGE('',*,*,#1024,.F.);
#1024 = EDGE_CURVE('',#1025,#1025,#1027,.T.);
#1025 = VERTEX_POINT('',#1026);
#1026 = CARTESIAN_POINT('',(26.65,-125.,0.));
#1027 = CIRCLE('',#1028,1.65);
#1028 = AXIS2_PLACEMENT_3D('',#1029,#1030,#1031);
#1029 = CARTESIAN_POINT('',(25.,-125.,0.));
#1030 = DIRECTION('',(0.,0.,1.));
#1031 = DIRECTION('',(1.,0.,0.));
#1032 = FACE_BOUND('',#1033,.F.);
#1033 = EDGE_LOOP('',(#1034,#1044,#1053,#1062,#1070));
#1034 = ORIENTED_EDGE('',*,*,#1035,.F.);
#1035 = EDGE_CURVE('',#1036,#1038,#1040,.T.);
#1036 = VERTEX_POINT('',#1037);
#1037 = CARTESIAN_POINT('',(12.,-117.,0.));
#1038 = VERTEX_POINT('',#1039);
#1039 = CARTESIAN_POINT('',(-12.,-117.,0.));
#1040 = LINE('',#1041,#1042);
#1041 = CARTESIAN_POINT('',(-81.,-117.,0.));
#1042 = VECTOR('',#1043,1.);
#1043 = DIRECTION('',(-1.,0.,0.));
#1044 = ORIENTED_EDGE('',*,*,#1045,.F.);
#1045 = EDGE_CURVE('',#1046,#1036,#1048,.T.);
#1046 = VERTEX_POINT('',#1047);
#1047 = CARTESIAN_POINT('',(15.,-120.,0.));
#1048 = CIRCLE('',#1049,3.);
#1049 = AXIS2_PLACEMENT_3D('',#1050,#1051,#1052);
#1050 = CARTESIAN_POINT('',(12.,-120.,0.));
#1051 = DIRECTION('',(0.,0.,1.));
#1052 = DIRECTION('',(1.,0.,0.));
#1053 = ORIENTED_EDGE('',*,*,#1054,.F.);
#1054 = EDGE_CURVE('',#1055,#1046,#1057,.T.);
#1055 = VERTEX_POINT('',#1056);
#1056 = CARTESIAN_POINT('',(12.,-123.,0.));
#1057 = CIRCLE('',#1058,3.);
#1058 = AXIS2_PLACEMENT_3D('',#1059,#1060,#1061);
#1059 = CARTESIAN_POINT('',(12.,-120.,0.));
#1060 = DIRECTION('',(0.,0.,1.));
#1061 = DIRECTION('',(1.,0.,0.));
#1062 = ORIENTED_EDGE('',*,*,#1063,.T.);
#1063 = EDGE_CURVE('',#1055,#1064,#1066,.T.);
#1064 = VERTEX_POINT('',#1065);
#1065 = CARTESIAN_POINT('',(-12.,-123.,0.));
#1066 = LINE('',#1067,#1068);
#1067 = CARTESIAN_POINT('',(-81.,-123.,0.));
#1068 = VECTOR('',#1069,1.);
#1069 = DIRECTION('',(-1.,0.,0.));
#1070 = ORIENTED_EDGE('',*,*,#1071,.F.);
#1071 = EDGE_CURVE('',#1038,#1064,#1072,.T.);
#1072 = CIRCLE('',#1073,3.);
#1073 = AXIS2_PLACEMENT_3D('',#1074,#1075,#1076);
#1074 = CARTESIAN_POINT('',(-12.,-120.,0.));
#1075 = DIRECTION('',(0.,0.,1.));
#1076 = DIRECTION('',(1.,0.,0.));
#1077 = FACE_BOUND('',#1078,.F.);
#1078 = EDGE_LOOP('',(#1079));
#1079 = ORIENTED_EDGE('',*,*,#1080,.F.);
#1080 = EDGE_CURVE('',#1081,#1081,#1083,.T.);
#1081 = VERTEX_POINT('',#1082);
#1082 = CARTESIAN_POINT('',(21.25,-109.5,0.));
#1083 = CIRCLE('',#1084,2.25);
#1084 = AXIS2_PLACEMENT_3D('',#1085,#1086,#1087);
#1085 = CARTESIAN_POINT('',(19.,-109.5,0.));
#1086 = DIRECTION('',(0.,0.,1.));
#1087 = DIRECTION('',(1.,0.,0.));
#1088 = FACE_BOUND('',#1089,.F.);
#1089 = EDGE_LOOP('',(#1090));
#1090 = ORIENTED_EDGE('',*,*,#1091,.F.);
#1091 = EDGE_CURVE('',#1092,#1092,#1094,.T.);
#1092 = VERTEX_POINT('',#1093);
#1093 = CARTESIAN_POINT('',(26.65,-75.,0.));
#1094 = CIRCLE('',#1095,1.65);
#1095 = AXIS2_PLACEMENT_3D('',#1096,#1097,#1098);
#1096 = CARTESIAN_POINT('',(25.,-75.,0.));
#1097 = DIRECTION('',(0.,0.,1.));
#1098 = DIRECTION('',(1.,0.,0.));
#1099 = FACE_BOUND('',#1100,.F.);
#1100 = EDGE_LOOP('',(#1101));
#1101 = ORIENTED_EDGE('',*,*,#1102,.F.);
#1102 = EDGE_CURVE('',#1103,#1103,#1105,.T.);
#1103 = VERTEX_POINT('',#1104);
#1104 = CARTESIAN_POINT('',(76.65,-125.,0.));
#1105 = CIRCLE('',#1106,1.65);
#1106 = AXIS2_PLACEMENT_3D('',#1107,#1108,#1109);
#1107 = CARTESIAN_POINT('',(75.,-125.,0.));
#1108 = DIRECTION('',(0.,0.,1.));
#1109 = DIRECTION('',(1.,0.,0.));
#1110 = FACE_BOUND('',#1111,.F.);
#1111 = EDGE_LOOP('',(#1112));
#1112 = ORIENTED_EDGE('',*,*,#1113,.F.);
#1113 = EDGE_CURVE('',#1114,#1114,#1116,.T.);
#1114 = VERTEX_POINT('',#1115);
#1115 = CARTESIAN_POINT('',(123.3,-135.,0.));
#1116 = CIRCLE('',#1117,3.3);
#1117 = AXIS2_PLACEMENT_3D('',#1118,#1119,#1120);
#1118 = CARTESIAN_POINT('',(120.,-135.,0.));
#1119 = DIRECTION('',(0.,0.,1.));
#1120 = DIRECTION('',(1.,0.,0.));
#1121 = FACE_BOUND('',#1122,.F.);
#1122 = EDGE_LOOP('',(#1123));
#1123 = ORIENTED_EDGE('',*,*,#1124,.F.);
#1124 = EDGE_CURVE('',#1125,#1125,#1127,.T.);
#1125 = VERTEX_POINT('',#1126);
#1126 = CARTESIAN_POINT('',(126.65,-125.,0.));
#1127 = CIRCLE('',#1128,1.65);
#1128 = AXIS2_PLACEMENT_3D('',#1129,#1130,#1131);
#1129 = CARTESIAN_POINT('',(125.,-125.,0.));
#1130 = DIRECTION('',(0.,0.,1.));
#1131 = DIRECTION('',(1.,0.,0.));
#1132 = FACE_BOUND('',#1133,.F.);
#1133 = EDGE_LOOP('',(#1134));
#1134 = ORIENTED_EDGE('',*,*,#1135,.F.);
#1135 = EDGE_CURVE('',#1136,#1136,#1138,.T.);
#1136 = VERTEX_POINT('',#1137);
#1137 = CARTESIAN_POINT('',(76.65,-75.,0.));
#1138 = CIRCLE('',#1139,1.65);
#1139 = AXIS2_PLACEMENT_3D('',#1140,#1141,#1142);
#1140 = CARTESIAN_POINT('',(75.,-75.,0.));
#1141 = DIRECTION('',(0.,0.,1.));
#1142 = DIRECTION('',(1.,0.,0.));
#1143 = FACE_BOUND('',#1144,.F.);
#1144 = EDGE_LOOP('',(#1145));
#1145 = ORIENTED_EDGE('',*,*,#1146,.F.);
#1146 = EDGE_CURVE('',#1147,#1147,#1149,.T.);
#1147 = VERTEX_POINT('',#1148);
#1148 = CARTESIAN_POINT('',(126.65,-75.,0.));
#1149 = CIRCLE('',#1150,1.65);
#1150 = AXIS2_PLACEMENT_3D('',#1151,#1152,#1153);
#1151 = CARTESIAN_POINT('',(125.,-75.,0.));
#1152 = DIRECTION('',(0.,0.,1.));
#1153 = DIRECTION('',(1.,0.,0.));
#1154 = FACE_BOUND('',#1155,.F.);
#1155 = EDGE_LOOP('',(#1156));
#1156 = ORIENTED_EDGE('',*,*,#1157,.F.);
#1157 = EDGE_CURVE('',#1158,#1158,#1160,.T.);
#1158 = VERTEX_POINT('',#1159);
#1159 = CARTESIAN_POINT('',(26.65,-25.,0.));
#1160 = CIRCLE('',#1161,1.65);
#1161 = AXIS2_PLACEMENT_3D('',#1162,#1163,#1164);
#1162 = CARTESIAN_POINT('',(25.,-25.,0.));
#1163 = DIRECTION('',(0.,0.,1.));
#1164 = DIRECTION('',(1.,0.,0.));
#1165 = FACE_BOUND('',#1166,.F.);
#1166 = EDGE_LOOP('',(#1167));
#1167 = ORIENTED_EDGE('',*,*,#1168,.F.);
#1168 = EDGE_CURVE('',#1169,#1169,#1171,.T.);
#1169 = VERTEX_POINT('',#1170);
#1170 = CARTESIAN_POINT('',(76.65,-25.,0.));
#1171 = CIRCLE('',#1172,1.65);
#1172 = AXIS2_PLACEMENT_3D('',#1173,#1174,#1175);
#1173 = CARTESIAN_POINT('',(75.,-25.,0.));
#1174 = DIRECTION('',(0.,0.,1.));
#1175 = DIRECTION('',(1.,0.,0.));
#1176 = FACE_BOUND('',#1177,.F.);
#1177 = EDGE_LOOP('',(#1178));
#1178 = ORIENTED_EDGE('',*,*,#1179,.F.);
#1179 = EDGE_CURVE('',#1180,#1180,#1182,.T.);
#1180 = VERTEX_POINT('',#1181);
#1181 = CARTESIAN_POINT('',(111.75,-19.,0.));
#1182 = CIRCLE('',#1183,2.25);
#1183 = AXIS2_PLACEMENT_3D('',#1184,#1185,#1186);
#1184 = CARTESIAN_POINT('',(109.5,-19.,0.));
#1185 = DIRECTION('',(0.,0.,1.));
#1186 = DIRECTION('',(1.,0.,0.));
#1187 = FACE_BOUND('',#1188,.F.);
#1188 = EDGE_LOOP('',(#1189));
#1189 = ORIENTED_EDGE('',*,*,#1190,.F.);
#1190 = EDGE_CURVE('',#1191,#1191,#1193,.T.);
#1191 = VERTEX_POINT('',#1192);
#1192 = CARTESIAN_POINT('',(126.65,-25.,0.));
#1193 = CIRCLE('',#1194,1.65);
#1194 = AXIS2_PLACEMENT_3D('',#1195,#1196,#1197);
#1195 = CARTESIAN_POINT('',(125.,-25.,0.));
#1196 = DIRECTION('',(0.,0.,1.));
#1197 = DIRECTION('',(1.,0.,0.));
#1198 = FACE_BOUND('',#1199,.F.);
#1199 = EDGE_LOOP('',(#1200,#1210,#1219,#1228,#1236));
#1200 = ORIENTED_EDGE('',*,*,#1201,.F.);
#1201 = EDGE_CURVE('',#1202,#1204,#1206,.T.);
#1202 = VERTEX_POINT('',#1203);
#1203 = CARTESIAN_POINT('',(-123.,12.,0.));
#1204 = VERTEX_POINT('',#1205);
#1205 = CARTESIAN_POINT('',(-123.,-12.,0.));
#1206 = LINE('',#1207,#1208);
#1207 = CARTESIAN_POINT('',(-123.,-81.,0.));
#1208 = VECTOR('',#1209,1.);
#1209 = DIRECTION('',(-1.110223024625E-16,-1.,0.));
#1210 = ORIENTED_EDGE('',*,*,#1211,.F.);
#1211 = EDGE_CURVE('',#1212,#1202,#1214,.T.);
#1212 = VERTEX_POINT('',#1213);
#1213 = CARTESIAN_POINT('',(-120.,15.,0.));
#1214 = CIRCLE('',#1215,3.);
#1215 = AXIS2_PLACEMENT_3D('',#1216,#1217,#1218);
#1216 = CARTESIAN_POINT('',(-120.,12.,0.));
#1217 = DIRECTION('',(0.,-0.,1.));
#1218 = DIRECTION('',(1.110223024625E-16,1.,0.));
#1219 = ORIENTED_EDGE('',*,*,#1220,.F.);
#1220 = EDGE_CURVE('',#1221,#1212,#1223,.T.);
#1221 = VERTEX_POINT('',#1222);
#1222 = CARTESIAN_POINT('',(-117.,12.,0.));
#1223 = CIRCLE('',#1224,3.);
#1224 = AXIS2_PLACEMENT_3D('',#1225,#1226,#1227);
#1225 = CARTESIAN_POINT('',(-120.,12.,0.));
#1226 = DIRECTION('',(0.,-0.,1.));
#1227 = DIRECTION('',(1.110223024625E-16,1.,0.));
#1228 = ORIENTED_EDGE('',*,*,#1229,.T.);
#1229 = EDGE_CURVE('',#1221,#1230,#1232,.T.);
#1230 = VERTEX_POINT('',#1231);
#1231 = CARTESIAN_POINT('',(-117.,-12.,0.));
#1232 = LINE('',#1233,#1234);
#1233 = CARTESIAN_POINT('',(-117.,-81.,0.));
#1234 = VECTOR('',#1235,1.);
#1235 = DIRECTION('',(-1.110223024625E-16,-1.,0.));
#1236 = ORIENTED_EDGE('',*,*,#1237,.F.);
#1237 = EDGE_CURVE('',#1204,#1230,#1238,.T.);
#1238 = CIRCLE('',#1239,3.);
#1239 = AXIS2_PLACEMENT_3D('',#1240,#1241,#1242);
#1240 = CARTESIAN_POINT('',(-120.,-12.,0.));
#1241 = DIRECTION('',(0.,-0.,1.));
#1242 = DIRECTION('',(1.110223024625E-16,1.,0.));
#1243 = FACE_BOUND('',#1244,.F.);
#1244 = EDGE_LOOP('',(#1245));
#1245 = ORIENTED_EDGE('',*,*,#1246,.F.);
#1246 = EDGE_CURVE('',#1247,#1247,#1249,.T.);
#1247 = VERTEX_POINT('',#1248);
#1248 = CARTESIAN_POINT('',(-123.35,25.,0.));
#1249 = CIRCLE('',#1250,1.65);
#1250 = AXIS2_PLACEMENT_3D('',#1251,#1252,#1253);
#1251 = CARTESIAN_POINT('',(-125.,25.,0.));
#1252 = DIRECTION('',(0.,0.,1.));
#1253 = DIRECTION('',(1.,0.,0.));
#1254 = FACE_BOUND('',#1255,.F.);
#1255 = EDGE_LOOP('',(#1256));
#1256 = ORIENTED_EDGE('',*,*,#1257,.F.);
#1257 = EDGE_CURVE('',#1258,#1258,#1260,.T.);
#1258 = VERTEX_POINT('',#1259);
#1259 = CARTESIAN_POINT('',(-107.25,19.,0.));
#1260 = CIRCLE('',#1261,2.25);
#1261 = AXIS2_PLACEMENT_3D('',#1262,#1263,#1264);
#1262 = CARTESIAN_POINT('',(-109.5,19.,0.));
#1263 = DIRECTION('',(0.,0.,1.));
#1264 = DIRECTION('',(1.,0.,0.));
#1265 = FACE_BOUND('',#1266,.F.);
#1266 = EDGE_LOOP('',(#1267));
#1267 = ORIENTED_EDGE('',*,*,#1268,.F.);
#1268 = EDGE_CURVE('',#1269,#1269,#1271,.T.);
#1269 = VERTEX_POINT('',#1270);
#1270 = CARTESIAN_POINT('',(-73.35,25.,0.));
#1271 = CIRCLE('',#1272,1.65);
#1272 = AXIS2_PLACEMENT_3D('',#1273,#1274,#1275);
#1273 = CARTESIAN_POINT('',(-75.,25.,0.));
#1274 = DIRECTION('',(0.,0.,1.));
#1275 = DIRECTION('',(1.,0.,0.));
#1276 = FACE_BOUND('',#1277,.F.);
#1277 = EDGE_LOOP('',(#1278));
#1278 = ORIENTED_EDGE('',*,*,#1279,.F.);
#1279 = EDGE_CURVE('',#1280,#1280,#1282,.T.);
#1280 = VERTEX_POINT('',#1281);
#1281 = CARTESIAN_POINT('',(-23.35,25.,0.));
#1282 = CIRCLE('',#1283,1.65);
#1283 = AXIS2_PLACEMENT_3D('',#1284,#1285,#1286);
#1284 = CARTESIAN_POINT('',(-25.,25.,0.));
#1285 = DIRECTION('',(0.,0.,1.));
#1286 = DIRECTION('',(1.,0.,0.));
#1287 = FACE_BOUND('',#1288,.F.);
#1288 = EDGE_LOOP('',(#1289));
#1289 = ORIENTED_EDGE('',*,*,#1290,.F.);
#1290 = EDGE_CURVE('',#1291,#1291,#1293,.T.);
#1291 = VERTEX_POINT('',#1292);
#1292 = CARTESIAN_POINT('',(-123.35,75.,0.));
#1293 = CIRCLE('',#1294,1.65);
#1294 = AXIS2_PLACEMENT_3D('',#1295,#1296,#1297);
#1295 = CARTESIAN_POINT('',(-125.,75.,0.));
#1296 = DIRECTION('',(0.,0.,1.));
#1297 = DIRECTION('',(1.,0.,0.));
#1298 = FACE_BOUND('',#1299,.F.);
#1299 = EDGE_LOOP('',(#1300));
#1300 = ORIENTED_EDGE('',*,*,#1301,.F.);
#1301 = EDGE_CURVE('',#1302,#1302,#1304,.T.);
#1302 = VERTEX_POINT('',#1303);
#1303 = CARTESIAN_POINT('',(-73.35,75.,0.));
#1304 = CIRCLE('',#1305,1.65);
#1305 = AXIS2_PLACEMENT_3D('',#1306,#1307,#1308);
#1306 = CARTESIAN_POINT('',(-75.,75.,0.));
#1307 = DIRECTION('',(0.,0.,1.));
#1308 = DIRECTION('',(1.,0.,0.));
#1309 = FACE_BOUND('',#1310,.F.);
#1310 = EDGE_LOOP('',(#1311));
#1311 = ORIENTED_EDGE('',*,*,#1312,.F.);
#1312 = EDGE_CURVE('',#1313,#1313,#1315,.T.);
#1313 = VERTEX_POINT('',#1314);
#1314 = CARTESIAN_POINT('',(-123.35,125.,0.));
#1315 = CIRCLE('',#1316,1.65);
#1316 = AXIS2_PLACEMENT_3D('',#1317,#1318,#1319);
#1317 = CARTESIAN_POINT('',(-125.,125.,0.));
#1318 = DIRECTION('',(0.,0.,1.));
#1319 = DIRECTION('',(1.,0.,0.));
#1320 = FACE_BOUND('',#1321,.F.);
#1321 = EDGE_LOOP('',(#1322));
#1322 = ORIENTED_EDGE('',*,*,#1323,.F.);
#1323 = EDGE_CURVE('',#1324,#1324,#1326,.T.);
#1324 = VERTEX_POINT('',#1325);
#1325 = CARTESIAN_POINT('',(-116.7,135.,0.));
#1326 = CIRCLE('',#1327,3.3);
#1327 = AXIS2_PLACEMENT_3D('',#1328,#1329,#1330);
#1328 = CARTESIAN_POINT('',(-120.,135.,0.));
#1329 = DIRECTION('',(0.,0.,1.));
#1330 = DIRECTION('',(1.,0.,0.));
#1331 = FACE_BOUND('',#1332,.F.);
#1332 = EDGE_LOOP('',(#1333));
#1333 = ORIENTED_EDGE('',*,*,#1334,.F.);
#1334 = EDGE_CURVE('',#1335,#1335,#1337,.T.);
#1335 = VERTEX_POINT('',#1336);
#1336 = CARTESIAN_POINT('',(-73.35,125.,0.));
#1337 = CIRCLE('',#1338,1.65);
#1338 = AXIS2_PLACEMENT_3D('',#1339,#1340,#1341);
#1339 = CARTESIAN_POINT('',(-75.,125.,0.));
#1340 = DIRECTION('',(0.,0.,1.));
#1341 = DIRECTION('',(1.,0.,0.));
#1342 = FACE_BOUND('',#1343,.F.);
#1343 = EDGE_LOOP('',(#1344));
#1344 = ORIENTED_EDGE('',*,*,#1345,.F.);
#1345 = EDGE_CURVE('',#1346,#1346,#1348,.T.);
#1346 = VERTEX_POINT('',#1347);
#1347 = CARTESIAN_POINT('',(-23.35,75.,0.));
#1348 = CIRCLE('',#1349,1.65);
#1349 = AXIS2_PLACEMENT_3D('',#1350,#1351,#1352);
#1350 = CARTESIAN_POINT('',(-25.,75.,0.));
#1351 = DIRECTION('',(0.,0.,1.));
#1352 = DIRECTION('',(1.,0.,0.));
#1353 = FACE_BOUND('',#1354,.F.);
#1354 = EDGE_LOOP('',(#1355));
#1355 = ORIENTED_EDGE('',*,*,#1356,.F.);
#1356 = EDGE_CURVE('',#1357,#1357,#1359,.T.);
#1357 = VERTEX_POINT('',#1358);
#1358 = CARTESIAN_POINT('',(-16.75,109.5,0.));
#1359 = CIRCLE('',#1360,2.25);
#1360 = AXIS2_PLACEMENT_3D('',#1361,#1362,#1363);
#1361 = CARTESIAN_POINT('',(-19.,109.5,0.));
#1362 = DIRECTION('',(0.,0.,1.));
#1363 = DIRECTION('',(1.,0.,0.));
#1364 = FACE_BOUND('',#1365,.F.);
#1365 = EDGE_LOOP('',(#1366));
#1366 = ORIENTED_EDGE('',*,*,#1367,.F.);
#1367 = EDGE_CURVE('',#1368,#1368,#1370,.T.);
#1368 = VERTEX_POINT('',#1369);
#1369 = CARTESIAN_POINT('',(-23.35,125.,0.));
#1370 = CIRCLE('',#1371,1.65);
#1371 = AXIS2_PLACEMENT_3D('',#1372,#1373,#1374);
#1372 = CARTESIAN_POINT('',(-25.,125.,0.));
#1373 = DIRECTION('',(0.,0.,1.));
#1374 = DIRECTION('',(1.,0.,0.));
#1375 = FACE_BOUND('',#1376,.F.);
#1376 = EDGE_LOOP('',(#1377));
#1377 = ORIENTED_EDGE('',*,*,#1378,.F.);
#1378 = EDGE_CURVE('',#1379,#1379,#1381,.T.);
#1379 = VERTEX_POINT('',#1380);
#1380 = CARTESIAN_POINT('',(26.65,25.,0.));
#1381 = CIRCLE('',#1382,1.65);
#1382 = AXIS2_PLACEMENT_3D('',#1383,#1384,#1385);
#1383 = CARTESIAN_POINT('',(25.,25.,0.));
#1384 = DIRECTION('',(0.,0.,1.));
#1385 = DIRECTION('',(1.,0.,0.));
#1386 = FACE_BOUND('',#1387,.F.);
#1387 = EDGE_LOOP('',(#1388));
#1388 = ORIENTED_EDGE('',*,*,#1389,.F.);
#1389 = EDGE_CURVE('',#1390,#1390,#1392,.T.);
#1390 = VERTEX_POINT('',#1391);
#1391 = CARTESIAN_POINT('',(76.65,25.,0.));
#1392 = CIRCLE('',#1393,1.65);
#1393 = AXIS2_PLACEMENT_3D('',#1394,#1395,#1396);
#1394 = CARTESIAN_POINT('',(75.,25.,0.));
#1395 = DIRECTION('',(0.,0.,1.));
#1396 = DIRECTION('',(1.,0.,0.));
#1397 = FACE_BOUND('',#1398,.F.);
#1398 = EDGE_LOOP('',(#1399,#1409,#1418,#1427,#1435));
#1399 = ORIENTED_EDGE('',*,*,#1400,.F.);
#1400 = EDGE_CURVE('',#1401,#1403,#1405,.T.);
#1401 = VERTEX_POINT('',#1402);
#1402 = CARTESIAN_POINT('',(117.,12.,0.));
#1403 = VERTEX_POINT('',#1404);
#1404 = CARTESIAN_POINT('',(117.,-12.,0.));
#1405 = LINE('',#1406,#1407);
#1406 = CARTESIAN_POINT('',(117.,-81.,0.));
#1407 = VECTOR('',#1408,1.);
#1408 = DIRECTION('',(-1.110223024625E-16,-1.,0.));
#1409 = ORIENTED_EDGE('',*,*,#1410,.F.);
#1410 = EDGE_CURVE('',#1411,#1401,#1413,.T.);
#1411 = VERTEX_POINT('',#1412);
#1412 = CARTESIAN_POINT('',(120.,15.,0.));
#1413 = CIRCLE('',#1414,3.);
#1414 = AXIS2_PLACEMENT_3D('',#1415,#1416,#1417);
#1415 = CARTESIAN_POINT('',(120.,12.,0.));
#1416 = DIRECTION('',(0.,-0.,1.));
#1417 = DIRECTION('',(1.110223024625E-16,1.,0.));
#1418 = ORIENTED_EDGE('',*,*,#1419,.F.);
#1419 = EDGE_CURVE('',#1420,#1411,#1422,.T.);
#1420 = VERTEX_POINT('',#1421);
#1421 = CARTESIAN_POINT('',(123.,12.,0.));
#1422 = CIRCLE('',#1423,3.);
#1423 = AXIS2_PLACEMENT_3D('',#1424,#1425,#1426);
#1424 = CARTESIAN_POINT('',(120.,12.,0.));
#1425 = DIRECTION('',(0.,-0.,1.));
#1426 = DIRECTION('',(1.110223024625E-16,1.,0.));
#1427 = ORIENTED_EDGE('',*,*,#1428,.T.);
#1428 = EDGE_CURVE('',#1420,#1429,#1431,.T.);
#1429 = VERTEX_POINT('',#1430);
#1430 = CARTESIAN_POINT('',(123.,-12.,0.));
#1431 = LINE('',#1432,#1433);
#1432 = CARTESIAN_POINT('',(123.,-81.,0.));
#1433 = VECTOR('',#1434,1.);
#1434 = DIRECTION('',(-1.110223024625E-16,-1.,0.));
#1435 = ORIENTED_EDGE('',*,*,#1436,.F.);
#1436 = EDGE_CURVE('',#1403,#1429,#1437,.T.);
#1437 = CIRCLE('',#1438,3.);
#1438 = AXIS2_PLACEMENT_3D('',#1439,#1440,#1441);
#1439 = CARTESIAN_POINT('',(120.,-12.,0.));
#1440 = DIRECTION('',(0.,-0.,1.));
#1441 = DIRECTION('',(1.110223024625E-16,1.,0.));
#1442 = FACE_BOUND('',#1443,.F.);
#1443 = EDGE_LOOP('',(#1444));
#1444 = ORIENTED_EDGE('',*,*,#1445,.F.);
#1445 = EDGE_CURVE('',#1446,#1446,#1448,.T.);
#1446 = VERTEX_POINT('',#1447);
#1447 = CARTESIAN_POINT('',(111.75,19.,0.));
#1448 = CIRCLE('',#1449,2.25);
#1449 = AXIS2_PLACEMENT_3D('',#1450,#1451,#1452);
#1450 = CARTESIAN_POINT('',(109.5,19.,0.));
#1451 = DIRECTION('',(0.,0.,1.));
#1452 = DIRECTION('',(1.,0.,0.));
#1453 = FACE_BOUND('',#1454,.F.);
#1454 = EDGE_LOOP('',(#1455));
#1455 = ORIENTED_EDGE('',*,*,#1456,.F.);
#1456 = EDGE_CURVE('',#1457,#1457,#1459,.T.);
#1457 = VERTEX_POINT('',#1458);
#1458 = CARTESIAN_POINT('',(126.65,25.,0.));
#1459 = CIRCLE('',#1460,1.65);
#1460 = AXIS2_PLACEMENT_3D('',#1461,#1462,#1463);
#1461 = CARTESIAN_POINT('',(125.,25.,0.));
#1462 = DIRECTION('',(0.,0.,1.));
#1463 = DIRECTION('',(1.,0.,0.));
#1464 = FACE_BOUND('',#1465,.F.);
#1465 = EDGE_LOOP('',(#1466));
#1466 = ORIENTED_EDGE('',*,*,#1467,.F.);
#1467 = EDGE_CURVE('',#1468,#1468,#1470,.T.);
#1468 = VERTEX_POINT('',#1469);
#1469 = CARTESIAN_POINT('',(26.65,75.,0.));
#1470 = CIRCLE('',#1471,1.65);
#1471 = AXIS2_PLACEMENT_3D('',#1472,#1473,#1474);
#1472 = CARTESIAN_POINT('',(25.,75.,0.));
#1473 = DIRECTION('',(0.,0.,1.));
#1474 = DIRECTION('',(1.,0.,0.));
#1475 = FACE_BOUND('',#1476,.F.);
#1476 = EDGE_LOOP('',(#1477,#1487,#1496,#1505,#1513));
#1477 = ORIENTED_EDGE('',*,*,#1478,.F.);
#1478 = EDGE_CURVE('',#1479,#1481,#1483,.T.);
#1479 = VERTEX_POINT('',#1480);
#1480 = CARTESIAN_POINT('',(12.,123.,0.));
#1481 = VERTEX_POINT('',#1482);
#1482 = CARTESIAN_POINT('',(-12.,123.,0.));
#1483 = LINE('',#1484,#1485);
#1484 = CARTESIAN_POINT('',(-81.,123.,0.));
#1485 = VECTOR('',#1486,1.);
#1486 = DIRECTION('',(-1.,0.,0.));
#1487 = ORIENTED_EDGE('',*,*,#1488,.F.);
#1488 = EDGE_CURVE('',#1489,#1479,#1491,.T.);
#1489 = VERTEX_POINT('',#1490);
#1490 = CARTESIAN_POINT('',(15.,120.,0.));
#1491 = CIRCLE('',#1492,3.);
#1492 = AXIS2_PLACEMENT_3D('',#1493,#1494,#1495);
#1493 = CARTESIAN_POINT('',(12.,120.,0.));
#1494 = DIRECTION('',(0.,0.,1.));
#1495 = DIRECTION('',(1.,0.,0.));
#1496 = ORIENTED_EDGE('',*,*,#1497,.F.);
#1497 = EDGE_CURVE('',#1498,#1489,#1500,.T.);
#1498 = VERTEX_POINT('',#1499);
#1499 = CARTESIAN_POINT('',(12.,117.,0.));
#1500 = CIRCLE('',#1501,3.);
#1501 = AXIS2_PLACEMENT_3D('',#1502,#1503,#1504);
#1502 = CARTESIAN_POINT('',(12.,120.,0.));
#1503 = DIRECTION('',(0.,0.,1.));
#1504 = DIRECTION('',(1.,0.,0.));
#1505 = ORIENTED_EDGE('',*,*,#1506,.T.);
#1506 = EDGE_CURVE('',#1498,#1507,#1509,.T.);
#1507 = VERTEX_POINT('',#1508);
#1508 = CARTESIAN_POINT('',(-12.,117.,0.));
#1509 = LINE('',#1510,#1511);
#1510 = CARTESIAN_POINT('',(-81.,117.,0.));
#1511 = VECTOR('',#1512,1.);
#1512 = DIRECTION('',(-1.,0.,0.));
#1513 = ORIENTED_EDGE('',*,*,#1514,.F.);
#1514 = EDGE_CURVE('',#1481,#1507,#1515,.T.);
#1515 = CIRCLE('',#1516,3.);
#1516 = AXIS2_PLACEMENT_3D('',#1517,#1518,#1519);
#1517 = CARTESIAN_POINT('',(-12.,120.,0.));
#1518 = DIRECTION('',(0.,0.,1.));
#1519 = DIRECTION('',(1.,0.,0.));
#1520 = FACE_BOUND('',#1521,.F.);
#1521 = EDGE_LOOP('',(#1522));
#1522 = ORIENTED_EDGE('',*,*,#1523,.F.);
#1523 = EDGE_CURVE('',#1524,#1524,#1526,.T.);
#1524 = VERTEX_POINT('',#1525);
#1525 = CARTESIAN_POINT('',(21.25,109.5,0.));
#1526 = CIRCLE('',#1527,2.25);
#1527 = AXIS2_PLACEMENT_3D('',#1528,#1529,#1530);
#1528 = CARTESIAN_POINT('',(19.,109.5,0.));
#1529 = DIRECTION('',(0.,0.,1.));
#1530 = DIRECTION('',(1.,0.,0.));
#1531 = FACE_BOUND('',#1532,.F.);
#1532 = EDGE_LOOP('',(#1533));
#1533 = ORIENTED_EDGE('',*,*,#1534,.F.);
#1534 = EDGE_CURVE('',#1535,#1535,#1537,.T.);
#1535 = VERTEX_POINT('',#1536);
#1536 = CARTESIAN_POINT('',(3.3,135.,0.));
#1537 = CIRCLE('',#1538,3.3);
#1538 = AXIS2_PLACEMENT_3D('',#1539,#1540,#1541);
#1539 = CARTESIAN_POINT('',(0.,135.,0.));
#1540 = DIRECTION('',(0.,0.,1.));
#1541 = DIRECTION('',(1.,0.,0.));
#1542 = FACE_BOUND('',#1543,.F.);
#1543 = EDGE_LOOP('',(#1544));
#1544 = ORIENTED_EDGE('',*,*,#1545,.F.);
#1545 = EDGE_CURVE('',#1546,#1546,#1548,.T.);
#1546 = VERTEX_POINT('',#1547);
#1547 = CARTESIAN_POINT('',(26.65,125.,0.));
#1548 = CIRCLE('',#1549,1.65);
#1549 = AXIS2_PLACEMENT_3D('',#1550,#1551,#1552);
#1550 = CARTESIAN_POINT('',(25.,125.,0.));
#1551 = DIRECTION('',(0.,0.,1.));
#1552 = DIRECTION('',(1.,0.,0.));
#1553 = FACE_BOUND('',#1554,.F.);
#1554 = EDGE_LOOP('',(#1555));
#1555 = ORIENTED_EDGE('',*,*,#1556,.F.);
#1556 = EDGE_CURVE('',#1557,#1557,#1559,.T.);
#1557 = VERTEX_POINT('',#1558);
#1558 = CARTESIAN_POINT('',(76.65,75.,0.));
#1559 = CIRCLE('',#1560,1.65);
#1560 = AXIS2_PLACEMENT_3D('',#1561,#1562,#1563);
#1561 = CARTESIAN_POINT('',(75.,75.,0.));
#1562 = DIRECTION('',(0.,0.,1.));
#1563 = DIRECTION('',(1.,0.,0.));
#1564 = FACE_BOUND('',#1565,.F.);
#1565 = EDGE_LOOP('',(#1566));
#1566 = ORIENTED_EDGE('',*,*,#1567,.F.);
#1567 = EDGE_CURVE('',#1568,#1568,#1570,.T.);
#1568 = VERTEX_POINT('',#1569);
#1569 = CARTESIAN_POINT('',(126.65,75.,0.));
#1570 = CIRCLE('',#1571,1.65);
#1571 = AXIS2_PLACEMENT_3D('',#1572,#1573,#1574);
#1572 = CARTESIAN_POINT('',(125.,75.,0.));
#1573 = DIRECTION('',(0.,0.,1.));
#1574 = DIRECTION('',(1.,0.,0.));
#1575 = FACE_BOUND('',#1576,.F.);
#1576 = EDGE_LOOP('',(#1577));
#1577 = ORIENTED_EDGE('',*,*,#1578,.F.);
#1578 = EDGE_CURVE('',#1579,#1579,#1581,.T.);
#1579 = VERTEX_POINT('',#1580);
#1580 = CARTESIAN_POINT('',(76.65,125.,0.));
#1581 = CIRCLE('',#1582,1.65);
#1582 = AXIS2_PLACEMENT_3D('',#1583,#1584,#1585);
#1583 = CARTESIAN_POINT('',(75.,125.,0.));
#1584 = DIRECTION('',(0.,0.,1.));
#1585 = DIRECTION('',(1.,0.,0.));
#1586 = FACE_BOUND('',#1587,.F.);
#1587 = EDGE_LOOP('',(#1588));
#1588 = ORIENTED_EDGE('',*,*,#1589,.F.);
#1589 = EDGE_CURVE('',#1590,#1590,#1592,.T.);
#1590 = VERTEX_POINT('',#1591);
#1591 = CARTESIAN_POINT('',(126.65,125.,0.));
#1592 = CIRCLE('',#1593,1.65);
#1593 = AXIS2_PLACEMENT_3D('',#1594,#1595,#1596);
#1594 = CARTESIAN_POINT('',(125.,125.,0.));
#1595 = DIRECTION('',(0.,0.,1.));
#1596 = DIRECTION('',(1.,0.,0.));
#1597 = FACE_BOUND('',#1598,.F.);
#1598 = EDGE_LOOP('',(#1599));
#1599 = ORIENTED_EDGE('',*,*,#1600,.F.);
#1600 = EDGE_CURVE('',#1601,#1601,#1603,.T.);
#1601 = VERTEX_POINT('',#1602);
#1602 = CARTESIAN_POINT('',(123.3,135.,0.));
#1603 = CIRCLE('',#1604,3.3);
#1604 = AXIS2_PLACEMENT_3D('',#1605,#1606,#1607);
#1605 = CARTESIAN_POINT('',(120.,135.,0.));
#1606 = DIRECTION('',(0.,0.,1.));
#1607 = DIRECTION('',(1.,0.,0.));
#1608 = PLANE('',#1609);
#1609 = AXIS2_PLACEMENT_3D('',#1610,#1611,#1612);
#1610 = CARTESIAN_POINT('',(-150.,-150.,0.));
#1611 = DIRECTION('',(0.,0.,1.));
#1612 = DIRECTION('',(1.,0.,0.));
#1613 = ADVANCED_FACE('',(#1614),#1620,.T.);
#1614 = FACE_BOUND('',#1615,.T.);
#1615 = EDGE_LOOP('',(#1616,#1617,#1618,#1619));
#1616 = ORIENTED_EDGE('',*,*,#78,.F.);
#1617 = ORIENTED_EDGE('',*,*,#872,.T.);
#1618 = ORIENTED_EDGE('',*,*,#856,.T.);
#1619 = ORIENTED_EDGE('',*,*,#94,.F.);
#1620 = PLANE('',#1621);
#1621 = AXIS2_PLACEMENT_3D('',#1622,#1623,#1624);
#1622 = CARTESIAN_POINT('',(150.,-150.,0.));
#1623 = DIRECTION('',(1.,0.,0.));
#1624 = DIRECTION('',(0.,0.,1.));
#1625 = ADVANCED_FACE('',(#1626),#1637,.F.);
#1626 = FACE_BOUND('',#1627,.F.);
#1627 = EDGE_LOOP('',(#1628,#1629,#1635,#1636));
#1628 = ORIENTED_EDGE('',*,*,#110,.F.);
#1629 = ORIENTED_EDGE('',*,*,#1630,.F.);
#1630 = EDGE_CURVE('',#882,#111,#1631,.T.);
#1631 = LINE('',#1632,#1633);
#1632 = CARTESIAN_POINT('',(-116.7,-135.,-1.));
#1633 = VECTOR('',#1634,1.);
#1634 = DIRECTION('',(0.,0.,1.));
#1635 = ORIENTED_EDGE('',*,*,#881,.T.);
#1636 = ORIENTED_EDGE('',*,*,#1630,.T.);
#1637 = CYLINDRICAL_SURFACE('',#1638,3.3);
#1638 = AXIS2_PLACEMENT_3D('',#1639,#1640,#1641);
#1639 = CARTESIAN_POINT('',(-120.,-135.,-1.));
#1640 = DIRECTION('',(0.,0.,1.));
#1641 = DIRECTION('',(1.,0.,0.));
#1642 = ADVANCED_FACE('',(#1643),#1654,.F.);
#1643 = FACE_BOUND('',#1644,.F.);
#1644 = EDGE_LOOP('',(#1645,#1646,#1652,#1653));
#1645 = ORIENTED_EDGE('',*,*,#121,.F.);
#1646 = ORIENTED_EDGE('',*,*,#1647,.F.);
#1647 = EDGE_CURVE('',#893,#122,#1648,.T.);
#1648 = LINE('',#1649,#1650);
#1649 = CARTESIAN_POINT('',(-123.35,-125.,-1.));
#1650 = VECTOR('',#1651,1.);
#1651 = DIRECTION('',(0.,0.,1.));
#1652 = ORIENTED_EDGE('',*,*,#892,.T.);
#1653 = ORIENTED_EDGE('',*,*,#1647,.T.);
#1654 = CYLINDRICAL_SURFACE('',#1655,1.65);
#1655 = AXIS2_PLACEMENT_3D('',#1656,#1657,#1658);
#1656 = CARTESIAN_POINT('',(-125.,-125.,-1.));
#1657 = DIRECTION('',(0.,0.,1.));
#1658 = DIRECTION('',(1.,0.,0.));
#1659 = ADVANCED_FACE('',(#1660),#1671,.F.);
#1660 = FACE_BOUND('',#1661,.F.);
#1661 = EDGE_LOOP('',(#1662,#1663,#1669,#1670));
#1662 = ORIENTED_EDGE('',*,*,#132,.F.);
#1663 = ORIENTED_EDGE('',*,*,#1664,.F.);
#1664 = EDGE_CURVE('',#904,#133,#1665,.T.);
#1665 = LINE('',#1666,#1667);
#1666 = CARTESIAN_POINT('',(-73.35,-125.,-1.));
#1667 = VECTOR('',#1668,1.);
#1668 = DIRECTION('',(0.,0.,1.));
#1669 = ORIENTED_EDGE('',*,*,#903,.T.);
#1670 = ORIENTED_EDGE('',*,*,#1664,.T.);
#1671 = CYLINDRICAL_SURFACE('',#1672,1.65);
#1672 = AXIS2_PLACEMENT_3D('',#1673,#1674,#1675);
#1673 = CARTESIAN_POINT('',(-75.,-125.,-1.));
#1674 = DIRECTION('',(0.,0.,1.));
#1675 = DIRECTION('',(1.,0.,0.));
#1676 = ADVANCED_FACE('',(#1677),#1688,.F.);
#1677 = FACE_BOUND('',#1678,.F.);
#1678 = EDGE_LOOP('',(#1679,#1680,#1686,#1687));
#1679 = ORIENTED_EDGE('',*,*,#143,.F.);
#1680 = ORIENTED_EDGE('',*,*,#1681,.F.);
#1681 = EDGE_CURVE('',#915,#144,#1682,.T.);
#1682 = LINE('',#1683,#1684);
#1683 = CARTESIAN_POINT('',(-123.35,-75.,-1.));
#1684 = VECTOR('',#1685,1.);
#1685 = DIRECTION('',(0.,0.,1.));
#1686 = ORIENTED_EDGE('',*,*,#914,.T.);
#1687 = ORIENTED_EDGE('',*,*,#1681,.T.);
#1688 = CYLINDRICAL_SURFACE('',#1689,1.65);
#1689 = AXIS2_PLACEMENT_3D('',#1690,#1691,#1692);
#1690 = CARTESIAN_POINT('',(-125.,-75.,-1.));
#1691 = DIRECTION('',(0.,0.,1.));
#1692 = DIRECTION('',(1.,0.,0.));
#1693 = ADVANCED_FACE('',(#1694),#1705,.F.);
#1694 = FACE_BOUND('',#1695,.F.);
#1695 = EDGE_LOOP('',(#1696,#1697,#1703,#1704));
#1696 = ORIENTED_EDGE('',*,*,#154,.F.);
#1697 = ORIENTED_EDGE('',*,*,#1698,.F.);
#1698 = EDGE_CURVE('',#926,#155,#1699,.T.);
#1699 = LINE('',#1700,#1701);
#1700 = CARTESIAN_POINT('',(-73.35,-75.,-1.));
#1701 = VECTOR('',#1702,1.);
#1702 = DIRECTION('',(0.,0.,1.));
#1703 = ORIENTED_EDGE('',*,*,#925,.T.);
#1704 = ORIENTED_EDGE('',*,*,#1698,.T.);
#1705 = CYLINDRICAL_SURFACE('',#1706,1.65);
#1706 = AXIS2_PLACEMENT_3D('',#1707,#1708,#1709);
#1707 = CARTESIAN_POINT('',(-75.,-75.,-1.));
#1708 = DIRECTION('',(0.,0.,1.));
#1709 = DIRECTION('',(1.,0.,0.));
#1710 = ADVANCED_FACE('',(#1711),#1722,.F.);
#1711 = FACE_BOUND('',#1712,.F.);
#1712 = EDGE_LOOP('',(#1713,#1714,#1720,#1721));
#1713 = ORIENTED_EDGE('',*,*,#165,.F.);
#1714 = ORIENTED_EDGE('',*,*,#1715,.F.);
#1715 = EDGE_CURVE('',#937,#166,#1716,.T.);
#1716 = LINE('',#1717,#1718);
#1717 = CARTESIAN_POINT('',(-23.35,-125.,-1.));
#1718 = VECTOR('',#1719,1.);
#1719 = DIRECTION('',(0.,0.,1.));
#1720 = ORIENTED_EDGE('',*,*,#936,.T.);
#1721 = ORIENTED_EDGE('',*,*,#1715,.T.);
#1722 = CYLINDRICAL_SURFACE('',#1723,1.65);
#1723 = AXIS2_PLACEMENT_3D('',#1724,#1725,#1726);
#1724 = CARTESIAN_POINT('',(-25.,-125.,-1.));
#1725 = DIRECTION('',(0.,0.,1.));
#1726 = DIRECTION('',(1.,0.,0.));
#1727 = ADVANCED_FACE('',(#1728),#1739,.F.);
#1728 = FACE_BOUND('',#1729,.F.);
#1729 = EDGE_LOOP('',(#1730,#1731,#1737,#1738));
#1730 = ORIENTED_EDGE('',*,*,#176,.F.);
#1731 = ORIENTED_EDGE('',*,*,#1732,.F.);
#1732 = EDGE_CURVE('',#948,#177,#1733,.T.);
#1733 = LINE('',#1734,#1735);
#1734 = CARTESIAN_POINT('',(-16.75,-109.5,-1.));
#1735 = VECTOR('',#1736,1.);
#1736 = DIRECTION('',(0.,0.,1.));
#1737 = ORIENTED_EDGE('',*,*,#947,.T.);
#1738 = ORIENTED_EDGE('',*,*,#1732,.T.);
#1739 = CYLINDRICAL_SURFACE('',#1740,2.25);
#1740 = AXIS2_PLACEMENT_3D('',#1741,#1742,#1743);
#1741 = CARTESIAN_POINT('',(-19.,-109.5,-1.));
#1742 = DIRECTION('',(0.,0.,1.));
#1743 = DIRECTION('',(1.,0.,0.));
#1744 = ADVANCED_FACE('',(#1745),#1756,.F.);
#1745 = FACE_BOUND('',#1746,.F.);
#1746 = EDGE_LOOP('',(#1747,#1748,#1754,#1755));
#1747 = ORIENTED_EDGE('',*,*,#187,.F.);
#1748 = ORIENTED_EDGE('',*,*,#1749,.F.);
#1749 = EDGE_CURVE('',#959,#188,#1750,.T.);
#1750 = LINE('',#1751,#1752);
#1751 = CARTESIAN_POINT('',(-23.35,-75.,-1.));
#1752 = VECTOR('',#1753,1.);
#1753 = DIRECTION('',(0.,0.,1.));
#1754 = ORIENTED_EDGE('',*,*,#958,.T.);
#1755 = ORIENTED_EDGE('',*,*,#1749,.T.);
#1756 = CYLINDRICAL_SURFACE('',#1757,1.65);
#1757 = AXIS2_PLACEMENT_3D('',#1758,#1759,#1760);
#1758 = CARTESIAN_POINT('',(-25.,-75.,-1.));
#1759 = DIRECTION('',(0.,0.,1.));
#1760 = DIRECTION('',(1.,0.,0.));
#1761 = ADVANCED_FACE('',(#1762),#1773,.F.);
#1762 = FACE_BOUND('',#1763,.F.);
#1763 = EDGE_LOOP('',(#1764,#1765,#1771,#1772));
#1764 = ORIENTED_EDGE('',*,*,#198,.F.);
#1765 = ORIENTED_EDGE('',*,*,#1766,.F.);
#1766 = EDGE_CURVE('',#970,#199,#1767,.T.);
#1767 = LINE('',#1768,#1769);
#1768 = CARTESIAN_POINT('',(-123.35,-25.,-1.));
#1769 = VECTOR('',#1770,1.);
#1770 = DIRECTION('',(0.,0.,1.));
#1771 = ORIENTED_EDGE('',*,*,#969,.T.);
#1772 = ORIENTED_EDGE('',*,*,#1766,.T.);
#1773 = CYLINDRICAL_SURFACE('',#1774,1.65);
#1774 = AXIS2_PLACEMENT_3D('',#1775,#1776,#1777);
#1775 = CARTESIAN_POINT('',(-125.,-25.,-1.));
#1776 = DIRECTION('',(0.,0.,1.));
#1777 = DIRECTION('',(1.,0.,0.));
#1778 = ADVANCED_FACE('',(#1779),#1790,.F.);
#1779 = FACE_BOUND('',#1780,.F.);
#1780 = EDGE_LOOP('',(#1781,#1782,#1788,#1789));
#1781 = ORIENTED_EDGE('',*,*,#209,.F.);
#1782 = ORIENTED_EDGE('',*,*,#1783,.F.);
#1783 = EDGE_CURVE('',#981,#210,#1784,.T.);
#1784 = LINE('',#1785,#1786);
#1785 = CARTESIAN_POINT('',(-107.25,-19.,-1.));
#1786 = VECTOR('',#1787,1.);
#1787 = DIRECTION('',(0.,0.,1.));
#1788 = ORIENTED_EDGE('',*,*,#980,.T.);
#1789 = ORIENTED_EDGE('',*,*,#1783,.T.);
#1790 = CYLINDRICAL_SURFACE('',#1791,2.25);
#1791 = AXIS2_PLACEMENT_3D('',#1792,#1793,#1794);
#1792 = CARTESIAN_POINT('',(-109.5,-19.,-1.));
#1793 = DIRECTION('',(0.,0.,1.));
#1794 = DIRECTION('',(1.,0.,0.));
#1795 = ADVANCED_FACE('',(#1796),#1807,.F.);
#1796 = FACE_BOUND('',#1797,.F.);
#1797 = EDGE_LOOP('',(#1798,#1799,#1805,#1806));
#1798 = ORIENTED_EDGE('',*,*,#220,.F.);
#1799 = ORIENTED_EDGE('',*,*,#1800,.F.);
#1800 = EDGE_CURVE('',#992,#221,#1801,.T.);
#1801 = LINE('',#1802,#1803);
#1802 = CARTESIAN_POINT('',(-73.35,-25.,-1.));
#1803 = VECTOR('',#1804,1.);
#1804 = DIRECTION('',(0.,0.,1.));
#1805 = ORIENTED_EDGE('',*,*,#991,.T.);
#1806 = ORIENTED_EDGE('',*,*,#1800,.T.);
#1807 = CYLINDRICAL_SURFACE('',#1808,1.65);
#1808 = AXIS2_PLACEMENT_3D('',#1809,#1810,#1811);
#1809 = CARTESIAN_POINT('',(-75.,-25.,-1.));
#1810 = DIRECTION('',(0.,0.,1.));
#1811 = DIRECTION('',(1.,0.,0.));
#1812 = ADVANCED_FACE('',(#1813),#1824,.F.);
#1813 = FACE_BOUND('',#1814,.F.);
#1814 = EDGE_LOOP('',(#1815,#1816,#1822,#1823));
#1815 = ORIENTED_EDGE('',*,*,#231,.F.);
#1816 = ORIENTED_EDGE('',*,*,#1817,.F.);
#1817 = EDGE_CURVE('',#1003,#232,#1818,.T.);
#1818 = LINE('',#1819,#1820);
#1819 = CARTESIAN_POINT('',(-23.35,-25.,-1.));
#1820 = VECTOR('',#1821,1.);
#1821 = DIRECTION('',(0.,0.,1.));
#1822 = ORIENTED_EDGE('',*,*,#1002,.T.);
#1823 = ORIENTED_EDGE('',*,*,#1817,.T.);
#1824 = CYLINDRICAL_SURFACE('',#1825,1.65);
#1825 = AXIS2_PLACEMENT_3D('',#1826,#1827,#1828);
#1826 = CARTESIAN_POINT('',(-25.,-25.,-1.));
#1827 = DIRECTION('',(0.,0.,1.));
#1828 = DIRECTION('',(1.,0.,0.));
#1829 = ADVANCED_FACE('',(#1830),#1841,.F.);
#1830 = FACE_BOUND('',#1831,.F.);
#1831 = EDGE_LOOP('',(#1832,#1833,#1839,#1840));
#1832 = ORIENTED_EDGE('',*,*,#242,.F.);
#1833 = ORIENTED_EDGE('',*,*,#1834,.F.);
#1834 = EDGE_CURVE('',#1014,#243,#1835,.T.);
#1835 = LINE('',#1836,#1837);
#1836 = CARTESIAN_POINT('',(3.3,-135.,-1.));
#1837 = VECTOR('',#1838,1.);
#1838 = DIRECTION('',(0.,0.,1.));
#1839 = ORIENTED_EDGE('',*,*,#1013,.T.);
#1840 = ORIENTED_EDGE('',*,*,#1834,.T.);
#1841 = CYLINDRICAL_SURFACE('',#1842,3.3);
#1842 = AXIS2_PLACEMENT_3D('',#1843,#1844,#1845);
#1843 = CARTESIAN_POINT('',(0.,-135.,-1.));
#1844 = DIRECTION('',(0.,0.,1.));
#1845 = DIRECTION('',(1.,0.,0.));
#1846 = ADVANCED_FACE('',(#1847),#1858,.F.);
#1847 = FACE_BOUND('',#1848,.F.);
#1848 = EDGE_LOOP('',(#1849,#1850,#1856,#1857));
#1849 = ORIENTED_EDGE('',*,*,#253,.F.);
#1850 = ORIENTED_EDGE('',*,*,#1851,.F.);
#1851 = EDGE_CURVE('',#1025,#254,#1852,.T.);
#1852 = LINE('',#1853,#1854);
#1853 = CARTESIAN_POINT('',(26.65,-125.,-1.));
#1854 = VECTOR('',#1855,1.);
#1855 = DIRECTION('',(0.,0.,1.));
#1856 = ORIENTED_EDGE('',*,*,#1024,.T.);
#1857 = ORIENTED_EDGE('',*,*,#1851,.T.);
#1858 = CYLINDRICAL_SURFACE('',#1859,1.65);
#1859 = AXIS2_PLACEMENT_3D('',#1860,#1861,#1862);
#1860 = CARTESIAN_POINT('',(25.,-125.,-1.));
#1861 = DIRECTION('',(0.,0.,1.));
#1862 = DIRECTION('',(1.,0.,0.));
#1863 = ADVANCED_FACE('',(#1864),#1880,.F.);
#1864 = FACE_BOUND('',#1865,.F.);
#1865 = EDGE_LOOP('',(#1866,#1867,#1873,#1874));
#1866 = ORIENTED_EDGE('',*,*,#1035,.T.);
#1867 = ORIENTED_EDGE('',*,*,#1868,.T.);
#1868 = EDGE_CURVE('',#1038,#267,#1869,.T.);
#1869 = LINE('',#1870,#1871);
#1870 = CARTESIAN_POINT('',(-12.,-117.,-1.));
#1871 = VECTOR('',#1872,1.);
#1872 = DIRECTION('',(0.,0.,1.));
#1873 = ORIENTED_EDGE('',*,*,#264,.F.);
#1874 = ORIENTED_EDGE('',*,*,#1875,.F.);
#1875 = EDGE_CURVE('',#1036,#265,#1876,.T.);
#1876 = LINE('',#1877,#1878);
#1877 = CARTESIAN_POINT('',(12.,-117.,-1.));
#1878 = VECTOR('',#1879,1.);
#1879 = DIRECTION('',(0.,0.,1.));
#1880 = PLANE('',#1881);
#1881 = AXIS2_PLACEMENT_3D('',#1882,#1883,#1884);
#1882 = CARTESIAN_POINT('',(-12.,-117.,-1.));
#1883 = DIRECTION('',(0.,1.,0.));
#1884 = DIRECTION('',(0.,0.,1.));
#1885 = ADVANCED_FACE('',(#1886),#1899,.F.);
#1886 = FACE_BOUND('',#1887,.F.);
#1887 = EDGE_LOOP('',(#1888,#1889,#1890,#1891,#1897,#1898));
#1888 = ORIENTED_EDGE('',*,*,#1875,.T.);
#1889 = ORIENTED_EDGE('',*,*,#274,.F.);
#1890 = ORIENTED_EDGE('',*,*,#283,.F.);
#1891 = ORIENTED_EDGE('',*,*,#1892,.F.);
#1892 = EDGE_CURVE('',#1055,#284,#1893,.T.);
#1893 = LINE('',#1894,#1895);
#1894 = CARTESIAN_POINT('',(12.,-123.,-1.));
#1895 = VECTOR('',#1896,1.);
#1896 = DIRECTION('',(0.,0.,1.));
#1897 = ORIENTED_EDGE('',*,*,#1054,.T.);
#1898 = ORIENTED_EDGE('',*,*,#1045,.T.);
#1899 = CYLINDRICAL_SURFACE('',#1900,3.);
#1900 = AXIS2_PLACEMENT_3D('',#1901,#1902,#1903);
#1901 = CARTESIAN_POINT('',(12.,-120.,-1.));
#1902 = DIRECTION('',(0.,0.,1.));
#1903 = DIRECTION('',(1.,0.,0.));
#1904 = ADVANCED_FACE('',(#1905),#1916,.F.);
#1905 = FACE_BOUND('',#1906,.F.);
#1906 = EDGE_LOOP('',(#1907,#1908,#1909,#1910));
#1907 = ORIENTED_EDGE('',*,*,#300,.F.);
#1908 = ORIENTED_EDGE('',*,*,#1868,.F.);
#1909 = ORIENTED_EDGE('',*,*,#1071,.T.);
#1910 = ORIENTED_EDGE('',*,*,#1911,.T.);
#1911 = EDGE_CURVE('',#1064,#293,#1912,.T.);
#1912 = LINE('',#1913,#1914);
#1913 = CARTESIAN_POINT('',(-12.,-123.,-1.));
#1914 = VECTOR('',#1915,1.);
#1915 = DIRECTION('',(0.,0.,1.));
#1916 = CYLINDRICAL_SURFACE('',#1917,3.);
#1917 = AXIS2_PLACEMENT_3D('',#1918,#1919,#1920);
#1918 = CARTESIAN_POINT('',(-12.,-120.,-1.));
#1919 = DIRECTION('',(0.,0.,1.));
#1920 = DIRECTION('',(1.,0.,0.));
#1921 = ADVANCED_FACE('',(#1922),#1928,.T.);
#1922 = FACE_BOUND('',#1923,.T.);
#1923 = EDGE_LOOP('',(#1924,#1925,#1926,#1927));
#1924 = ORIENTED_EDGE('',*,*,#1063,.T.);
#1925 = ORIENTED_EDGE('',*,*,#1911,.T.);
#1926 = ORIENTED_EDGE('',*,*,#292,.F.);
#1927 = ORIENTED_EDGE('',*,*,#1892,.F.);
#1928 = PLANE('',#1929);
#1929 = AXIS2_PLACEMENT_3D('',#1930,#1931,#1932);
#1930 = CARTESIAN_POINT('',(-12.,-123.,-1.));
#1931 = DIRECTION('',(0.,1.,0.));
#1932 = DIRECTION('',(0.,0.,1.));
#1933 = ADVANCED_FACE('',(#1934),#1945,.F.);
#1934 = FACE_BOUND('',#1935,.F.);
#1935 = EDGE_LOOP('',(#1936,#1937,#1943,#1944));
#1936 = ORIENTED_EDGE('',*,*,#309,.F.);
#1937 = ORIENTED_EDGE('',*,*,#1938,.F.);
#1938 = EDGE_CURVE('',#1081,#310,#1939,.T.);
#1939 = LINE('',#1940,#1941);
#1940 = CARTESIAN_POINT('',(21.25,-109.5,-1.));
#1941 = VECTOR('',#1942,1.);
#1942 = DIRECTION('',(0.,0.,1.));
#1943 = ORIENTED_EDGE('',*,*,#1080,.T.);
#1944 = ORIENTED_EDGE('',*,*,#1938,.T.);
#1945 = CYLINDRICAL_SURFACE('',#1946,2.25);
#1946 = AXIS2_PLACEMENT_3D('',#1947,#1948,#1949);
#1947 = CARTESIAN_POINT('',(19.,-109.5,-1.));
#1948 = DIRECTION('',(0.,0.,1.));
#1949 = DIRECTION('',(1.,0.,0.));
#1950 = ADVANCED_FACE('',(#1951),#1962,.F.);
#1951 = FACE_BOUND('',#1952,.F.);
#1952 = EDGE_LOOP('',(#1953,#1954,#1960,#1961));
#1953 = ORIENTED_EDGE('',*,*,#320,.F.);
#1954 = ORIENTED_EDGE('',*,*,#1955,.F.);
#1955 = EDGE_CURVE('',#1092,#321,#1956,.T.);
#1956 = LINE('',#1957,#1958);
#1957 = CARTESIAN_POINT('',(26.65,-75.,-1.));
#1958 = VECTOR('',#1959,1.);
#1959 = DIRECTION('',(0.,0.,1.));
#1960 = ORIENTED_EDGE('',*,*,#1091,.T.);
#1961 = ORIENTED_EDGE('',*,*,#1955,.T.);
#1962 = CYLINDRICAL_SURFACE('',#1963,1.65);
#1963 = AXIS2_PLACEMENT_3D('',#1964,#1965,#1966);
#1964 = CARTESIAN_POINT('',(25.,-75.,-1.));
#1965 = DIRECTION('',(0.,0.,1.));
#1966 = DIRECTION('',(1.,0.,0.));
#1967 = ADVANCED_FACE('',(#1968),#1979,.F.);
#1968 = FACE_BOUND('',#1969,.F.);
#1969 = EDGE_LOOP('',(#1970,#1971,#1977,#1978));
#1970 = ORIENTED_EDGE('',*,*,#331,.F.);
#1971 = ORIENTED_EDGE('',*,*,#1972,.F.);
#1972 = EDGE_CURVE('',#1103,#332,#1973,.T.);
#1973 = LINE('',#1974,#1975);
#1974 = CARTESIAN_POINT('',(76.65,-125.,-1.));
#1975 = VECTOR('',#1976,1.);
#1976 = DIRECTION('',(0.,0.,1.));
#1977 = ORIENTED_EDGE('',*,*,#1102,.T.);
#1978 = ORIENTED_EDGE('',*,*,#1972,.T.);
#1979 = CYLINDRICAL_SURFACE('',#1980,1.65);
#1980 = AXIS2_PLACEMENT_3D('',#1981,#1982,#1983);
#1981 = CARTESIAN_POINT('',(75.,-125.,-1.));
#1982 = DIRECTION('',(0.,0.,1.));
#1983 = DIRECTION('',(1.,0.,0.));
#1984 = ADVANCED_FACE('',(#1985),#1996,.F.);
#1985 = FACE_BOUND('',#1986,.F.);
#1986 = EDGE_LOOP('',(#1987,#1988,#1994,#1995));
#1987 = ORIENTED_EDGE('',*,*,#342,.F.);
#1988 = ORIENTED_EDGE('',*,*,#1989,.F.);
#1989 = EDGE_CURVE('',#1114,#343,#1990,.T.);
#1990 = LINE('',#1991,#1992);
#1991 = CARTESIAN_POINT('',(123.3,-135.,-1.));
#1992 = VECTOR('',#1993,1.);
#1993 = DIRECTION('',(0.,0.,1.));
#1994 = ORIENTED_EDGE('',*,*,#1113,.T.);
#1995 = ORIENTED_EDGE('',*,*,#1989,.T.);
#1996 = CYLINDRICAL_SURFACE('',#1997,3.3);
#1997 = AXIS2_PLACEMENT_3D('',#1998,#1999,#2000);
#1998 = CARTESIAN_POINT('',(120.,-135.,-1.));
#1999 = DIRECTION('',(0.,0.,1.));
#2000 = DIRECTION('',(1.,0.,0.));
#2001 = ADVANCED_FACE('',(#2002),#2013,.F.);
#2002 = FACE_BOUND('',#2003,.F.);
#2003 = EDGE_LOOP('',(#2004,#2005,#2011,#2012));
#2004 = ORIENTED_EDGE('',*,*,#353,.F.);
#2005 = ORIENTED_EDGE('',*,*,#2006,.F.);
#2006 = EDGE_CURVE('',#1125,#354,#2007,.T.);
#2007 = LINE('',#2008,#2009);
#2008 = CARTESIAN_POINT('',(126.65,-125.,-1.));
#2009 = VECTOR('',#2010,1.);
#2010 = DIRECTION('',(0.,0.,1.));
#2011 = ORIENTED_EDGE('',*,*,#1124,.T.);
#2012 = ORIENTED_EDGE('',*,*,#2006,.T.);
#2013 = CYLINDRICAL_SURFACE('',#2014,1.65);
#2014 = AXIS2_PLACEMENT_3D('',#2015,#2016,#2017);
#2015 = CARTESIAN_POINT('',(125.,-125.,-1.));
#2016 = DIRECTION('',(0.,0.,1.));
#2017 = DIRECTION('',(1.,0.,0.));
#2018 = ADVANCED_FACE('',(#2019),#2030,.F.);
#2019 = FACE_BOUND('',#2020,.F.);
#2020 = EDGE_LOOP('',(#2021,#2022,#2028,#2029));
#2021 = ORIENTED_EDGE('',*,*,#364,.F.);
#2022 = ORIENTED_EDGE('',*,*,#2023,.F.);
#2023 = EDGE_CURVE('',#1136,#365,#2024,.T.);
#2024 = LINE('',#2025,#2026);
#2025 = CARTESIAN_POINT('',(76.65,-75.,-1.));
#2026 = VECTOR('',#2027,1.);
#2027 = DIRECTION('',(0.,0.,1.));
#2028 = ORIENTED_EDGE('',*,*,#1135,.T.);
#2029 = ORIENTED_EDGE('',*,*,#2023,.T.);
#2030 = CYLINDRICAL_SURFACE('',#2031,1.65);
#2031 = AXIS2_PLACEMENT_3D('',#2032,#2033,#2034);
#2032 = CARTESIAN_POINT('',(75.,-75.,-1.));
#2033 = DIRECTION('',(0.,0.,1.));
#2034 = DIRECTION('',(1.,0.,0.));
#2035 = ADVANCED_FACE('',(#2036),#2047,.F.);
#2036 = FACE_BOUND('',#2037,.F.);
#2037 = EDGE_LOOP('',(#2038,#2039,#2045,#2046));
#2038 = ORIENTED_EDGE('',*,*,#375,.F.);
#2039 = ORIENTED_EDGE('',*,*,#2040,.F.);
#2040 = EDGE_CURVE('',#1147,#376,#2041,.T.);
#2041 = LINE('',#2042,#2043);
#2042 = CARTESIAN_POINT('',(126.65,-75.,-1.));
#2043 = VECTOR('',#2044,1.);
#2044 = DIRECTION('',(0.,0.,1.));
#2045 = ORIENTED_EDGE('',*,*,#1146,.T.);
#2046 = ORIENTED_EDGE('',*,*,#2040,.T.);
#2047 = CYLINDRICAL_SURFACE('',#2048,1.65);
#2048 = AXIS2_PLACEMENT_3D('',#2049,#2050,#2051);
#2049 = CARTESIAN_POINT('',(125.,-75.,-1.));
#2050 = DIRECTION('',(0.,0.,1.));
#2051 = DIRECTION('',(1.,0.,0.));
#2052 = ADVANCED_FACE('',(#2053),#2064,.F.);
#2053 = FACE_BOUND('',#2054,.F.);
#2054 = EDGE_LOOP('',(#2055,#2056,#2062,#2063));
#2055 = ORIENTED_EDGE('',*,*,#386,.F.);
#2056 = ORIENTED_EDGE('',*,*,#2057,.F.);
#2057 = EDGE_CURVE('',#1158,#387,#2058,.T.);
#2058 = LINE('',#2059,#2060);
#2059 = CARTESIAN_POINT('',(26.65,-25.,-1.));
#2060 = VECTOR('',#2061,1.);
#2061 = DIRECTION('',(0.,0.,1.));
#2062 = ORIENTED_EDGE('',*,*,#1157,.T.);
#2063 = ORIENTED_EDGE('',*,*,#2057,.T.);
#2064 = CYLINDRICAL_SURFACE('',#2065,1.65);
#2065 = AXIS2_PLACEMENT_3D('',#2066,#2067,#2068);
#2066 = CARTESIAN_POINT('',(25.,-25.,-1.));
#2067 = DIRECTION('',(0.,0.,1.));
#2068 = DIRECTION('',(1.,0.,0.));
#2069 = ADVANCED_FACE('',(#2070),#2081,.F.);
#2070 = FACE_BOUND('',#2071,.F.);
#2071 = EDGE_LOOP('',(#2072,#2073,#2079,#2080));
#2072 = ORIENTED_EDGE('',*,*,#397,.F.);
#2073 = ORIENTED_EDGE('',*,*,#2074,.F.);
#2074 = EDGE_CURVE('',#1169,#398,#2075,.T.);
#2075 = LINE('',#2076,#2077);
#2076 = CARTESIAN_POINT('',(76.65,-25.,-1.));
#2077 = VECTOR('',#2078,1.);
#2078 = DIRECTION('',(0.,0.,1.));
#2079 = ORIENTED_EDGE('',*,*,#1168,.T.);
#2080 = ORIENTED_EDGE('',*,*,#2074,.T.);
#2081 = CYLINDRICAL_SURFACE('',#2082,1.65);
#2082 = AXIS2_PLACEMENT_3D('',#2083,#2084,#2085);
#2083 = CARTESIAN_POINT('',(75.,-25.,-1.));
#2084 = DIRECTION('',(0.,0.,1.));
#2085 = DIRECTION('',(1.,0.,0.));
#2086 = ADVANCED_FACE('',(#2087),#2098,.F.);
#2087 = FACE_BOUND('',#2088,.F.);
#2088 = EDGE_LOOP('',(#2089,#2090,#2096,#2097));
#2089 = ORIENTED_EDGE('',*,*,#408,.F.);
#2090 = ORIENTED_EDGE('',*,*,#2091,.F.);
#2091 = EDGE_CURVE('',#1180,#409,#2092,.T.);
#2092 = LINE('',#2093,#2094);
#2093 = CARTESIAN_POINT('',(111.75,-19.,-1.));
#2094 = VECTOR('',#2095,1.);
#2095 = DIRECTION('',(0.,0.,1.));
#2096 = ORIENTED_EDGE('',*,*,#1179,.T.);
#2097 = ORIENTED_EDGE('',*,*,#2091,.T.);
#2098 = CYLINDRICAL_SURFACE('',#2099,2.25);
#2099 = AXIS2_PLACEMENT_3D('',#2100,#2101,#2102);
#2100 = CARTESIAN_POINT('',(109.5,-19.,-1.));
#2101 = DIRECTION('',(0.,0.,1.));
#2102 = DIRECTION('',(1.,0.,0.));
#2103 = ADVANCED_FACE('',(#2104),#2115,.F.);
#2104 = FACE_BOUND('',#2105,.F.);
#2105 = EDGE_LOOP('',(#2106,#2107,#2113,#2114));
#2106 = ORIENTED_EDGE('',*,*,#419,.F.);
#2107 = ORIENTED_EDGE('',*,*,#2108,.F.);
#2108 = EDGE_CURVE('',#1191,#420,#2109,.T.);
#2109 = LINE('',#2110,#2111);
#2110 = CARTESIAN_POINT('',(126.65,-25.,-1.));
#2111 = VECTOR('',#2112,1.);
#2112 = DIRECTION('',(0.,0.,1.));
#2113 = ORIENTED_EDGE('',*,*,#1190,.T.);
#2114 = ORIENTED_EDGE('',*,*,#2108,.T.);
#2115 = CYLINDRICAL_SURFACE('',#2116,1.65);
#2116 = AXIS2_PLACEMENT_3D('',#2117,#2118,#2119);
#2117 = CARTESIAN_POINT('',(125.,-25.,-1.));
#2118 = DIRECTION('',(0.,0.,1.));
#2119 = DIRECTION('',(1.,0.,0.));
#2120 = ADVANCED_FACE('',(#2121),#2137,.F.);
#2121 = FACE_BOUND('',#2122,.F.);
#2122 = EDGE_LOOP('',(#2123,#2124,#2130,#2131));
#2123 = ORIENTED_EDGE('',*,*,#1201,.T.);
#2124 = ORIENTED_EDGE('',*,*,#2125,.T.);
#2125 = EDGE_CURVE('',#1204,#433,#2126,.T.);
#2126 = LINE('',#2127,#2128);
#2127 = CARTESIAN_POINT('',(-123.,-12.,-1.));
#2128 = VECTOR('',#2129,1.);
#2129 = DIRECTION('',(0.,0.,1.));
#2130 = ORIENTED_EDGE('',*,*,#430,.F.);
#2131 = ORIENTED_EDGE('',*,*,#2132,.F.);
#2132 = EDGE_CURVE('',#1202,#431,#2133,.T.);
#2133 = LINE('',#2134,#2135);
#2134 = CARTESIAN_POINT('',(-123.,12.,-1.));
#2135 = VECTOR('',#2136,1.);
#2136 = DIRECTION('',(0.,0.,1.));
#2137 = PLANE('',#2138);
#2138 = AXIS2_PLACEMENT_3D('',#2139,#2140,#2141);
#2139 = CARTESIAN_POINT('',(-123.,-12.,-1.));
#2140 = DIRECTION('',(-1.,1.110223024625E-16,0.));
#2141 = DIRECTION('',(0.,0.,1.));
#2142 = ADVANCED_FACE('',(#2143),#2156,.F.);
#2143 = FACE_BOUND('',#2144,.F.);
#2144 = EDGE_LOOP('',(#2145,#2146,#2147,#2148,#2154,#2155));
#2145 = ORIENTED_EDGE('',*,*,#2132,.T.);
#2146 = ORIENTED_EDGE('',*,*,#440,.F.);
#2147 = ORIENTED_EDGE('',*,*,#449,.F.);
#2148 = ORIENTED_EDGE('',*,*,#2149,.F.);
#2149 = EDGE_CURVE('',#1221,#450,#2150,.T.);
#2150 = LINE('',#2151,#2152);
#2151 = CARTESIAN_POINT('',(-117.,12.,-1.));
#2152 = VECTOR('',#2153,1.);
#2153 = DIRECTION('',(0.,0.,1.));
#2154 = ORIENTED_EDGE('',*,*,#1220,.T.);
#2155 = ORIENTED_EDGE('',*,*,#1211,.T.);
#2156 = CYLINDRICAL_SURFACE('',#2157,3.);
#2157 = AXIS2_PLACEMENT_3D('',#2158,#2159,#2160);
#2158 = CARTESIAN_POINT('',(-120.,12.,-1.));
#2159 = DIRECTION('',(0.,0.,1.));
#2160 = DIRECTION('',(1.110223024625E-16,1.,0.));
#2161 = ADVANCED_FACE('',(#2162),#2173,.F.);
#2162 = FACE_BOUND('',#2163,.F.);
#2163 = EDGE_LOOP('',(#2164,#2165,#2166,#2167));
#2164 = ORIENTED_EDGE('',*,*,#466,.F.);
#2165 = ORIENTED_EDGE('',*,*,#2125,.F.);
#2166 = ORIENTED_EDGE('',*,*,#1237,.T.);
#2167 = ORIENTED_EDGE('',*,*,#2168,.T.);
#2168 = EDGE_CURVE('',#1230,#459,#2169,.T.);
#2169 = LINE('',#2170,#2171);
#2170 = CARTESIAN_POINT('',(-117.,-12.,-1.));
#2171 = VECTOR('',#2172,1.);
#2172 = DIRECTION('',(0.,0.,1.));
#2173 = CYLINDRICAL_SURFACE('',#2174,3.);
#2174 = AXIS2_PLACEMENT_3D('',#2175,#2176,#2177);
#2175 = CARTESIAN_POINT('',(-120.,-12.,-1.));
#2176 = DIRECTION('',(0.,0.,1.));
#2177 = DIRECTION('',(1.110223024625E-16,1.,0.));
#2178 = ADVANCED_FACE('',(#2179),#2185,.T.);
#2179 = FACE_BOUND('',#2180,.T.);
#2180 = EDGE_LOOP('',(#2181,#2182,#2183,#2184));
#2181 = ORIENTED_EDGE('',*,*,#1229,.T.);
#2182 = ORIENTED_EDGE('',*,*,#2168,.T.);
#2183 = ORIENTED_EDGE('',*,*,#458,.F.);
#2184 = ORIENTED_EDGE('',*,*,#2149,.F.);
#2185 = PLANE('',#2186);
#2186 = AXIS2_PLACEMENT_3D('',#2187,#2188,#2189);
#2187 = CARTESIAN_POINT('',(-117.,-12.,-1.));
#2188 = DIRECTION('',(-1.,1.110223024625E-16,0.));
#2189 = DIRECTION('',(0.,0.,1.));
#2190 = ADVANCED_FACE('',(#2191),#2202,.F.);
#2191 = FACE_BOUND('',#2192,.F.);
#2192 = EDGE_LOOP('',(#2193,#2194,#2200,#2201));
#2193 = ORIENTED_EDGE('',*,*,#475,.F.);
#2194 = ORIENTED_EDGE('',*,*,#2195,.F.);
#2195 = EDGE_CURVE('',#1247,#476,#2196,.T.);
#2196 = LINE('',#2197,#2198);
#2197 = CARTESIAN_POINT('',(-123.35,25.,-1.));
#2198 = VECTOR('',#2199,1.);
#2199 = DIRECTION('',(0.,0.,1.));
#2200 = ORIENTED_EDGE('',*,*,#1246,.T.);
#2201 = ORIENTED_EDGE('',*,*,#2195,.T.);
#2202 = CYLINDRICAL_SURFACE('',#2203,1.65);
#2203 = AXIS2_PLACEMENT_3D('',#2204,#2205,#2206);
#2204 = CARTESIAN_POINT('',(-125.,25.,-1.));
#2205 = DIRECTION('',(0.,0.,1.));
#2206 = DIRECTION('',(1.,0.,0.));
#2207 = ADVANCED_FACE('',(#2208),#2219,.F.);
#2208 = FACE_BOUND('',#2209,.F.);
#2209 = EDGE_LOOP('',(#2210,#2211,#2217,#2218));
#2210 = ORIENTED_EDGE('',*,*,#486,.F.);
#2211 = ORIENTED_EDGE('',*,*,#2212,.F.);
#2212 = EDGE_CURVE('',#1258,#487,#2213,.T.);
#2213 = LINE('',#2214,#2215);
#2214 = CARTESIAN_POINT('',(-107.25,19.,-1.));
#2215 = VECTOR('',#2216,1.);
#2216 = DIRECTION('',(0.,0.,1.));
#2217 = ORIENTED_EDGE('',*,*,#1257,.T.);
#2218 = ORIENTED_EDGE('',*,*,#2212,.T.);
#2219 = CYLINDRICAL_SURFACE('',#2220,2.25);
#2220 = AXIS2_PLACEMENT_3D('',#2221,#2222,#2223);
#2221 = CARTESIAN_POINT('',(-109.5,19.,-1.));
#2222 = DIRECTION('',(0.,0.,1.));
#2223 = DIRECTION('',(1.,0.,0.));
#2224 = ADVANCED_FACE('',(#2225),#2236,.F.);
#2225 = FACE_BOUND('',#2226,.F.);
#2226 = EDGE_LOOP('',(#2227,#2228,#2234,#2235));
#2227 = ORIENTED_EDGE('',*,*,#497,.F.);
#2228 = ORIENTED_EDGE('',*,*,#2229,.F.);
#2229 = EDGE_CURVE('',#1269,#498,#2230,.T.);
#2230 = LINE('',#2231,#2232);
#2231 = CARTESIAN_POINT('',(-73.35,25.,-1.));
#2232 = VECTOR('',#2233,1.);
#2233 = DIRECTION('',(0.,0.,1.));
#2234 = ORIENTED_EDGE('',*,*,#1268,.T.);
#2235 = ORIENTED_EDGE('',*,*,#2229,.T.);
#2236 = CYLINDRICAL_SURFACE('',#2237,1.65);
#2237 = AXIS2_PLACEMENT_3D('',#2238,#2239,#2240);
#2238 = CARTESIAN_POINT('',(-75.,25.,-1.));
#2239 = DIRECTION('',(0.,0.,1.));
#2240 = DIRECTION('',(1.,0.,0.));
#2241 = ADVANCED_FACE('',(#2242),#2253,.F.);
#2242 = FACE_BOUND('',#2243,.F.);
#2243 = EDGE_LOOP('',(#2244,#2245,#2251,#2252));
#2244 = ORIENTED_EDGE('',*,*,#508,.F.);
#2245 = ORIENTED_EDGE('',*,*,#2246,.F.);
#2246 = EDGE_CURVE('',#1280,#509,#2247,.T.);
#2247 = LINE('',#2248,#2249);
#2248 = CARTESIAN_POINT('',(-23.35,25.,-1.));
#2249 = VECTOR('',#2250,1.);
#2250 = DIRECTION('',(0.,0.,1.));
#2251 = ORIENTED_EDGE('',*,*,#1279,.T.);
#2252 = ORIENTED_EDGE('',*,*,#2246,.T.);
#2253 = CYLINDRICAL_SURFACE('',#2254,1.65);
#2254 = AXIS2_PLACEMENT_3D('',#2255,#2256,#2257);
#2255 = CARTESIAN_POINT('',(-25.,25.,-1.));
#2256 = DIRECTION('',(0.,0.,1.));
#2257 = DIRECTION('',(1.,0.,0.));
#2258 = ADVANCED_FACE('',(#2259),#2270,.F.);
#2259 = FACE_BOUND('',#2260,.F.);
#2260 = EDGE_LOOP('',(#2261,#2262,#2268,#2269));
#2261 = ORIENTED_EDGE('',*,*,#519,.F.);
#2262 = ORIENTED_EDGE('',*,*,#2263,.F.);
#2263 = EDGE_CURVE('',#1291,#520,#2264,.T.);
#2264 = LINE('',#2265,#2266);
#2265 = CARTESIAN_POINT('',(-123.35,75.,-1.));
#2266 = VECTOR('',#2267,1.);
#2267 = DIRECTION('',(0.,0.,1.));
#2268 = ORIENTED_EDGE('',*,*,#1290,.T.);
#2269 = ORIENTED_EDGE('',*,*,#2263,.T.);
#2270 = CYLINDRICAL_SURFACE('',#2271,1.65);
#2271 = AXIS2_PLACEMENT_3D('',#2272,#2273,#2274);
#2272 = CARTESIAN_POINT('',(-125.,75.,-1.));
#2273 = DIRECTION('',(0.,0.,1.));
#2274 = DIRECTION('',(1.,0.,0.));
#2275 = ADVANCED_FACE('',(#2276),#2287,.F.);
#2276 = FACE_BOUND('',#2277,.F.);
#2277 = EDGE_LOOP('',(#2278,#2279,#2285,#2286));
#2278 = ORIENTED_EDGE('',*,*,#530,.F.);
#2279 = ORIENTED_EDGE('',*,*,#2280,.F.);
#2280 = EDGE_CURVE('',#1302,#531,#2281,.T.);
#2281 = LINE('',#2282,#2283);
#2282 = CARTESIAN_POINT('',(-73.35,75.,-1.));
#2283 = VECTOR('',#2284,1.);
#2284 = DIRECTION('',(0.,0.,1.));
#2285 = ORIENTED_EDGE('',*,*,#1301,.T.);
#2286 = ORIENTED_EDGE('',*,*,#2280,.T.);
#2287 = CYLINDRICAL_SURFACE('',#2288,1.65);
#2288 = AXIS2_PLACEMENT_3D('',#2289,#2290,#2291);
#2289 = CARTESIAN_POINT('',(-75.,75.,-1.));
#2290 = DIRECTION('',(0.,0.,1.));
#2291 = DIRECTION('',(1.,0.,0.));
#2292 = ADVANCED_FACE('',(#2293),#2304,.F.);
#2293 = FACE_BOUND('',#2294,.F.);
#2294 = EDGE_LOOP('',(#2295,#2296,#2302,#2303));
#2295 = ORIENTED_EDGE('',*,*,#541,.F.);
#2296 = ORIENTED_EDGE('',*,*,#2297,.F.);
#2297 = EDGE_CURVE('',#1313,#542,#2298,.T.);
#2298 = LINE('',#2299,#2300);
#2299 = CARTESIAN_POINT('',(-123.35,125.,-1.));
#2300 = VECTOR('',#2301,1.);
#2301 = DIRECTION('',(0.,0.,1.));
#2302 = ORIENTED_EDGE('',*,*,#1312,.T.);
#2303 = ORIENTED_EDGE('',*,*,#2297,.T.);
#2304 = CYLINDRICAL_SURFACE('',#2305,1.65);
#2305 = AXIS2_PLACEMENT_3D('',#2306,#2307,#2308);
#2306 = CARTESIAN_POINT('',(-125.,125.,-1.));
#2307 = DIRECTION('',(0.,0.,1.));
#2308 = DIRECTION('',(1.,0.,0.));
#2309 = ADVANCED_FACE('',(#2310),#2321,.F.);
#2310 = FACE_BOUND('',#2311,.F.);
#2311 = EDGE_LOOP('',(#2312,#2313,#2319,#2320));
#2312 = ORIENTED_EDGE('',*,*,#552,.F.);
#2313 = ORIENTED_EDGE('',*,*,#2314,.F.);
#2314 = EDGE_CURVE('',#1324,#553,#2315,.T.);
#2315 = LINE('',#2316,#2317);
#2316 = CARTESIAN_POINT('',(-116.7,135.,-1.));
#2317 = VECTOR('',#2318,1.);
#2318 = DIRECTION('',(0.,0.,1.));
#2319 = ORIENTED_EDGE('',*,*,#1323,.T.);
#2320 = ORIENTED_EDGE('',*,*,#2314,.T.);
#2321 = CYLINDRICAL_SURFACE('',#2322,3.3);
#2322 = AXIS2_PLACEMENT_3D('',#2323,#2324,#2325);
#2323 = CARTESIAN_POINT('',(-120.,135.,-1.));
#2324 = DIRECTION('',(0.,0.,1.));
#2325 = DIRECTION('',(1.,0.,0.));
#2326 = ADVANCED_FACE('',(#2327),#2338,.F.);
#2327 = FACE_BOUND('',#2328,.F.);
#2328 = EDGE_LOOP('',(#2329,#2330,#2336,#2337));
#2329 = ORIENTED_EDGE('',*,*,#563,.F.);
#2330 = ORIENTED_EDGE('',*,*,#2331,.F.);
#2331 = EDGE_CURVE('',#1335,#564,#2332,.T.);
#2332 = LINE('',#2333,#2334);
#2333 = CARTESIAN_POINT('',(-73.35,125.,-1.));
#2334 = VECTOR('',#2335,1.);
#2335 = DIRECTION('',(0.,0.,1.));
#2336 = ORIENTED_EDGE('',*,*,#1334,.T.);
#2337 = ORIENTED_EDGE('',*,*,#2331,.T.);
#2338 = CYLINDRICAL_SURFACE('',#2339,1.65);
#2339 = AXIS2_PLACEMENT_3D('',#2340,#2341,#2342);
#2340 = CARTESIAN_POINT('',(-75.,125.,-1.));
#2341 = DIRECTION('',(0.,0.,1.));
#2342 = DIRECTION('',(1.,0.,0.));
#2343 = ADVANCED_FACE('',(#2344),#2355,.F.);
#2344 = FACE_BOUND('',#2345,.F.);
#2345 = EDGE_LOOP('',(#2346,#2347,#2353,#2354));
#2346 = ORIENTED_EDGE('',*,*,#574,.F.);
#2347 = ORIENTED_EDGE('',*,*,#2348,.F.);
#2348 = EDGE_CURVE('',#1346,#575,#2349,.T.);
#2349 = LINE('',#2350,#2351);
#2350 = CARTESIAN_POINT('',(-23.35,75.,-1.));
#2351 = VECTOR('',#2352,1.);
#2352 = DIRECTION('',(0.,0.,1.));
#2353 = ORIENTED_EDGE('',*,*,#1345,.T.);
#2354 = ORIENTED_EDGE('',*,*,#2348,.T.);
#2355 = CYLINDRICAL_SURFACE('',#2356,1.65);
#2356 = AXIS2_PLACEMENT_3D('',#2357,#2358,#2359);
#2357 = CARTESIAN_POINT('',(-25.,75.,-1.));
#2358 = DIRECTION('',(0.,0.,1.));
#2359 = DIRECTION('',(1.,0.,0.));
#2360 = ADVANCED_FACE('',(#2361),#2372,.F.);
#2361 = FACE_BOUND('',#2362,.F.);
#2362 = EDGE_LOOP('',(#2363,#2364,#2370,#2371));
#2363 = ORIENTED_EDGE('',*,*,#585,.F.);
#2364 = ORIENTED_EDGE('',*,*,#2365,.F.);
#2365 = EDGE_CURVE('',#1357,#586,#2366,.T.);
#2366 = LINE('',#2367,#2368);
#2367 = CARTESIAN_POINT('',(-16.75,109.5,-1.));
#2368 = VECTOR('',#2369,1.);
#2369 = DIRECTION('',(0.,0.,1.));
#2370 = ORIENTED_EDGE('',*,*,#1356,.T.);
#2371 = ORIENTED_EDGE('',*,*,#2365,.T.);
#2372 = CYLINDRICAL_SURFACE('',#2373,2.25);
#2373 = AXIS2_PLACEMENT_3D('',#2374,#2375,#2376);
#2374 = CARTESIAN_POINT('',(-19.,109.5,-1.));
#2375 = DIRECTION('',(0.,0.,1.));
#2376 = DIRECTION('',(1.,0.,0.));
#2377 = ADVANCED_FACE('',(#2378),#2389,.F.);
#2378 = FACE_BOUND('',#2379,.F.);
#2379 = EDGE_LOOP('',(#2380,#2381,#2387,#2388));
#2380 = ORIENTED_EDGE('',*,*,#596,.F.);
#2381 = ORIENTED_EDGE('',*,*,#2382,.F.);
#2382 = EDGE_CURVE('',#1368,#597,#2383,.T.);
#2383 = LINE('',#2384,#2385);
#2384 = CARTESIAN_POINT('',(-23.35,125.,-1.));
#2385 = VECTOR('',#2386,1.);
#2386 = DIRECTION('',(0.,0.,1.));
#2387 = ORIENTED_EDGE('',*,*,#1367,.T.);
#2388 = ORIENTED_EDGE('',*,*,#2382,.T.);
#2389 = CYLINDRICAL_SURFACE('',#2390,1.65);
#2390 = AXIS2_PLACEMENT_3D('',#2391,#2392,#2393);
#2391 = CARTESIAN_POINT('',(-25.,125.,-1.));
#2392 = DIRECTION('',(0.,0.,1.));
#2393 = DIRECTION('',(1.,0.,0.));
#2394 = ADVANCED_FACE('',(#2395),#2406,.F.);
#2395 = FACE_BOUND('',#2396,.F.);
#2396 = EDGE_LOOP('',(#2397,#2398,#2404,#2405));
#2397 = ORIENTED_EDGE('',*,*,#607,.F.);
#2398 = ORIENTED_EDGE('',*,*,#2399,.F.);
#2399 = EDGE_CURVE('',#1379,#608,#2400,.T.);
#2400 = LINE('',#2401,#2402);
#2401 = CARTESIAN_POINT('',(26.65,25.,-1.));
#2402 = VECTOR('',#2403,1.);
#2403 = DIRECTION('',(0.,0.,1.));
#2404 = ORIENTED_EDGE('',*,*,#1378,.T.);
#2405 = ORIENTED_EDGE('',*,*,#2399,.T.);
#2406 = CYLINDRICAL_SURFACE('',#2407,1.65);
#2407 = AXIS2_PLACEMENT_3D('',#2408,#2409,#2410);
#2408 = CARTESIAN_POINT('',(25.,25.,-1.));
#2409 = DIRECTION('',(0.,0.,1.));
#2410 = DIRECTION('',(1.,0.,0.));
#2411 = ADVANCED_FACE('',(#2412),#2423,.F.);
#2412 = FACE_BOUND('',#2413,.F.);
#2413 = EDGE_LOOP('',(#2414,#2415,#2421,#2422));
#2414 = ORIENTED_EDGE('',*,*,#618,.F.);
#2415 = ORIENTED_EDGE('',*,*,#2416,.F.);
#2416 = EDGE_CURVE('',#1390,#619,#2417,.T.);
#2417 = LINE('',#2418,#2419);
#2418 = CARTESIAN_POINT('',(76.65,25.,-1.));
#2419 = VECTOR('',#2420,1.);
#2420 = DIRECTION('',(0.,0.,1.));
#2421 = ORIENTED_EDGE('',*,*,#1389,.T.);
#2422 = ORIENTED_EDGE('',*,*,#2416,.T.);
#2423 = CYLINDRICAL_SURFACE('',#2424,1.65);
#2424 = AXIS2_PLACEMENT_3D('',#2425,#2426,#2427);
#2425 = CARTESIAN_POINT('',(75.,25.,-1.));
#2426 = DIRECTION('',(0.,0.,1.));
#2427 = DIRECTION('',(1.,0.,0.));
#2428 = ADVANCED_FACE('',(#2429),#2445,.F.);
#2429 = FACE_BOUND('',#2430,.F.);
#2430 = EDGE_LOOP('',(#2431,#2432,#2438,#2439));
#2431 = ORIENTED_EDGE('',*,*,#1400,.T.);
#2432 = ORIENTED_EDGE('',*,*,#2433,.T.);
#2433 = EDGE_CURVE('',#1403,#632,#2434,.T.);
#2434 = LINE('',#2435,#2436);
#2435 = CARTESIAN_POINT('',(117.,-12.,-1.));
#2436 = VECTOR('',#2437,1.);
#2437 = DIRECTION('',(0.,0.,1.));
#2438 = ORIENTED_EDGE('',*,*,#629,.F.);
#2439 = ORIENTED_EDGE('',*,*,#2440,.F.);
#2440 = EDGE_CURVE('',#1401,#630,#2441,.T.);
#2441 = LINE('',#2442,#2443);
#2442 = CARTESIAN_POINT('',(117.,12.,-1.));
#2443 = VECTOR('',#2444,1.);
#2444 = DIRECTION('',(0.,0.,1.));
#2445 = PLANE('',#2446);
#2446 = AXIS2_PLACEMENT_3D('',#2447,#2448,#2449);
#2447 = CARTESIAN_POINT('',(117.,-12.,-1.));
#2448 = DIRECTION('',(-1.,1.110223024625E-16,0.));
#2449 = DIRECTION('',(0.,0.,1.));
#2450 = ADVANCED_FACE('',(#2451),#2464,.F.);
#2451 = FACE_BOUND('',#2452,.F.);
#2452 = EDGE_LOOP('',(#2453,#2454,#2455,#2456,#2462,#2463));
#2453 = ORIENTED_EDGE('',*,*,#2440,.T.);
#2454 = ORIENTED_EDGE('',*,*,#639,.F.);
#2455 = ORIENTED_EDGE('',*,*,#648,.F.);
#2456 = ORIENTED_EDGE('',*,*,#2457,.F.);
#2457 = EDGE_CURVE('',#1420,#649,#2458,.T.);
#2458 = LINE('',#2459,#2460);
#2459 = CARTESIAN_POINT('',(123.,12.,-1.));
#2460 = VECTOR('',#2461,1.);
#2461 = DIRECTION('',(0.,0.,1.));
#2462 = ORIENTED_EDGE('',*,*,#1419,.T.);
#2463 = ORIENTED_EDGE('',*,*,#1410,.T.);
#2464 = CYLINDRICAL_SURFACE('',#2465,3.);
#2465 = AXIS2_PLACEMENT_3D('',#2466,#2467,#2468);
#2466 = CARTESIAN_POINT('',(120.,12.,-1.));
#2467 = DIRECTION('',(0.,0.,1.));
#2468 = DIRECTION('',(1.110223024625E-16,1.,0.));
#2469 = ADVANCED_FACE('',(#2470),#2481,.F.);
#2470 = FACE_BOUND('',#2471,.F.);
#2471 = EDGE_LOOP('',(#2472,#2473,#2474,#2475));
#2472 = ORIENTED_EDGE('',*,*,#665,.F.);
#2473 = ORIENTED_EDGE('',*,*,#2433,.F.);
#2474 = ORIENTED_EDGE('',*,*,#1436,.T.);
#2475 = ORIENTED_EDGE('',*,*,#2476,.T.);
#2476 = EDGE_CURVE('',#1429,#658,#2477,.T.);
#2477 = LINE('',#2478,#2479);
#2478 = CARTESIAN_POINT('',(123.,-12.,-1.));
#2479 = VECTOR('',#2480,1.);
#2480 = DIRECTION('',(0.,0.,1.));
#2481 = CYLINDRICAL_SURFACE('',#2482,3.);
#2482 = AXIS2_PLACEMENT_3D('',#2483,#2484,#2485);
#2483 = CARTESIAN_POINT('',(120.,-12.,-1.));
#2484 = DIRECTION('',(0.,0.,1.));
#2485 = DIRECTION('',(1.110223024625E-16,1.,0.));
#2486 = ADVANCED_FACE('',(#2487),#2493,.T.);
#2487 = FACE_BOUND('',#2488,.T.);
#2488 = EDGE_LOOP('',(#2489,#2490,#2491,#2492));
#2489 = ORIENTED_EDGE('',*,*,#1428,.T.);
#2490 = ORIENTED_EDGE('',*,*,#2476,.T.);
#2491 = ORIENTED_EDGE('',*,*,#657,.F.);
#2492 = ORIENTED_EDGE('',*,*,#2457,.F.);
#2493 = PLANE('',#2494);
#2494 = AXIS2_PLACEMENT_3D('',#2495,#2496,#2497);
#2495 = CARTESIAN_POINT('',(123.,-12.,-1.));
#2496 = DIRECTION('',(-1.,1.110223024625E-16,0.));
#2497 = DIRECTION('',(0.,0.,1.));
#2498 = ADVANCED_FACE('',(#2499),#2510,.F.);
#2499 = FACE_BOUND('',#2500,.F.);
#2500 = EDGE_LOOP('',(#2501,#2502,#2508,#2509));
#2501 = ORIENTED_EDGE('',*,*,#674,.F.);
#2502 = ORIENTED_EDGE('',*,*,#2503,.F.);
#2503 = EDGE_CURVE('',#1446,#675,#2504,.T.);
#2504 = LINE('',#2505,#2506);
#2505 = CARTESIAN_POINT('',(111.75,19.,-1.));
#2506 = VECTOR('',#2507,1.);
#2507 = DIRECTION('',(0.,0.,1.));
#2508 = ORIENTED_EDGE('',*,*,#1445,.T.);
#2509 = ORIENTED_EDGE('',*,*,#2503,.T.);
#2510 = CYLINDRICAL_SURFACE('',#2511,2.25);
#2511 = AXIS2_PLACEMENT_3D('',#2512,#2513,#2514);
#2512 = CARTESIAN_POINT('',(109.5,19.,-1.));
#2513 = DIRECTION('',(0.,0.,1.));
#2514 = DIRECTION('',(1.,0.,0.));
#2515 = ADVANCED_FACE('',(#2516),#2527,.F.);
#2516 = FACE_BOUND('',#2517,.F.);
#2517 = EDGE_LOOP('',(#2518,#2519,#2525,#2526));
#2518 = ORIENTED_EDGE('',*,*,#685,.F.);
#2519 = ORIENTED_EDGE('',*,*,#2520,.F.);
#2520 = EDGE_CURVE('',#1457,#686,#2521,.T.);
#2521 = LINE('',#2522,#2523);
#2522 = CARTESIAN_POINT('',(126.65,25.,-1.));
#2523 = VECTOR('',#2524,1.);
#2524 = DIRECTION('',(0.,0.,1.));
#2525 = ORIENTED_EDGE('',*,*,#1456,.T.);
#2526 = ORIENTED_EDGE('',*,*,#2520,.T.);
#2527 = CYLINDRICAL_SURFACE('',#2528,1.65);
#2528 = AXIS2_PLACEMENT_3D('',#2529,#2530,#2531);
#2529 = CARTESIAN_POINT('',(125.,25.,-1.));
#2530 = DIRECTION('',(0.,0.,1.));
#2531 = DIRECTION('',(1.,0.,0.));
#2532 = ADVANCED_FACE('',(#2533),#2544,.F.);
#2533 = FACE_BOUND('',#2534,.F.);
#2534 = EDGE_LOOP('',(#2535,#2536,#2542,#2543));
#2535 = ORIENTED_EDGE('',*,*,#696,.F.);
#2536 = ORIENTED_EDGE('',*,*,#2537,.F.);
#2537 = EDGE_CURVE('',#1468,#697,#2538,.T.);
#2538 = LINE('',#2539,#2540);
#2539 = CARTESIAN_POINT('',(26.65,75.,-1.));
#2540 = VECTOR('',#2541,1.);
#2541 = DIRECTION('',(0.,0.,1.));
#2542 = ORIENTED_EDGE('',*,*,#1467,.T.);
#2543 = ORIENTED_EDGE('',*,*,#2537,.T.);
#2544 = CYLINDRICAL_SURFACE('',#2545,1.65);
#2545 = AXIS2_PLACEMENT_3D('',#2546,#2547,#2548);
#2546 = CARTESIAN_POINT('',(25.,75.,-1.));
#2547 = DIRECTION('',(0.,0.,1.));
#2548 = DIRECTION('',(1.,0.,0.));
#2549 = ADVANCED_FACE('',(#2550),#2566,.F.);
#2550 = FACE_BOUND('',#2551,.F.);
#2551 = EDGE_LOOP('',(#2552,#2553,#2559,#2560));
#2552 = ORIENTED_EDGE('',*,*,#1478,.T.);
#2553 = ORIENTED_EDGE('',*,*,#2554,.T.);
#2554 = EDGE_CURVE('',#1481,#710,#2555,.T.);
#2555 = LINE('',#2556,#2557);
#2556 = CARTESIAN_POINT('',(-12.,123.,-1.));
#2557 = VECTOR('',#2558,1.);
#2558 = DIRECTION('',(0.,0.,1.));
#2559 = ORIENTED_EDGE('',*,*,#707,.F.);
#2560 = ORIENTED_EDGE('',*,*,#2561,.F.);
#2561 = EDGE_CURVE('',#1479,#708,#2562,.T.);
#2562 = LINE('',#2563,#2564);
#2563 = CARTESIAN_POINT('',(12.,123.,-1.));
#2564 = VECTOR('',#2565,1.);
#2565 = DIRECTION('',(0.,0.,1.));
#2566 = PLANE('',#2567);
#2567 = AXIS2_PLACEMENT_3D('',#2568,#2569,#2570);
#2568 = CARTESIAN_POINT('',(-12.,123.,-1.));
#2569 = DIRECTION('',(0.,1.,0.));
#2570 = DIRECTION('',(0.,0.,1.));
#2571 = ADVANCED_FACE('',(#2572),#2585,.F.);
#2572 = FACE_BOUND('',#2573,.F.);
#2573 = EDGE_LOOP('',(#2574,#2575,#2576,#2577,#2583,#2584));
#2574 = ORIENTED_EDGE('',*,*,#2561,.T.);
#2575 = ORIENTED_EDGE('',*,*,#717,.F.);
#2576 = ORIENTED_EDGE('',*,*,#726,.F.);
#2577 = ORIENTED_EDGE('',*,*,#2578,.F.);
#2578 = EDGE_CURVE('',#1498,#727,#2579,.T.);
#2579 = LINE('',#2580,#2581);
#2580 = CARTESIAN_POINT('',(12.,117.,-1.));
#2581 = VECTOR('',#2582,1.);
#2582 = DIRECTION('',(0.,0.,1.));
#2583 = ORIENTED_EDGE('',*,*,#1497,.T.);
#2584 = ORIENTED_EDGE('',*,*,#1488,.T.);
#2585 = CYLINDRICAL_SURFACE('',#2586,3.);
#2586 = AXIS2_PLACEMENT_3D('',#2587,#2588,#2589);
#2587 = CARTESIAN_POINT('',(12.,120.,-1.));
#2588 = DIRECTION('',(0.,0.,1.));
#2589 = DIRECTION('',(1.,0.,0.));
#2590 = ADVANCED_FACE('',(#2591),#2602,.F.);
#2591 = FACE_BOUND('',#2592,.F.);
#2592 = EDGE_LOOP('',(#2593,#2594,#2595,#2596));
#2593 = ORIENTED_EDGE('',*,*,#743,.F.);
#2594 = ORIENTED_EDGE('',*,*,#2554,.F.);
#2595 = ORIENTED_EDGE('',*,*,#1514,.T.);
#2596 = ORIENTED_EDGE('',*,*,#2597,.T.);
#2597 = EDGE_CURVE('',#1507,#736,#2598,.T.);
#2598 = LINE('',#2599,#2600);
#2599 = CARTESIAN_POINT('',(-12.,117.,-1.));
#2600 = VECTOR('',#2601,1.);
#2601 = DIRECTION('',(0.,0.,1.));
#2602 = CYLINDRICAL_SURFACE('',#2603,3.);
#2603 = AXIS2_PLACEMENT_3D('',#2604,#2605,#2606);
#2604 = CARTESIAN_POINT('',(-12.,120.,-1.));
#2605 = DIRECTION('',(0.,0.,1.));
#2606 = DIRECTION('',(1.,0.,0.));
#2607 = ADVANCED_FACE('',(#2608),#2614,.T.);
#2608 = FACE_BOUND('',#2609,.T.);
#2609 = EDGE_LOOP('',(#2610,#2611,#2612,#2613));
#2610 = ORIENTED_EDGE('',*,*,#1506,.T.);
#2611 = ORIENTED_EDGE('',*,*,#2597,.T.);
#2612 = ORIENTED_EDGE('',*,*,#735,.F.);
#2613 = ORIENTED_EDGE('',*,*,#2578,.F.);
#2614 = PLANE('',#2615);
#2615 = AXIS2_PLACEMENT_3D('',#2616,#2617,#2618);
#2616 = CARTESIAN_POINT('',(-12.,117.,-1.));
#2617 = DIRECTION('',(0.,1.,0.));
#2618 = DIRECTION('',(0.,0.,1.));
#2619 = ADVANCED_FACE('',(#2620),#2631,.F.);
#2620 = FACE_BOUND('',#2621,.F.);
#2621 = EDGE_LOOP('',(#2622,#2623,#2629,#2630));
#2622 = ORIENTED_EDGE('',*,*,#752,.F.);
#2623 = ORIENTED_EDGE('',*,*,#2624,.F.);
#2624 = EDGE_CURVE('',#1524,#753,#2625,.T.);
#2625 = LINE('',#2626,#2627);
#2626 = CARTESIAN_POINT('',(21.25,109.5,-1.));
#2627 = VECTOR('',#2628,1.);
#2628 = DIRECTION('',(0.,0.,1.));
#2629 = ORIENTED_EDGE('',*,*,#1523,.T.);
#2630 = ORIENTED_EDGE('',*,*,#2624,.T.);
#2631 = CYLINDRICAL_SURFACE('',#2632,2.25);
#2632 = AXIS2_PLACEMENT_3D('',#2633,#2634,#2635);
#2633 = CARTESIAN_POINT('',(19.,109.5,-1.));
#2634 = DIRECTION('',(0.,0.,1.));
#2635 = DIRECTION('',(1.,0.,0.));
#2636 = ADVANCED_FACE('',(#2637),#2648,.F.);
#2637 = FACE_BOUND('',#2638,.F.);
#2638 = EDGE_LOOP('',(#2639,#2640,#2646,#2647));
#2639 = ORIENTED_EDGE('',*,*,#763,.F.);
#2640 = ORIENTED_EDGE('',*,*,#2641,.F.);
#2641 = EDGE_CURVE('',#1535,#764,#2642,.T.);
#2642 = LINE('',#2643,#2644);
#2643 = CARTESIAN_POINT('',(3.3,135.,-1.));
#2644 = VECTOR('',#2645,1.);
#2645 = DIRECTION('',(0.,0.,1.));
#2646 = ORIENTED_EDGE('',*,*,#1534,.T.);
#2647 = ORIENTED_EDGE('',*,*,#2641,.T.);
#2648 = CYLINDRICAL_SURFACE('',#2649,3.3);
#2649 = AXIS2_PLACEMENT_3D('',#2650,#2651,#2652);
#2650 = CARTESIAN_POINT('',(0.,135.,-1.));
#2651 = DIRECTION('',(0.,0.,1.));
#2652 = DIRECTION('',(1.,0.,0.));
#2653 = ADVANCED_FACE('',(#2654),#2665,.F.);
#2654 = FACE_BOUND('',#2655,.F.);
#2655 = EDGE_LOOP('',(#2656,#2657,#2663,#2664));
#2656 = ORIENTED_EDGE('',*,*,#774,.F.);
#2657 = ORIENTED_EDGE('',*,*,#2658,.F.);
#2658 = EDGE_CURVE('',#1546,#775,#2659,.T.);
#2659 = LINE('',#2660,#2661);
#2660 = CARTESIAN_POINT('',(26.65,125.,-1.));
#2661 = VECTOR('',#2662,1.);
#2662 = DIRECTION('',(0.,0.,1.));
#2663 = ORIENTED_EDGE('',*,*,#1545,.T.);
#2664 = ORIENTED_EDGE('',*,*,#2658,.T.);
#2665 = CYLINDRICAL_SURFACE('',#2666,1.65);
#2666 = AXIS2_PLACEMENT_3D('',#2667,#2668,#2669);
#2667 = CARTESIAN_POINT('',(25.,125.,-1.));
#2668 = DIRECTION('',(0.,0.,1.));
#2669 = DIRECTION('',(1.,0.,0.));
#2670 = ADVANCED_FACE('',(#2671),#2682,.F.);
#2671 = FACE_BOUND('',#2672,.F.);
#2672 = EDGE_LOOP('',(#2673,#2674,#2680,#2681));
#2673 = ORIENTED_EDGE('',*,*,#785,.F.);
#2674 = ORIENTED_EDGE('',*,*,#2675,.F.);
#2675 = EDGE_CURVE('',#1557,#786,#2676,.T.);
#2676 = LINE('',#2677,#2678);
#2677 = CARTESIAN_POINT('',(76.65,75.,-1.));
#2678 = VECTOR('',#2679,1.);
#2679 = DIRECTION('',(0.,0.,1.));
#2680 = ORIENTED_EDGE('',*,*,#1556,.T.);
#2681 = ORIENTED_EDGE('',*,*,#2675,.T.);
#2682 = CYLINDRICAL_SURFACE('',#2683,1.65);
#2683 = AXIS2_PLACEMENT_3D('',#2684,#2685,#2686);
#2684 = CARTESIAN_POINT('',(75.,75.,-1.));
#2685 = DIRECTION('',(0.,0.,1.));
#2686 = DIRECTION('',(1.,0.,0.));
#2687 = ADVANCED_FACE('',(#2688),#2699,.F.);
#2688 = FACE_BOUND('',#2689,.F.);
#2689 = EDGE_LOOP('',(#2690,#2691,#2697,#2698));
#2690 = ORIENTED_EDGE('',*,*,#796,.F.);
#2691 = ORIENTED_EDGE('',*,*,#2692,.F.);
#2692 = EDGE_CURVE('',#1568,#797,#2693,.T.);
#2693 = LINE('',#2694,#2695);
#2694 = CARTESIAN_POINT('',(126.65,75.,-1.));
#2695 = VECTOR('',#2696,1.);
#2696 = DIRECTION('',(0.,0.,1.));
#2697 = ORIENTED_EDGE('',*,*,#1567,.T.);
#2698 = ORIENTED_EDGE('',*,*,#2692,.T.);
#2699 = CYLINDRICAL_SURFACE('',#2700,1.65);
#2700 = AXIS2_PLACEMENT_3D('',#2701,#2702,#2703);
#2701 = CARTESIAN_POINT('',(125.,75.,-1.));
#2702 = DIRECTION('',(0.,0.,1.));
#2703 = DIRECTION('',(1.,0.,0.));
#2704 = ADVANCED_FACE('',(#2705),#2716,.F.);
#2705 = FACE_BOUND('',#2706,.F.);
#2706 = EDGE_LOOP('',(#2707,#2708,#2714,#2715));
#2707 = ORIENTED_EDGE('',*,*,#807,.F.);
#2708 = ORIENTED_EDGE('',*,*,#2709,.F.);
#2709 = EDGE_CURVE('',#1579,#808,#2710,.T.);
#2710 = LINE('',#2711,#2712);
#2711 = CARTESIAN_POINT('',(76.65,125.,-1.));
#2712 = VECTOR('',#2713,1.);
#2713 = DIRECTION('',(0.,0.,1.));
#2714 = ORIENTED_EDGE('',*,*,#1578,.T.);
#2715 = ORIENTED_EDGE('',*,*,#2709,.T.);
#2716 = CYLINDRICAL_SURFACE('',#2717,1.65);
#2717 = AXIS2_PLACEMENT_3D('',#2718,#2719,#2720);
#2718 = CARTESIAN_POINT('',(75.,125.,-1.));
#2719 = DIRECTION('',(0.,0.,1.));
#2720 = DIRECTION('',(1.,0.,0.));
#2721 = ADVANCED_FACE('',(#2722),#2733,.F.);
#2722 = FACE_BOUND('',#2723,.F.);
#2723 = EDGE_LOOP('',(#2724,#2725,#2731,#2732));
#2724 = ORIENTED_EDGE('',*,*,#818,.F.);
#2725 = ORIENTED_EDGE('',*,*,#2726,.F.);
#2726 = EDGE_CURVE('',#1590,#819,#2727,.T.);
#2727 = LINE('',#2728,#2729);
#2728 = CARTESIAN_POINT('',(126.65,125.,-1.));
#2729 = VECTOR('',#2730,1.);
#2730 = DIRECTION('',(0.,0.,1.));
#2731 = ORIENTED_EDGE('',*,*,#1589,.T.);
#2732 = ORIENTED_EDGE('',*,*,#2726,.T.);
#2733 = CYLINDRICAL_SURFACE('',#2734,1.65);
#2734 = AXIS2_PLACEMENT_3D('',#2735,#2736,#2737);
#2735 = CARTESIAN_POINT('',(125.,125.,-1.));
#2736 = DIRECTION('',(0.,0.,1.));
#2737 = DIRECTION('',(1.,0.,0.));
#2738 = ADVANCED_FACE('',(#2739),#2750,.F.);
#2739 = FACE_BOUND('',#2740,.F.);
#2740 = EDGE_LOOP('',(#2741,#2742,#2748,#2749));
#2741 = ORIENTED_EDGE('',*,*,#829,.F.);
#2742 = ORIENTED_EDGE('',*,*,#2743,.F.);
#2743 = EDGE_CURVE('',#1601,#830,#2744,.T.);
#2744 = LINE('',#2745,#2746);
#2745 = CARTESIAN_POINT('',(123.3,135.,-1.));
#2746 = VECTOR('',#2747,1.);
#2747 = DIRECTION('',(0.,0.,1.));
#2748 = ORIENTED_EDGE('',*,*,#1600,.T.);
#2749 = ORIENTED_EDGE('',*,*,#2743,.T.);
#2750 = CYLINDRICAL_SURFACE('',#2751,3.3);
#2751 = AXIS2_PLACEMENT_3D('',#2752,#2753,#2754);
#2752 = CARTESIAN_POINT('',(120.,135.,-1.));
#2753 = DIRECTION('',(0.,0.,1.));
#2754 = DIRECTION('',(1.,0.,0.));
#2755 = ( GEOMETRIC_REPRESENTATION_CONTEXT(3) 
GLOBAL_UNCERTAINTY_ASSIGNED_CONTEXT((#2759)) 
GLOBAL_UNIT_ASSIGNED_CONTEXT((#2756,#2757,#2758)) REPRESENTATION_CONTEXT
('Context #1','3D Context with UNIT and UNCERTAINTY') );
#2756 = ( LENGTH_UNIT() NAMED_UNIT(*) SI_UNIT(.MILLI.,.METRE.) );
#2757 = ( NAMED_UNIT(*) PLANE_ANGLE_UNIT() SI_UNIT($,.RADIAN.) );
#2758 = ( NAMED_UNIT(*) SI_UNIT($,.STERADIAN.) SOLID_ANGLE_UNIT() );
#2759 = UNCERTAINTY_MEASURE_WITH_UNIT(LENGTH_MEASURE(1.E-07),#2756,
  'distance_accuracy_value','confusion accuracy');
#2760 = PRODUCT_RELATED_PRODUCT_CATEGORY('part',$,(#7));
ENDSEC;
END-ISO-10303-21;
